"ActivityDateTime","ActivityDisplayName","EventId","InitiatedBy","Category","CorrelationId","LoggedByService","OperationType","Result","TargetId","TargetDisplayName","TargetType","TargetUPN","ModifiedProperty","OldValue","NewValue","AdditionalDetails","UserAgent"
"2026-08-19T19:42:31.0455901Z","Update device","Directory_d60960dc-41cf-42b1-8bfc-08b59d5ef4e3_T0KV0_255978511","Device Registration Service","Device","d60960dc-41cf-42b1-8bfc-08b59d5ef4e3","Core Directory","Update","success","1b2a13a6-f057-4dcd-93a2-6432a170ab94","DESKTOP-49S384O","Device",,"Included Updated Properties",,"""""","DeviceId: a8bc19e9-c2d8-433c-b864-0099328cc8de; DeviceOSType: Windows; DeviceTrustType: AzureAd",""
"2026-08-19T19:42:31.0455901Z","Update device","Directory_d60960dc-41cf-42b1-8bfc-08b59d5ef4e3_T0KV0_255978511","Device Registration Service","Device","d60960dc-41cf-42b1-8bfc-08b59d5ef4e3","Core Directory","Update","success","1b2a13a6-f057-4dcd-93a2-6432a170ab94","DESKTOP-49S384O","Device",,"TargetId.DeviceId",,"""a8bc19e9-c2d8-433c-b864-0099328cc8de""","DeviceId: a8bc19e9-c2d8-433c-b864-0099328cc8de; DeviceOSType: Windows; DeviceTrustType: AzureAd",""
"2026-08-19T19:42:31.0455901Z","Update device","Directory_d60960dc-41cf-42b1-8bfc-08b59d5ef4e3_T0KV0_255978511","Device Registration Service","Device","d60960dc-41cf-42b1-8bfc-08b59d5ef4e3","Core Directory","Update","success","1b2a13a6-f057-4dcd-93a2-6432a170ab94","DESKTOP-49S384O","Device",,"TargetId.DeviceOSType",,"""Windows""","DeviceId: a8bc19e9-c2d8-433c-b864-0099328cc8de; DeviceOSType: Windows; DeviceTrustType: AzureAd",""
"2026-08-19T19:42:31.0455901Z","Update device","Directory_d60960dc-41cf-42b1-8bfc-08b59d5ef4e3_T0KV0_255978511","Device Registration Service","Device","d60960dc-41cf-42b1-8bfc-08b59d5ef4e3","Core Directory","Update","success","1b2a13a6-f057-4dcd-93a2-6432a170ab94","DESKTOP-49S384O","Device",,"TargetId.DeviceTrustType",,"""AzureAd""","DeviceId: a8bc19e9-c2d8-433c-b864-0099328cc8de; DeviceOSType: Windows; DeviceTrustType: AzureAd",""
"2026-08-19T18:38:10.6613073Z","Update device","Directory_5a484136-6aae-47b2-b476-3d93118ba3d2_W3ZC3_259731136","Device Registration Service","Device","5a484136-6aae-47b2-b476-3d93118ba3d2","Core Directory","Update","success","a8980968-bd47-42dc-a56b-18a8b55a3620","PWC-L-23-03","Device",,"Included Updated Properties",,"""""","DeviceId: dbf8ac27-e930-437b-8f1c-2fb1187de4ec; DeviceOSType: Windows; DeviceTrustType: AzureAd",""
"2026-08-19T18:38:10.6613073Z","Update device","Directory_5a484136-6aae-47b2-b476-3d93118ba3d2_W3ZC3_259731136","Device Registration Service","Device","5a484136-6aae-47b2-b476-3d93118ba3d2","Core Directory","Update","success","a8980968-bd47-42dc-a56b-18a8b55a3620","PWC-L-23-03","Device",,"TargetId.DeviceId",,"""dbf8ac27-e930-437b-8f1c-2fb1187de4ec""","DeviceId: dbf8ac27-e930-437b-8f1c-2fb1187de4ec; DeviceOSType: Windows; DeviceTrustType: AzureAd",""
"2026-08-19T18:38:10.6613073Z","Update device","Directory_5a484136-6aae-47b2-b476-3d93118ba3d2_W3ZC3_259731136","Device Registration Service","Device","5a484136-6aae-47b2-b476-3d93118ba3d2","Core Directory","Update","success","a8980968-bd47-42dc-a56b-18a8b55a3620","PWC-L-23-03","Device",,"TargetId.DeviceOSType",,"""Windows""","DeviceId: dbf8ac27-e930-437b-8f1c-2fb1187de4ec; DeviceOSType: Windows; DeviceTrustType: AzureAd",""
"2026-08-19T18:38:10.6613073Z","Update device","Directory_5a484136-6aae-47b2-b476-3d93118ba3d2_W3ZC3_259731136","Device Registration Service","Device","5a484136-6aae-47b2-b476-3d93118ba3d2","Core Directory","Update","success","a8980968-bd47-42dc-a56b-18a8b55a3620","PWC-L-23-03","Device",,"TargetId.DeviceTrustType",,"""AzureAd""","DeviceId: dbf8ac27-e930-437b-8f1c-2fb1187de4ec; DeviceOSType: Windows; DeviceTrustType: AzureAd",""
"2026-08-19T18:26:33.861574Z","Add service principal","Directory_957075eb-5f14-4f84-94bc-d23ab60afe69_32KH3_40574351","Microsoft Office 365 Portal","ApplicationManagement","957075eb-5f14-4f84-94bc-d23ab60afe69","Core Directory","Add","success","544488aa-e84b-4d84-97e7-ba6b94ed3d06","Agent 365","ServicePrincipal",,"AccountEnabled","[]","[true]","User-Agent: O365AdminPortal; AppId: 59eca866-2f46-40b8-96ff-63f663121ef9; AppOwnerOrganizationId: f8cdef31-a31e-4b4a-93e4-5f571e91255a; ServicePrincipalProvisioningType: Other",""
"2026-08-19T18:26:33.861574Z","Add service principal","Directory_957075eb-5f14-4f84-94bc-d23ab60afe69_32KH3_40574351","Microsoft Office 365 Portal","ApplicationManagement","957075eb-5f14-4f84-94bc-d23ab60afe69","Core Directory","Add","success","544488aa-e84b-4d84-97e7-ba6b94ed3d06","Agent 365","ServicePrincipal",,"AppPrincipalId","[]","[""59eca866-2f46-40b8-96ff-63f663121ef9""]","User-Agent: O365AdminPortal; AppId: 59eca866-2f46-40b8-96ff-63f663121ef9; AppOwnerOrganizationId: f8cdef31-a31e-4b4a-93e4-5f571e91255a; ServicePrincipalProvisioningType: Other",""
"2026-08-19T18:26:33.861574Z","Add service principal","Directory_957075eb-5f14-4f84-94bc-d23ab60afe69_32KH3_40574351","Microsoft Office 365 Portal","ApplicationManagement","957075eb-5f14-4f84-94bc-d23ab60afe69","Core Directory","Add","success","544488aa-e84b-4d84-97e7-ba6b94ed3d06","Agent 365","ServicePrincipal",,"DisplayName","[]","[""Agent 365""]","User-Agent: O365AdminPortal; AppId: 59eca866-2f46-40b8-96ff-63f663121ef9; AppOwnerOrganizationId: f8cdef31-a31e-4b4a-93e4-5f571e91255a; ServicePrincipalProvisioningType: Other",""
"2026-08-19T18:26:33.861574Z","Add service principal","Directory_957075eb-5f14-4f84-94bc-d23ab60afe69_32KH3_40574351","Microsoft Office 365 Portal","ApplicationManagement","957075eb-5f14-4f84-94bc-d23ab60afe69","Core Directory","Add","success","544488aa-e84b-4d84-97e7-ba6b94ed3d06","Agent 365","ServicePrincipal",,"ServicePrincipalName","[]","[""api://59eca866-2f46-40b8-96ff-63f663121ef9"",""https://agentx.microsoft.com"",""https://agentxppe.microsoft.com"",""59eca866-2f46-40b8-96ff-63f663121ef9""]","User-Agent: O365AdminPortal; AppId: 59eca866-2f46-40b8-96ff-63f663121ef9; AppOwnerOrganizationId: f8cdef31-a31e-4b4a-93e4-5f571e91255a; ServicePrincipalProvisioningType: Other",""
"2026-08-19T18:26:33.861574Z","Add service principal","Directory_957075eb-5f14-4f84-94bc-d23ab60afe69_32KH3_40574351","Microsoft Office 365 Portal","ApplicationManagement","957075eb-5f14-4f84-94bc-d23ab60afe69","Core Directory","Add","success","544488aa-e84b-4d84-97e7-ba6b94ed3d06","Agent 365","ServicePrincipal",,"Credential","[]","[{""CredentialType"":2,""KeyStoreId"":""291154f0-a9f5-45bb-87be-9c8ee5b6d62c"",""KeyGroupId"":""59eca866-2f46-40b8-96ff-63f663121ef9""}]","User-Agent: O365AdminPortal; AppId: 59eca866-2f46-40b8-96ff-63f663121ef9; AppOwnerOrganizationId: f8cdef31-a31e-4b4a-93e4-5f571e91255a; ServicePrincipalProvisioningType: Other",""
"2026-08-19T18:26:33.861574Z","Add service principal","Directory_957075eb-5f14-4f84-94bc-d23ab60afe69_32KH3_40574351","Microsoft Office 365 Portal","ApplicationManagement","957075eb-5f14-4f84-94bc-d23ab60afe69","Core Directory","Add","success","544488aa-e84b-4d84-97e7-ba6b94ed3d06","Agent 365","ServicePrincipal",,"ServicePrincipalTag","[]","[""GitCreatedApp"",""disableLegacyUserImpersonationResource"",""disableLegacyUserImpersonationClient""]","User-Agent: O365AdminPortal; AppId: 59eca866-2f46-40b8-96ff-63f663121ef9; AppOwnerOrganizationId: f8cdef31-a31e-4b4a-93e4-5f571e91255a; ServicePrincipalProvisioningType: Other",""
"2026-08-19T18:26:33.861574Z","Add service principal","Directory_957075eb-5f14-4f84-94bc-d23ab60afe69_32KH3_40574351","Microsoft Office 365 Portal","ApplicationManagement","957075eb-5f14-4f84-94bc-d23ab60afe69","Core Directory","Add","success","544488aa-e84b-4d84-97e7-ba6b94ed3d06","Agent 365","ServicePrincipal",,"Included Updated Properties",,"""AccountEnabled, AppPrincipalId, DisplayName, ServicePrincipalName, Credential, ServicePrincipalTag""","User-Agent: O365AdminPortal; AppId: 59eca866-2f46-40b8-96ff-63f663121ef9; AppOwnerOrganizationId: f8cdef31-a31e-4b4a-93e4-5f571e91255a; ServicePrincipalProvisioningType: Other",""
"2026-08-19T17:52:43.3991433Z","Update user","Directory_3d487c17-5127-4e5e-8981-1757f6992428_NH2XI_4060507","Microsoft Substrate Management","UserManagement","3d487c17-5127-4e5e-8981-1757f6992428","Core Directory","Update","success","18b987bf-cb6f-4a88-9f1a-57431d53e11d",,"User","bkatz@katzcapital.com","Included Updated Properties",,"""""","UserType: Member",""
"2026-08-19T17:52:43.3991433Z","Update user","Directory_3d487c17-5127-4e5e-8981-1757f6992428_NH2XI_4060507","Microsoft Substrate Management","UserManagement","3d487c17-5127-4e5e-8981-1757f6992428","Core Directory","Update","success","18b987bf-cb6f-4a88-9f1a-57431d53e11d",,"User","bkatz@katzcapital.com","TargetId.UserType",,"""Member""","UserType: Member",""
"2026-08-19T17:52:43.3991433Z","Update user","Directory_3d487c17-5127-4e5e-8981-1757f6992428_NH2XI_4060507","Microsoft Substrate Management","UserManagement","3d487c17-5127-4e5e-8981-1757f6992428","Core Directory","Update","success","18b987bf-cb6f-4a88-9f1a-57431d53e11d",,"User","bkatz@katzcapital.com","ActorId.ServicePrincipalNames",,"""98db8bd6-0cc0-4e67-9de5-f187f1cd1b41""","UserType: Member",""
"2026-08-19T17:52:43.3991433Z","Update user","Directory_3d487c17-5127-4e5e-8981-1757f6992428_NH2XI_4060507","Microsoft Substrate Management","UserManagement","3d487c17-5127-4e5e-8981-1757f6992428","Core Directory","Update","success","18b987bf-cb6f-4a88-9f1a-57431d53e11d",,"User","bkatz@katzcapital.com","SPN",,"""98db8bd6-0cc0-4e67-9de5-f187f1cd1b41""","UserType: Member",""
"2026-08-19T12:02:43.985078Z","Update user","Directory_e97ea2a0-3f6b-4d67-b9b7-51a71c6fe5f3_GC31D_120860006","Microsoft Substrate Management","UserManagement","e97ea2a0-3f6b-4d67-b9b7-51a71c6fe5f3","Core Directory","Update","success","18b987bf-cb6f-4a88-9f1a-57431d53e11d",,"User","bkatz@katzcapital.com","Included Updated Properties",,"""""","UserType: Member",""
"2026-08-19T12:02:43.985078Z","Update user","Directory_e97ea2a0-3f6b-4d67-b9b7-51a71c6fe5f3_GC31D_120860006","Microsoft Substrate Management","UserManagement","e97ea2a0-3f6b-4d67-b9b7-51a71c6fe5f3","Core Directory","Update","success","18b987bf-cb6f-4a88-9f1a-57431d53e11d",,"User","bkatz@katzcapital.com","TargetId.UserType",,"""Member""","UserType: Member",""
"2026-08-19T12:02:43.985078Z","Update user","Directory_e97ea2a0-3f6b-4d67-b9b7-51a71c6fe5f3_GC31D_120860006","Microsoft Substrate Management","UserManagement","e97ea2a0-3f6b-4d67-b9b7-51a71c6fe5f3","Core Directory","Update","success","18b987bf-cb6f-4a88-9f1a-57431d53e11d",,"User","bkatz@katzcapital.com","ActorId.ServicePrincipalNames",,"""98db8bd6-0cc0-4e67-9de5-f187f1cd1b41""","UserType: Member",""
"2026-08-19T12:02:43.985078Z","Update user","Directory_e97ea2a0-3f6b-4d67-b9b7-51a71c6fe5f3_GC31D_120860006","Microsoft Substrate Management","UserManagement","e97ea2a0-3f6b-4d67-b9b7-51a71c6fe5f3","Core Directory","Update","success","18b987bf-cb6f-4a88-9f1a-57431d53e11d",,"User","bkatz@katzcapital.com","SPN",,"""98db8bd6-0cc0-4e67-9de5-f187f1cd1b41""","UserType: Member",""
"2026-08-19T07:06:57.3791413Z","GroupLifecyclePolicies_Get","SSGM_f72aab96-a77e-4742-9372-c2b00d09a1a6_6QPBB_192657954",,"GroupManagement","f72aab96-a77e-4742-9372-c2b00d09a1a6","Self-service Group Management","Update","success","00000000-0000-0000-0000-000000000000",,"N/A",,,,,"",""
"2026-08-19T07:03:06.5584789Z","GroupLifecyclePolicies_Get","SSGM_8e91e451-f57f-4743-8aad-568db519a2c3_JI0QZ_8593053",,"GroupManagement","8e91e451-f57f-4743-8aad-568db519a2c3","Self-service Group Management","Update","success","00000000-0000-0000-0000-000000000000",,"N/A",,,,,"",""
"2026-08-19T02:07:41.0968662Z","Group_GetDynamicGroupProperties","SSGM_72305198-02c2-4c80-9e9a-29c51d8e15fb_RDYQ0_184250215",,"GroupManagement","72305198-02c2-4c80-9e9a-29c51d8e15fb","Self-service Group Management","Update","success","00000000-0000-0000-0000-000000000000",,"Group",,,,,"",""
"2026-08-18T23:59:49.8007561Z","Update user","Directory_cd8fb413-f18c-48b1-9352-a3c0d57a0d50_YJMG6_240458422","Azure MFA StrongAuthenticationService","UserManagement","cd8fb413-f18c-48b1-9352-a3c0d57a0d50","Core Directory","Update","success","5905a196-4754-406b-a004-f6597c185533",,"User","ServIT@pineywoodsfl.onmicrosoft.com","StrongAuthenticationPhoneAppDetail","[{""DeviceName"":""NO_DEVICE"",""DeviceToken"":""NO_DEVICE_TOKEN"",""DeviceTag"":""SoftwareTokenActivated"",""PhoneAppVersion"":""NO_PHONE_APP_VERSION"",""OathTokenTimeDrift"":-1,""DeviceId"":""00000000-0000-0000-0000-000000000000"",""Id"":""c0d43c73-81c6-40d7-b556-bc3d232d3f50"",""TimeInterval"":0,""AuthenticationType"":2,""NotificationType"":1,""LastAuthenticatedTimestamp"":""2026-08-18T23:40:02.2693782Z"",""AuthenticatorFlavor"":""Authenticator"",""HashFunction"":""hmacsha1"",""TenantDeviceId"":null,""SecuredPartitionId"":20125,""SecuredKeyId"":7}]","[{""DeviceName"":""NO_DEVICE"",""DeviceToken"":""NO_DEVICE_TOKEN"",""DeviceTag"":""SoftwareTokenActivated"",""PhoneAppVersion"":""NO_PHONE_APP_VERSION"",""OathTokenTimeDrift"":0,""DeviceId"":""00000000-0000-0000-0000-000000000000"",""Id"":""c0d43c73-81c6-40d7-b556-bc3d232d3f50"",""TimeInterval"":0,""AuthenticationType"":2,""NotificationType"":1,""LastAuthenticatedTimestamp"":""2026-08-18T23:40:02.2693782Z"",""AuthenticatorFlavor"":""Authenticator"",""HashFunction"":""hmacsha1"",""TenantDeviceId"":null,""SecuredPartitionId"":20125,""SecuredKeyId"":7}]","UserType: Member",""
"2026-08-18T23:59:49.8007561Z","Update user","Directory_cd8fb413-f18c-48b1-9352-a3c0d57a0d50_YJMG6_240458422","Azure MFA StrongAuthenticationService","UserManagement","cd8fb413-f18c-48b1-9352-a3c0d57a0d50","Core Directory","Update","success","5905a196-4754-406b-a004-f6597c185533",,"User","ServIT@pineywoodsfl.onmicrosoft.com","Included Updated Properties",,"""StrongAuthenticationPhoneAppDetail""","UserType: Member",""
"2026-08-18T23:59:49.8007561Z","Update user","Directory_cd8fb413-f18c-48b1-9352-a3c0d57a0d50_YJMG6_240458422","Azure MFA StrongAuthenticationService","UserManagement","cd8fb413-f18c-48b1-9352-a3c0d57a0d50","Core Directory","Update","success","5905a196-4754-406b-a004-f6597c185533",,"User","ServIT@pineywoodsfl.onmicrosoft.com","TargetId.UserType",,"""Member""","UserType: Member",""
"2026-08-18T23:43:02.1836408Z","Set Company Information","Directory_4be97e74-f019-4b6c-b6ad-ec38a8bceed9_Z53AG_222258231","Microsoft Office 365 Portal","DirectoryManagement","4be97e74-f019-4b6c-b6ad-ec38a8bceed9","Core Directory","Update","success","a33a1520-2ba9-403e-b715-e420b2ff2ac9","Pineywoods","Directory",,"Included Updated Properties",,"""""","User-Agent: O365AdminPortal",""
"2026-08-18T23:40:02.4558037Z","Update user","Directory_82c1d561-8507-4bfc-b11b-8fe955862c49_F5G4Y_211806131","Azure MFA StrongAuthenticationService","UserManagement","82c1d561-8507-4bfc-b11b-8fe955862c49","Core Directory","Update","success","5905a196-4754-406b-a004-f6597c185533",,"User","ServIT@pineywoodsfl.onmicrosoft.com","StrongAuthenticationPhoneAppDetail","[{""DeviceName"":""NO_DEVICE"",""DeviceToken"":""NO_DEVICE_TOKEN"",""DeviceTag"":""SoftwareTokenActivated"",""PhoneAppVersion"":""NO_PHONE_APP_VERSION"",""OathTokenTimeDrift"":0,""DeviceId"":""00000000-0000-0000-0000-000000000000"",""Id"":""c0d43c73-81c6-40d7-b556-bc3d232d3f50"",""TimeInterval"":0,""AuthenticationType"":2,""NotificationType"":1,""LastAuthenticatedTimestamp"":""2026-08-13T17:38:05.2523873Z"",""AuthenticatorFlavor"":""Authenticator"",""HashFunction"":""hmacsha1"",""TenantDeviceId"":null,""SecuredPartitionId"":20125,""SecuredKeyId"":7}]","[{""DeviceName"":""NO_DEVICE"",""DeviceToken"":""NO_DEVICE_TOKEN"",""DeviceTag"":""SoftwareTokenActivated"",""PhoneAppVersion"":""NO_PHONE_APP_VERSION"",""OathTokenTimeDrift"":-1,""DeviceId"":""00000000-0000-0000-0000-000000000000"",""Id"":""c0d43c73-81c6-40d7-b556-bc3d232d3f50"",""TimeInterval"":0,""AuthenticationType"":2,""NotificationType"":1,""LastAuthenticatedTimestamp"":""2026-08-18T23:40:02.2693782Z"",""AuthenticatorFlavor"":""Authenticator"",""HashFunction"":""hmacsha1"",""TenantDeviceId"":null,""SecuredPartitionId"":20125,""SecuredKeyId"":7}]","UserType: Member",""
"2026-08-18T23:40:02.4558037Z","Update user","Directory_82c1d561-8507-4bfc-b11b-8fe955862c49_F5G4Y_211806131","Azure MFA StrongAuthenticationService","UserManagement","82c1d561-8507-4bfc-b11b-8fe955862c49","Core Directory","Update","success","5905a196-4754-406b-a004-f6597c185533",,"User","ServIT@pineywoodsfl.onmicrosoft.com","Included Updated Properties",,"""StrongAuthenticationPhoneAppDetail""","UserType: Member",""
"2026-08-18T23:40:02.4558037Z","Update user","Directory_82c1d561-8507-4bfc-b11b-8fe955862c49_F5G4Y_211806131","Azure MFA StrongAuthenticationService","UserManagement","82c1d561-8507-4bfc-b11b-8fe955862c49","Core Directory","Update","success","5905a196-4754-406b-a004-f6597c185533",,"User","ServIT@pineywoodsfl.onmicrosoft.com","TargetId.UserType",,"""Member""","UserType: Member",""
"2026-08-18T16:24:13.1613453Z","Update user","Directory_9c04c43a-e178-4959-84ee-c3700c316951_2PS1A_144163333","Microsoft Substrate Management","UserManagement","9c04c43a-e178-4959-84ee-c3700c316951","Core Directory","Update","success","e7992212-ffb2-4c97-af9b-1e74bf1aa78c",,"User","ASavala@pineywoodsrealtyfl.com","Included Updated Properties",,"""""","UserType: Member",""
"2026-08-18T16:24:13.1613453Z","Update user","Directory_9c04c43a-e178-4959-84ee-c3700c316951_2PS1A_144163333","Microsoft Substrate Management","UserManagement","9c04c43a-e178-4959-84ee-c3700c316951","Core Directory","Update","success","e7992212-ffb2-4c97-af9b-1e74bf1aa78c",,"User","ASavala@pineywoodsrealtyfl.com","TargetId.UserType",,"""Member""","UserType: Member",""
"2026-08-18T16:24:13.1613453Z","Update user","Directory_9c04c43a-e178-4959-84ee-c3700c316951_2PS1A_144163333","Microsoft Substrate Management","UserManagement","9c04c43a-e178-4959-84ee-c3700c316951","Core Directory","Update","success","e7992212-ffb2-4c97-af9b-1e74bf1aa78c",,"User","ASavala@pineywoodsrealtyfl.com","ActorId.ServicePrincipalNames",,"""98db8bd6-0cc0-4e67-9de5-f187f1cd1b41""","UserType: Member",""
"2026-08-18T16:24:13.1613453Z","Update user","Directory_9c04c43a-e178-4959-84ee-c3700c316951_2PS1A_144163333","Microsoft Substrate Management","UserManagement","9c04c43a-e178-4959-84ee-c3700c316951","Core Directory","Update","success","e7992212-ffb2-4c97-af9b-1e74bf1aa78c",,"User","ASavala@pineywoodsrealtyfl.com","SPN",,"""98db8bd6-0cc0-4e67-9de5-f187f1cd1b41""","UserType: Member",""
"2026-08-18T12:50:16.8874709Z","Update user","Directory_2bea1eab-a770-447e-97da-952b67f4a231_OSX56_265262711","Microsoft Substrate Management","UserManagement","2bea1eab-a770-447e-97da-952b67f4a231","Core Directory","Update","success","e7992212-ffb2-4c97-af9b-1e74bf1aa78c",,"User","ASavala@pineywoodsrealtyfl.com","Included Updated Properties",,"""""","UserType: Member",""
"2026-08-18T12:50:16.8874709Z","Update user","Directory_2bea1eab-a770-447e-97da-952b67f4a231_OSX56_265262711","Microsoft Substrate Management","UserManagement","2bea1eab-a770-447e-97da-952b67f4a231","Core Directory","Update","success","e7992212-ffb2-4c97-af9b-1e74bf1aa78c",,"User","ASavala@pineywoodsrealtyfl.com","TargetId.UserType",,"""Member""","UserType: Member",""
"2026-08-18T12:50:16.8874709Z","Update user","Directory_2bea1eab-a770-447e-97da-952b67f4a231_OSX56_265262711","Microsoft Substrate Management","UserManagement","2bea1eab-a770-447e-97da-952b67f4a231","Core Directory","Update","success","e7992212-ffb2-4c97-af9b-1e74bf1aa78c",,"User","ASavala@pineywoodsrealtyfl.com","ActorId.ServicePrincipalNames",,"""98db8bd6-0cc0-4e67-9de5-f187f1cd1b41""","UserType: Member",""
"2026-08-18T12:50:16.8874709Z","Update user","Directory_2bea1eab-a770-447e-97da-952b67f4a231_OSX56_265262711","Microsoft Substrate Management","UserManagement","2bea1eab-a770-447e-97da-952b67f4a231","Core Directory","Update","success","e7992212-ffb2-4c97-af9b-1e74bf1aa78c",,"User","ASavala@pineywoodsrealtyfl.com","SPN",,"""98db8bd6-0cc0-4e67-9de5-f187f1cd1b41""","UserType: Member",""
"2026-08-18T01:44:48.5351484Z","Update device","Directory_53dfced1-6642-41c5-950e-0e797f5c1be9_8GYSR_157232908","Device Registration Service","Device","53dfced1-6642-41c5-950e-0e797f5c1be9","Core Directory","Update","success","59b4e6b2-4974-4bd3-8c5a-0a1c7736681b","samsungSM-S938U1","Device",,"Included Updated Properties",,"""""","DeviceId: 9d980212-1d58-4b2e-b041-e26d67b8e6a0; DeviceOSType: Android; DeviceTrustType: Workplace",""
"2026-08-18T01:44:48.5351484Z","Update device","Directory_53dfced1-6642-41c5-950e-0e797f5c1be9_8GYSR_157232908","Device Registration Service","Device","53dfced1-6642-41c5-950e-0e797f5c1be9","Core Directory","Update","success","59b4e6b2-4974-4bd3-8c5a-0a1c7736681b","samsungSM-S938U1","Device",,"TargetId.DeviceId",,"""9d980212-1d58-4b2e-b041-e26d67b8e6a0""","DeviceId: 9d980212-1d58-4b2e-b041-e26d67b8e6a0; DeviceOSType: Android; DeviceTrustType: Workplace",""
"2026-08-18T01:44:48.5351484Z","Update device","Directory_53dfced1-6642-41c5-950e-0e797f5c1be9_8GYSR_157232908","Device Registration Service","Device","53dfced1-6642-41c5-950e-0e797f5c1be9","Core Directory","Update","success","59b4e6b2-4974-4bd3-8c5a-0a1c7736681b","samsungSM-S938U1","Device",,"TargetId.DeviceOSType",,"""Android""","DeviceId: 9d980212-1d58-4b2e-b041-e26d67b8e6a0; DeviceOSType: Android; DeviceTrustType: Workplace",""
"2026-08-18T01:44:48.5351484Z","Update device","Directory_53dfced1-6642-41c5-950e-0e797f5c1be9_8GYSR_157232908","Device Registration Service","Device","53dfced1-6642-41c5-950e-0e797f5c1be9","Core Directory","Update","success","59b4e6b2-4974-4bd3-8c5a-0a1c7736681b","samsungSM-S938U1","Device",,"TargetId.DeviceTrustType",,"""Workplace""","DeviceId: 9d980212-1d58-4b2e-b041-e26d67b8e6a0; DeviceOSType: Android; DeviceTrustType: Workplace",""
"2026-08-15T16:29:49.5994668Z","Hard delete service principal","Directory_f4f3f6ed-8c24-44e9-bb14-d75e0a010525_QU91G_34635459","Microsoft Online Services Garbage Collector","ApplicationManagement","f4f3f6ed-8c24-44e9-bb14-d75e0a010525","Core Directory","Delete","success","cb98f63c-34a8-4f6c-aef3-1850ffcb6cdc","eM Client","ServicePrincipal",,,,,"AppId: e9a7fea1-1cc0-4cd9-a31b-9137ca5deedd",""
"2026-08-15T09:07:13.8363585Z","Update device","Directory_e0caff7f-ed23-4d7f-99fc-a317de65ba3e_06VYO_25882449","Device Registration Service","Device","e0caff7f-ed23-4d7f-99fc-a317de65ba3e","Core Directory","Update","success","9d6c5103-d1c0-44e7-8642-60b364fee42d","iPhone 14 Pro","Device",,"CloudDeviceOSVersion","[""26.5.2""]","[""26.6""]","DeviceId: b9986e5a-d933-4e00-9f5f-48d510c7167a; DeviceOSType: iOS; DeviceTrustType: Workplace; User-Agent: Microsoft.OData.Client/7.12.5",""
"2026-08-15T09:07:13.8363585Z","Update device","Directory_e0caff7f-ed23-4d7f-99fc-a317de65ba3e_06VYO_25882449","Device Registration Service","Device","e0caff7f-ed23-4d7f-99fc-a317de65ba3e","Core Directory","Update","success","9d6c5103-d1c0-44e7-8642-60b364fee42d","iPhone 14 Pro","Device",,"DeviceOSVersion","[""26.5.2""]","[""26.6""]","DeviceId: b9986e5a-d933-4e00-9f5f-48d510c7167a; DeviceOSType: iOS; DeviceTrustType: Workplace; User-Agent: Microsoft.OData.Client/7.12.5",""
"2026-08-15T09:07:13.8363585Z","Update device","Directory_e0caff7f-ed23-4d7f-99fc-a317de65ba3e_06VYO_25882449","Device Registration Service","Device","e0caff7f-ed23-4d7f-99fc-a317de65ba3e","Core Directory","Update","success","9d6c5103-d1c0-44e7-8642-60b364fee42d","iPhone 14 Pro","Device",,"Included Updated Properties",,"""CloudDeviceOSVersion, DeviceOSVersion""","DeviceId: b9986e5a-d933-4e00-9f5f-48d510c7167a; DeviceOSType: iOS; DeviceTrustType: Workplace; User-Agent: Microsoft.OData.Client/7.12.5",""
"2026-08-15T09:07:13.8363585Z","Update device","Directory_e0caff7f-ed23-4d7f-99fc-a317de65ba3e_06VYO_25882449","Device Registration Service","Device","e0caff7f-ed23-4d7f-99fc-a317de65ba3e","Core Directory","Update","success","9d6c5103-d1c0-44e7-8642-60b364fee42d","iPhone 14 Pro","Device",,"TargetId.DeviceId",,"""b9986e5a-d933-4e00-9f5f-48d510c7167a""","DeviceId: b9986e5a-d933-4e00-9f5f-48d510c7167a; DeviceOSType: iOS; DeviceTrustType: Workplace; User-Agent: Microsoft.OData.Client/7.12.5",""
"2026-08-15T09:07:13.8363585Z","Update device","Directory_e0caff7f-ed23-4d7f-99fc-a317de65ba3e_06VYO_25882449","Device Registration Service","Device","e0caff7f-ed23-4d7f-99fc-a317de65ba3e","Core Directory","Update","success","9d6c5103-d1c0-44e7-8642-60b364fee42d","iPhone 14 Pro","Device",,"TargetId.DeviceOSType",,"""iOS""","DeviceId: b9986e5a-d933-4e00-9f5f-48d510c7167a; DeviceOSType: iOS; DeviceTrustType: Workplace; User-Agent: Microsoft.OData.Client/7.12.5",""
"2026-08-15T09:07:13.8363585Z","Update device","Directory_e0caff7f-ed23-4d7f-99fc-a317de65ba3e_06VYO_25882449","Device Registration Service","Device","e0caff7f-ed23-4d7f-99fc-a317de65ba3e","Core Directory","Update","success","9d6c5103-d1c0-44e7-8642-60b364fee42d","iPhone 14 Pro","Device",,"TargetId.DeviceTrustType",,"""Workplace""","DeviceId: b9986e5a-d933-4e00-9f5f-48d510c7167a; DeviceOSType: iOS; DeviceTrustType: Workplace; User-Agent: Microsoft.OData.Client/7.12.5",""
"2026-08-14T15:02:18.6703938Z","Update device","Directory_b2f018bd-66c4-4690-aab3-4095c2f595b4_EJH05_87339070","Device Registration Service","Device","b2f018bd-66c4-4690-aab3-4095c2f595b4","Core Directory","Update","success","6a59f84d-7a7e-4124-aa19-be449ef8c55e","PWT-L-22-01","Device",,"CloudDeviceOSVersion","[""10.0.26200.8875""]","[""10.0.26200.9168""]","DeviceId: 14e8ee8f-6a5b-4e66-93fd-16c8c8aac4a7; DeviceOSType: Windows; DeviceTrustType: AzureAd; User-Agent: Microsoft.OData.Client/7.12.5",""
"2026-08-14T15:02:18.6703938Z","Update device","Directory_b2f018bd-66c4-4690-aab3-4095c2f595b4_EJH05_87339070","Device Registration Service","Device","b2f018bd-66c4-4690-aab3-4095c2f595b4","Core Directory","Update","success","6a59f84d-7a7e-4124-aa19-be449ef8c55e","PWT-L-22-01","Device",,"DeviceOSVersion","[""10.0.26200.8875""]","[""10.0.26200.9168""]","DeviceId: 14e8ee8f-6a5b-4e66-93fd-16c8c8aac4a7; DeviceOSType: Windows; DeviceTrustType: AzureAd; User-Agent: Microsoft.OData.Client/7.12.5",""
"2026-08-14T15:02:18.6703938Z","Update device","Directory_b2f018bd-66c4-4690-aab3-4095c2f595b4_EJH05_87339070","Device Registration Service","Device","b2f018bd-66c4-4690-aab3-4095c2f595b4","Core Directory","Update","success","6a59f84d-7a7e-4124-aa19-be449ef8c55e","PWT-L-22-01","Device",,"Included Updated Properties",,"""CloudDeviceOSVersion, DeviceOSVersion""","DeviceId: 14e8ee8f-6a5b-4e66-93fd-16c8c8aac4a7; DeviceOSType: Windows; DeviceTrustType: AzureAd; User-Agent: Microsoft.OData.Client/7.12.5",""
"2026-08-14T15:02:18.6703938Z","Update device","Directory_b2f018bd-66c4-4690-aab3-4095c2f595b4_EJH05_87339070","Device Registration Service","Device","b2f018bd-66c4-4690-aab3-4095c2f595b4","Core Directory","Update","success","6a59f84d-7a7e-4124-aa19-be449ef8c55e","PWT-L-22-01","Device",,"TargetId.DeviceId",,"""14e8ee8f-6a5b-4e66-93fd-16c8c8aac4a7""","DeviceId: 14e8ee8f-6a5b-4e66-93fd-16c8c8aac4a7; DeviceOSType: Windows; DeviceTrustType: AzureAd; User-Agent: Microsoft.OData.Client/7.12.5",""
"2026-08-14T15:02:18.6703938Z","Update device","Directory_b2f018bd-66c4-4690-aab3-4095c2f595b4_EJH05_87339070","Device Registration Service","Device","b2f018bd-66c4-4690-aab3-4095c2f595b4","Core Directory","Update","success","6a59f84d-7a7e-4124-aa19-be449ef8c55e","PWT-L-22-01","Device",,"TargetId.DeviceOSType",,"""Windows""","DeviceId: 14e8ee8f-6a5b-4e66-93fd-16c8c8aac4a7; DeviceOSType: Windows; DeviceTrustType: AzureAd; User-Agent: Microsoft.OData.Client/7.12.5",""
"2026-08-14T15:02:18.6703938Z","Update device","Directory_b2f018bd-66c4-4690-aab3-4095c2f595b4_EJH05_87339070","Device Registration Service","Device","b2f018bd-66c4-4690-aab3-4095c2f595b4","Core Directory","Update","success","6a59f84d-7a7e-4124-aa19-be449ef8c55e","PWT-L-22-01","Device",,"TargetId.DeviceTrustType",,"""AzureAd""","DeviceId: 14e8ee8f-6a5b-4e66-93fd-16c8c8aac4a7; DeviceOSType: Windows; DeviceTrustType: AzureAd; User-Agent: Microsoft.OData.Client/7.12.5",""
"2026-08-14T14:26:32.0931344Z","Consent to application","Directory_baf02fea-29e8-419e-be06-226c09d31af6_ZI63N_11192227","Azure ESTS Service","ApplicationManagement","baf02fea-29e8-419e-be06-226c09d31af6","Core Directory","Assign","success","b3db957f-1c6d-4960-a005-c45a7485987f","Backupify","ServicePrincipal",,"ConsentContext.IsAdminConsent",,"""True""","User-Agent: EvoSTS; AppId: d7db2a1c-c38b-4bd1-a30f-0915167ba928; ServicePrincipalProvisioningType: Other",""
"2026-08-14T14:26:32.0931344Z","Consent to application","Directory_baf02fea-29e8-419e-be06-226c09d31af6_ZI63N_11192227","Azure ESTS Service","ApplicationManagement","baf02fea-29e8-419e-be06-226c09d31af6","Core Directory","Assign","success","b3db957f-1c6d-4960-a005-c45a7485987f","Backupify","ServicePrincipal",,"ConsentContext.IsAppOnly",,"""False""","User-Agent: EvoSTS; AppId: d7db2a1c-c38b-4bd1-a30f-0915167ba928; ServicePrincipalProvisioningType: Other",""
"2026-08-14T14:26:32.0931344Z","Consent to application","Directory_baf02fea-29e8-419e-be06-226c09d31af6_ZI63N_11192227","Azure ESTS Service","ApplicationManagement","baf02fea-29e8-419e-be06-226c09d31af6","Core Directory","Assign","success","b3db957f-1c6d-4960-a005-c45a7485987f","Backupify","ServicePrincipal",,"ConsentContext.OnBehalfOfAll",,"""True""","User-Agent: EvoSTS; AppId: d7db2a1c-c38b-4bd1-a30f-0915167ba928; ServicePrincipalProvisioningType: Other",""
"2026-08-14T14:26:32.0931344Z","Consent to application","Directory_baf02fea-29e8-419e-be06-226c09d31af6_ZI63N_11192227","Azure ESTS Service","ApplicationManagement","baf02fea-29e8-419e-be06-226c09d31af6","Core Directory","Assign","success","b3db957f-1c6d-4960-a005-c45a7485987f","Backupify","ServicePrincipal",,"ConsentContext.Tags",,"""WindowsAzureActiveDirectoryIntegratedApp""","User-Agent: EvoSTS; AppId: d7db2a1c-c38b-4bd1-a30f-0915167ba928; ServicePrincipalProvisioningType: Other",""
"2026-08-14T14:26:32.0931344Z","Consent to application","Directory_baf02fea-29e8-419e-be06-226c09d31af6_ZI63N_11192227","Azure ESTS Service","ApplicationManagement","baf02fea-29e8-419e-be06-226c09d31af6","Core Directory","Assign","success","b3db957f-1c6d-4960-a005-c45a7485987f","Backupify","ServicePrincipal",,"ConsentAction.Permissions",,"""[[Id: f5Xbs20cYEmgBcRadIWYf3bXhPNK169El-JbedGu4O0, ClientId: b3db957f-1c6d-4960-a005-c45a7485987f, PrincipalId: , ResourceId: f384d776-d74a-44af-97e2-5b79d1aee0ed, ConsentType: AllPrincipals, Scope: Directory.AccessAsUser.All Group.ReadWrite.All User.Read, CreatedDateTime: , LastModifiedDateTime ], [Id: f5Xbs20cYEmgBcRadIWYf2oR7znx_w1Gp09xYpGXNt0, ClientId: b3db957f-1c6d-4960-a005-c45a7485987f, PrincipalId: , ResourceId: 39ef116a-fff1-460d-a74f-7162919736dd, ConsentType: AllPrincipals, Scope: TermStore.ReadWrite.All Sites.Search.All MyFiles.Write MyFiles.Read AllSites.FullControl AllSites.Manage User.ReadWrite.All, CreatedDateTime: , LastModifiedDateTime ], [Id: f5Xbs20cYEmgBcRadIWYf3IWkugMUkNDtmU98M283oQ, ClientId: b3db957f-1c6d-4960-a005-c45a7485987f, PrincipalId: , ResourceId: e8921672-520c-4343-b665-3df0cdbcde84, ConsentType: AllPrincipals, Scope: EWS.AccessAsUser.All Mail.ReadWrite Calendars.ReadWrite Contacts.ReadWrite, CreatedDateTime: , LastModifiedDateTime ], [Id: f5Xbs20cYEmgBcRadIWYf4aSNeHA1otBnCeKhNZpAzE, ClientId: b3db957f-1c6d-4960-a005-c45a7485987f, PrincipalId: , ResourceId: e1359286-d6c0-418b-9c27-8a84d6690331, ConsentType: AllPrincipals, Scope: Calendars.Read Calendars.Read.Shared Calendars.ReadWrite Calendars.ReadWrite.Shared Contacts.Read Contacts.Read.Shared Contacts.ReadWrite Contacts.ReadWrite.Shared Directory.AccessAsUser.All Directory.Read.All Directory.ReadWrite.All email Files.Read Files.Read.All Files.ReadWrite Files.ReadWrite.All Group.Read.All Mail.Read Mail.Read.Shared Mail.ReadWrite Mail.ReadWrite.Shared MailboxSettings.Read Notes.Create Notes.Read Notes.Read.All Notes.ReadWrite Notes.ReadWrite.All profile Reports.Read.All Sites.FullControl.All Sites.Manage.All Sites.Read.All Sites.ReadWrite.All Tasks.Read Tasks.Read.Shared Tasks.ReadWrite.Shared User.Read.All User.ReadBasic.All Mail.Send.Shared Mail.Send, CreatedDateTime: , LastModifiedDateTime ]] => [[Id: f5Xbs20cYEmgBcRadIWYf4aSNeHA1otBnCeKhNZpAzE, ClientId: b3db957f-1c6d-4960-a005-c45a7485987f, PrincipalId: , ResourceId: e1359286-d6c0-418b-9c27-8a84d6690331, ConsentType: AllPrincipals, Scope: Calendars.Read Calendars.Read.Shared Calendars.ReadWrite Calendars.ReadWrite.Shared Contacts.Read Contacts.Read.Shared Contacts.ReadWrite Contacts.ReadWrite.Shared Directory.AccessAsUser.All Directory.Read.All Directory.ReadWrite.All email Files.Read Files.Read.All Files.ReadWrite Files.ReadWrite.All Group.Read.All Mail.Read Mail.Read.Shared Mail.ReadWrite Mail.ReadWrite.Shared MailboxSettings.Read Notes.Create Notes.Read Notes.Read.All Notes.ReadWrite Notes.ReadWrite.All profile Reports.Read.All Sites.FullControl.All Sites.Manage.All Sites.Read.All Sites.ReadWrite.All Tasks.Read Tasks.Read.Shared Tasks.ReadWrite.Shared User.Read.All User.ReadBasic.All Mail.Send.Shared Mail.Send, CreatedDateTime: , LastModifiedDateTime ], [Id: f5Xbs20cYEmgBcRadIWYf3IWkugMUkNDtmU98M283oQ, ClientId: b3db957f-1c6d-4960-a005-c45a7485987f, PrincipalId: , ResourceId: e8921672-520c-4343-b665-3df0cdbcde84, ConsentType: AllPrincipals, Scope: EWS.AccessAsUser.All Mail.ReadWrite Calendars.ReadWrite Contacts.ReadWrite, CreatedDateTime: , LastModifiedDateTime ], [Id: f5Xbs20cYEmgBcRadIWYf2oR7znx_w1Gp09xYpGXNt0, ClientId: b3db957f-1c6d-4960-a005-c45a7485987f, PrincipalId: , ResourceId: 39ef116a-fff1-460d-a74f-7162919736dd, ConsentType: AllPrincipals, Scope: TermStore.ReadWrite.All Sites.Search.All MyFiles.Write MyFiles.Read AllSites.FullControl AllSites.Manage User.ReadWrite.All, CreatedDateTime: , LastModifiedDateTime ], [Id: f5Xbs20cYEmgBcRadIWYf3bXhPNK169El-JbedGu4O0, ClientId: b3db957f-1c6d-4960-a005-c45a7485987f, PrincipalId: , ResourceId: f384d776-d74a-44af-97e2-5b79d1aee0ed, ConsentType: AllPrincipals, Scope: Directory.AccessAsUser.All Group.ReadWrite.All User.Read, CreatedDateTime: , LastModifiedDateTime ]]; ""","User-Agent: EvoSTS; AppId: d7db2a1c-c38b-4bd1-a30f-0915167ba928; ServicePrincipalProvisioningType: Other",""
"2026-08-14T14:25:54.382845Z","Consent to application","Directory_c5bb6b89-baaf-49f5-87ca-50238780bc7a_G8K45_14280496","Azure ESTS Service","ApplicationManagement","c5bb6b89-baaf-49f5-87ca-50238780bc7a","Core Directory","Assign","success","b3db957f-1c6d-4960-a005-c45a7485987f","Backupify","ServicePrincipal",,"ConsentContext.IsAdminConsent",,"""True""","User-Agent: EvoSTS; AppId: d7db2a1c-c38b-4bd1-a30f-0915167ba928; AppOwnerOrganizationId: 8ebde5a4-a587-497c-9881-8a5c272dd1c4; ServicePrincipalProvisioningType: Consent",""
"2026-08-14T14:25:54.382845Z","Consent to application","Directory_c5bb6b89-baaf-49f5-87ca-50238780bc7a_G8K45_14280496","Azure ESTS Service","ApplicationManagement","c5bb6b89-baaf-49f5-87ca-50238780bc7a","Core Directory","Assign","success","b3db957f-1c6d-4960-a005-c45a7485987f","Backupify","ServicePrincipal",,"ConsentContext.IsAppOnly",,"""False""","User-Agent: EvoSTS; AppId: d7db2a1c-c38b-4bd1-a30f-0915167ba928; AppOwnerOrganizationId: 8ebde5a4-a587-497c-9881-8a5c272dd1c4; ServicePrincipalProvisioningType: Consent",""
"2026-08-14T14:25:54.382845Z","Consent to application","Directory_c5bb6b89-baaf-49f5-87ca-50238780bc7a_G8K45_14280496","Azure ESTS Service","ApplicationManagement","c5bb6b89-baaf-49f5-87ca-50238780bc7a","Core Directory","Assign","success","b3db957f-1c6d-4960-a005-c45a7485987f","Backupify","ServicePrincipal",,"ConsentContext.OnBehalfOfAll",,"""True""","User-Agent: EvoSTS; AppId: d7db2a1c-c38b-4bd1-a30f-0915167ba928; AppOwnerOrganizationId: 8ebde5a4-a587-497c-9881-8a5c272dd1c4; ServicePrincipalProvisioningType: Consent",""
"2026-08-14T14:25:54.382845Z","Consent to application","Directory_c5bb6b89-baaf-49f5-87ca-50238780bc7a_G8K45_14280496","Azure ESTS Service","ApplicationManagement","c5bb6b89-baaf-49f5-87ca-50238780bc7a","Core Directory","Assign","success","b3db957f-1c6d-4960-a005-c45a7485987f","Backupify","ServicePrincipal",,"ConsentContext.Tags",,"""WindowsAzureActiveDirectoryIntegratedApp""","User-Agent: EvoSTS; AppId: d7db2a1c-c38b-4bd1-a30f-0915167ba928; AppOwnerOrganizationId: 8ebde5a4-a587-497c-9881-8a5c272dd1c4; ServicePrincipalProvisioningType: Consent",""
"2026-08-14T14:25:54.382845Z","Consent to application","Directory_c5bb6b89-baaf-49f5-87ca-50238780bc7a_G8K45_14280496","Azure ESTS Service","ApplicationManagement","c5bb6b89-baaf-49f5-87ca-50238780bc7a","Core Directory","Assign","success","b3db957f-1c6d-4960-a005-c45a7485987f","Backupify","ServicePrincipal",,"ConsentAction.Permissions",,"""[] => [[Id: AAAAAAAAAAAAAAAAAAAAAIaSNeHA1otBnCeKhNZpAzE, ClientId: 00000000-0000-0000-0000-000000000000, PrincipalId: , ResourceId: e1359286-d6c0-418b-9c27-8a84d6690331, ConsentType: AllPrincipals, Scope: Calendars.Read Calendars.Read.Shared Calendars.ReadWrite Calendars.ReadWrite.Shared Contacts.Read Contacts.Read.Shared Contacts.ReadWrite Contacts.ReadWrite.Shared Directory.AccessAsUser.All Directory.Read.All Directory.ReadWrite.All email Files.Read Files.Read.All Files.ReadWrite Files.ReadWrite.All Group.Read.All Mail.Read Mail.Read.Shared Mail.ReadWrite Mail.ReadWrite.Shared MailboxSettings.Read Notes.Create Notes.Read Notes.Read.All Notes.ReadWrite Notes.ReadWrite.All profile Reports.Read.All Sites.FullControl.All Sites.Manage.All Sites.Read.All Sites.ReadWrite.All Tasks.Read Tasks.Read.Shared Tasks.ReadWrite.Shared User.Read.All User.ReadBasic.All Mail.Send.Shared Mail.Send, CreatedDateTime: , LastModifiedDateTime ], [Id: AAAAAAAAAAAAAAAAAAAAAHIWkugMUkNDtmU98M283oQ, ClientId: 00000000-0000-0000-0000-000000000000, PrincipalId: , ResourceId: e8921672-520c-4343-b665-3df0cdbcde84, ConsentType: AllPrincipals, Scope: EWS.AccessAsUser.All Mail.ReadWrite Calendars.ReadWrite Contacts.ReadWrite, CreatedDateTime: , LastModifiedDateTime ], [Id: AAAAAAAAAAAAAAAAAAAAAGoR7znx_w1Gp09xYpGXNt0, ClientId: 00000000-0000-0000-0000-000000000000, PrincipalId: , ResourceId: 39ef116a-fff1-460d-a74f-7162919736dd, ConsentType: AllPrincipals, Scope: TermStore.ReadWrite.All Sites.Search.All MyFiles.Write MyFiles.Read AllSites.FullControl AllSites.Manage User.ReadWrite.All, CreatedDateTime: , LastModifiedDateTime ], [Id: AAAAAAAAAAAAAAAAAAAAAHbXhPNK169El-JbedGu4O0, ClientId: 00000000-0000-0000-0000-000000000000, PrincipalId: , ResourceId: f384d776-d74a-44af-97e2-5b79d1aee0ed, ConsentType: AllPrincipals, Scope: Directory.AccessAsUser.All Group.ReadWrite.All User.Read, CreatedDateTime: , LastModifiedDateTime ]]; ""","User-Agent: EvoSTS; AppId: d7db2a1c-c38b-4bd1-a30f-0915167ba928; AppOwnerOrganizationId: 8ebde5a4-a587-497c-9881-8a5c272dd1c4; ServicePrincipalProvisioningType: Consent",""
"2026-08-14T14:25:54.3818423Z","Add app role assignment grant to user","Directory_c5bb6b89-baaf-49f5-87ca-50238780bc7a_G8K45_14280491","Azure ESTS Service","UserManagement","c5bb6b89-baaf-49f5-87ca-50238780bc7a","Core Directory","Assign","success","b3db957f-1c6d-4960-a005-c45a7485987f","Backupify","ServicePrincipal",,"AppRole.Id",,"""00000000-0000-0000-0000-000000000000""","User-Agent: EvoSTS; AppId: d7db2a1c-c38b-4bd1-a30f-0915167ba928; ServicePrincipalProvisioningType: Consent",""
"2026-08-14T14:25:54.3818423Z","Add app role assignment grant to user","Directory_c5bb6b89-baaf-49f5-87ca-50238780bc7a_G8K45_14280491","Azure ESTS Service","UserManagement","c5bb6b89-baaf-49f5-87ca-50238780bc7a","Core Directory","Assign","success","b3db957f-1c6d-4960-a005-c45a7485987f","Backupify","ServicePrincipal",,"AppRole.Value",,"""""","User-Agent: EvoSTS; AppId: d7db2a1c-c38b-4bd1-a30f-0915167ba928; ServicePrincipalProvisioningType: Consent",""
"2026-08-14T14:25:54.3818423Z","Add app role assignment grant to user","Directory_c5bb6b89-baaf-49f5-87ca-50238780bc7a_G8K45_14280491","Azure ESTS Service","UserManagement","c5bb6b89-baaf-49f5-87ca-50238780bc7a","Core Directory","Assign","success","b3db957f-1c6d-4960-a005-c45a7485987f","Backupify","ServicePrincipal",,"AppRole.DisplayName",,"""""","User-Agent: EvoSTS; AppId: d7db2a1c-c38b-4bd1-a30f-0915167ba928; ServicePrincipalProvisioningType: Consent",""
"2026-08-14T14:25:54.3818423Z","Add app role assignment grant to user","Directory_c5bb6b89-baaf-49f5-87ca-50238780bc7a_G8K45_14280491","Azure ESTS Service","UserManagement","c5bb6b89-baaf-49f5-87ca-50238780bc7a","Core Directory","Assign","success","b3db957f-1c6d-4960-a005-c45a7485987f","Backupify","ServicePrincipal",,"AppRoleAssignment.CreatedDateTime",,"""2026-08-14T14:25:54.3008511Z""","User-Agent: EvoSTS; AppId: d7db2a1c-c38b-4bd1-a30f-0915167ba928; ServicePrincipalProvisioningType: Consent",""
"2026-08-14T14:25:54.3818423Z","Add app role assignment grant to user","Directory_c5bb6b89-baaf-49f5-87ca-50238780bc7a_G8K45_14280491","Azure ESTS Service","UserManagement","c5bb6b89-baaf-49f5-87ca-50238780bc7a","Core Directory","Assign","success","b3db957f-1c6d-4960-a005-c45a7485987f","Backupify","ServicePrincipal",,"AppRoleAssignment.LastModifiedDateTime",,"""2026-08-14T14:25:54.3008511Z""","User-Agent: EvoSTS; AppId: d7db2a1c-c38b-4bd1-a30f-0915167ba928; ServicePrincipalProvisioningType: Consent",""
"2026-08-14T14:25:54.3818423Z","Add app role assignment grant to user","Directory_c5bb6b89-baaf-49f5-87ca-50238780bc7a_G8K45_14280491","Azure ESTS Service","UserManagement","c5bb6b89-baaf-49f5-87ca-50238780bc7a","Core Directory","Assign","success","b3db957f-1c6d-4960-a005-c45a7485987f","Backupify","ServicePrincipal",,"User.ObjectID",,"""5905a196-4754-406b-a004-f6597c185533""","User-Agent: EvoSTS; AppId: d7db2a1c-c38b-4bd1-a30f-0915167ba928; ServicePrincipalProvisioningType: Consent",""
"2026-08-14T14:25:54.3818423Z","Add app role assignment grant to user","Directory_c5bb6b89-baaf-49f5-87ca-50238780bc7a_G8K45_14280491","Azure ESTS Service","UserManagement","c5bb6b89-baaf-49f5-87ca-50238780bc7a","Core Directory","Assign","success","b3db957f-1c6d-4960-a005-c45a7485987f","Backupify","ServicePrincipal",,"User.UPN",,"""ServIT@pineywoodsfl.onmicrosoft.com""","User-Agent: EvoSTS; AppId: d7db2a1c-c38b-4bd1-a30f-0915167ba928; ServicePrincipalProvisioningType: Consent",""
"2026-08-14T14:25:54.3818423Z","Add app role assignment grant to user","Directory_c5bb6b89-baaf-49f5-87ca-50238780bc7a_G8K45_14280491","Azure ESTS Service","UserManagement","c5bb6b89-baaf-49f5-87ca-50238780bc7a","Core Directory","Assign","success","b3db957f-1c6d-4960-a005-c45a7485987f","Backupify","ServicePrincipal",,"User.PUID",,"""100320061E214891""","User-Agent: EvoSTS; AppId: d7db2a1c-c38b-4bd1-a30f-0915167ba928; ServicePrincipalProvisioningType: Consent",""
"2026-08-14T14:25:54.3818423Z","Add app role assignment grant to user","Directory_c5bb6b89-baaf-49f5-87ca-50238780bc7a_G8K45_14280491","Azure ESTS Service","UserManagement","c5bb6b89-baaf-49f5-87ca-50238780bc7a","Core Directory","Assign","success","b3db957f-1c6d-4960-a005-c45a7485987f","Backupify","ServicePrincipal",,"TargetId.ServicePrincipalNames",,"""https://saasapplicationsadmindatto.onmicrosoft.com/production3;d7db2a1c-c38b-4bd1-a30f-0915167ba928""","User-Agent: EvoSTS; AppId: d7db2a1c-c38b-4bd1-a30f-0915167ba928; ServicePrincipalProvisioningType: Consent",""
"2026-08-14T14:25:54.3818423Z","Add app role assignment grant to user","Directory_c5bb6b89-baaf-49f5-87ca-50238780bc7a_G8K45_14280491","Azure ESTS Service","UserManagement","c5bb6b89-baaf-49f5-87ca-50238780bc7a","Core Directory","Assign","success","5905a196-4754-406b-a004-f6597c185533",,"User","ServIT@pineywoodsfl.onmicrosoft.com",,,,"User-Agent: EvoSTS; AppId: d7db2a1c-c38b-4bd1-a30f-0915167ba928; ServicePrincipalProvisioningType: Consent",""
"2026-08-14T14:25:54.241844Z","Add delegated permission grant","Directory_c5bb6b89-baaf-49f5-87ca-50238780bc7a_G8K45_14280406","Azure ESTS Service","ApplicationManagement","c5bb6b89-baaf-49f5-87ca-50238780bc7a","Core Directory","Assign","success","f384d776-d74a-44af-97e2-5b79d1aee0ed","Windows Azure Active Directory","ServicePrincipal",,"DelegatedPermissionGrant.Scope",,"""Directory.AccessAsUser.All Group.ReadWrite.All User.Read""","User-Agent: EvoSTS; AppId: 00000002-0000-0000-c000-000000000000; ServicePrincipalProvisioningType: Consent",""
"2026-08-14T14:25:54.241844Z","Add delegated permission grant","Directory_c5bb6b89-baaf-49f5-87ca-50238780bc7a_G8K45_14280406","Azure ESTS Service","ApplicationManagement","c5bb6b89-baaf-49f5-87ca-50238780bc7a","Core Directory","Assign","success","f384d776-d74a-44af-97e2-5b79d1aee0ed","Windows Azure Active Directory","ServicePrincipal",,"DelegatedPermissionGrant.ConsentType",,"""AllPrincipals""","User-Agent: EvoSTS; AppId: 00000002-0000-0000-c000-000000000000; ServicePrincipalProvisioningType: Consent",""
"2026-08-14T14:25:54.241844Z","Add delegated permission grant","Directory_c5bb6b89-baaf-49f5-87ca-50238780bc7a_G8K45_14280406","Azure ESTS Service","ApplicationManagement","c5bb6b89-baaf-49f5-87ca-50238780bc7a","Core Directory","Assign","success","f384d776-d74a-44af-97e2-5b79d1aee0ed","Windows Azure Active Directory","ServicePrincipal",,"ServicePrincipal.ObjectID",,"""b3db957f-1c6d-4960-a005-c45a7485987f""","User-Agent: EvoSTS; AppId: 00000002-0000-0000-c000-000000000000; ServicePrincipalProvisioningType: Consent",""
"2026-08-14T14:25:54.241844Z","Add delegated permission grant","Directory_c5bb6b89-baaf-49f5-87ca-50238780bc7a_G8K45_14280406","Azure ESTS Service","ApplicationManagement","c5bb6b89-baaf-49f5-87ca-50238780bc7a","Core Directory","Assign","success","f384d776-d74a-44af-97e2-5b79d1aee0ed","Windows Azure Active Directory","ServicePrincipal",,"ServicePrincipal.DisplayName",,,"User-Agent: EvoSTS; AppId: 00000002-0000-0000-c000-000000000000; ServicePrincipalProvisioningType: Consent",""
"2026-08-14T14:25:54.241844Z","Add delegated permission grant","Directory_c5bb6b89-baaf-49f5-87ca-50238780bc7a_G8K45_14280406","Azure ESTS Service","ApplicationManagement","c5bb6b89-baaf-49f5-87ca-50238780bc7a","Core Directory","Assign","success","f384d776-d74a-44af-97e2-5b79d1aee0ed","Windows Azure Active Directory","ServicePrincipal",,"ServicePrincipal.AppId",,,"User-Agent: EvoSTS; AppId: 00000002-0000-0000-c000-000000000000; ServicePrincipalProvisioningType: Consent",""
"2026-08-14T14:25:54.241844Z","Add delegated permission grant","Directory_c5bb6b89-baaf-49f5-87ca-50238780bc7a_G8K45_14280406","Azure ESTS Service","ApplicationManagement","c5bb6b89-baaf-49f5-87ca-50238780bc7a","Core Directory","Assign","success","f384d776-d74a-44af-97e2-5b79d1aee0ed","Windows Azure Active Directory","ServicePrincipal",,"ServicePrincipal.Name",,,"User-Agent: EvoSTS; AppId: 00000002-0000-0000-c000-000000000000; ServicePrincipalProvisioningType: Consent",""
"2026-08-14T14:25:54.241844Z","Add delegated permission grant","Directory_c5bb6b89-baaf-49f5-87ca-50238780bc7a_G8K45_14280406","Azure ESTS Service","ApplicationManagement","c5bb6b89-baaf-49f5-87ca-50238780bc7a","Core Directory","Assign","success","f384d776-d74a-44af-97e2-5b79d1aee0ed","Windows Azure Active Directory","ServicePrincipal",,"TargetId.ServicePrincipalNames",,"""Microsoft.Azure.ActiveDirectory;00000002-0000-0000-c000-000000000000;00000002-0000-0000-c000-000000000000/directory.windows.net;00000002-0000-0000-c000-000000000000/graph.windows.net;https://graph.windows.net;https://graph.windows.net/;https://graph.microsoftazure.us;00000002-0000-0000-c000-000000000000/graph.microsoftazure.us""","User-Agent: EvoSTS; AppId: 00000002-0000-0000-c000-000000000000; ServicePrincipalProvisioningType: Consent",""
"2026-08-14T14:25:54.241844Z","Add delegated permission grant","Directory_c5bb6b89-baaf-49f5-87ca-50238780bc7a_G8K45_14280406","Azure ESTS Service","ApplicationManagement","c5bb6b89-baaf-49f5-87ca-50238780bc7a","Core Directory","Assign","success","b3db957f-1c6d-4960-a005-c45a7485987f",,"ServicePrincipal",,,,,"User-Agent: EvoSTS; AppId: 00000002-0000-0000-c000-000000000000; ServicePrincipalProvisioningType: Consent",""
"2026-08-14T14:25:54.1428456Z","Add delegated permission grant","Directory_c5bb6b89-baaf-49f5-87ca-50238780bc7a_G8K45_14280389","Azure ESTS Service","ApplicationManagement","c5bb6b89-baaf-49f5-87ca-50238780bc7a","Core Directory","Assign","success","39ef116a-fff1-460d-a74f-7162919736dd","Office 365 SharePoint Online","ServicePrincipal",,"DelegatedPermissionGrant.Scope",,"""TermStore.ReadWrite.All Sites.Search.All MyFiles.Write MyFiles.Read AllSites.FullControl AllSites.Manage User.ReadWrite.All""","User-Agent: EvoSTS; AppId: 00000003-0000-0ff1-ce00-000000000000; ServicePrincipalProvisioningType: Consent",""
"2026-08-14T14:25:54.1428456Z","Add delegated permission grant","Directory_c5bb6b89-baaf-49f5-87ca-50238780bc7a_G8K45_14280389","Azure ESTS Service","ApplicationManagement","c5bb6b89-baaf-49f5-87ca-50238780bc7a","Core Directory","Assign","success","39ef116a-fff1-460d-a74f-7162919736dd","Office 365 SharePoint Online","ServicePrincipal",,"DelegatedPermissionGrant.ConsentType",,"""AllPrincipals""","User-Agent: EvoSTS; AppId: 00000003-0000-0ff1-ce00-000000000000; ServicePrincipalProvisioningType: Consent",""
"2026-08-14T14:25:54.1428456Z","Add delegated permission grant","Directory_c5bb6b89-baaf-49f5-87ca-50238780bc7a_G8K45_14280389","Azure ESTS Service","ApplicationManagement","c5bb6b89-baaf-49f5-87ca-50238780bc7a","Core Directory","Assign","success","39ef116a-fff1-460d-a74f-7162919736dd","Office 365 SharePoint Online","ServicePrincipal",,"ServicePrincipal.ObjectID",,"""b3db957f-1c6d-4960-a005-c45a7485987f""","User-Agent: EvoSTS; AppId: 00000003-0000-0ff1-ce00-000000000000; ServicePrincipalProvisioningType: Consent",""
"2026-08-14T14:25:54.1428456Z","Add delegated permission grant","Directory_c5bb6b89-baaf-49f5-87ca-50238780bc7a_G8K45_14280389","Azure ESTS Service","ApplicationManagement","c5bb6b89-baaf-49f5-87ca-50238780bc7a","Core Directory","Assign","success","39ef116a-fff1-460d-a74f-7162919736dd","Office 365 SharePoint Online","ServicePrincipal",,"ServicePrincipal.DisplayName",,,"User-Agent: EvoSTS; AppId: 00000003-0000-0ff1-ce00-000000000000; ServicePrincipalProvisioningType: Consent",""
"2026-08-14T14:25:54.1428456Z","Add delegated permission grant","Directory_c5bb6b89-baaf-49f5-87ca-50238780bc7a_G8K45_14280389","Azure ESTS Service","ApplicationManagement","c5bb6b89-baaf-49f5-87ca-50238780bc7a","Core Directory","Assign","success","39ef116a-fff1-460d-a74f-7162919736dd","Office 365 SharePoint Online","ServicePrincipal",,"ServicePrincipal.AppId",,,"User-Agent: EvoSTS; AppId: 00000003-0000-0ff1-ce00-000000000000; ServicePrincipalProvisioningType: Consent",""
"2026-08-14T14:25:54.1428456Z","Add delegated permission grant","Directory_c5bb6b89-baaf-49f5-87ca-50238780bc7a_G8K45_14280389","Azure ESTS Service","ApplicationManagement","c5bb6b89-baaf-49f5-87ca-50238780bc7a","Core Directory","Assign","success","39ef116a-fff1-460d-a74f-7162919736dd","Office 365 SharePoint Online","ServicePrincipal",,"ServicePrincipal.Name",,,"User-Agent: EvoSTS; AppId: 00000003-0000-0ff1-ce00-000000000000; ServicePrincipalProvisioningType: Consent",""
"2026-08-14T14:25:54.1428456Z","Add delegated permission grant","Directory_c5bb6b89-baaf-49f5-87ca-50238780bc7a_G8K45_14280389","Azure ESTS Service","ApplicationManagement","c5bb6b89-baaf-49f5-87ca-50238780bc7a","Core Directory","Assign","success","39ef116a-fff1-460d-a74f-7162919736dd","Office 365 SharePoint Online","ServicePrincipal",,"TargetId.ServicePrincipalNames",,"""api://00000003-0000-0ff1-ce00-000000000000;https://onedrive.cloud.microsoft/;Microsoft.SharePoint;00000003-0000-0ff1-ce00-000000000000;00000003-0000-0ff1-ce00-000000000000/*.sharepoint.com;https://microsoft.sharepoint-df.com""","User-Agent: EvoSTS; AppId: 00000003-0000-0ff1-ce00-000000000000; ServicePrincipalProvisioningType: Consent",""
"2026-08-14T14:25:54.1428456Z","Add delegated permission grant","Directory_c5bb6b89-baaf-49f5-87ca-50238780bc7a_G8K45_14280389","Azure ESTS Service","ApplicationManagement","c5bb6b89-baaf-49f5-87ca-50238780bc7a","Core Directory","Assign","success","b3db957f-1c6d-4960-a005-c45a7485987f",,"ServicePrincipal",,,,,"User-Agent: EvoSTS; AppId: 00000003-0000-0ff1-ce00-000000000000; ServicePrincipalProvisioningType: Consent",""
"2026-08-14T14:25:54.0508475Z","Add delegated permission grant","Directory_c5bb6b89-baaf-49f5-87ca-50238780bc7a_G8K45_14280372","Azure ESTS Service","ApplicationManagement","c5bb6b89-baaf-49f5-87ca-50238780bc7a","Core Directory","Assign","success","e8921672-520c-4343-b665-3df0cdbcde84","Office 365 Exchange Online","ServicePrincipal",,"DelegatedPermissionGrant.Scope",,"""EWS.AccessAsUser.All Mail.ReadWrite Calendars.ReadWrite Contacts.ReadWrite""","User-Agent: EvoSTS; AppId: 00000002-0000-0ff1-ce00-000000000000; ServicePrincipalProvisioningType: Consent",""
"2026-08-14T14:25:54.0508475Z","Add delegated permission grant","Directory_c5bb6b89-baaf-49f5-87ca-50238780bc7a_G8K45_14280372","Azure ESTS Service","ApplicationManagement","c5bb6b89-baaf-49f5-87ca-50238780bc7a","Core Directory","Assign","success","e8921672-520c-4343-b665-3df0cdbcde84","Office 365 Exchange Online","ServicePrincipal",,"DelegatedPermissionGrant.ConsentType",,"""AllPrincipals""","User-Agent: EvoSTS; AppId: 00000002-0000-0ff1-ce00-000000000000; ServicePrincipalProvisioningType: Consent",""
"2026-08-14T14:25:54.0508475Z","Add delegated permission grant","Directory_c5bb6b89-baaf-49f5-87ca-50238780bc7a_G8K45_14280372","Azure ESTS Service","ApplicationManagement","c5bb6b89-baaf-49f5-87ca-50238780bc7a","Core Directory","Assign","success","e8921672-520c-4343-b665-3df0cdbcde84","Office 365 Exchange Online","ServicePrincipal",,"ServicePrincipal.ObjectID",,"""b3db957f-1c6d-4960-a005-c45a7485987f""","User-Agent: EvoSTS; AppId: 00000002-0000-0ff1-ce00-000000000000; ServicePrincipalProvisioningType: Consent",""
"2026-08-14T14:25:54.0508475Z","Add delegated permission grant","Directory_c5bb6b89-baaf-49f5-87ca-50238780bc7a_G8K45_14280372","Azure ESTS Service","ApplicationManagement","c5bb6b89-baaf-49f5-87ca-50238780bc7a","Core Directory","Assign","success","e8921672-520c-4343-b665-3df0cdbcde84","Office 365 Exchange Online","ServicePrincipal",,"ServicePrincipal.DisplayName",,,"User-Agent: EvoSTS; AppId: 00000002-0000-0ff1-ce00-000000000000; ServicePrincipalProvisioningType: Consent",""
"2026-08-14T14:25:54.0508475Z","Add delegated permission grant","Directory_c5bb6b89-baaf-49f5-87ca-50238780bc7a_G8K45_14280372","Azure ESTS Service","ApplicationManagement","c5bb6b89-baaf-49f5-87ca-50238780bc7a","Core Directory","Assign","success","e8921672-520c-4343-b665-3df0cdbcde84","Office 365 Exchange Online","ServicePrincipal",,"ServicePrincipal.AppId",,,"User-Agent: EvoSTS; AppId: 00000002-0000-0ff1-ce00-000000000000; ServicePrincipalProvisioningType: Consent",""
"2026-08-14T14:25:54.0508475Z","Add delegated permission grant","Directory_c5bb6b89-baaf-49f5-87ca-50238780bc7a_G8K45_14280372","Azure ESTS Service","ApplicationManagement","c5bb6b89-baaf-49f5-87ca-50238780bc7a","Core Directory","Assign","success","e8921672-520c-4343-b665-3df0cdbcde84","Office 365 Exchange Online","ServicePrincipal",,"ServicePrincipal.Name",,,"User-Agent: EvoSTS; AppId: 00000002-0000-0ff1-ce00-000000000000; ServicePrincipalProvisioningType: Consent",""
"2026-08-14T14:25:54.0508475Z","Add delegated permission grant","Directory_c5bb6b89-baaf-49f5-87ca-50238780bc7a_G8K45_14280372","Azure ESTS Service","ApplicationManagement","c5bb6b89-baaf-49f5-87ca-50238780bc7a","Core Directory","Assign","success","e8921672-520c-4343-b665-3df0cdbcde84","Office 365 Exchange Online","ServicePrincipal",,"TargetId.ServicePrincipalNames",,"""https://outlook.office.com;Microsoft.Exchange;00000002-0000-0ff1-ce00-000000000000;00000002-0000-0ff1-ce00-000000000000/*.outlook.com;00000002-0000-0ff1-ce00-000000000000/outlook.com;00000002-0000-0ff1-ce00-000000000000/mail.office365.com;00000002-0000-0ff1-ce00-000000000000/outlook.office365.com;https://webmail.apps.mil/;https://ps.protection.outlook.com/;https://outlook-dod.office365.us/;https://outlook.com/;https://outlook.office365.com/;https://outlook.office.com/;https://outlook.office365.com:443/;https://outlook-sdf.office365.com/;https://outlook-sdf.office.com/;https://outlook.office365.us/;https://autodiscover-s.office365.us/;https://ps.compliance.protection.outlook.com;https://outlook-tdf.office.com/ (and 2 more...)""","User-Agent: EvoSTS; AppId: 00000002-0000-0ff1-ce00-000000000000; ServicePrincipalProvisioningType: Consent",""
"2026-08-14T14:25:54.0508475Z","Add delegated permission grant","Directory_c5bb6b89-baaf-49f5-87ca-50238780bc7a_G8K45_14280372","Azure ESTS Service","ApplicationManagement","c5bb6b89-baaf-49f5-87ca-50238780bc7a","Core Directory","Assign","success","b3db957f-1c6d-4960-a005-c45a7485987f",,"ServicePrincipal",,,,,"User-Agent: EvoSTS; AppId: 00000002-0000-0ff1-ce00-000000000000; ServicePrincipalProvisioningType: Consent",""
"2026-08-14T14:25:54.0172336Z","Consent to application","Directory_90dd68a4-dc98-4a51-badd-5ac2f7765945_SRFAC_16579211",,"ApplicationManagement","90dd68a4-dc98-4a51-badd-5ac2f7765945","Core Directory","Assign","failure",,"Unknown",,,"ConsentContext.IsAdminConsent",,"""True""","User-Agent: EvoSTS",""
"2026-08-14T14:25:54.0172336Z","Consent to application","Directory_90dd68a4-dc98-4a51-badd-5ac2f7765945_SRFAC_16579211",,"ApplicationManagement","90dd68a4-dc98-4a51-badd-5ac2f7765945","Core Directory","Assign","failure",,"Unknown",,,"ConsentContext.IsAppOnly",,"""False""","User-Agent: EvoSTS",""
"2026-08-14T14:25:54.0172336Z","Consent to application","Directory_90dd68a4-dc98-4a51-badd-5ac2f7765945_SRFAC_16579211",,"ApplicationManagement","90dd68a4-dc98-4a51-badd-5ac2f7765945","Core Directory","Assign","failure",,"Unknown",,,"ConsentContext.OnBehalfOfAll",,"""True""","User-Agent: EvoSTS",""
"2026-08-14T14:25:54.0172336Z","Consent to application","Directory_90dd68a4-dc98-4a51-badd-5ac2f7765945_SRFAC_16579211",,"ApplicationManagement","90dd68a4-dc98-4a51-badd-5ac2f7765945","Core Directory","Assign","failure",,"Unknown",,,"ConsentContext.Tags",,"""WindowsAzureActiveDirectoryIntegratedApp""","User-Agent: EvoSTS",""
"2026-08-14T14:25:54.0172336Z","Consent to application","Directory_90dd68a4-dc98-4a51-badd-5ac2f7765945_SRFAC_16579211",,"ApplicationManagement","90dd68a4-dc98-4a51-badd-5ac2f7765945","Core Directory","Assign","failure",,"Unknown",,,"ConsentAction.Permissions",,"""[] => [[Id: AAAAAAAAAAAAAAAAAAAAAIaSNeHA1otBnCeKhNZpAzE, ClientId: 00000000-0000-0000-0000-000000000000, PrincipalId: , ResourceId: e1359286-d6c0-418b-9c27-8a84d6690331, ConsentType: AllPrincipals, Scope: Calendars.Read Calendars.Read.Shared Calendars.ReadWrite Calendars.ReadWrite.Shared Contacts.Read Contacts.Read.Shared Contacts.ReadWrite Contacts.ReadWrite.Shared Directory.AccessAsUser.All Directory.Read.All Directory.ReadWrite.All email Files.Read Files.Read.All Files.ReadWrite Files.ReadWrite.All Group.Read.All Mail.Read Mail.Read.Shared Mail.ReadWrite Mail.ReadWrite.Shared MailboxSettings.Read Notes.Create Notes.Read Notes.Read.All Notes.ReadWrite Notes.ReadWrite.All profile Reports.Read.All Sites.FullControl.All Sites.Manage.All Sites.Read.All Sites.ReadWrite.All Tasks.Read Tasks.Read.Shared Tasks.ReadWrite.Shared User.Read.All User.ReadBasic.All Mail.Send.Shared Mail.Send, CreatedDateTime: , LastModifiedDateTime ], [Id: AAAAAAAAAAAAAAAAAAAAAHIWkugMUkNDtmU98M283oQ, ClientId: 00000000-0000-0000-0000-000000000000, PrincipalId: , ResourceId: e8921672-520c-4343-b665-3df0cdbcde84, ConsentType: AllPrincipals, Scope: EWS.AccessAsUser.All Mail.ReadWrite Calendars.ReadWrite Contacts.ReadWrite, CreatedDateTime: , LastModifiedDateTime ], [Id: AAAAAAAAAAAAAAAAAAAAAGoR7znx_w1Gp09xYpGXNt0, ClientId: 00000000-0000-0000-0000-000000000000, PrincipalId: , ResourceId: 39ef116a-fff1-460d-a74f-7162919736dd, ConsentType: AllPrincipals, Scope: TermStore.ReadWrite.All Sites.Search.All MyFiles.Write MyFiles.Read AllSites.FullControl AllSites.Manage User.ReadWrite.All, CreatedDateTime: , LastModifiedDateTime ], [Id: AAAAAAAAAAAAAAAAAAAAAHbXhPNK169El-JbedGu4O0, ClientId: 00000000-0000-0000-0000-000000000000, PrincipalId: , ResourceId: f384d776-d74a-44af-97e2-5b79d1aee0ed, ConsentType: AllPrincipals, Scope: Directory.AccessAsUser.All Group.ReadWrite.All User.Read, CreatedDateTime: , LastModifiedDateTime ]]; ""","User-Agent: EvoSTS",""
"2026-08-14T14:25:54.0172336Z","Consent to application","Directory_90dd68a4-dc98-4a51-badd-5ac2f7765945_SRFAC_16579211",,"ApplicationManagement","90dd68a4-dc98-4a51-badd-5ac2f7765945","Core Directory","Assign","failure",,"Unknown",,,"MethodExecutionResult.",,"""Microsoft.Online.Workflows.SpnValidationException""","User-Agent: EvoSTS",""
"2026-08-14T14:25:54.0162307Z","Add service principal","Directory_90dd68a4-dc98-4a51-badd-5ac2f7765945_SRFAC_16579206",,"ApplicationManagement","90dd68a4-dc98-4a51-badd-5ac2f7765945","Core Directory","Add","failure","061f7644-00f0-4aa8-8e40-3ed0a6c56db3","Backupify","ServicePrincipal",,"AccountEnabled","[]","[true]","User-Agent: EvoSTS; AppId: d7db2a1c-c38b-4bd1-a30f-0915167ba928; AppOwnerOrganizationId: 8ebde5a4-a587-497c-9881-8a5c272dd1c4; ServicePrincipalProvisioningType: Consent",""
"2026-08-14T14:25:54.0162307Z","Add service principal","Directory_90dd68a4-dc98-4a51-badd-5ac2f7765945_SRFAC_16579206",,"ApplicationManagement","90dd68a4-dc98-4a51-badd-5ac2f7765945","Core Directory","Add","failure","061f7644-00f0-4aa8-8e40-3ed0a6c56db3","Backupify","ServicePrincipal",,"AppAddress","[]","[{""AddressType"":0,""Address"":""https://onboarding.backupify.com/office365/oauth2_callback"",""ReplyAddressClientType"":1,""ReplyAddressIndex"":null,""IsReplyAddressDefault"":false},{""AddressType"":0,""Address"":""https://deeplink.backup.net/v2/spanning/consent/callback"",""ReplyAddressClientType"":1,""ReplyAddressIndex"":null,""IsReplyAddressDefault"":false},{""AddressType"":0,""Address"":""https://app.backupify.com"",""ReplyAddressClientType"":1,""ReplyAddressIndex"":null,""IsReplyAddressDefault"":false},{""AddressType"":0,""Address"":""https://app.backupify.com/office365/oauth2_callback"",""ReplyAddressClientType"":1,""ReplyAddressIndex"":null,""IsReplyAddressDefault"":false}]","User-Agent: EvoSTS; AppId: d7db2a1c-c38b-4bd1-a30f-0915167ba928; AppOwnerOrganizationId: 8ebde5a4-a587-497c-9881-8a5c272dd1c4; ServicePrincipalProvisioningType: Consent",""
"2026-08-14T14:25:54.0162307Z","Add service principal","Directory_90dd68a4-dc98-4a51-badd-5ac2f7765945_SRFAC_16579206",,"ApplicationManagement","90dd68a4-dc98-4a51-badd-5ac2f7765945","Core Directory","Add","failure","061f7644-00f0-4aa8-8e40-3ed0a6c56db3","Backupify","ServicePrincipal",,"AppPrincipalId","[]","[""d7db2a1c-c38b-4bd1-a30f-0915167ba928""]","User-Agent: EvoSTS; AppId: d7db2a1c-c38b-4bd1-a30f-0915167ba928; AppOwnerOrganizationId: 8ebde5a4-a587-497c-9881-8a5c272dd1c4; ServicePrincipalProvisioningType: Consent",""
"2026-08-14T14:25:54.0162307Z","Add service principal","Directory_90dd68a4-dc98-4a51-badd-5ac2f7765945_SRFAC_16579206",,"ApplicationManagement","90dd68a4-dc98-4a51-badd-5ac2f7765945","Core Directory","Add","failure","061f7644-00f0-4aa8-8e40-3ed0a6c56db3","Backupify","ServicePrincipal",,"DisplayName","[]","[""Backupify""]","User-Agent: EvoSTS; AppId: d7db2a1c-c38b-4bd1-a30f-0915167ba928; AppOwnerOrganizationId: 8ebde5a4-a587-497c-9881-8a5c272dd1c4; ServicePrincipalProvisioningType: Consent",""
"2026-08-14T14:25:54.0162307Z","Add service principal","Directory_90dd68a4-dc98-4a51-badd-5ac2f7765945_SRFAC_16579206",,"ApplicationManagement","90dd68a4-dc98-4a51-badd-5ac2f7765945","Core Directory","Add","failure","061f7644-00f0-4aa8-8e40-3ed0a6c56db3","Backupify","ServicePrincipal",,"ServicePrincipalName","[]","[""d7db2a1c-c38b-4bd1-a30f-0915167ba928"",""https://saasapplicationsadmindatto.onmicrosoft.com/production3""]","User-Agent: EvoSTS; AppId: d7db2a1c-c38b-4bd1-a30f-0915167ba928; AppOwnerOrganizationId: 8ebde5a4-a587-497c-9881-8a5c272dd1c4; ServicePrincipalProvisioningType: Consent",""
"2026-08-14T14:25:54.0162307Z","Add service principal","Directory_90dd68a4-dc98-4a51-badd-5ac2f7765945_SRFAC_16579206",,"ApplicationManagement","90dd68a4-dc98-4a51-badd-5ac2f7765945","Core Directory","Add","failure","061f7644-00f0-4aa8-8e40-3ed0a6c56db3","Backupify","ServicePrincipal",,"Credential","[]","[{""CredentialType"":2,""KeyStoreId"":""291154f0-a9f5-45bb-87be-9c8ee5b6d62c"",""KeyGroupId"":""291154f0-a9f5-45bb-87be-9c8ee5b6d62c""}]","User-Agent: EvoSTS; AppId: d7db2a1c-c38b-4bd1-a30f-0915167ba928; AppOwnerOrganizationId: 8ebde5a4-a587-497c-9881-8a5c272dd1c4; ServicePrincipalProvisioningType: Consent",""
"2026-08-14T14:25:54.0162307Z","Add service principal","Directory_90dd68a4-dc98-4a51-badd-5ac2f7765945_SRFAC_16579206",,"ApplicationManagement","90dd68a4-dc98-4a51-badd-5ac2f7765945","Core Directory","Add","failure","061f7644-00f0-4aa8-8e40-3ed0a6c56db3","Backupify","ServicePrincipal",,"ServicePrincipalTag","[]","[""WindowsAzureActiveDirectoryIntegratedApp""]","User-Agent: EvoSTS; AppId: d7db2a1c-c38b-4bd1-a30f-0915167ba928; AppOwnerOrganizationId: 8ebde5a4-a587-497c-9881-8a5c272dd1c4; ServicePrincipalProvisioningType: Consent",""
"2026-08-14T14:25:54.0162307Z","Add service principal","Directory_90dd68a4-dc98-4a51-badd-5ac2f7765945_SRFAC_16579206",,"ApplicationManagement","90dd68a4-dc98-4a51-badd-5ac2f7765945","Core Directory","Add","failure","061f7644-00f0-4aa8-8e40-3ed0a6c56db3","Backupify","ServicePrincipal",,"Included Updated Properties",,"""AccountEnabled, AppAddress, AppPrincipalId, DisplayName, ServicePrincipalName, Credential, ServicePrincipalTag""","User-Agent: EvoSTS; AppId: d7db2a1c-c38b-4bd1-a30f-0915167ba928; AppOwnerOrganizationId: 8ebde5a4-a587-497c-9881-8a5c272dd1c4; ServicePrincipalProvisioningType: Consent",""
"2026-08-14T14:25:54.0162307Z","Add service principal","Directory_90dd68a4-dc98-4a51-badd-5ac2f7765945_SRFAC_16579206",,"ApplicationManagement","90dd68a4-dc98-4a51-badd-5ac2f7765945","Core Directory","Add","failure","061f7644-00f0-4aa8-8e40-3ed0a6c56db3","Backupify","ServicePrincipal",,"MethodExecutionResult.",,"""Microsoft.Online.Workflows.SpnValidationException""","User-Agent: EvoSTS; AppId: d7db2a1c-c38b-4bd1-a30f-0915167ba928; AppOwnerOrganizationId: 8ebde5a4-a587-497c-9881-8a5c272dd1c4; ServicePrincipalProvisioningType: Consent",""
"2026-08-14T14:25:53.9638475Z","Add delegated permission grant","Directory_c5bb6b89-baaf-49f5-87ca-50238780bc7a_G8K45_14280353","Azure ESTS Service","ApplicationManagement","c5bb6b89-baaf-49f5-87ca-50238780bc7a","Core Directory","Assign","success","e1359286-d6c0-418b-9c27-8a84d6690331","Microsoft Graph","ServicePrincipal",,"DelegatedPermissionGrant.Scope",,"""Calendars.Read Calendars.Read.Shared Calendars.ReadWrite Calendars.ReadWrite.Shared Contacts.Read Contacts.Read.Shared Contacts.ReadWrite Contacts.ReadWrite.Shared Directory.AccessAsUser.All Directory.Read.All Directory.ReadWrite.All email Files.Read Files.Read.All Files.ReadWrite Files.ReadWrite.All Group.Read.All Mail.Read Mail.Read.Shared Mail.ReadWrite Mail.ReadWrite.Shared MailboxSettings.Read Notes.Create Notes.Read Notes.Read.All Notes.ReadWrite Notes.ReadWrite.All profile Reports.Read.All Sites.FullControl.All Sites.Manage.All Sites.Read.All Sites.ReadWrite.All Tasks.Read Tasks.Read.Shared Tasks.ReadWrite.Shared User.Read.All User.ReadBasic.All Mail.Send.Shared Mail.Send""","User-Agent: EvoSTS; AppId: 00000003-0000-0000-c000-000000000000; ServicePrincipalProvisioningType: Consent",""
"2026-08-14T14:25:53.9638475Z","Add delegated permission grant","Directory_c5bb6b89-baaf-49f5-87ca-50238780bc7a_G8K45_14280353","Azure ESTS Service","ApplicationManagement","c5bb6b89-baaf-49f5-87ca-50238780bc7a","Core Directory","Assign","success","e1359286-d6c0-418b-9c27-8a84d6690331","Microsoft Graph","ServicePrincipal",,"DelegatedPermissionGrant.ConsentType",,"""AllPrincipals""","User-Agent: EvoSTS; AppId: 00000003-0000-0000-c000-000000000000; ServicePrincipalProvisioningType: Consent",""
"2026-08-14T14:25:53.9638475Z","Add delegated permission grant","Directory_c5bb6b89-baaf-49f5-87ca-50238780bc7a_G8K45_14280353","Azure ESTS Service","ApplicationManagement","c5bb6b89-baaf-49f5-87ca-50238780bc7a","Core Directory","Assign","success","e1359286-d6c0-418b-9c27-8a84d6690331","Microsoft Graph","ServicePrincipal",,"ServicePrincipal.ObjectID",,"""b3db957f-1c6d-4960-a005-c45a7485987f""","User-Agent: EvoSTS; AppId: 00000003-0000-0000-c000-000000000000; ServicePrincipalProvisioningType: Consent",""
"2026-08-14T14:25:53.9638475Z","Add delegated permission grant","Directory_c5bb6b89-baaf-49f5-87ca-50238780bc7a_G8K45_14280353","Azure ESTS Service","ApplicationManagement","c5bb6b89-baaf-49f5-87ca-50238780bc7a","Core Directory","Assign","success","e1359286-d6c0-418b-9c27-8a84d6690331","Microsoft Graph","ServicePrincipal",,"ServicePrincipal.DisplayName",,,"User-Agent: EvoSTS; AppId: 00000003-0000-0000-c000-000000000000; ServicePrincipalProvisioningType: Consent",""
"2026-08-14T14:25:53.9638475Z","Add delegated permission grant","Directory_c5bb6b89-baaf-49f5-87ca-50238780bc7a_G8K45_14280353","Azure ESTS Service","ApplicationManagement","c5bb6b89-baaf-49f5-87ca-50238780bc7a","Core Directory","Assign","success","e1359286-d6c0-418b-9c27-8a84d6690331","Microsoft Graph","ServicePrincipal",,"ServicePrincipal.AppId",,,"User-Agent: EvoSTS; AppId: 00000003-0000-0000-c000-000000000000; ServicePrincipalProvisioningType: Consent",""
"2026-08-14T14:25:53.9638475Z","Add delegated permission grant","Directory_c5bb6b89-baaf-49f5-87ca-50238780bc7a_G8K45_14280353","Azure ESTS Service","ApplicationManagement","c5bb6b89-baaf-49f5-87ca-50238780bc7a","Core Directory","Assign","success","e1359286-d6c0-418b-9c27-8a84d6690331","Microsoft Graph","ServicePrincipal",,"ServicePrincipal.Name",,,"User-Agent: EvoSTS; AppId: 00000003-0000-0000-c000-000000000000; ServicePrincipalProvisioningType: Consent",""
"2026-08-14T14:25:53.9638475Z","Add delegated permission grant","Directory_c5bb6b89-baaf-49f5-87ca-50238780bc7a_G8K45_14280353","Azure ESTS Service","ApplicationManagement","c5bb6b89-baaf-49f5-87ca-50238780bc7a","Core Directory","Assign","success","e1359286-d6c0-418b-9c27-8a84d6690331","Microsoft Graph","ServicePrincipal",,"TargetId.ServicePrincipalNames",,"""00000003-0000-0000-c000-000000000000;00000003-0000-0000-c000-000000000000/ags.windows.net;https://ags.windows.net;https://graph.microsoft.us;https://graph.microsoft.com;https://canary.graph.microsoft.com;https://graph.microsoft.com/;https://dod-graph.microsoft.us;https://dod-graph.microsoft.us/;https://graph.microsoft.us/;https://canary.graph.microsoft.com/""","User-Agent: EvoSTS; AppId: 00000003-0000-0000-c000-000000000000; ServicePrincipalProvisioningType: Consent",""
"2026-08-14T14:25:53.9638475Z","Add delegated permission grant","Directory_c5bb6b89-baaf-49f5-87ca-50238780bc7a_G8K45_14280353","Azure ESTS Service","ApplicationManagement","c5bb6b89-baaf-49f5-87ca-50238780bc7a","Core Directory","Assign","success","b3db957f-1c6d-4960-a005-c45a7485987f",,"ServicePrincipal",,,,,"User-Agent: EvoSTS; AppId: 00000003-0000-0000-c000-000000000000; ServicePrincipalProvisioningType: Consent",""
"2026-08-14T14:25:53.8758468Z","Add app role assignment to service principal","Directory_c5bb6b89-baaf-49f5-87ca-50238780bc7a_G8K45_14280334","Azure ESTS Service","ApplicationManagement","c5bb6b89-baaf-49f5-87ca-50238780bc7a","Core Directory","Assign","success","f384d776-d74a-44af-97e2-5b79d1aee0ed","Windows Azure Active Directory","ServicePrincipal",,"AppRole.Id",,"""1138cb37-bd11-4084-a2b7-9f71582aeddb""","User-Agent: EvoSTS; AppId: 00000002-0000-0000-c000-000000000000; ServicePrincipalProvisioningType: Consent",""
"2026-08-14T14:25:53.8758468Z","Add app role assignment to service principal","Directory_c5bb6b89-baaf-49f5-87ca-50238780bc7a_G8K45_14280334","Azure ESTS Service","ApplicationManagement","c5bb6b89-baaf-49f5-87ca-50238780bc7a","Core Directory","Assign","success","f384d776-d74a-44af-97e2-5b79d1aee0ed","Windows Azure Active Directory","ServicePrincipal",,"AppRole.Value",,"""Device.ReadWrite.All""","User-Agent: EvoSTS; AppId: 00000002-0000-0000-c000-000000000000; ServicePrincipalProvisioningType: Consent",""
"2026-08-14T14:25:53.8758468Z","Add app role assignment to service principal","Directory_c5bb6b89-baaf-49f5-87ca-50238780bc7a_G8K45_14280334","Azure ESTS Service","ApplicationManagement","c5bb6b89-baaf-49f5-87ca-50238780bc7a","Core Directory","Assign","success","f384d776-d74a-44af-97e2-5b79d1aee0ed","Windows Azure Active Directory","ServicePrincipal",,"AppRole.DisplayName",,"""Read and write devices""","User-Agent: EvoSTS; AppId: 00000002-0000-0000-c000-000000000000; ServicePrincipalProvisioningType: Consent",""
"2026-08-14T14:25:53.8758468Z","Add app role assignment to service principal","Directory_c5bb6b89-baaf-49f5-87ca-50238780bc7a_G8K45_14280334","Azure ESTS Service","ApplicationManagement","c5bb6b89-baaf-49f5-87ca-50238780bc7a","Core Directory","Assign","success","f384d776-d74a-44af-97e2-5b79d1aee0ed","Windows Azure Active Directory","ServicePrincipal",,"AppRoleAssignment.CreatedDateTime",,"""2026-08-14T14:25:53.7918501Z""","User-Agent: EvoSTS; AppId: 00000002-0000-0000-c000-000000000000; ServicePrincipalProvisioningType: Consent",""
"2026-08-14T14:25:53.8758468Z","Add app role assignment to service principal","Directory_c5bb6b89-baaf-49f5-87ca-50238780bc7a_G8K45_14280334","Azure ESTS Service","ApplicationManagement","c5bb6b89-baaf-49f5-87ca-50238780bc7a","Core Directory","Assign","success","f384d776-d74a-44af-97e2-5b79d1aee0ed","Windows Azure Active Directory","ServicePrincipal",,"AppRoleAssignment.LastModifiedDateTime",,"""2026-08-14T14:25:53.7918501Z""","User-Agent: EvoSTS; AppId: 00000002-0000-0000-c000-000000000000; ServicePrincipalProvisioningType: Consent",""
"2026-08-14T14:25:53.8758468Z","Add app role assignment to service principal","Directory_c5bb6b89-baaf-49f5-87ca-50238780bc7a_G8K45_14280334","Azure ESTS Service","ApplicationManagement","c5bb6b89-baaf-49f5-87ca-50238780bc7a","Core Directory","Assign","success","f384d776-d74a-44af-97e2-5b79d1aee0ed","Windows Azure Active Directory","ServicePrincipal",,"ServicePrincipal.ObjectID",,"""b3db957f-1c6d-4960-a005-c45a7485987f""","User-Agent: EvoSTS; AppId: 00000002-0000-0000-c000-000000000000; ServicePrincipalProvisioningType: Consent",""
"2026-08-14T14:25:53.8758468Z","Add app role assignment to service principal","Directory_c5bb6b89-baaf-49f5-87ca-50238780bc7a_G8K45_14280334","Azure ESTS Service","ApplicationManagement","c5bb6b89-baaf-49f5-87ca-50238780bc7a","Core Directory","Assign","success","f384d776-d74a-44af-97e2-5b79d1aee0ed","Windows Azure Active Directory","ServicePrincipal",,"ServicePrincipal.DisplayName",,"""Backupify""","User-Agent: EvoSTS; AppId: 00000002-0000-0000-c000-000000000000; ServicePrincipalProvisioningType: Consent",""
"2026-08-14T14:25:53.8758468Z","Add app role assignment to service principal","Directory_c5bb6b89-baaf-49f5-87ca-50238780bc7a_G8K45_14280334","Azure ESTS Service","ApplicationManagement","c5bb6b89-baaf-49f5-87ca-50238780bc7a","Core Directory","Assign","success","f384d776-d74a-44af-97e2-5b79d1aee0ed","Windows Azure Active Directory","ServicePrincipal",,"ServicePrincipal.AppId",,"""d7db2a1c-c38b-4bd1-a30f-0915167ba928""","User-Agent: EvoSTS; AppId: 00000002-0000-0000-c000-000000000000; ServicePrincipalProvisioningType: Consent",""
"2026-08-14T14:25:53.8758468Z","Add app role assignment to service principal","Directory_c5bb6b89-baaf-49f5-87ca-50238780bc7a_G8K45_14280334","Azure ESTS Service","ApplicationManagement","c5bb6b89-baaf-49f5-87ca-50238780bc7a","Core Directory","Assign","success","f384d776-d74a-44af-97e2-5b79d1aee0ed","Windows Azure Active Directory","ServicePrincipal",,"ServicePrincipal.Name",,"""https://saasapplicationsadmindatto.onmicrosoft.com/production3,d7db2a1c-c38b-4bd1-a30f-0915167ba928""","User-Agent: EvoSTS; AppId: 00000002-0000-0000-c000-000000000000; ServicePrincipalProvisioningType: Consent",""
"2026-08-14T14:25:53.8758468Z","Add app role assignment to service principal","Directory_c5bb6b89-baaf-49f5-87ca-50238780bc7a_G8K45_14280334","Azure ESTS Service","ApplicationManagement","c5bb6b89-baaf-49f5-87ca-50238780bc7a","Core Directory","Assign","success","f384d776-d74a-44af-97e2-5b79d1aee0ed","Windows Azure Active Directory","ServicePrincipal",,"TargetId.ServicePrincipalNames",,"""Microsoft.Azure.ActiveDirectory;00000002-0000-0000-c000-000000000000;00000002-0000-0000-c000-000000000000/directory.windows.net;00000002-0000-0000-c000-000000000000/graph.windows.net;https://graph.windows.net;https://graph.windows.net/;https://graph.microsoftazure.us;00000002-0000-0000-c000-000000000000/graph.microsoftazure.us""","User-Agent: EvoSTS; AppId: 00000002-0000-0000-c000-000000000000; ServicePrincipalProvisioningType: Consent",""
"2026-08-14T14:25:53.8758468Z","Add app role assignment to service principal","Directory_c5bb6b89-baaf-49f5-87ca-50238780bc7a_G8K45_14280334","Azure ESTS Service","ApplicationManagement","c5bb6b89-baaf-49f5-87ca-50238780bc7a","Core Directory","Assign","success","b3db957f-1c6d-4960-a005-c45a7485987f","https://saasapplicationsadmindatto.onmicrosoft.com/production3,d7db2a1c-c38b-4bd1-a30f-0915167ba928","ServicePrincipal",,,,,"User-Agent: EvoSTS; AppId: 00000002-0000-0000-c000-000000000000; ServicePrincipalProvisioningType: Consent",""
"2026-08-14T14:25:53.7738463Z","Add app role assignment to service principal","Directory_c5bb6b89-baaf-49f5-87ca-50238780bc7a_G8K45_14280282","Azure ESTS Service","ApplicationManagement","c5bb6b89-baaf-49f5-87ca-50238780bc7a","Core Directory","Assign","success","f384d776-d74a-44af-97e2-5b79d1aee0ed","Windows Azure Active Directory","ServicePrincipal",,"AppRole.Id",,"""78c8a3c8-a07e-4b9e-af1b-b5ccab50a175""","User-Agent: EvoSTS; AppId: 00000002-0000-0000-c000-000000000000; ServicePrincipalProvisioningType: Consent",""
"2026-08-14T14:25:53.7738463Z","Add app role assignment to service principal","Directory_c5bb6b89-baaf-49f5-87ca-50238780bc7a_G8K45_14280282","Azure ESTS Service","ApplicationManagement","c5bb6b89-baaf-49f5-87ca-50238780bc7a","Core Directory","Assign","success","f384d776-d74a-44af-97e2-5b79d1aee0ed","Windows Azure Active Directory","ServicePrincipal",,"AppRole.Value",,"""Directory.ReadWrite.All""","User-Agent: EvoSTS; AppId: 00000002-0000-0000-c000-000000000000; ServicePrincipalProvisioningType: Consent",""
"2026-08-14T14:25:53.7738463Z","Add app role assignment to service principal","Directory_c5bb6b89-baaf-49f5-87ca-50238780bc7a_G8K45_14280282","Azure ESTS Service","ApplicationManagement","c5bb6b89-baaf-49f5-87ca-50238780bc7a","Core Directory","Assign","success","f384d776-d74a-44af-97e2-5b79d1aee0ed","Windows Azure Active Directory","ServicePrincipal",,"AppRole.DisplayName",,"""Read and write directory data""","User-Agent: EvoSTS; AppId: 00000002-0000-0000-c000-000000000000; ServicePrincipalProvisioningType: Consent",""
"2026-08-14T14:25:53.7738463Z","Add app role assignment to service principal","Directory_c5bb6b89-baaf-49f5-87ca-50238780bc7a_G8K45_14280282","Azure ESTS Service","ApplicationManagement","c5bb6b89-baaf-49f5-87ca-50238780bc7a","Core Directory","Assign","success","f384d776-d74a-44af-97e2-5b79d1aee0ed","Windows Azure Active Directory","ServicePrincipal",,"AppRoleAssignment.CreatedDateTime",,"""2026-08-14T14:25:53.6928466Z""","User-Agent: EvoSTS; AppId: 00000002-0000-0000-c000-000000000000; ServicePrincipalProvisioningType: Consent",""
"2026-08-14T14:25:53.7738463Z","Add app role assignment to service principal","Directory_c5bb6b89-baaf-49f5-87ca-50238780bc7a_G8K45_14280282","Azure ESTS Service","ApplicationManagement","c5bb6b89-baaf-49f5-87ca-50238780bc7a","Core Directory","Assign","success","f384d776-d74a-44af-97e2-5b79d1aee0ed","Windows Azure Active Directory","ServicePrincipal",,"AppRoleAssignment.LastModifiedDateTime",,"""2026-08-14T14:25:53.6928466Z""","User-Agent: EvoSTS; AppId: 00000002-0000-0000-c000-000000000000; ServicePrincipalProvisioningType: Consent",""
"2026-08-14T14:25:53.7738463Z","Add app role assignment to service principal","Directory_c5bb6b89-baaf-49f5-87ca-50238780bc7a_G8K45_14280282","Azure ESTS Service","ApplicationManagement","c5bb6b89-baaf-49f5-87ca-50238780bc7a","Core Directory","Assign","success","f384d776-d74a-44af-97e2-5b79d1aee0ed","Windows Azure Active Directory","ServicePrincipal",,"ServicePrincipal.ObjectID",,"""b3db957f-1c6d-4960-a005-c45a7485987f""","User-Agent: EvoSTS; AppId: 00000002-0000-0000-c000-000000000000; ServicePrincipalProvisioningType: Consent",""
"2026-08-14T14:25:53.7738463Z","Add app role assignment to service principal","Directory_c5bb6b89-baaf-49f5-87ca-50238780bc7a_G8K45_14280282","Azure ESTS Service","ApplicationManagement","c5bb6b89-baaf-49f5-87ca-50238780bc7a","Core Directory","Assign","success","f384d776-d74a-44af-97e2-5b79d1aee0ed","Windows Azure Active Directory","ServicePrincipal",,"ServicePrincipal.DisplayName",,"""Backupify""","User-Agent: EvoSTS; AppId: 00000002-0000-0000-c000-000000000000; ServicePrincipalProvisioningType: Consent",""
"2026-08-14T14:25:53.7738463Z","Add app role assignment to service principal","Directory_c5bb6b89-baaf-49f5-87ca-50238780bc7a_G8K45_14280282","Azure ESTS Service","ApplicationManagement","c5bb6b89-baaf-49f5-87ca-50238780bc7a","Core Directory","Assign","success","f384d776-d74a-44af-97e2-5b79d1aee0ed","Windows Azure Active Directory","ServicePrincipal",,"ServicePrincipal.AppId",,"""d7db2a1c-c38b-4bd1-a30f-0915167ba928""","User-Agent: EvoSTS; AppId: 00000002-0000-0000-c000-000000000000; ServicePrincipalProvisioningType: Consent",""
"2026-08-14T14:25:53.7738463Z","Add app role assignment to service principal","Directory_c5bb6b89-baaf-49f5-87ca-50238780bc7a_G8K45_14280282","Azure ESTS Service","ApplicationManagement","c5bb6b89-baaf-49f5-87ca-50238780bc7a","Core Directory","Assign","success","f384d776-d74a-44af-97e2-5b79d1aee0ed","Windows Azure Active Directory","ServicePrincipal",,"ServicePrincipal.Name",,"""https://saasapplicationsadmindatto.onmicrosoft.com/production3,d7db2a1c-c38b-4bd1-a30f-0915167ba928""","User-Agent: EvoSTS; AppId: 00000002-0000-0000-c000-000000000000; ServicePrincipalProvisioningType: Consent",""
"2026-08-14T14:25:53.7738463Z","Add app role assignment to service principal","Directory_c5bb6b89-baaf-49f5-87ca-50238780bc7a_G8K45_14280282","Azure ESTS Service","ApplicationManagement","c5bb6b89-baaf-49f5-87ca-50238780bc7a","Core Directory","Assign","success","f384d776-d74a-44af-97e2-5b79d1aee0ed","Windows Azure Active Directory","ServicePrincipal",,"TargetId.ServicePrincipalNames",,"""Microsoft.Azure.ActiveDirectory;00000002-0000-0000-c000-000000000000;00000002-0000-0000-c000-000000000000/directory.windows.net;00000002-0000-0000-c000-000000000000/graph.windows.net;https://graph.windows.net;https://graph.windows.net/;https://graph.microsoftazure.us;00000002-0000-0000-c000-000000000000/graph.microsoftazure.us""","User-Agent: EvoSTS; AppId: 00000002-0000-0000-c000-000000000000; ServicePrincipalProvisioningType: Consent",""
"2026-08-14T14:25:53.7738463Z","Add app role assignment to service principal","Directory_c5bb6b89-baaf-49f5-87ca-50238780bc7a_G8K45_14280282","Azure ESTS Service","ApplicationManagement","c5bb6b89-baaf-49f5-87ca-50238780bc7a","Core Directory","Assign","success","b3db957f-1c6d-4960-a005-c45a7485987f","https://saasapplicationsadmindatto.onmicrosoft.com/production3,d7db2a1c-c38b-4bd1-a30f-0915167ba928","ServicePrincipal",,,,,"User-Agent: EvoSTS; AppId: 00000002-0000-0000-c000-000000000000; ServicePrincipalProvisioningType: Consent",""
"2026-08-14T14:25:53.6758477Z","Add app role assignment to service principal","Directory_c5bb6b89-baaf-49f5-87ca-50238780bc7a_G8K45_14280261","Azure ESTS Service","ApplicationManagement","c5bb6b89-baaf-49f5-87ca-50238780bc7a","Core Directory","Assign","success","f384d776-d74a-44af-97e2-5b79d1aee0ed","Windows Azure Active Directory","ServicePrincipal",,"AppRole.Id",,"""5778995a-e1bf-45b8-affa-663a9f3f4d04""","User-Agent: EvoSTS; AppId: 00000002-0000-0000-c000-000000000000; ServicePrincipalProvisioningType: Consent",""
"2026-08-14T14:25:53.6758477Z","Add app role assignment to service principal","Directory_c5bb6b89-baaf-49f5-87ca-50238780bc7a_G8K45_14280261","Azure ESTS Service","ApplicationManagement","c5bb6b89-baaf-49f5-87ca-50238780bc7a","Core Directory","Assign","success","f384d776-d74a-44af-97e2-5b79d1aee0ed","Windows Azure Active Directory","ServicePrincipal",,"AppRole.Value",,"""Directory.Read.All""","User-Agent: EvoSTS; AppId: 00000002-0000-0000-c000-000000000000; ServicePrincipalProvisioningType: Consent",""
"2026-08-14T14:25:53.6758477Z","Add app role assignment to service principal","Directory_c5bb6b89-baaf-49f5-87ca-50238780bc7a_G8K45_14280261","Azure ESTS Service","ApplicationManagement","c5bb6b89-baaf-49f5-87ca-50238780bc7a","Core Directory","Assign","success","f384d776-d74a-44af-97e2-5b79d1aee0ed","Windows Azure Active Directory","ServicePrincipal",,"AppRole.DisplayName",,"""Read directory data""","User-Agent: EvoSTS; AppId: 00000002-0000-0000-c000-000000000000; ServicePrincipalProvisioningType: Consent",""
"2026-08-14T14:25:53.6758477Z","Add app role assignment to service principal","Directory_c5bb6b89-baaf-49f5-87ca-50238780bc7a_G8K45_14280261","Azure ESTS Service","ApplicationManagement","c5bb6b89-baaf-49f5-87ca-50238780bc7a","Core Directory","Assign","success","f384d776-d74a-44af-97e2-5b79d1aee0ed","Windows Azure Active Directory","ServicePrincipal",,"AppRoleAssignment.CreatedDateTime",,"""2026-08-14T14:25:53.5918476Z""","User-Agent: EvoSTS; AppId: 00000002-0000-0000-c000-000000000000; ServicePrincipalProvisioningType: Consent",""
"2026-08-14T14:25:53.6758477Z","Add app role assignment to service principal","Directory_c5bb6b89-baaf-49f5-87ca-50238780bc7a_G8K45_14280261","Azure ESTS Service","ApplicationManagement","c5bb6b89-baaf-49f5-87ca-50238780bc7a","Core Directory","Assign","success","f384d776-d74a-44af-97e2-5b79d1aee0ed","Windows Azure Active Directory","ServicePrincipal",,"AppRoleAssignment.LastModifiedDateTime",,"""2026-08-14T14:25:53.5918476Z""","User-Agent: EvoSTS; AppId: 00000002-0000-0000-c000-000000000000; ServicePrincipalProvisioningType: Consent",""
"2026-08-14T14:25:53.6758477Z","Add app role assignment to service principal","Directory_c5bb6b89-baaf-49f5-87ca-50238780bc7a_G8K45_14280261","Azure ESTS Service","ApplicationManagement","c5bb6b89-baaf-49f5-87ca-50238780bc7a","Core Directory","Assign","success","f384d776-d74a-44af-97e2-5b79d1aee0ed","Windows Azure Active Directory","ServicePrincipal",,"ServicePrincipal.ObjectID",,"""b3db957f-1c6d-4960-a005-c45a7485987f""","User-Agent: EvoSTS; AppId: 00000002-0000-0000-c000-000000000000; ServicePrincipalProvisioningType: Consent",""
"2026-08-14T14:25:53.6758477Z","Add app role assignment to service principal","Directory_c5bb6b89-baaf-49f5-87ca-50238780bc7a_G8K45_14280261","Azure ESTS Service","ApplicationManagement","c5bb6b89-baaf-49f5-87ca-50238780bc7a","Core Directory","Assign","success","f384d776-d74a-44af-97e2-5b79d1aee0ed","Windows Azure Active Directory","ServicePrincipal",,"ServicePrincipal.DisplayName",,"""Backupify""","User-Agent: EvoSTS; AppId: 00000002-0000-0000-c000-000000000000; ServicePrincipalProvisioningType: Consent",""
"2026-08-14T14:25:53.6758477Z","Add app role assignment to service principal","Directory_c5bb6b89-baaf-49f5-87ca-50238780bc7a_G8K45_14280261","Azure ESTS Service","ApplicationManagement","c5bb6b89-baaf-49f5-87ca-50238780bc7a","Core Directory","Assign","success","f384d776-d74a-44af-97e2-5b79d1aee0ed","Windows Azure Active Directory","ServicePrincipal",,"ServicePrincipal.AppId",,"""d7db2a1c-c38b-4bd1-a30f-0915167ba928""","User-Agent: EvoSTS; AppId: 00000002-0000-0000-c000-000000000000; ServicePrincipalProvisioningType: Consent",""
"2026-08-14T14:25:53.6758477Z","Add app role assignment to service principal","Directory_c5bb6b89-baaf-49f5-87ca-50238780bc7a_G8K45_14280261","Azure ESTS Service","ApplicationManagement","c5bb6b89-baaf-49f5-87ca-50238780bc7a","Core Directory","Assign","success","f384d776-d74a-44af-97e2-5b79d1aee0ed","Windows Azure Active Directory","ServicePrincipal",,"ServicePrincipal.Name",,"""https://saasapplicationsadmindatto.onmicrosoft.com/production3,d7db2a1c-c38b-4bd1-a30f-0915167ba928""","User-Agent: EvoSTS; AppId: 00000002-0000-0000-c000-000000000000; ServicePrincipalProvisioningType: Consent",""
"2026-08-14T14:25:53.6758477Z","Add app role assignment to service principal","Directory_c5bb6b89-baaf-49f5-87ca-50238780bc7a_G8K45_14280261","Azure ESTS Service","ApplicationManagement","c5bb6b89-baaf-49f5-87ca-50238780bc7a","Core Directory","Assign","success","f384d776-d74a-44af-97e2-5b79d1aee0ed","Windows Azure Active Directory","ServicePrincipal",,"TargetId.ServicePrincipalNames",,"""Microsoft.Azure.ActiveDirectory;00000002-0000-0000-c000-000000000000;00000002-0000-0000-c000-000000000000/directory.windows.net;00000002-0000-0000-c000-000000000000/graph.windows.net;https://graph.windows.net;https://graph.windows.net/;https://graph.microsoftazure.us;00000002-0000-0000-c000-000000000000/graph.microsoftazure.us""","User-Agent: EvoSTS; AppId: 00000002-0000-0000-c000-000000000000; ServicePrincipalProvisioningType: Consent",""
"2026-08-14T14:25:53.6758477Z","Add app role assignment to service principal","Directory_c5bb6b89-baaf-49f5-87ca-50238780bc7a_G8K45_14280261","Azure ESTS Service","ApplicationManagement","c5bb6b89-baaf-49f5-87ca-50238780bc7a","Core Directory","Assign","success","b3db957f-1c6d-4960-a005-c45a7485987f","https://saasapplicationsadmindatto.onmicrosoft.com/production3,d7db2a1c-c38b-4bd1-a30f-0915167ba928","ServicePrincipal",,,,,"User-Agent: EvoSTS; AppId: 00000002-0000-0000-c000-000000000000; ServicePrincipalProvisioningType: Consent",""
"2026-08-14T14:25:53.5748525Z","Add app role assignment to service principal","Directory_c5bb6b89-baaf-49f5-87ca-50238780bc7a_G8K45_14280240","Azure ESTS Service","ApplicationManagement","c5bb6b89-baaf-49f5-87ca-50238780bc7a","Core Directory","Assign","success","39ef116a-fff1-460d-a74f-7162919736dd","Office 365 SharePoint Online","ServicePrincipal",,"AppRole.Id",,"""741f803b-c850-494e-b5df-cde7c675a1ca""","User-Agent: EvoSTS; AppId: 00000003-0000-0ff1-ce00-000000000000; ServicePrincipalProvisioningType: Consent",""
"2026-08-14T14:25:53.5748525Z","Add app role assignment to service principal","Directory_c5bb6b89-baaf-49f5-87ca-50238780bc7a_G8K45_14280240","Azure ESTS Service","ApplicationManagement","c5bb6b89-baaf-49f5-87ca-50238780bc7a","Core Directory","Assign","success","39ef116a-fff1-460d-a74f-7162919736dd","Office 365 SharePoint Online","ServicePrincipal",,"AppRole.Value",,"""User.ReadWrite.All""","User-Agent: EvoSTS; AppId: 00000003-0000-0ff1-ce00-000000000000; ServicePrincipalProvisioningType: Consent",""
"2026-08-14T14:25:53.5748525Z","Add app role assignment to service principal","Directory_c5bb6b89-baaf-49f5-87ca-50238780bc7a_G8K45_14280240","Azure ESTS Service","ApplicationManagement","c5bb6b89-baaf-49f5-87ca-50238780bc7a","Core Directory","Assign","success","39ef116a-fff1-460d-a74f-7162919736dd","Office 365 SharePoint Online","ServicePrincipal",,"AppRole.DisplayName",,"""Read and write user profiles""","User-Agent: EvoSTS; AppId: 00000003-0000-0ff1-ce00-000000000000; ServicePrincipalProvisioningType: Consent",""
"2026-08-14T14:25:53.5748525Z","Add app role assignment to service principal","Directory_c5bb6b89-baaf-49f5-87ca-50238780bc7a_G8K45_14280240","Azure ESTS Service","ApplicationManagement","c5bb6b89-baaf-49f5-87ca-50238780bc7a","Core Directory","Assign","success","39ef116a-fff1-460d-a74f-7162919736dd","Office 365 SharePoint Online","ServicePrincipal",,"AppRoleAssignment.CreatedDateTime",,"""2026-08-14T14:25:53.494849Z""","User-Agent: EvoSTS; AppId: 00000003-0000-0ff1-ce00-000000000000; ServicePrincipalProvisioningType: Consent",""
"2026-08-14T14:25:53.5748525Z","Add app role assignment to service principal","Directory_c5bb6b89-baaf-49f5-87ca-50238780bc7a_G8K45_14280240","Azure ESTS Service","ApplicationManagement","c5bb6b89-baaf-49f5-87ca-50238780bc7a","Core Directory","Assign","success","39ef116a-fff1-460d-a74f-7162919736dd","Office 365 SharePoint Online","ServicePrincipal",,"AppRoleAssignment.LastModifiedDateTime",,"""2026-08-14T14:25:53.494849Z""","User-Agent: EvoSTS; AppId: 00000003-0000-0ff1-ce00-000000000000; ServicePrincipalProvisioningType: Consent",""
"2026-08-14T14:25:53.5748525Z","Add app role assignment to service principal","Directory_c5bb6b89-baaf-49f5-87ca-50238780bc7a_G8K45_14280240","Azure ESTS Service","ApplicationManagement","c5bb6b89-baaf-49f5-87ca-50238780bc7a","Core Directory","Assign","success","39ef116a-fff1-460d-a74f-7162919736dd","Office 365 SharePoint Online","ServicePrincipal",,"ServicePrincipal.ObjectID",,"""b3db957f-1c6d-4960-a005-c45a7485987f""","User-Agent: EvoSTS; AppId: 00000003-0000-0ff1-ce00-000000000000; ServicePrincipalProvisioningType: Consent",""
"2026-08-14T14:25:53.5748525Z","Add app role assignment to service principal","Directory_c5bb6b89-baaf-49f5-87ca-50238780bc7a_G8K45_14280240","Azure ESTS Service","ApplicationManagement","c5bb6b89-baaf-49f5-87ca-50238780bc7a","Core Directory","Assign","success","39ef116a-fff1-460d-a74f-7162919736dd","Office 365 SharePoint Online","ServicePrincipal",,"ServicePrincipal.DisplayName",,"""Backupify""","User-Agent: EvoSTS; AppId: 00000003-0000-0ff1-ce00-000000000000; ServicePrincipalProvisioningType: Consent",""
"2026-08-14T14:25:53.5748525Z","Add app role assignment to service principal","Directory_c5bb6b89-baaf-49f5-87ca-50238780bc7a_G8K45_14280240","Azure ESTS Service","ApplicationManagement","c5bb6b89-baaf-49f5-87ca-50238780bc7a","Core Directory","Assign","success","39ef116a-fff1-460d-a74f-7162919736dd","Office 365 SharePoint Online","ServicePrincipal",,"ServicePrincipal.AppId",,"""d7db2a1c-c38b-4bd1-a30f-0915167ba928""","User-Agent: EvoSTS; AppId: 00000003-0000-0ff1-ce00-000000000000; ServicePrincipalProvisioningType: Consent",""
"2026-08-14T14:25:53.5748525Z","Add app role assignment to service principal","Directory_c5bb6b89-baaf-49f5-87ca-50238780bc7a_G8K45_14280240","Azure ESTS Service","ApplicationManagement","c5bb6b89-baaf-49f5-87ca-50238780bc7a","Core Directory","Assign","success","39ef116a-fff1-460d-a74f-7162919736dd","Office 365 SharePoint Online","ServicePrincipal",,"ServicePrincipal.Name",,"""https://saasapplicationsadmindatto.onmicrosoft.com/production3,d7db2a1c-c38b-4bd1-a30f-0915167ba928""","User-Agent: EvoSTS; AppId: 00000003-0000-0ff1-ce00-000000000000; ServicePrincipalProvisioningType: Consent",""
"2026-08-14T14:25:53.5748525Z","Add app role assignment to service principal","Directory_c5bb6b89-baaf-49f5-87ca-50238780bc7a_G8K45_14280240","Azure ESTS Service","ApplicationManagement","c5bb6b89-baaf-49f5-87ca-50238780bc7a","Core Directory","Assign","success","39ef116a-fff1-460d-a74f-7162919736dd","Office 365 SharePoint Online","ServicePrincipal",,"TargetId.ServicePrincipalNames",,"""api://00000003-0000-0ff1-ce00-000000000000;https://onedrive.cloud.microsoft/;Microsoft.SharePoint;00000003-0000-0ff1-ce00-000000000000;00000003-0000-0ff1-ce00-000000000000/*.sharepoint.com;https://microsoft.sharepoint-df.com""","User-Agent: EvoSTS; AppId: 00000003-0000-0ff1-ce00-000000000000; ServicePrincipalProvisioningType: Consent",""
"2026-08-14T14:25:53.5748525Z","Add app role assignment to service principal","Directory_c5bb6b89-baaf-49f5-87ca-50238780bc7a_G8K45_14280240","Azure ESTS Service","ApplicationManagement","c5bb6b89-baaf-49f5-87ca-50238780bc7a","Core Directory","Assign","success","b3db957f-1c6d-4960-a005-c45a7485987f","https://saasapplicationsadmindatto.onmicrosoft.com/production3,d7db2a1c-c38b-4bd1-a30f-0915167ba928","ServicePrincipal",,,,,"User-Agent: EvoSTS; AppId: 00000003-0000-0ff1-ce00-000000000000; ServicePrincipalProvisioningType: Consent",""
"2026-08-14T14:25:53.4748487Z","Add app role assignment to service principal","Directory_c5bb6b89-baaf-49f5-87ca-50238780bc7a_G8K45_14280219","Azure ESTS Service","ApplicationManagement","c5bb6b89-baaf-49f5-87ca-50238780bc7a","Core Directory","Assign","success","39ef116a-fff1-460d-a74f-7162919736dd","Office 365 SharePoint Online","ServicePrincipal",,"AppRole.Id",,"""c8e3537c-ec53-43b9-bed3-b2bd3617ae97""","User-Agent: EvoSTS; AppId: 00000003-0000-0ff1-ce00-000000000000; ServicePrincipalProvisioningType: Consent",""
"2026-08-14T14:25:53.4748487Z","Add app role assignment to service principal","Directory_c5bb6b89-baaf-49f5-87ca-50238780bc7a_G8K45_14280219","Azure ESTS Service","ApplicationManagement","c5bb6b89-baaf-49f5-87ca-50238780bc7a","Core Directory","Assign","success","39ef116a-fff1-460d-a74f-7162919736dd","Office 365 SharePoint Online","ServicePrincipal",,"AppRole.Value",,"""TermStore.ReadWrite.All""","User-Agent: EvoSTS; AppId: 00000003-0000-0ff1-ce00-000000000000; ServicePrincipalProvisioningType: Consent",""
"2026-08-14T14:25:53.4748487Z","Add app role assignment to service principal","Directory_c5bb6b89-baaf-49f5-87ca-50238780bc7a_G8K45_14280219","Azure ESTS Service","ApplicationManagement","c5bb6b89-baaf-49f5-87ca-50238780bc7a","Core Directory","Assign","success","39ef116a-fff1-460d-a74f-7162919736dd","Office 365 SharePoint Online","ServicePrincipal",,"AppRole.DisplayName",,"""Read and write managed metadata""","User-Agent: EvoSTS; AppId: 00000003-0000-0ff1-ce00-000000000000; ServicePrincipalProvisioningType: Consent",""
"2026-08-14T14:25:53.4748487Z","Add app role assignment to service principal","Directory_c5bb6b89-baaf-49f5-87ca-50238780bc7a_G8K45_14280219","Azure ESTS Service","ApplicationManagement","c5bb6b89-baaf-49f5-87ca-50238780bc7a","Core Directory","Assign","success","39ef116a-fff1-460d-a74f-7162919736dd","Office 365 SharePoint Online","ServicePrincipal",,"AppRoleAssignment.CreatedDateTime",,"""2026-08-14T14:25:53.3938532Z""","User-Agent: EvoSTS; AppId: 00000003-0000-0ff1-ce00-000000000000; ServicePrincipalProvisioningType: Consent",""
"2026-08-14T14:25:53.4748487Z","Add app role assignment to service principal","Directory_c5bb6b89-baaf-49f5-87ca-50238780bc7a_G8K45_14280219","Azure ESTS Service","ApplicationManagement","c5bb6b89-baaf-49f5-87ca-50238780bc7a","Core Directory","Assign","success","39ef116a-fff1-460d-a74f-7162919736dd","Office 365 SharePoint Online","ServicePrincipal",,"AppRoleAssignment.LastModifiedDateTime",,"""2026-08-14T14:25:53.3938532Z""","User-Agent: EvoSTS; AppId: 00000003-0000-0ff1-ce00-000000000000; ServicePrincipalProvisioningType: Consent",""
"2026-08-14T14:25:53.4748487Z","Add app role assignment to service principal","Directory_c5bb6b89-baaf-49f5-87ca-50238780bc7a_G8K45_14280219","Azure ESTS Service","ApplicationManagement","c5bb6b89-baaf-49f5-87ca-50238780bc7a","Core Directory","Assign","success","39ef116a-fff1-460d-a74f-7162919736dd","Office 365 SharePoint Online","ServicePrincipal",,"ServicePrincipal.ObjectID",,"""b3db957f-1c6d-4960-a005-c45a7485987f""","User-Agent: EvoSTS; AppId: 00000003-0000-0ff1-ce00-000000000000; ServicePrincipalProvisioningType: Consent",""
"2026-08-14T14:25:53.4748487Z","Add app role assignment to service principal","Directory_c5bb6b89-baaf-49f5-87ca-50238780bc7a_G8K45_14280219","Azure ESTS Service","ApplicationManagement","c5bb6b89-baaf-49f5-87ca-50238780bc7a","Core Directory","Assign","success","39ef116a-fff1-460d-a74f-7162919736dd","Office 365 SharePoint Online","ServicePrincipal",,"ServicePrincipal.DisplayName",,"""Backupify""","User-Agent: EvoSTS; AppId: 00000003-0000-0ff1-ce00-000000000000; ServicePrincipalProvisioningType: Consent",""
"2026-08-14T14:25:53.4748487Z","Add app role assignment to service principal","Directory_c5bb6b89-baaf-49f5-87ca-50238780bc7a_G8K45_14280219","Azure ESTS Service","ApplicationManagement","c5bb6b89-baaf-49f5-87ca-50238780bc7a","Core Directory","Assign","success","39ef116a-fff1-460d-a74f-7162919736dd","Office 365 SharePoint Online","ServicePrincipal",,"ServicePrincipal.AppId",,"""d7db2a1c-c38b-4bd1-a30f-0915167ba928""","User-Agent: EvoSTS; AppId: 00000003-0000-0ff1-ce00-000000000000; ServicePrincipalProvisioningType: Consent",""
"2026-08-14T14:25:53.4748487Z","Add app role assignment to service principal","Directory_c5bb6b89-baaf-49f5-87ca-50238780bc7a_G8K45_14280219","Azure ESTS Service","ApplicationManagement","c5bb6b89-baaf-49f5-87ca-50238780bc7a","Core Directory","Assign","success","39ef116a-fff1-460d-a74f-7162919736dd","Office 365 SharePoint Online","ServicePrincipal",,"ServicePrincipal.Name",,"""https://saasapplicationsadmindatto.onmicrosoft.com/production3,d7db2a1c-c38b-4bd1-a30f-0915167ba928""","User-Agent: EvoSTS; AppId: 00000003-0000-0ff1-ce00-000000000000; ServicePrincipalProvisioningType: Consent",""
"2026-08-14T14:25:53.4748487Z","Add app role assignment to service principal","Directory_c5bb6b89-baaf-49f5-87ca-50238780bc7a_G8K45_14280219","Azure ESTS Service","ApplicationManagement","c5bb6b89-baaf-49f5-87ca-50238780bc7a","Core Directory","Assign","success","39ef116a-fff1-460d-a74f-7162919736dd","Office 365 SharePoint Online","ServicePrincipal",,"TargetId.ServicePrincipalNames",,"""api://00000003-0000-0ff1-ce00-000000000000;https://onedrive.cloud.microsoft/;Microsoft.SharePoint;00000003-0000-0ff1-ce00-000000000000;00000003-0000-0ff1-ce00-000000000000/*.sharepoint.com;https://microsoft.sharepoint-df.com""","User-Agent: EvoSTS; AppId: 00000003-0000-0ff1-ce00-000000000000; ServicePrincipalProvisioningType: Consent",""
"2026-08-14T14:25:53.4748487Z","Add app role assignment to service principal","Directory_c5bb6b89-baaf-49f5-87ca-50238780bc7a_G8K45_14280219","Azure ESTS Service","ApplicationManagement","c5bb6b89-baaf-49f5-87ca-50238780bc7a","Core Directory","Assign","success","b3db957f-1c6d-4960-a005-c45a7485987f","https://saasapplicationsadmindatto.onmicrosoft.com/production3,d7db2a1c-c38b-4bd1-a30f-0915167ba928","ServicePrincipal",,,,,"User-Agent: EvoSTS; AppId: 00000003-0000-0ff1-ce00-000000000000; ServicePrincipalProvisioningType: Consent",""
"2026-08-14T14:25:53.3728525Z","Add app role assignment to service principal","Directory_c5bb6b89-baaf-49f5-87ca-50238780bc7a_G8K45_14280193","Azure ESTS Service","ApplicationManagement","c5bb6b89-baaf-49f5-87ca-50238780bc7a","Core Directory","Assign","success","39ef116a-fff1-460d-a74f-7162919736dd","Office 365 SharePoint Online","ServicePrincipal",,"AppRole.Id",,"""9bff6588-13f2-4c48-bbf2-ddab62256b36""","User-Agent: EvoSTS; AppId: 00000003-0000-0ff1-ce00-000000000000; ServicePrincipalProvisioningType: Consent",""
"2026-08-14T14:25:53.3728525Z","Add app role assignment to service principal","Directory_c5bb6b89-baaf-49f5-87ca-50238780bc7a_G8K45_14280193","Azure ESTS Service","ApplicationManagement","c5bb6b89-baaf-49f5-87ca-50238780bc7a","Core Directory","Assign","success","39ef116a-fff1-460d-a74f-7162919736dd","Office 365 SharePoint Online","ServicePrincipal",,"AppRole.Value",,"""Sites.Manage.All""","User-Agent: EvoSTS; AppId: 00000003-0000-0ff1-ce00-000000000000; ServicePrincipalProvisioningType: Consent",""
"2026-08-14T14:25:53.3728525Z","Add app role assignment to service principal","Directory_c5bb6b89-baaf-49f5-87ca-50238780bc7a_G8K45_14280193","Azure ESTS Service","ApplicationManagement","c5bb6b89-baaf-49f5-87ca-50238780bc7a","Core Directory","Assign","success","39ef116a-fff1-460d-a74f-7162919736dd","Office 365 SharePoint Online","ServicePrincipal",,"AppRole.DisplayName",,"""Read and write items and lists in all site collections""","User-Agent: EvoSTS; AppId: 00000003-0000-0ff1-ce00-000000000000; ServicePrincipalProvisioningType: Consent",""
"2026-08-14T14:25:53.3728525Z","Add app role assignment to service principal","Directory_c5bb6b89-baaf-49f5-87ca-50238780bc7a_G8K45_14280193","Azure ESTS Service","ApplicationManagement","c5bb6b89-baaf-49f5-87ca-50238780bc7a","Core Directory","Assign","success","39ef116a-fff1-460d-a74f-7162919736dd","Office 365 SharePoint Online","ServicePrincipal",,"AppRoleAssignment.CreatedDateTime",,"""2026-08-14T14:25:53.2908499Z""","User-Agent: EvoSTS; AppId: 00000003-0000-0ff1-ce00-000000000000; ServicePrincipalProvisioningType: Consent",""
"2026-08-14T14:25:53.3728525Z","Add app role assignment to service principal","Directory_c5bb6b89-baaf-49f5-87ca-50238780bc7a_G8K45_14280193","Azure ESTS Service","ApplicationManagement","c5bb6b89-baaf-49f5-87ca-50238780bc7a","Core Directory","Assign","success","39ef116a-fff1-460d-a74f-7162919736dd","Office 365 SharePoint Online","ServicePrincipal",,"AppRoleAssignment.LastModifiedDateTime",,"""2026-08-14T14:25:53.2908499Z""","User-Agent: EvoSTS; AppId: 00000003-0000-0ff1-ce00-000000000000; ServicePrincipalProvisioningType: Consent",""
"2026-08-14T14:25:53.3728525Z","Add app role assignment to service principal","Directory_c5bb6b89-baaf-49f5-87ca-50238780bc7a_G8K45_14280193","Azure ESTS Service","ApplicationManagement","c5bb6b89-baaf-49f5-87ca-50238780bc7a","Core Directory","Assign","success","39ef116a-fff1-460d-a74f-7162919736dd","Office 365 SharePoint Online","ServicePrincipal",,"ServicePrincipal.ObjectID",,"""b3db957f-1c6d-4960-a005-c45a7485987f""","User-Agent: EvoSTS; AppId: 00000003-0000-0ff1-ce00-000000000000; ServicePrincipalProvisioningType: Consent",""
"2026-08-14T14:25:53.3728525Z","Add app role assignment to service principal","Directory_c5bb6b89-baaf-49f5-87ca-50238780bc7a_G8K45_14280193","Azure ESTS Service","ApplicationManagement","c5bb6b89-baaf-49f5-87ca-50238780bc7a","Core Directory","Assign","success","39ef116a-fff1-460d-a74f-7162919736dd","Office 365 SharePoint Online","ServicePrincipal",,"ServicePrincipal.DisplayName",,"""Backupify""","User-Agent: EvoSTS; AppId: 00000003-0000-0ff1-ce00-000000000000; ServicePrincipalProvisioningType: Consent",""
"2026-08-14T14:25:53.3728525Z","Add app role assignment to service principal","Directory_c5bb6b89-baaf-49f5-87ca-50238780bc7a_G8K45_14280193","Azure ESTS Service","ApplicationManagement","c5bb6b89-baaf-49f5-87ca-50238780bc7a","Core Directory","Assign","success","39ef116a-fff1-460d-a74f-7162919736dd","Office 365 SharePoint Online","ServicePrincipal",,"ServicePrincipal.AppId",,"""d7db2a1c-c38b-4bd1-a30f-0915167ba928""","User-Agent: EvoSTS; AppId: 00000003-0000-0ff1-ce00-000000000000; ServicePrincipalProvisioningType: Consent",""
"2026-08-14T14:25:53.3728525Z","Add app role assignment to service principal","Directory_c5bb6b89-baaf-49f5-87ca-50238780bc7a_G8K45_14280193","Azure ESTS Service","ApplicationManagement","c5bb6b89-baaf-49f5-87ca-50238780bc7a","Core Directory","Assign","success","39ef116a-fff1-460d-a74f-7162919736dd","Office 365 SharePoint Online","ServicePrincipal",,"ServicePrincipal.Name",,"""https://saasapplicationsadmindatto.onmicrosoft.com/production3,d7db2a1c-c38b-4bd1-a30f-0915167ba928""","User-Agent: EvoSTS; AppId: 00000003-0000-0ff1-ce00-000000000000; ServicePrincipalProvisioningType: Consent",""
"2026-08-14T14:25:53.3728525Z","Add app role assignment to service principal","Directory_c5bb6b89-baaf-49f5-87ca-50238780bc7a_G8K45_14280193","Azure ESTS Service","ApplicationManagement","c5bb6b89-baaf-49f5-87ca-50238780bc7a","Core Directory","Assign","success","39ef116a-fff1-460d-a74f-7162919736dd","Office 365 SharePoint Online","ServicePrincipal",,"TargetId.ServicePrincipalNames",,"""api://00000003-0000-0ff1-ce00-000000000000;https://onedrive.cloud.microsoft/;Microsoft.SharePoint;00000003-0000-0ff1-ce00-000000000000;00000003-0000-0ff1-ce00-000000000000/*.sharepoint.com;https://microsoft.sharepoint-df.com""","User-Agent: EvoSTS; AppId: 00000003-0000-0ff1-ce00-000000000000; ServicePrincipalProvisioningType: Consent",""
"2026-08-14T14:25:53.3728525Z","Add app role assignment to service principal","Directory_c5bb6b89-baaf-49f5-87ca-50238780bc7a_G8K45_14280193","Azure ESTS Service","ApplicationManagement","c5bb6b89-baaf-49f5-87ca-50238780bc7a","Core Directory","Assign","success","b3db957f-1c6d-4960-a005-c45a7485987f","https://saasapplicationsadmindatto.onmicrosoft.com/production3,d7db2a1c-c38b-4bd1-a30f-0915167ba928","ServicePrincipal",,,,,"User-Agent: EvoSTS; AppId: 00000003-0000-0ff1-ce00-000000000000; ServicePrincipalProvisioningType: Consent",""
"2026-08-14T14:25:53.2708503Z","Add app role assignment to service principal","Directory_c5bb6b89-baaf-49f5-87ca-50238780bc7a_G8K45_14280173","Azure ESTS Service","ApplicationManagement","c5bb6b89-baaf-49f5-87ca-50238780bc7a","Core Directory","Assign","success","39ef116a-fff1-460d-a74f-7162919736dd","Office 365 SharePoint Online","ServicePrincipal",,"AppRole.Id",,"""678536fe-1083-478a-9c59-b99265e6b0d3""","User-Agent: EvoSTS; AppId: 00000003-0000-0ff1-ce00-000000000000; ServicePrincipalProvisioningType: Consent",""
"2026-08-14T14:25:53.2708503Z","Add app role assignment to service principal","Directory_c5bb6b89-baaf-49f5-87ca-50238780bc7a_G8K45_14280173","Azure ESTS Service","ApplicationManagement","c5bb6b89-baaf-49f5-87ca-50238780bc7a","Core Directory","Assign","success","39ef116a-fff1-460d-a74f-7162919736dd","Office 365 SharePoint Online","ServicePrincipal",,"AppRole.Value",,"""Sites.FullControl.All""","User-Agent: EvoSTS; AppId: 00000003-0000-0ff1-ce00-000000000000; ServicePrincipalProvisioningType: Consent",""
"2026-08-14T14:25:53.2708503Z","Add app role assignment to service principal","Directory_c5bb6b89-baaf-49f5-87ca-50238780bc7a_G8K45_14280173","Azure ESTS Service","ApplicationManagement","c5bb6b89-baaf-49f5-87ca-50238780bc7a","Core Directory","Assign","success","39ef116a-fff1-460d-a74f-7162919736dd","Office 365 SharePoint Online","ServicePrincipal",,"AppRole.DisplayName",,"""Have full control of all site collections""","User-Agent: EvoSTS; AppId: 00000003-0000-0ff1-ce00-000000000000; ServicePrincipalProvisioningType: Consent",""
"2026-08-14T14:25:53.2708503Z","Add app role assignment to service principal","Directory_c5bb6b89-baaf-49f5-87ca-50238780bc7a_G8K45_14280173","Azure ESTS Service","ApplicationManagement","c5bb6b89-baaf-49f5-87ca-50238780bc7a","Core Directory","Assign","success","39ef116a-fff1-460d-a74f-7162919736dd","Office 365 SharePoint Online","ServicePrincipal",,"AppRoleAssignment.CreatedDateTime",,"""2026-08-14T14:25:53.1858559Z""","User-Agent: EvoSTS; AppId: 00000003-0000-0ff1-ce00-000000000000; ServicePrincipalProvisioningType: Consent",""
"2026-08-14T14:25:53.2708503Z","Add app role assignment to service principal","Directory_c5bb6b89-baaf-49f5-87ca-50238780bc7a_G8K45_14280173","Azure ESTS Service","ApplicationManagement","c5bb6b89-baaf-49f5-87ca-50238780bc7a","Core Directory","Assign","success","39ef116a-fff1-460d-a74f-7162919736dd","Office 365 SharePoint Online","ServicePrincipal",,"AppRoleAssignment.LastModifiedDateTime",,"""2026-08-14T14:25:53.1858559Z""","User-Agent: EvoSTS; AppId: 00000003-0000-0ff1-ce00-000000000000; ServicePrincipalProvisioningType: Consent",""
"2026-08-14T14:25:53.2708503Z","Add app role assignment to service principal","Directory_c5bb6b89-baaf-49f5-87ca-50238780bc7a_G8K45_14280173","Azure ESTS Service","ApplicationManagement","c5bb6b89-baaf-49f5-87ca-50238780bc7a","Core Directory","Assign","success","39ef116a-fff1-460d-a74f-7162919736dd","Office 365 SharePoint Online","ServicePrincipal",,"ServicePrincipal.ObjectID",,"""b3db957f-1c6d-4960-a005-c45a7485987f""","User-Agent: EvoSTS; AppId: 00000003-0000-0ff1-ce00-000000000000; ServicePrincipalProvisioningType: Consent",""
"2026-08-14T14:25:53.2708503Z","Add app role assignment to service principal","Directory_c5bb6b89-baaf-49f5-87ca-50238780bc7a_G8K45_14280173","Azure ESTS Service","ApplicationManagement","c5bb6b89-baaf-49f5-87ca-50238780bc7a","Core Directory","Assign","success","39ef116a-fff1-460d-a74f-7162919736dd","Office 365 SharePoint Online","ServicePrincipal",,"ServicePrincipal.DisplayName",,"""Backupify""","User-Agent: EvoSTS; AppId: 00000003-0000-0ff1-ce00-000000000000; ServicePrincipalProvisioningType: Consent",""
"2026-08-14T14:25:53.2708503Z","Add app role assignment to service principal","Directory_c5bb6b89-baaf-49f5-87ca-50238780bc7a_G8K45_14280173","Azure ESTS Service","ApplicationManagement","c5bb6b89-baaf-49f5-87ca-50238780bc7a","Core Directory","Assign","success","39ef116a-fff1-460d-a74f-7162919736dd","Office 365 SharePoint Online","ServicePrincipal",,"ServicePrincipal.AppId",,"""d7db2a1c-c38b-4bd1-a30f-0915167ba928""","User-Agent: EvoSTS; AppId: 00000003-0000-0ff1-ce00-000000000000; ServicePrincipalProvisioningType: Consent",""
"2026-08-14T14:25:53.2708503Z","Add app role assignment to service principal","Directory_c5bb6b89-baaf-49f5-87ca-50238780bc7a_G8K45_14280173","Azure ESTS Service","ApplicationManagement","c5bb6b89-baaf-49f5-87ca-50238780bc7a","Core Directory","Assign","success","39ef116a-fff1-460d-a74f-7162919736dd","Office 365 SharePoint Online","ServicePrincipal",,"ServicePrincipal.Name",,"""https://saasapplicationsadmindatto.onmicrosoft.com/production3,d7db2a1c-c38b-4bd1-a30f-0915167ba928""","User-Agent: EvoSTS; AppId: 00000003-0000-0ff1-ce00-000000000000; ServicePrincipalProvisioningType: Consent",""
"2026-08-14T14:25:53.2708503Z","Add app role assignment to service principal","Directory_c5bb6b89-baaf-49f5-87ca-50238780bc7a_G8K45_14280173","Azure ESTS Service","ApplicationManagement","c5bb6b89-baaf-49f5-87ca-50238780bc7a","Core Directory","Assign","success","39ef116a-fff1-460d-a74f-7162919736dd","Office 365 SharePoint Online","ServicePrincipal",,"TargetId.ServicePrincipalNames",,"""api://00000003-0000-0ff1-ce00-000000000000;https://onedrive.cloud.microsoft/;Microsoft.SharePoint;00000003-0000-0ff1-ce00-000000000000;00000003-0000-0ff1-ce00-000000000000/*.sharepoint.com;https://microsoft.sharepoint-df.com""","User-Agent: EvoSTS; AppId: 00000003-0000-0ff1-ce00-000000000000; ServicePrincipalProvisioningType: Consent",""
"2026-08-14T14:25:53.2708503Z","Add app role assignment to service principal","Directory_c5bb6b89-baaf-49f5-87ca-50238780bc7a_G8K45_14280173","Azure ESTS Service","ApplicationManagement","c5bb6b89-baaf-49f5-87ca-50238780bc7a","Core Directory","Assign","success","b3db957f-1c6d-4960-a005-c45a7485987f","https://saasapplicationsadmindatto.onmicrosoft.com/production3,d7db2a1c-c38b-4bd1-a30f-0915167ba928","ServicePrincipal",,,,,"User-Agent: EvoSTS; AppId: 00000003-0000-0ff1-ce00-000000000000; ServicePrincipalProvisioningType: Consent",""
"2026-08-14T14:25:53.1658561Z","Add app role assignment to service principal","Directory_c5bb6b89-baaf-49f5-87ca-50238780bc7a_G8K45_14280153","Azure ESTS Service","ApplicationManagement","c5bb6b89-baaf-49f5-87ca-50238780bc7a","Core Directory","Assign","success","39ef116a-fff1-460d-a74f-7162919736dd","Office 365 SharePoint Online","ServicePrincipal",,"AppRole.Id",,"""fbcd29d2-fcca-4405-aded-518d457caae4""","User-Agent: EvoSTS; AppId: 00000003-0000-0ff1-ce00-000000000000; ServicePrincipalProvisioningType: Consent",""
"2026-08-14T14:25:53.1658561Z","Add app role assignment to service principal","Directory_c5bb6b89-baaf-49f5-87ca-50238780bc7a_G8K45_14280153","Azure ESTS Service","ApplicationManagement","c5bb6b89-baaf-49f5-87ca-50238780bc7a","Core Directory","Assign","success","39ef116a-fff1-460d-a74f-7162919736dd","Office 365 SharePoint Online","ServicePrincipal",,"AppRole.Value",,"""Sites.ReadWrite.All""","User-Agent: EvoSTS; AppId: 00000003-0000-0ff1-ce00-000000000000; ServicePrincipalProvisioningType: Consent",""
"2026-08-14T14:25:53.1658561Z","Add app role assignment to service principal","Directory_c5bb6b89-baaf-49f5-87ca-50238780bc7a_G8K45_14280153","Azure ESTS Service","ApplicationManagement","c5bb6b89-baaf-49f5-87ca-50238780bc7a","Core Directory","Assign","success","39ef116a-fff1-460d-a74f-7162919736dd","Office 365 SharePoint Online","ServicePrincipal",,"AppRole.DisplayName",,"""Read and write items in all site collections""","User-Agent: EvoSTS; AppId: 00000003-0000-0ff1-ce00-000000000000; ServicePrincipalProvisioningType: Consent",""
"2026-08-14T14:25:53.1658561Z","Add app role assignment to service principal","Directory_c5bb6b89-baaf-49f5-87ca-50238780bc7a_G8K45_14280153","Azure ESTS Service","ApplicationManagement","c5bb6b89-baaf-49f5-87ca-50238780bc7a","Core Directory","Assign","success","39ef116a-fff1-460d-a74f-7162919736dd","Office 365 SharePoint Online","ServicePrincipal",,"AppRoleAssignment.CreatedDateTime",,"""2026-08-14T14:25:53.076861Z""","User-Agent: EvoSTS; AppId: 00000003-0000-0ff1-ce00-000000000000; ServicePrincipalProvisioningType: Consent",""
"2026-08-14T14:25:53.1658561Z","Add app role assignment to service principal","Directory_c5bb6b89-baaf-49f5-87ca-50238780bc7a_G8K45_14280153","Azure ESTS Service","ApplicationManagement","c5bb6b89-baaf-49f5-87ca-50238780bc7a","Core Directory","Assign","success","39ef116a-fff1-460d-a74f-7162919736dd","Office 365 SharePoint Online","ServicePrincipal",,"AppRoleAssignment.LastModifiedDateTime",,"""2026-08-14T14:25:53.076861Z""","User-Agent: EvoSTS; AppId: 00000003-0000-0ff1-ce00-000000000000; ServicePrincipalProvisioningType: Consent",""
"2026-08-14T14:25:53.1658561Z","Add app role assignment to service principal","Directory_c5bb6b89-baaf-49f5-87ca-50238780bc7a_G8K45_14280153","Azure ESTS Service","ApplicationManagement","c5bb6b89-baaf-49f5-87ca-50238780bc7a","Core Directory","Assign","success","39ef116a-fff1-460d-a74f-7162919736dd","Office 365 SharePoint Online","ServicePrincipal",,"ServicePrincipal.ObjectID",,"""b3db957f-1c6d-4960-a005-c45a7485987f""","User-Agent: EvoSTS; AppId: 00000003-0000-0ff1-ce00-000000000000; ServicePrincipalProvisioningType: Consent",""
"2026-08-14T14:25:53.1658561Z","Add app role assignment to service principal","Directory_c5bb6b89-baaf-49f5-87ca-50238780bc7a_G8K45_14280153","Azure ESTS Service","ApplicationManagement","c5bb6b89-baaf-49f5-87ca-50238780bc7a","Core Directory","Assign","success","39ef116a-fff1-460d-a74f-7162919736dd","Office 365 SharePoint Online","ServicePrincipal",,"ServicePrincipal.DisplayName",,"""Backupify""","User-Agent: EvoSTS; AppId: 00000003-0000-0ff1-ce00-000000000000; ServicePrincipalProvisioningType: Consent",""
"2026-08-14T14:25:53.1658561Z","Add app role assignment to service principal","Directory_c5bb6b89-baaf-49f5-87ca-50238780bc7a_G8K45_14280153","Azure ESTS Service","ApplicationManagement","c5bb6b89-baaf-49f5-87ca-50238780bc7a","Core Directory","Assign","success","39ef116a-fff1-460d-a74f-7162919736dd","Office 365 SharePoint Online","ServicePrincipal",,"ServicePrincipal.AppId",,"""d7db2a1c-c38b-4bd1-a30f-0915167ba928""","User-Agent: EvoSTS; AppId: 00000003-0000-0ff1-ce00-000000000000; ServicePrincipalProvisioningType: Consent",""
"2026-08-14T14:25:53.1658561Z","Add app role assignment to service principal","Directory_c5bb6b89-baaf-49f5-87ca-50238780bc7a_G8K45_14280153","Azure ESTS Service","ApplicationManagement","c5bb6b89-baaf-49f5-87ca-50238780bc7a","Core Directory","Assign","success","39ef116a-fff1-460d-a74f-7162919736dd","Office 365 SharePoint Online","ServicePrincipal",,"ServicePrincipal.Name",,"""https://saasapplicationsadmindatto.onmicrosoft.com/production3,d7db2a1c-c38b-4bd1-a30f-0915167ba928""","User-Agent: EvoSTS; AppId: 00000003-0000-0ff1-ce00-000000000000; ServicePrincipalProvisioningType: Consent",""
"2026-08-14T14:25:53.1658561Z","Add app role assignment to service principal","Directory_c5bb6b89-baaf-49f5-87ca-50238780bc7a_G8K45_14280153","Azure ESTS Service","ApplicationManagement","c5bb6b89-baaf-49f5-87ca-50238780bc7a","Core Directory","Assign","success","39ef116a-fff1-460d-a74f-7162919736dd","Office 365 SharePoint Online","ServicePrincipal",,"TargetId.ServicePrincipalNames",,"""api://00000003-0000-0ff1-ce00-000000000000;https://onedrive.cloud.microsoft/;Microsoft.SharePoint;00000003-0000-0ff1-ce00-000000000000;00000003-0000-0ff1-ce00-000000000000/*.sharepoint.com;https://microsoft.sharepoint-df.com""","User-Agent: EvoSTS; AppId: 00000003-0000-0ff1-ce00-000000000000; ServicePrincipalProvisioningType: Consent",""
"2026-08-14T14:25:53.1658561Z","Add app role assignment to service principal","Directory_c5bb6b89-baaf-49f5-87ca-50238780bc7a_G8K45_14280153","Azure ESTS Service","ApplicationManagement","c5bb6b89-baaf-49f5-87ca-50238780bc7a","Core Directory","Assign","success","b3db957f-1c6d-4960-a005-c45a7485987f","https://saasapplicationsadmindatto.onmicrosoft.com/production3,d7db2a1c-c38b-4bd1-a30f-0915167ba928","ServicePrincipal",,,,,"User-Agent: EvoSTS; AppId: 00000003-0000-0ff1-ce00-000000000000; ServicePrincipalProvisioningType: Consent",""
"2026-08-14T14:25:53.0558519Z","Add app role assignment to service principal","Directory_c5bb6b89-baaf-49f5-87ca-50238780bc7a_G8K45_14280115","Azure ESTS Service","ApplicationManagement","c5bb6b89-baaf-49f5-87ca-50238780bc7a","Core Directory","Assign","success","e8921672-520c-4343-b665-3df0cdbcde84","Office 365 Exchange Online","ServicePrincipal",,"AppRole.Id",,"""6918b873-d17a-4dc1-b314-35f528134491""","User-Agent: EvoSTS; AppId: 00000002-0000-0ff1-ce00-000000000000; ServicePrincipalProvisioningType: Consent",""
"2026-08-14T14:25:53.0558519Z","Add app role assignment to service principal","Directory_c5bb6b89-baaf-49f5-87ca-50238780bc7a_G8K45_14280115","Azure ESTS Service","ApplicationManagement","c5bb6b89-baaf-49f5-87ca-50238780bc7a","Core Directory","Assign","success","e8921672-520c-4343-b665-3df0cdbcde84","Office 365 Exchange Online","ServicePrincipal",,"AppRole.Value",,"""Contacts.ReadWrite""","User-Agent: EvoSTS; AppId: 00000002-0000-0ff1-ce00-000000000000; ServicePrincipalProvisioningType: Consent",""
"2026-08-14T14:25:53.0558519Z","Add app role assignment to service principal","Directory_c5bb6b89-baaf-49f5-87ca-50238780bc7a_G8K45_14280115","Azure ESTS Service","ApplicationManagement","c5bb6b89-baaf-49f5-87ca-50238780bc7a","Core Directory","Assign","success","e8921672-520c-4343-b665-3df0cdbcde84","Office 365 Exchange Online","ServicePrincipal",,"AppRole.DisplayName",,"""Read and write contacts in all mailboxes""","User-Agent: EvoSTS; AppId: 00000002-0000-0ff1-ce00-000000000000; ServicePrincipalProvisioningType: Consent",""
"2026-08-14T14:25:53.0558519Z","Add app role assignment to service principal","Directory_c5bb6b89-baaf-49f5-87ca-50238780bc7a_G8K45_14280115","Azure ESTS Service","ApplicationManagement","c5bb6b89-baaf-49f5-87ca-50238780bc7a","Core Directory","Assign","success","e8921672-520c-4343-b665-3df0cdbcde84","Office 365 Exchange Online","ServicePrincipal",,"AppRoleAssignment.CreatedDateTime",,"""2026-08-14T14:25:52.9708515Z""","User-Agent: EvoSTS; AppId: 00000002-0000-0ff1-ce00-000000000000; ServicePrincipalProvisioningType: Consent",""
"2026-08-14T14:25:53.0558519Z","Add app role assignment to service principal","Directory_c5bb6b89-baaf-49f5-87ca-50238780bc7a_G8K45_14280115","Azure ESTS Service","ApplicationManagement","c5bb6b89-baaf-49f5-87ca-50238780bc7a","Core Directory","Assign","success","e8921672-520c-4343-b665-3df0cdbcde84","Office 365 Exchange Online","ServicePrincipal",,"AppRoleAssignment.LastModifiedDateTime",,"""2026-08-14T14:25:52.9708515Z""","User-Agent: EvoSTS; AppId: 00000002-0000-0ff1-ce00-000000000000; ServicePrincipalProvisioningType: Consent",""
"2026-08-14T14:25:53.0558519Z","Add app role assignment to service principal","Directory_c5bb6b89-baaf-49f5-87ca-50238780bc7a_G8K45_14280115","Azure ESTS Service","ApplicationManagement","c5bb6b89-baaf-49f5-87ca-50238780bc7a","Core Directory","Assign","success","e8921672-520c-4343-b665-3df0cdbcde84","Office 365 Exchange Online","ServicePrincipal",,"ServicePrincipal.ObjectID",,"""b3db957f-1c6d-4960-a005-c45a7485987f""","User-Agent: EvoSTS; AppId: 00000002-0000-0ff1-ce00-000000000000; ServicePrincipalProvisioningType: Consent",""
"2026-08-14T14:25:53.0558519Z","Add app role assignment to service principal","Directory_c5bb6b89-baaf-49f5-87ca-50238780bc7a_G8K45_14280115","Azure ESTS Service","ApplicationManagement","c5bb6b89-baaf-49f5-87ca-50238780bc7a","Core Directory","Assign","success","e8921672-520c-4343-b665-3df0cdbcde84","Office 365 Exchange Online","ServicePrincipal",,"ServicePrincipal.DisplayName",,"""Backupify""","User-Agent: EvoSTS; AppId: 00000002-0000-0ff1-ce00-000000000000; ServicePrincipalProvisioningType: Consent",""
"2026-08-14T14:25:53.0558519Z","Add app role assignment to service principal","Directory_c5bb6b89-baaf-49f5-87ca-50238780bc7a_G8K45_14280115","Azure ESTS Service","ApplicationManagement","c5bb6b89-baaf-49f5-87ca-50238780bc7a","Core Directory","Assign","success","e8921672-520c-4343-b665-3df0cdbcde84","Office 365 Exchange Online","ServicePrincipal",,"ServicePrincipal.AppId",,"""d7db2a1c-c38b-4bd1-a30f-0915167ba928""","User-Agent: EvoSTS; AppId: 00000002-0000-0ff1-ce00-000000000000; ServicePrincipalProvisioningType: Consent",""
"2026-08-14T14:25:53.0558519Z","Add app role assignment to service principal","Directory_c5bb6b89-baaf-49f5-87ca-50238780bc7a_G8K45_14280115","Azure ESTS Service","ApplicationManagement","c5bb6b89-baaf-49f5-87ca-50238780bc7a","Core Directory","Assign","success","e8921672-520c-4343-b665-3df0cdbcde84","Office 365 Exchange Online","ServicePrincipal",,"ServicePrincipal.Name",,"""https://saasapplicationsadmindatto.onmicrosoft.com/production3,d7db2a1c-c38b-4bd1-a30f-0915167ba928""","User-Agent: EvoSTS; AppId: 00000002-0000-0ff1-ce00-000000000000; ServicePrincipalProvisioningType: Consent",""
"2026-08-14T14:25:53.0558519Z","Add app role assignment to service principal","Directory_c5bb6b89-baaf-49f5-87ca-50238780bc7a_G8K45_14280115","Azure ESTS Service","ApplicationManagement","c5bb6b89-baaf-49f5-87ca-50238780bc7a","Core Directory","Assign","success","e8921672-520c-4343-b665-3df0cdbcde84","Office 365 Exchange Online","ServicePrincipal",,"TargetId.ServicePrincipalNames",,"""https://outlook.office.com;Microsoft.Exchange;00000002-0000-0ff1-ce00-000000000000;00000002-0000-0ff1-ce00-000000000000/*.outlook.com;00000002-0000-0ff1-ce00-000000000000/outlook.com;00000002-0000-0ff1-ce00-000000000000/mail.office365.com;00000002-0000-0ff1-ce00-000000000000/outlook.office365.com;https://webmail.apps.mil/;https://ps.protection.outlook.com/;https://outlook-dod.office365.us/;https://outlook.com/;https://outlook.office365.com/;https://outlook.office.com/;https://outlook.office365.com:443/;https://outlook-sdf.office365.com/;https://outlook-sdf.office.com/;https://outlook.office365.us/;https://autodiscover-s.office365.us/;https://ps.compliance.protection.outlook.com;https://outlook-tdf.office.com/ (and 2 more...)""","User-Agent: EvoSTS; AppId: 00000002-0000-0ff1-ce00-000000000000; ServicePrincipalProvisioningType: Consent",""
"2026-08-14T14:25:53.0558519Z","Add app role assignment to service principal","Directory_c5bb6b89-baaf-49f5-87ca-50238780bc7a_G8K45_14280115","Azure ESTS Service","ApplicationManagement","c5bb6b89-baaf-49f5-87ca-50238780bc7a","Core Directory","Assign","success","b3db957f-1c6d-4960-a005-c45a7485987f","https://saasapplicationsadmindatto.onmicrosoft.com/production3,d7db2a1c-c38b-4bd1-a30f-0915167ba928","ServicePrincipal",,,,,"User-Agent: EvoSTS; AppId: 00000002-0000-0ff1-ce00-000000000000; ServicePrincipalProvisioningType: Consent",""
"2026-08-14T14:25:52.9498526Z","Add app role assignment to service principal","Directory_c5bb6b89-baaf-49f5-87ca-50238780bc7a_G8K45_14280064","Azure ESTS Service","ApplicationManagement","c5bb6b89-baaf-49f5-87ca-50238780bc7a","Core Directory","Assign","success","e8921672-520c-4343-b665-3df0cdbcde84","Office 365 Exchange Online","ServicePrincipal",,"AppRole.Id",,"""ef54d2bf-783f-4e0f-bca1-3210c0444d99""","User-Agent: EvoSTS; AppId: 00000002-0000-0ff1-ce00-000000000000; ServicePrincipalProvisioningType: Consent",""
"2026-08-14T14:25:52.9498526Z","Add app role assignment to service principal","Directory_c5bb6b89-baaf-49f5-87ca-50238780bc7a_G8K45_14280064","Azure ESTS Service","ApplicationManagement","c5bb6b89-baaf-49f5-87ca-50238780bc7a","Core Directory","Assign","success","e8921672-520c-4343-b665-3df0cdbcde84","Office 365 Exchange Online","ServicePrincipal",,"AppRole.Value",,"""Calendars.ReadWrite.All""","User-Agent: EvoSTS; AppId: 00000002-0000-0ff1-ce00-000000000000; ServicePrincipalProvisioningType: Consent",""
"2026-08-14T14:25:52.9498526Z","Add app role assignment to service principal","Directory_c5bb6b89-baaf-49f5-87ca-50238780bc7a_G8K45_14280064","Azure ESTS Service","ApplicationManagement","c5bb6b89-baaf-49f5-87ca-50238780bc7a","Core Directory","Assign","success","e8921672-520c-4343-b665-3df0cdbcde84","Office 365 Exchange Online","ServicePrincipal",,"AppRole.DisplayName",,"""Read and write calendars in all mailboxes""","User-Agent: EvoSTS; AppId: 00000002-0000-0ff1-ce00-000000000000; ServicePrincipalProvisioningType: Consent",""
"2026-08-14T14:25:52.9498526Z","Add app role assignment to service principal","Directory_c5bb6b89-baaf-49f5-87ca-50238780bc7a_G8K45_14280064","Azure ESTS Service","ApplicationManagement","c5bb6b89-baaf-49f5-87ca-50238780bc7a","Core Directory","Assign","success","e8921672-520c-4343-b665-3df0cdbcde84","Office 365 Exchange Online","ServicePrincipal",,"AppRoleAssignment.CreatedDateTime",,"""2026-08-14T14:25:52.8678639Z""","User-Agent: EvoSTS; AppId: 00000002-0000-0ff1-ce00-000000000000; ServicePrincipalProvisioningType: Consent",""
"2026-08-14T14:25:52.9498526Z","Add app role assignment to service principal","Directory_c5bb6b89-baaf-49f5-87ca-50238780bc7a_G8K45_14280064","Azure ESTS Service","ApplicationManagement","c5bb6b89-baaf-49f5-87ca-50238780bc7a","Core Directory","Assign","success","e8921672-520c-4343-b665-3df0cdbcde84","Office 365 Exchange Online","ServicePrincipal",,"AppRoleAssignment.LastModifiedDateTime",,"""2026-08-14T14:25:52.8678639Z""","User-Agent: EvoSTS; AppId: 00000002-0000-0ff1-ce00-000000000000; ServicePrincipalProvisioningType: Consent",""
"2026-08-14T14:25:52.9498526Z","Add app role assignment to service principal","Directory_c5bb6b89-baaf-49f5-87ca-50238780bc7a_G8K45_14280064","Azure ESTS Service","ApplicationManagement","c5bb6b89-baaf-49f5-87ca-50238780bc7a","Core Directory","Assign","success","e8921672-520c-4343-b665-3df0cdbcde84","Office 365 Exchange Online","ServicePrincipal",,"ServicePrincipal.ObjectID",,"""b3db957f-1c6d-4960-a005-c45a7485987f""","User-Agent: EvoSTS; AppId: 00000002-0000-0ff1-ce00-000000000000; ServicePrincipalProvisioningType: Consent",""
"2026-08-14T14:25:52.9498526Z","Add app role assignment to service principal","Directory_c5bb6b89-baaf-49f5-87ca-50238780bc7a_G8K45_14280064","Azure ESTS Service","ApplicationManagement","c5bb6b89-baaf-49f5-87ca-50238780bc7a","Core Directory","Assign","success","e8921672-520c-4343-b665-3df0cdbcde84","Office 365 Exchange Online","ServicePrincipal",,"ServicePrincipal.DisplayName",,"""Backupify""","User-Agent: EvoSTS; AppId: 00000002-0000-0ff1-ce00-000000000000; ServicePrincipalProvisioningType: Consent",""
"2026-08-14T14:25:52.9498526Z","Add app role assignment to service principal","Directory_c5bb6b89-baaf-49f5-87ca-50238780bc7a_G8K45_14280064","Azure ESTS Service","ApplicationManagement","c5bb6b89-baaf-49f5-87ca-50238780bc7a","Core Directory","Assign","success","e8921672-520c-4343-b665-3df0cdbcde84","Office 365 Exchange Online","ServicePrincipal",,"ServicePrincipal.AppId",,"""d7db2a1c-c38b-4bd1-a30f-0915167ba928""","User-Agent: EvoSTS; AppId: 00000002-0000-0ff1-ce00-000000000000; ServicePrincipalProvisioningType: Consent",""
"2026-08-14T14:25:52.9498526Z","Add app role assignment to service principal","Directory_c5bb6b89-baaf-49f5-87ca-50238780bc7a_G8K45_14280064","Azure ESTS Service","ApplicationManagement","c5bb6b89-baaf-49f5-87ca-50238780bc7a","Core Directory","Assign","success","e8921672-520c-4343-b665-3df0cdbcde84","Office 365 Exchange Online","ServicePrincipal",,"ServicePrincipal.Name",,"""https://saasapplicationsadmindatto.onmicrosoft.com/production3,d7db2a1c-c38b-4bd1-a30f-0915167ba928""","User-Agent: EvoSTS; AppId: 00000002-0000-0ff1-ce00-000000000000; ServicePrincipalProvisioningType: Consent",""
"2026-08-14T14:25:52.9498526Z","Add app role assignment to service principal","Directory_c5bb6b89-baaf-49f5-87ca-50238780bc7a_G8K45_14280064","Azure ESTS Service","ApplicationManagement","c5bb6b89-baaf-49f5-87ca-50238780bc7a","Core Directory","Assign","success","e8921672-520c-4343-b665-3df0cdbcde84","Office 365 Exchange Online","ServicePrincipal",,"TargetId.ServicePrincipalNames",,"""https://outlook.office.com;Microsoft.Exchange;00000002-0000-0ff1-ce00-000000000000;00000002-0000-0ff1-ce00-000000000000/*.outlook.com;00000002-0000-0ff1-ce00-000000000000/outlook.com;00000002-0000-0ff1-ce00-000000000000/mail.office365.com;00000002-0000-0ff1-ce00-000000000000/outlook.office365.com;https://webmail.apps.mil/;https://ps.protection.outlook.com/;https://outlook-dod.office365.us/;https://outlook.com/;https://outlook.office365.com/;https://outlook.office.com/;https://outlook.office365.com:443/;https://outlook-sdf.office365.com/;https://outlook-sdf.office.com/;https://outlook.office365.us/;https://autodiscover-s.office365.us/;https://ps.compliance.protection.outlook.com;https://outlook-tdf.office.com/ (and 2 more...)""","User-Agent: EvoSTS; AppId: 00000002-0000-0ff1-ce00-000000000000; ServicePrincipalProvisioningType: Consent",""
"2026-08-14T14:25:52.9498526Z","Add app role assignment to service principal","Directory_c5bb6b89-baaf-49f5-87ca-50238780bc7a_G8K45_14280064","Azure ESTS Service","ApplicationManagement","c5bb6b89-baaf-49f5-87ca-50238780bc7a","Core Directory","Assign","success","b3db957f-1c6d-4960-a005-c45a7485987f","https://saasapplicationsadmindatto.onmicrosoft.com/production3,d7db2a1c-c38b-4bd1-a30f-0915167ba928","ServicePrincipal",,,,,"User-Agent: EvoSTS; AppId: 00000002-0000-0ff1-ce00-000000000000; ServicePrincipalProvisioningType: Consent",""
"2026-08-14T14:25:52.8428549Z","Add app role assignment to service principal","Directory_c5bb6b89-baaf-49f5-87ca-50238780bc7a_G8K45_14280010","Azure ESTS Service","ApplicationManagement","c5bb6b89-baaf-49f5-87ca-50238780bc7a","Core Directory","Assign","success","e8921672-520c-4343-b665-3df0cdbcde84","Office 365 Exchange Online","ServicePrincipal",,"AppRole.Id",,"""dc890d15-9560-4a4c-9b7f-a736ec74ec40""","User-Agent: EvoSTS; AppId: 00000002-0000-0ff1-ce00-000000000000; ServicePrincipalProvisioningType: Consent",""
"2026-08-14T14:25:52.8428549Z","Add app role assignment to service principal","Directory_c5bb6b89-baaf-49f5-87ca-50238780bc7a_G8K45_14280010","Azure ESTS Service","ApplicationManagement","c5bb6b89-baaf-49f5-87ca-50238780bc7a","Core Directory","Assign","success","e8921672-520c-4343-b665-3df0cdbcde84","Office 365 Exchange Online","ServicePrincipal",,"AppRole.Value",,"""full_access_as_app""","User-Agent: EvoSTS; AppId: 00000002-0000-0ff1-ce00-000000000000; ServicePrincipalProvisioningType: Consent",""
"2026-08-14T14:25:52.8428549Z","Add app role assignment to service principal","Directory_c5bb6b89-baaf-49f5-87ca-50238780bc7a_G8K45_14280010","Azure ESTS Service","ApplicationManagement","c5bb6b89-baaf-49f5-87ca-50238780bc7a","Core Directory","Assign","success","e8921672-520c-4343-b665-3df0cdbcde84","Office 365 Exchange Online","ServicePrincipal",,"AppRole.DisplayName",,"""Use Exchange Web Services with full access to all mailboxes""","User-Agent: EvoSTS; AppId: 00000002-0000-0ff1-ce00-000000000000; ServicePrincipalProvisioningType: Consent",""
"2026-08-14T14:25:52.8428549Z","Add app role assignment to service principal","Directory_c5bb6b89-baaf-49f5-87ca-50238780bc7a_G8K45_14280010","Azure ESTS Service","ApplicationManagement","c5bb6b89-baaf-49f5-87ca-50238780bc7a","Core Directory","Assign","success","e8921672-520c-4343-b665-3df0cdbcde84","Office 365 Exchange Online","ServicePrincipal",,"AppRoleAssignment.CreatedDateTime",,"""2026-08-14T14:25:52.7608565Z""","User-Agent: EvoSTS; AppId: 00000002-0000-0ff1-ce00-000000000000; ServicePrincipalProvisioningType: Consent",""
"2026-08-14T14:25:52.8428549Z","Add app role assignment to service principal","Directory_c5bb6b89-baaf-49f5-87ca-50238780bc7a_G8K45_14280010","Azure ESTS Service","ApplicationManagement","c5bb6b89-baaf-49f5-87ca-50238780bc7a","Core Directory","Assign","success","e8921672-520c-4343-b665-3df0cdbcde84","Office 365 Exchange Online","ServicePrincipal",,"AppRoleAssignment.LastModifiedDateTime",,"""2026-08-14T14:25:52.7608565Z""","User-Agent: EvoSTS; AppId: 00000002-0000-0ff1-ce00-000000000000; ServicePrincipalProvisioningType: Consent",""
"2026-08-14T14:25:52.8428549Z","Add app role assignment to service principal","Directory_c5bb6b89-baaf-49f5-87ca-50238780bc7a_G8K45_14280010","Azure ESTS Service","ApplicationManagement","c5bb6b89-baaf-49f5-87ca-50238780bc7a","Core Directory","Assign","success","e8921672-520c-4343-b665-3df0cdbcde84","Office 365 Exchange Online","ServicePrincipal",,"ServicePrincipal.ObjectID",,"""b3db957f-1c6d-4960-a005-c45a7485987f""","User-Agent: EvoSTS; AppId: 00000002-0000-0ff1-ce00-000000000000; ServicePrincipalProvisioningType: Consent",""
"2026-08-14T14:25:52.8428549Z","Add app role assignment to service principal","Directory_c5bb6b89-baaf-49f5-87ca-50238780bc7a_G8K45_14280010","Azure ESTS Service","ApplicationManagement","c5bb6b89-baaf-49f5-87ca-50238780bc7a","Core Directory","Assign","success","e8921672-520c-4343-b665-3df0cdbcde84","Office 365 Exchange Online","ServicePrincipal",,"ServicePrincipal.DisplayName",,"""Backupify""","User-Agent: EvoSTS; AppId: 00000002-0000-0ff1-ce00-000000000000; ServicePrincipalProvisioningType: Consent",""
"2026-08-14T14:25:52.8428549Z","Add app role assignment to service principal","Directory_c5bb6b89-baaf-49f5-87ca-50238780bc7a_G8K45_14280010","Azure ESTS Service","ApplicationManagement","c5bb6b89-baaf-49f5-87ca-50238780bc7a","Core Directory","Assign","success","e8921672-520c-4343-b665-3df0cdbcde84","Office 365 Exchange Online","ServicePrincipal",,"ServicePrincipal.AppId",,"""d7db2a1c-c38b-4bd1-a30f-0915167ba928""","User-Agent: EvoSTS; AppId: 00000002-0000-0ff1-ce00-000000000000; ServicePrincipalProvisioningType: Consent",""
"2026-08-14T14:25:52.8428549Z","Add app role assignment to service principal","Directory_c5bb6b89-baaf-49f5-87ca-50238780bc7a_G8K45_14280010","Azure ESTS Service","ApplicationManagement","c5bb6b89-baaf-49f5-87ca-50238780bc7a","Core Directory","Assign","success","e8921672-520c-4343-b665-3df0cdbcde84","Office 365 Exchange Online","ServicePrincipal",,"ServicePrincipal.Name",,"""https://saasapplicationsadmindatto.onmicrosoft.com/production3,d7db2a1c-c38b-4bd1-a30f-0915167ba928""","User-Agent: EvoSTS; AppId: 00000002-0000-0ff1-ce00-000000000000; ServicePrincipalProvisioningType: Consent",""
"2026-08-14T14:25:52.8428549Z","Add app role assignment to service principal","Directory_c5bb6b89-baaf-49f5-87ca-50238780bc7a_G8K45_14280010","Azure ESTS Service","ApplicationManagement","c5bb6b89-baaf-49f5-87ca-50238780bc7a","Core Directory","Assign","success","e8921672-520c-4343-b665-3df0cdbcde84","Office 365 Exchange Online","ServicePrincipal",,"TargetId.ServicePrincipalNames",,"""https://outlook.office.com;Microsoft.Exchange;00000002-0000-0ff1-ce00-000000000000;00000002-0000-0ff1-ce00-000000000000/*.outlook.com;00000002-0000-0ff1-ce00-000000000000/outlook.com;00000002-0000-0ff1-ce00-000000000000/mail.office365.com;00000002-0000-0ff1-ce00-000000000000/outlook.office365.com;https://webmail.apps.mil/;https://ps.protection.outlook.com/;https://outlook-dod.office365.us/;https://outlook.com/;https://outlook.office365.com/;https://outlook.office.com/;https://outlook.office365.com:443/;https://outlook-sdf.office365.com/;https://outlook-sdf.office.com/;https://outlook.office365.us/;https://autodiscover-s.office365.us/;https://ps.compliance.protection.outlook.com;https://outlook-tdf.office.com/ (and 2 more...)""","User-Agent: EvoSTS; AppId: 00000002-0000-0ff1-ce00-000000000000; ServicePrincipalProvisioningType: Consent",""
"2026-08-14T14:25:52.8428549Z","Add app role assignment to service principal","Directory_c5bb6b89-baaf-49f5-87ca-50238780bc7a_G8K45_14280010","Azure ESTS Service","ApplicationManagement","c5bb6b89-baaf-49f5-87ca-50238780bc7a","Core Directory","Assign","success","b3db957f-1c6d-4960-a005-c45a7485987f","https://saasapplicationsadmindatto.onmicrosoft.com/production3,d7db2a1c-c38b-4bd1-a30f-0915167ba928","ServicePrincipal",,,,,"User-Agent: EvoSTS; AppId: 00000002-0000-0ff1-ce00-000000000000; ServicePrincipalProvisioningType: Consent",""
"2026-08-14T14:25:52.7378536Z","Add app role assignment to service principal","Directory_c5bb6b89-baaf-49f5-87ca-50238780bc7a_G8K45_14279987","Azure ESTS Service","ApplicationManagement","c5bb6b89-baaf-49f5-87ca-50238780bc7a","Core Directory","Assign","success","e8921672-520c-4343-b665-3df0cdbcde84","Office 365 Exchange Online","ServicePrincipal",,"AppRole.Id",,"""e2a3a72e-5f79-4c64-b1b1-878b674786c9""","User-Agent: EvoSTS; AppId: 00000002-0000-0ff1-ce00-000000000000; ServicePrincipalProvisioningType: Consent",""
"2026-08-14T14:25:52.7378536Z","Add app role assignment to service principal","Directory_c5bb6b89-baaf-49f5-87ca-50238780bc7a_G8K45_14279987","Azure ESTS Service","ApplicationManagement","c5bb6b89-baaf-49f5-87ca-50238780bc7a","Core Directory","Assign","success","e8921672-520c-4343-b665-3df0cdbcde84","Office 365 Exchange Online","ServicePrincipal",,"AppRole.Value",,"""Mail.ReadWrite""","User-Agent: EvoSTS; AppId: 00000002-0000-0ff1-ce00-000000000000; ServicePrincipalProvisioningType: Consent",""
"2026-08-14T14:25:52.7378536Z","Add app role assignment to service principal","Directory_c5bb6b89-baaf-49f5-87ca-50238780bc7a_G8K45_14279987","Azure ESTS Service","ApplicationManagement","c5bb6b89-baaf-49f5-87ca-50238780bc7a","Core Directory","Assign","success","e8921672-520c-4343-b665-3df0cdbcde84","Office 365 Exchange Online","ServicePrincipal",,"AppRole.DisplayName",,"""Read and write mail in all mailboxes""","User-Agent: EvoSTS; AppId: 00000002-0000-0ff1-ce00-000000000000; ServicePrincipalProvisioningType: Consent",""
"2026-08-14T14:25:52.7378536Z","Add app role assignment to service principal","Directory_c5bb6b89-baaf-49f5-87ca-50238780bc7a_G8K45_14279987","Azure ESTS Service","ApplicationManagement","c5bb6b89-baaf-49f5-87ca-50238780bc7a","Core Directory","Assign","success","e8921672-520c-4343-b665-3df0cdbcde84","Office 365 Exchange Online","ServicePrincipal",,"AppRoleAssignment.CreatedDateTime",,"""2026-08-14T14:25:52.6498542Z""","User-Agent: EvoSTS; AppId: 00000002-0000-0ff1-ce00-000000000000; ServicePrincipalProvisioningType: Consent",""
"2026-08-14T14:25:52.7378536Z","Add app role assignment to service principal","Directory_c5bb6b89-baaf-49f5-87ca-50238780bc7a_G8K45_14279987","Azure ESTS Service","ApplicationManagement","c5bb6b89-baaf-49f5-87ca-50238780bc7a","Core Directory","Assign","success","e8921672-520c-4343-b665-3df0cdbcde84","Office 365 Exchange Online","ServicePrincipal",,"AppRoleAssignment.LastModifiedDateTime",,"""2026-08-14T14:25:52.6498542Z""","User-Agent: EvoSTS; AppId: 00000002-0000-0ff1-ce00-000000000000; ServicePrincipalProvisioningType: Consent",""
"2026-08-14T14:25:52.7378536Z","Add app role assignment to service principal","Directory_c5bb6b89-baaf-49f5-87ca-50238780bc7a_G8K45_14279987","Azure ESTS Service","ApplicationManagement","c5bb6b89-baaf-49f5-87ca-50238780bc7a","Core Directory","Assign","success","e8921672-520c-4343-b665-3df0cdbcde84","Office 365 Exchange Online","ServicePrincipal",,"ServicePrincipal.ObjectID",,"""b3db957f-1c6d-4960-a005-c45a7485987f""","User-Agent: EvoSTS; AppId: 00000002-0000-0ff1-ce00-000000000000; ServicePrincipalProvisioningType: Consent",""
"2026-08-14T14:25:52.7378536Z","Add app role assignment to service principal","Directory_c5bb6b89-baaf-49f5-87ca-50238780bc7a_G8K45_14279987","Azure ESTS Service","ApplicationManagement","c5bb6b89-baaf-49f5-87ca-50238780bc7a","Core Directory","Assign","success","e8921672-520c-4343-b665-3df0cdbcde84","Office 365 Exchange Online","ServicePrincipal",,"ServicePrincipal.DisplayName",,"""Backupify""","User-Agent: EvoSTS; AppId: 00000002-0000-0ff1-ce00-000000000000; ServicePrincipalProvisioningType: Consent",""
"2026-08-14T14:25:52.7378536Z","Add app role assignment to service principal","Directory_c5bb6b89-baaf-49f5-87ca-50238780bc7a_G8K45_14279987","Azure ESTS Service","ApplicationManagement","c5bb6b89-baaf-49f5-87ca-50238780bc7a","Core Directory","Assign","success","e8921672-520c-4343-b665-3df0cdbcde84","Office 365 Exchange Online","ServicePrincipal",,"ServicePrincipal.AppId",,"""d7db2a1c-c38b-4bd1-a30f-0915167ba928""","User-Agent: EvoSTS; AppId: 00000002-0000-0ff1-ce00-000000000000; ServicePrincipalProvisioningType: Consent",""
"2026-08-14T14:25:52.7378536Z","Add app role assignment to service principal","Directory_c5bb6b89-baaf-49f5-87ca-50238780bc7a_G8K45_14279987","Azure ESTS Service","ApplicationManagement","c5bb6b89-baaf-49f5-87ca-50238780bc7a","Core Directory","Assign","success","e8921672-520c-4343-b665-3df0cdbcde84","Office 365 Exchange Online","ServicePrincipal",,"ServicePrincipal.Name",,"""https://saasapplicationsadmindatto.onmicrosoft.com/production3,d7db2a1c-c38b-4bd1-a30f-0915167ba928""","User-Agent: EvoSTS; AppId: 00000002-0000-0ff1-ce00-000000000000; ServicePrincipalProvisioningType: Consent",""
"2026-08-14T14:25:52.7378536Z","Add app role assignment to service principal","Directory_c5bb6b89-baaf-49f5-87ca-50238780bc7a_G8K45_14279987","Azure ESTS Service","ApplicationManagement","c5bb6b89-baaf-49f5-87ca-50238780bc7a","Core Directory","Assign","success","e8921672-520c-4343-b665-3df0cdbcde84","Office 365 Exchange Online","ServicePrincipal",,"TargetId.ServicePrincipalNames",,"""https://outlook.office.com;Microsoft.Exchange;00000002-0000-0ff1-ce00-000000000000;00000002-0000-0ff1-ce00-000000000000/*.outlook.com;00000002-0000-0ff1-ce00-000000000000/outlook.com;00000002-0000-0ff1-ce00-000000000000/mail.office365.com;00000002-0000-0ff1-ce00-000000000000/outlook.office365.com;https://webmail.apps.mil/;https://ps.protection.outlook.com/;https://outlook-dod.office365.us/;https://outlook.com/;https://outlook.office365.com/;https://outlook.office.com/;https://outlook.office365.com:443/;https://outlook-sdf.office365.com/;https://outlook-sdf.office.com/;https://outlook.office365.us/;https://autodiscover-s.office365.us/;https://ps.compliance.protection.outlook.com;https://outlook-tdf.office.com/ (and 2 more...)""","User-Agent: EvoSTS; AppId: 00000002-0000-0ff1-ce00-000000000000; ServicePrincipalProvisioningType: Consent",""
"2026-08-14T14:25:52.7378536Z","Add app role assignment to service principal","Directory_c5bb6b89-baaf-49f5-87ca-50238780bc7a_G8K45_14279987","Azure ESTS Service","ApplicationManagement","c5bb6b89-baaf-49f5-87ca-50238780bc7a","Core Directory","Assign","success","b3db957f-1c6d-4960-a005-c45a7485987f","https://saasapplicationsadmindatto.onmicrosoft.com/production3,d7db2a1c-c38b-4bd1-a30f-0915167ba928","ServicePrincipal",,,,,"User-Agent: EvoSTS; AppId: 00000002-0000-0ff1-ce00-000000000000; ServicePrincipalProvisioningType: Consent",""
"2026-08-14T14:25:52.6298544Z","Add app role assignment to service principal","Directory_c5bb6b89-baaf-49f5-87ca-50238780bc7a_G8K45_14279964","Azure ESTS Service","ApplicationManagement","c5bb6b89-baaf-49f5-87ca-50238780bc7a","Core Directory","Assign","success","e1359286-d6c0-418b-9c27-8a84d6690331","Microsoft Graph","ServicePrincipal",,"AppRole.Id",,"""b633e1c5-b582-4048-a93e-9f11b44c7e96""","User-Agent: EvoSTS; AppId: 00000003-0000-0000-c000-000000000000; ServicePrincipalProvisioningType: Consent",""
"2026-08-14T14:25:52.6298544Z","Add app role assignment to service principal","Directory_c5bb6b89-baaf-49f5-87ca-50238780bc7a_G8K45_14279964","Azure ESTS Service","ApplicationManagement","c5bb6b89-baaf-49f5-87ca-50238780bc7a","Core Directory","Assign","success","e1359286-d6c0-418b-9c27-8a84d6690331","Microsoft Graph","ServicePrincipal",,"AppRole.Value",,"""Mail.Send""","User-Agent: EvoSTS; AppId: 00000003-0000-0000-c000-000000000000; ServicePrincipalProvisioningType: Consent",""
"2026-08-14T14:25:52.6298544Z","Add app role assignment to service principal","Directory_c5bb6b89-baaf-49f5-87ca-50238780bc7a_G8K45_14279964","Azure ESTS Service","ApplicationManagement","c5bb6b89-baaf-49f5-87ca-50238780bc7a","Core Directory","Assign","success","e1359286-d6c0-418b-9c27-8a84d6690331","Microsoft Graph","ServicePrincipal",,"AppRole.DisplayName",,"""Send mail as any user""","User-Agent: EvoSTS; AppId: 00000003-0000-0000-c000-000000000000; ServicePrincipalProvisioningType: Consent",""
"2026-08-14T14:25:52.6298544Z","Add app role assignment to service principal","Directory_c5bb6b89-baaf-49f5-87ca-50238780bc7a_G8K45_14279964","Azure ESTS Service","ApplicationManagement","c5bb6b89-baaf-49f5-87ca-50238780bc7a","Core Directory","Assign","success","e1359286-d6c0-418b-9c27-8a84d6690331","Microsoft Graph","ServicePrincipal",,"AppRoleAssignment.CreatedDateTime",,"""2026-08-14T14:25:52.5328555Z""","User-Agent: EvoSTS; AppId: 00000003-0000-0000-c000-000000000000; ServicePrincipalProvisioningType: Consent",""
"2026-08-14T14:25:52.6298544Z","Add app role assignment to service principal","Directory_c5bb6b89-baaf-49f5-87ca-50238780bc7a_G8K45_14279964","Azure ESTS Service","ApplicationManagement","c5bb6b89-baaf-49f5-87ca-50238780bc7a","Core Directory","Assign","success","e1359286-d6c0-418b-9c27-8a84d6690331","Microsoft Graph","ServicePrincipal",,"AppRoleAssignment.LastModifiedDateTime",,"""2026-08-14T14:25:52.5328555Z""","User-Agent: EvoSTS; AppId: 00000003-0000-0000-c000-000000000000; ServicePrincipalProvisioningType: Consent",""
"2026-08-14T14:25:52.6298544Z","Add app role assignment to service principal","Directory_c5bb6b89-baaf-49f5-87ca-50238780bc7a_G8K45_14279964","Azure ESTS Service","ApplicationManagement","c5bb6b89-baaf-49f5-87ca-50238780bc7a","Core Directory","Assign","success","e1359286-d6c0-418b-9c27-8a84d6690331","Microsoft Graph","ServicePrincipal",,"ServicePrincipal.ObjectID",,"""b3db957f-1c6d-4960-a005-c45a7485987f""","User-Agent: EvoSTS; AppId: 00000003-0000-0000-c000-000000000000; ServicePrincipalProvisioningType: Consent",""
"2026-08-14T14:25:52.6298544Z","Add app role assignment to service principal","Directory_c5bb6b89-baaf-49f5-87ca-50238780bc7a_G8K45_14279964","Azure ESTS Service","ApplicationManagement","c5bb6b89-baaf-49f5-87ca-50238780bc7a","Core Directory","Assign","success","e1359286-d6c0-418b-9c27-8a84d6690331","Microsoft Graph","ServicePrincipal",,"ServicePrincipal.DisplayName",,"""Backupify""","User-Agent: EvoSTS; AppId: 00000003-0000-0000-c000-000000000000; ServicePrincipalProvisioningType: Consent",""
"2026-08-14T14:25:52.6298544Z","Add app role assignment to service principal","Directory_c5bb6b89-baaf-49f5-87ca-50238780bc7a_G8K45_14279964","Azure ESTS Service","ApplicationManagement","c5bb6b89-baaf-49f5-87ca-50238780bc7a","Core Directory","Assign","success","e1359286-d6c0-418b-9c27-8a84d6690331","Microsoft Graph","ServicePrincipal",,"ServicePrincipal.AppId",,"""d7db2a1c-c38b-4bd1-a30f-0915167ba928""","User-Agent: EvoSTS; AppId: 00000003-0000-0000-c000-000000000000; ServicePrincipalProvisioningType: Consent",""
"2026-08-14T14:25:52.6298544Z","Add app role assignment to service principal","Directory_c5bb6b89-baaf-49f5-87ca-50238780bc7a_G8K45_14279964","Azure ESTS Service","ApplicationManagement","c5bb6b89-baaf-49f5-87ca-50238780bc7a","Core Directory","Assign","success","e1359286-d6c0-418b-9c27-8a84d6690331","Microsoft Graph","ServicePrincipal",,"ServicePrincipal.Name",,"""https://saasapplicationsadmindatto.onmicrosoft.com/production3,d7db2a1c-c38b-4bd1-a30f-0915167ba928""","User-Agent: EvoSTS; AppId: 00000003-0000-0000-c000-000000000000; ServicePrincipalProvisioningType: Consent",""
"2026-08-14T14:25:52.6298544Z","Add app role assignment to service principal","Directory_c5bb6b89-baaf-49f5-87ca-50238780bc7a_G8K45_14279964","Azure ESTS Service","ApplicationManagement","c5bb6b89-baaf-49f5-87ca-50238780bc7a","Core Directory","Assign","success","e1359286-d6c0-418b-9c27-8a84d6690331","Microsoft Graph","ServicePrincipal",,"TargetId.ServicePrincipalNames",,"""00000003-0000-0000-c000-000000000000;00000003-0000-0000-c000-000000000000/ags.windows.net;https://ags.windows.net;https://graph.microsoft.us;https://graph.microsoft.com;https://canary.graph.microsoft.com;https://graph.microsoft.com/;https://dod-graph.microsoft.us;https://dod-graph.microsoft.us/;https://graph.microsoft.us/;https://canary.graph.microsoft.com/""","User-Agent: EvoSTS; AppId: 00000003-0000-0000-c000-000000000000; ServicePrincipalProvisioningType: Consent",""
"2026-08-14T14:25:52.6298544Z","Add app role assignment to service principal","Directory_c5bb6b89-baaf-49f5-87ca-50238780bc7a_G8K45_14279964","Azure ESTS Service","ApplicationManagement","c5bb6b89-baaf-49f5-87ca-50238780bc7a","Core Directory","Assign","success","b3db957f-1c6d-4960-a005-c45a7485987f","https://saasapplicationsadmindatto.onmicrosoft.com/production3,d7db2a1c-c38b-4bd1-a30f-0915167ba928","ServicePrincipal",,,,,"User-Agent: EvoSTS; AppId: 00000003-0000-0000-c000-000000000000; ServicePrincipalProvisioningType: Consent",""
"2026-08-14T14:25:52.5008556Z","Add app role assignment to service principal","Directory_c5bb6b89-baaf-49f5-87ca-50238780bc7a_G8K45_14279944","Azure ESTS Service","ApplicationManagement","c5bb6b89-baaf-49f5-87ca-50238780bc7a","Core Directory","Assign","success","e1359286-d6c0-418b-9c27-8a84d6690331","Microsoft Graph","ServicePrincipal",,"AppRole.Id",,"""df021288-bdef-4463-88db-98f22de89214""","User-Agent: EvoSTS; AppId: 00000003-0000-0000-c000-000000000000; ServicePrincipalProvisioningType: Consent",""
"2026-08-14T14:25:52.5008556Z","Add app role assignment to service principal","Directory_c5bb6b89-baaf-49f5-87ca-50238780bc7a_G8K45_14279944","Azure ESTS Service","ApplicationManagement","c5bb6b89-baaf-49f5-87ca-50238780bc7a","Core Directory","Assign","success","e1359286-d6c0-418b-9c27-8a84d6690331","Microsoft Graph","ServicePrincipal",,"AppRole.Value",,"""User.Read.All""","User-Agent: EvoSTS; AppId: 00000003-0000-0000-c000-000000000000; ServicePrincipalProvisioningType: Consent",""
"2026-08-14T14:25:52.5008556Z","Add app role assignment to service principal","Directory_c5bb6b89-baaf-49f5-87ca-50238780bc7a_G8K45_14279944","Azure ESTS Service","ApplicationManagement","c5bb6b89-baaf-49f5-87ca-50238780bc7a","Core Directory","Assign","success","e1359286-d6c0-418b-9c27-8a84d6690331","Microsoft Graph","ServicePrincipal",,"AppRole.DisplayName",,"""Read all users' full profiles""","User-Agent: EvoSTS; AppId: 00000003-0000-0000-c000-000000000000; ServicePrincipalProvisioningType: Consent",""
"2026-08-14T14:25:52.5008556Z","Add app role assignment to service principal","Directory_c5bb6b89-baaf-49f5-87ca-50238780bc7a_G8K45_14279944","Azure ESTS Service","ApplicationManagement","c5bb6b89-baaf-49f5-87ca-50238780bc7a","Core Directory","Assign","success","e1359286-d6c0-418b-9c27-8a84d6690331","Microsoft Graph","ServicePrincipal",,"AppRoleAssignment.CreatedDateTime",,"""2026-08-14T14:25:52.4188556Z""","User-Agent: EvoSTS; AppId: 00000003-0000-0000-c000-000000000000; ServicePrincipalProvisioningType: Consent",""
"2026-08-14T14:25:52.5008556Z","Add app role assignment to service principal","Directory_c5bb6b89-baaf-49f5-87ca-50238780bc7a_G8K45_14279944","Azure ESTS Service","ApplicationManagement","c5bb6b89-baaf-49f5-87ca-50238780bc7a","Core Directory","Assign","success","e1359286-d6c0-418b-9c27-8a84d6690331","Microsoft Graph","ServicePrincipal",,"AppRoleAssignment.LastModifiedDateTime",,"""2026-08-14T14:25:52.4188556Z""","User-Agent: EvoSTS; AppId: 00000003-0000-0000-c000-000000000000; ServicePrincipalProvisioningType: Consent",""
"2026-08-14T14:25:52.5008556Z","Add app role assignment to service principal","Directory_c5bb6b89-baaf-49f5-87ca-50238780bc7a_G8K45_14279944","Azure ESTS Service","ApplicationManagement","c5bb6b89-baaf-49f5-87ca-50238780bc7a","Core Directory","Assign","success","e1359286-d6c0-418b-9c27-8a84d6690331","Microsoft Graph","ServicePrincipal",,"ServicePrincipal.ObjectID",,"""b3db957f-1c6d-4960-a005-c45a7485987f""","User-Agent: EvoSTS; AppId: 00000003-0000-0000-c000-000000000000; ServicePrincipalProvisioningType: Consent",""
"2026-08-14T14:25:52.5008556Z","Add app role assignment to service principal","Directory_c5bb6b89-baaf-49f5-87ca-50238780bc7a_G8K45_14279944","Azure ESTS Service","ApplicationManagement","c5bb6b89-baaf-49f5-87ca-50238780bc7a","Core Directory","Assign","success","e1359286-d6c0-418b-9c27-8a84d6690331","Microsoft Graph","ServicePrincipal",,"ServicePrincipal.DisplayName",,"""Backupify""","User-Agent: EvoSTS; AppId: 00000003-0000-0000-c000-000000000000; ServicePrincipalProvisioningType: Consent",""
"2026-08-14T14:25:52.5008556Z","Add app role assignment to service principal","Directory_c5bb6b89-baaf-49f5-87ca-50238780bc7a_G8K45_14279944","Azure ESTS Service","ApplicationManagement","c5bb6b89-baaf-49f5-87ca-50238780bc7a","Core Directory","Assign","success","e1359286-d6c0-418b-9c27-8a84d6690331","Microsoft Graph","ServicePrincipal",,"ServicePrincipal.AppId",,"""d7db2a1c-c38b-4bd1-a30f-0915167ba928""","User-Agent: EvoSTS; AppId: 00000003-0000-0000-c000-000000000000; ServicePrincipalProvisioningType: Consent",""
"2026-08-14T14:25:52.5008556Z","Add app role assignment to service principal","Directory_c5bb6b89-baaf-49f5-87ca-50238780bc7a_G8K45_14279944","Azure ESTS Service","ApplicationManagement","c5bb6b89-baaf-49f5-87ca-50238780bc7a","Core Directory","Assign","success","e1359286-d6c0-418b-9c27-8a84d6690331","Microsoft Graph","ServicePrincipal",,"ServicePrincipal.Name",,"""https://saasapplicationsadmindatto.onmicrosoft.com/production3,d7db2a1c-c38b-4bd1-a30f-0915167ba928""","User-Agent: EvoSTS; AppId: 00000003-0000-0000-c000-000000000000; ServicePrincipalProvisioningType: Consent",""
"2026-08-14T14:25:52.5008556Z","Add app role assignment to service principal","Directory_c5bb6b89-baaf-49f5-87ca-50238780bc7a_G8K45_14279944","Azure ESTS Service","ApplicationManagement","c5bb6b89-baaf-49f5-87ca-50238780bc7a","Core Directory","Assign","success","e1359286-d6c0-418b-9c27-8a84d6690331","Microsoft Graph","ServicePrincipal",,"TargetId.ServicePrincipalNames",,"""00000003-0000-0000-c000-000000000000;00000003-0000-0000-c000-000000000000/ags.windows.net;https://ags.windows.net;https://graph.microsoft.us;https://graph.microsoft.com;https://canary.graph.microsoft.com;https://graph.microsoft.com/;https://dod-graph.microsoft.us;https://dod-graph.microsoft.us/;https://graph.microsoft.us/;https://canary.graph.microsoft.com/""","User-Agent: EvoSTS; AppId: 00000003-0000-0000-c000-000000000000; ServicePrincipalProvisioningType: Consent",""
"2026-08-14T14:25:52.5008556Z","Add app role assignment to service principal","Directory_c5bb6b89-baaf-49f5-87ca-50238780bc7a_G8K45_14279944","Azure ESTS Service","ApplicationManagement","c5bb6b89-baaf-49f5-87ca-50238780bc7a","Core Directory","Assign","success","b3db957f-1c6d-4960-a005-c45a7485987f","https://saasapplicationsadmindatto.onmicrosoft.com/production3,d7db2a1c-c38b-4bd1-a30f-0915167ba928","ServicePrincipal",,,,,"User-Agent: EvoSTS; AppId: 00000003-0000-0000-c000-000000000000; ServicePrincipalProvisioningType: Consent",""
"2026-08-14T14:25:52.3868571Z","Add app role assignment to service principal","Directory_c5bb6b89-baaf-49f5-87ca-50238780bc7a_G8K45_14279924","Azure ESTS Service","ApplicationManagement","c5bb6b89-baaf-49f5-87ca-50238780bc7a","Core Directory","Assign","success","e1359286-d6c0-418b-9c27-8a84d6690331","Microsoft Graph","ServicePrincipal",,"AppRole.Id",,"""44e666d1-d276-445b-a5fc-8815eeb81d55""","User-Agent: EvoSTS; AppId: 00000003-0000-0000-c000-000000000000; ServicePrincipalProvisioningType: Consent",""
"2026-08-14T14:25:52.3868571Z","Add app role assignment to service principal","Directory_c5bb6b89-baaf-49f5-87ca-50238780bc7a_G8K45_14279924","Azure ESTS Service","ApplicationManagement","c5bb6b89-baaf-49f5-87ca-50238780bc7a","Core Directory","Assign","success","e1359286-d6c0-418b-9c27-8a84d6690331","Microsoft Graph","ServicePrincipal",,"AppRole.Value",,"""Tasks.ReadWrite.All""","User-Agent: EvoSTS; AppId: 00000003-0000-0000-c000-000000000000; ServicePrincipalProvisioningType: Consent",""
"2026-08-14T14:25:52.3868571Z","Add app role assignment to service principal","Directory_c5bb6b89-baaf-49f5-87ca-50238780bc7a_G8K45_14279924","Azure ESTS Service","ApplicationManagement","c5bb6b89-baaf-49f5-87ca-50238780bc7a","Core Directory","Assign","success","e1359286-d6c0-418b-9c27-8a84d6690331","Microsoft Graph","ServicePrincipal",,"AppRole.DisplayName",,"""Read and write all users’ tasks and tasklists""","User-Agent: EvoSTS; AppId: 00000003-0000-0000-c000-000000000000; ServicePrincipalProvisioningType: Consent",""
"2026-08-14T14:25:52.3868571Z","Add app role assignment to service principal","Directory_c5bb6b89-baaf-49f5-87ca-50238780bc7a_G8K45_14279924","Azure ESTS Service","ApplicationManagement","c5bb6b89-baaf-49f5-87ca-50238780bc7a","Core Directory","Assign","success","e1359286-d6c0-418b-9c27-8a84d6690331","Microsoft Graph","ServicePrincipal",,"AppRoleAssignment.CreatedDateTime",,"""2026-08-14T14:25:52.3058578Z""","User-Agent: EvoSTS; AppId: 00000003-0000-0000-c000-000000000000; ServicePrincipalProvisioningType: Consent",""
"2026-08-14T14:25:52.3868571Z","Add app role assignment to service principal","Directory_c5bb6b89-baaf-49f5-87ca-50238780bc7a_G8K45_14279924","Azure ESTS Service","ApplicationManagement","c5bb6b89-baaf-49f5-87ca-50238780bc7a","Core Directory","Assign","success","e1359286-d6c0-418b-9c27-8a84d6690331","Microsoft Graph","ServicePrincipal",,"AppRoleAssignment.LastModifiedDateTime",,"""2026-08-14T14:25:52.3058578Z""","User-Agent: EvoSTS; AppId: 00000003-0000-0000-c000-000000000000; ServicePrincipalProvisioningType: Consent",""
"2026-08-14T14:25:52.3868571Z","Add app role assignment to service principal","Directory_c5bb6b89-baaf-49f5-87ca-50238780bc7a_G8K45_14279924","Azure ESTS Service","ApplicationManagement","c5bb6b89-baaf-49f5-87ca-50238780bc7a","Core Directory","Assign","success","e1359286-d6c0-418b-9c27-8a84d6690331","Microsoft Graph","ServicePrincipal",,"ServicePrincipal.ObjectID",,"""b3db957f-1c6d-4960-a005-c45a7485987f""","User-Agent: EvoSTS; AppId: 00000003-0000-0000-c000-000000000000; ServicePrincipalProvisioningType: Consent",""
"2026-08-14T14:25:52.3868571Z","Add app role assignment to service principal","Directory_c5bb6b89-baaf-49f5-87ca-50238780bc7a_G8K45_14279924","Azure ESTS Service","ApplicationManagement","c5bb6b89-baaf-49f5-87ca-50238780bc7a","Core Directory","Assign","success","e1359286-d6c0-418b-9c27-8a84d6690331","Microsoft Graph","ServicePrincipal",,"ServicePrincipal.DisplayName",,"""Backupify""","User-Agent: EvoSTS; AppId: 00000003-0000-0000-c000-000000000000; ServicePrincipalProvisioningType: Consent",""
"2026-08-14T14:25:52.3868571Z","Add app role assignment to service principal","Directory_c5bb6b89-baaf-49f5-87ca-50238780bc7a_G8K45_14279924","Azure ESTS Service","ApplicationManagement","c5bb6b89-baaf-49f5-87ca-50238780bc7a","Core Directory","Assign","success","e1359286-d6c0-418b-9c27-8a84d6690331","Microsoft Graph","ServicePrincipal",,"ServicePrincipal.AppId",,"""d7db2a1c-c38b-4bd1-a30f-0915167ba928""","User-Agent: EvoSTS; AppId: 00000003-0000-0000-c000-000000000000; ServicePrincipalProvisioningType: Consent",""
"2026-08-14T14:25:52.3868571Z","Add app role assignment to service principal","Directory_c5bb6b89-baaf-49f5-87ca-50238780bc7a_G8K45_14279924","Azure ESTS Service","ApplicationManagement","c5bb6b89-baaf-49f5-87ca-50238780bc7a","Core Directory","Assign","success","e1359286-d6c0-418b-9c27-8a84d6690331","Microsoft Graph","ServicePrincipal",,"ServicePrincipal.Name",,"""https://saasapplicationsadmindatto.onmicrosoft.com/production3,d7db2a1c-c38b-4bd1-a30f-0915167ba928""","User-Agent: EvoSTS; AppId: 00000003-0000-0000-c000-000000000000; ServicePrincipalProvisioningType: Consent",""
"2026-08-14T14:25:52.3868571Z","Add app role assignment to service principal","Directory_c5bb6b89-baaf-49f5-87ca-50238780bc7a_G8K45_14279924","Azure ESTS Service","ApplicationManagement","c5bb6b89-baaf-49f5-87ca-50238780bc7a","Core Directory","Assign","success","e1359286-d6c0-418b-9c27-8a84d6690331","Microsoft Graph","ServicePrincipal",,"TargetId.ServicePrincipalNames",,"""00000003-0000-0000-c000-000000000000;00000003-0000-0000-c000-000000000000/ags.windows.net;https://ags.windows.net;https://graph.microsoft.us;https://graph.microsoft.com;https://canary.graph.microsoft.com;https://graph.microsoft.com/;https://dod-graph.microsoft.us;https://dod-graph.microsoft.us/;https://graph.microsoft.us/;https://canary.graph.microsoft.com/""","User-Agent: EvoSTS; AppId: 00000003-0000-0000-c000-000000000000; ServicePrincipalProvisioningType: Consent",""
"2026-08-14T14:25:52.3868571Z","Add app role assignment to service principal","Directory_c5bb6b89-baaf-49f5-87ca-50238780bc7a_G8K45_14279924","Azure ESTS Service","ApplicationManagement","c5bb6b89-baaf-49f5-87ca-50238780bc7a","Core Directory","Assign","success","b3db957f-1c6d-4960-a005-c45a7485987f","https://saasapplicationsadmindatto.onmicrosoft.com/production3,d7db2a1c-c38b-4bd1-a30f-0915167ba928","ServicePrincipal",,,,,"User-Agent: EvoSTS; AppId: 00000003-0000-0000-c000-000000000000; ServicePrincipalProvisioningType: Consent",""
"2026-08-14T14:25:52.2758569Z","Add app role assignment to service principal","Directory_c5bb6b89-baaf-49f5-87ca-50238780bc7a_G8K45_14279904","Azure ESTS Service","ApplicationManagement","c5bb6b89-baaf-49f5-87ca-50238780bc7a","Core Directory","Assign","success","e1359286-d6c0-418b-9c27-8a84d6690331","Microsoft Graph","ServicePrincipal",,"AppRole.Id",,"""f10e1f91-74ed-437f-a6fd-d6ae88e26c1f""","User-Agent: EvoSTS; AppId: 00000003-0000-0000-c000-000000000000; ServicePrincipalProvisioningType: Consent",""
"2026-08-14T14:25:52.2758569Z","Add app role assignment to service principal","Directory_c5bb6b89-baaf-49f5-87ca-50238780bc7a_G8K45_14279904","Azure ESTS Service","ApplicationManagement","c5bb6b89-baaf-49f5-87ca-50238780bc7a","Core Directory","Assign","success","e1359286-d6c0-418b-9c27-8a84d6690331","Microsoft Graph","ServicePrincipal",,"AppRole.Value",,"""Tasks.Read.All""","User-Agent: EvoSTS; AppId: 00000003-0000-0000-c000-000000000000; ServicePrincipalProvisioningType: Consent",""
"2026-08-14T14:25:52.2758569Z","Add app role assignment to service principal","Directory_c5bb6b89-baaf-49f5-87ca-50238780bc7a_G8K45_14279904","Azure ESTS Service","ApplicationManagement","c5bb6b89-baaf-49f5-87ca-50238780bc7a","Core Directory","Assign","success","e1359286-d6c0-418b-9c27-8a84d6690331","Microsoft Graph","ServicePrincipal",,"AppRole.DisplayName",,"""Read all users’ tasks and tasklist""","User-Agent: EvoSTS; AppId: 00000003-0000-0000-c000-000000000000; ServicePrincipalProvisioningType: Consent",""
"2026-08-14T14:25:52.2758569Z","Add app role assignment to service principal","Directory_c5bb6b89-baaf-49f5-87ca-50238780bc7a_G8K45_14279904","Azure ESTS Service","ApplicationManagement","c5bb6b89-baaf-49f5-87ca-50238780bc7a","Core Directory","Assign","success","e1359286-d6c0-418b-9c27-8a84d6690331","Microsoft Graph","ServicePrincipal",,"AppRoleAssignment.CreatedDateTime",,"""2026-08-14T14:25:52.1918578Z""","User-Agent: EvoSTS; AppId: 00000003-0000-0000-c000-000000000000; ServicePrincipalProvisioningType: Consent",""
"2026-08-14T14:25:52.2758569Z","Add app role assignment to service principal","Directory_c5bb6b89-baaf-49f5-87ca-50238780bc7a_G8K45_14279904","Azure ESTS Service","ApplicationManagement","c5bb6b89-baaf-49f5-87ca-50238780bc7a","Core Directory","Assign","success","e1359286-d6c0-418b-9c27-8a84d6690331","Microsoft Graph","ServicePrincipal",,"AppRoleAssignment.LastModifiedDateTime",,"""2026-08-14T14:25:52.1918578Z""","User-Agent: EvoSTS; AppId: 00000003-0000-0000-c000-000000000000; ServicePrincipalProvisioningType: Consent",""
"2026-08-14T14:25:52.2758569Z","Add app role assignment to service principal","Directory_c5bb6b89-baaf-49f5-87ca-50238780bc7a_G8K45_14279904","Azure ESTS Service","ApplicationManagement","c5bb6b89-baaf-49f5-87ca-50238780bc7a","Core Directory","Assign","success","e1359286-d6c0-418b-9c27-8a84d6690331","Microsoft Graph","ServicePrincipal",,"ServicePrincipal.ObjectID",,"""b3db957f-1c6d-4960-a005-c45a7485987f""","User-Agent: EvoSTS; AppId: 00000003-0000-0000-c000-000000000000; ServicePrincipalProvisioningType: Consent",""
"2026-08-14T14:25:52.2758569Z","Add app role assignment to service principal","Directory_c5bb6b89-baaf-49f5-87ca-50238780bc7a_G8K45_14279904","Azure ESTS Service","ApplicationManagement","c5bb6b89-baaf-49f5-87ca-50238780bc7a","Core Directory","Assign","success","e1359286-d6c0-418b-9c27-8a84d6690331","Microsoft Graph","ServicePrincipal",,"ServicePrincipal.DisplayName",,"""Backupify""","User-Agent: EvoSTS; AppId: 00000003-0000-0000-c000-000000000000; ServicePrincipalProvisioningType: Consent",""
"2026-08-14T14:25:52.2758569Z","Add app role assignment to service principal","Directory_c5bb6b89-baaf-49f5-87ca-50238780bc7a_G8K45_14279904","Azure ESTS Service","ApplicationManagement","c5bb6b89-baaf-49f5-87ca-50238780bc7a","Core Directory","Assign","success","e1359286-d6c0-418b-9c27-8a84d6690331","Microsoft Graph","ServicePrincipal",,"ServicePrincipal.AppId",,"""d7db2a1c-c38b-4bd1-a30f-0915167ba928""","User-Agent: EvoSTS; AppId: 00000003-0000-0000-c000-000000000000; ServicePrincipalProvisioningType: Consent",""
"2026-08-14T14:25:52.2758569Z","Add app role assignment to service principal","Directory_c5bb6b89-baaf-49f5-87ca-50238780bc7a_G8K45_14279904","Azure ESTS Service","ApplicationManagement","c5bb6b89-baaf-49f5-87ca-50238780bc7a","Core Directory","Assign","success","e1359286-d6c0-418b-9c27-8a84d6690331","Microsoft Graph","ServicePrincipal",,"ServicePrincipal.Name",,"""https://saasapplicationsadmindatto.onmicrosoft.com/production3,d7db2a1c-c38b-4bd1-a30f-0915167ba928""","User-Agent: EvoSTS; AppId: 00000003-0000-0000-c000-000000000000; ServicePrincipalProvisioningType: Consent",""
"2026-08-14T14:25:52.2758569Z","Add app role assignment to service principal","Directory_c5bb6b89-baaf-49f5-87ca-50238780bc7a_G8K45_14279904","Azure ESTS Service","ApplicationManagement","c5bb6b89-baaf-49f5-87ca-50238780bc7a","Core Directory","Assign","success","e1359286-d6c0-418b-9c27-8a84d6690331","Microsoft Graph","ServicePrincipal",,"TargetId.ServicePrincipalNames",,"""00000003-0000-0000-c000-000000000000;00000003-0000-0000-c000-000000000000/ags.windows.net;https://ags.windows.net;https://graph.microsoft.us;https://graph.microsoft.com;https://canary.graph.microsoft.com;https://graph.microsoft.com/;https://dod-graph.microsoft.us;https://dod-graph.microsoft.us/;https://graph.microsoft.us/;https://canary.graph.microsoft.com/""","User-Agent: EvoSTS; AppId: 00000003-0000-0000-c000-000000000000; ServicePrincipalProvisioningType: Consent",""
"2026-08-14T14:25:52.2758569Z","Add app role assignment to service principal","Directory_c5bb6b89-baaf-49f5-87ca-50238780bc7a_G8K45_14279904","Azure ESTS Service","ApplicationManagement","c5bb6b89-baaf-49f5-87ca-50238780bc7a","Core Directory","Assign","success","b3db957f-1c6d-4960-a005-c45a7485987f","https://saasapplicationsadmindatto.onmicrosoft.com/production3,d7db2a1c-c38b-4bd1-a30f-0915167ba928","ServicePrincipal",,,,,"User-Agent: EvoSTS; AppId: 00000003-0000-0000-c000-000000000000; ServicePrincipalProvisioningType: Consent",""
"2026-08-14T14:25:52.1628577Z","Add app role assignment to service principal","Directory_c5bb6b89-baaf-49f5-87ca-50238780bc7a_G8K45_14279874","Azure ESTS Service","ApplicationManagement","c5bb6b89-baaf-49f5-87ca-50238780bc7a","Core Directory","Assign","success","e1359286-d6c0-418b-9c27-8a84d6690331","Microsoft Graph","ServicePrincipal",,"AppRole.Id",,"""9492366f-7969-46a4-8d15-ed1a20078fff""","User-Agent: EvoSTS; AppId: 00000003-0000-0000-c000-000000000000; ServicePrincipalProvisioningType: Consent",""
"2026-08-14T14:25:52.1628577Z","Add app role assignment to service principal","Directory_c5bb6b89-baaf-49f5-87ca-50238780bc7a_G8K45_14279874","Azure ESTS Service","ApplicationManagement","c5bb6b89-baaf-49f5-87ca-50238780bc7a","Core Directory","Assign","success","e1359286-d6c0-418b-9c27-8a84d6690331","Microsoft Graph","ServicePrincipal",,"AppRole.Value",,"""Sites.ReadWrite.All""","User-Agent: EvoSTS; AppId: 00000003-0000-0000-c000-000000000000; ServicePrincipalProvisioningType: Consent",""
"2026-08-14T14:25:52.1628577Z","Add app role assignment to service principal","Directory_c5bb6b89-baaf-49f5-87ca-50238780bc7a_G8K45_14279874","Azure ESTS Service","ApplicationManagement","c5bb6b89-baaf-49f5-87ca-50238780bc7a","Core Directory","Assign","success","e1359286-d6c0-418b-9c27-8a84d6690331","Microsoft Graph","ServicePrincipal",,"AppRole.DisplayName",,"""Read and write items in all site collections""","User-Agent: EvoSTS; AppId: 00000003-0000-0000-c000-000000000000; ServicePrincipalProvisioningType: Consent",""
"2026-08-14T14:25:52.1628577Z","Add app role assignment to service principal","Directory_c5bb6b89-baaf-49f5-87ca-50238780bc7a_G8K45_14279874","Azure ESTS Service","ApplicationManagement","c5bb6b89-baaf-49f5-87ca-50238780bc7a","Core Directory","Assign","success","e1359286-d6c0-418b-9c27-8a84d6690331","Microsoft Graph","ServicePrincipal",,"AppRoleAssignment.CreatedDateTime",,"""2026-08-14T14:25:52.0778584Z""","User-Agent: EvoSTS; AppId: 00000003-0000-0000-c000-000000000000; ServicePrincipalProvisioningType: Consent",""
"2026-08-14T14:25:52.1628577Z","Add app role assignment to service principal","Directory_c5bb6b89-baaf-49f5-87ca-50238780bc7a_G8K45_14279874","Azure ESTS Service","ApplicationManagement","c5bb6b89-baaf-49f5-87ca-50238780bc7a","Core Directory","Assign","success","e1359286-d6c0-418b-9c27-8a84d6690331","Microsoft Graph","ServicePrincipal",,"AppRoleAssignment.LastModifiedDateTime",,"""2026-08-14T14:25:52.0778584Z""","User-Agent: EvoSTS; AppId: 00000003-0000-0000-c000-000000000000; ServicePrincipalProvisioningType: Consent",""
"2026-08-14T14:25:52.1628577Z","Add app role assignment to service principal","Directory_c5bb6b89-baaf-49f5-87ca-50238780bc7a_G8K45_14279874","Azure ESTS Service","ApplicationManagement","c5bb6b89-baaf-49f5-87ca-50238780bc7a","Core Directory","Assign","success","e1359286-d6c0-418b-9c27-8a84d6690331","Microsoft Graph","ServicePrincipal",,"ServicePrincipal.ObjectID",,"""b3db957f-1c6d-4960-a005-c45a7485987f""","User-Agent: EvoSTS; AppId: 00000003-0000-0000-c000-000000000000; ServicePrincipalProvisioningType: Consent",""
"2026-08-14T14:25:52.1628577Z","Add app role assignment to service principal","Directory_c5bb6b89-baaf-49f5-87ca-50238780bc7a_G8K45_14279874","Azure ESTS Service","ApplicationManagement","c5bb6b89-baaf-49f5-87ca-50238780bc7a","Core Directory","Assign","success","e1359286-d6c0-418b-9c27-8a84d6690331","Microsoft Graph","ServicePrincipal",,"ServicePrincipal.DisplayName",,"""Backupify""","User-Agent: EvoSTS; AppId: 00000003-0000-0000-c000-000000000000; ServicePrincipalProvisioningType: Consent",""
"2026-08-14T14:25:52.1628577Z","Add app role assignment to service principal","Directory_c5bb6b89-baaf-49f5-87ca-50238780bc7a_G8K45_14279874","Azure ESTS Service","ApplicationManagement","c5bb6b89-baaf-49f5-87ca-50238780bc7a","Core Directory","Assign","success","e1359286-d6c0-418b-9c27-8a84d6690331","Microsoft Graph","ServicePrincipal",,"ServicePrincipal.AppId",,"""d7db2a1c-c38b-4bd1-a30f-0915167ba928""","User-Agent: EvoSTS; AppId: 00000003-0000-0000-c000-000000000000; ServicePrincipalProvisioningType: Consent",""
"2026-08-14T14:25:52.1628577Z","Add app role assignment to service principal","Directory_c5bb6b89-baaf-49f5-87ca-50238780bc7a_G8K45_14279874","Azure ESTS Service","ApplicationManagement","c5bb6b89-baaf-49f5-87ca-50238780bc7a","Core Directory","Assign","success","e1359286-d6c0-418b-9c27-8a84d6690331","Microsoft Graph","ServicePrincipal",,"ServicePrincipal.Name",,"""https://saasapplicationsadmindatto.onmicrosoft.com/production3,d7db2a1c-c38b-4bd1-a30f-0915167ba928""","User-Agent: EvoSTS; AppId: 00000003-0000-0000-c000-000000000000; ServicePrincipalProvisioningType: Consent",""
"2026-08-14T14:25:52.1628577Z","Add app role assignment to service principal","Directory_c5bb6b89-baaf-49f5-87ca-50238780bc7a_G8K45_14279874","Azure ESTS Service","ApplicationManagement","c5bb6b89-baaf-49f5-87ca-50238780bc7a","Core Directory","Assign","success","e1359286-d6c0-418b-9c27-8a84d6690331","Microsoft Graph","ServicePrincipal",,"TargetId.ServicePrincipalNames",,"""00000003-0000-0000-c000-000000000000;00000003-0000-0000-c000-000000000000/ags.windows.net;https://ags.windows.net;https://graph.microsoft.us;https://graph.microsoft.com;https://canary.graph.microsoft.com;https://graph.microsoft.com/;https://dod-graph.microsoft.us;https://dod-graph.microsoft.us/;https://graph.microsoft.us/;https://canary.graph.microsoft.com/""","User-Agent: EvoSTS; AppId: 00000003-0000-0000-c000-000000000000; ServicePrincipalProvisioningType: Consent",""
"2026-08-14T14:25:52.1628577Z","Add app role assignment to service principal","Directory_c5bb6b89-baaf-49f5-87ca-50238780bc7a_G8K45_14279874","Azure ESTS Service","ApplicationManagement","c5bb6b89-baaf-49f5-87ca-50238780bc7a","Core Directory","Assign","success","b3db957f-1c6d-4960-a005-c45a7485987f","https://saasapplicationsadmindatto.onmicrosoft.com/production3,d7db2a1c-c38b-4bd1-a30f-0915167ba928","ServicePrincipal",,,,,"User-Agent: EvoSTS; AppId: 00000003-0000-0000-c000-000000000000; ServicePrincipalProvisioningType: Consent",""
"2026-08-14T14:25:52.0468588Z","Add app role assignment to service principal","Directory_c5bb6b89-baaf-49f5-87ca-50238780bc7a_G8K45_14279854","Azure ESTS Service","ApplicationManagement","c5bb6b89-baaf-49f5-87ca-50238780bc7a","Core Directory","Assign","success","e1359286-d6c0-418b-9c27-8a84d6690331","Microsoft Graph","ServicePrincipal",,"AppRole.Id",,"""332a536c-c7ef-4017-ab91-336970924f0d""","User-Agent: EvoSTS; AppId: 00000003-0000-0000-c000-000000000000; ServicePrincipalProvisioningType: Consent",""
"2026-08-14T14:25:52.0468588Z","Add app role assignment to service principal","Directory_c5bb6b89-baaf-49f5-87ca-50238780bc7a_G8K45_14279854","Azure ESTS Service","ApplicationManagement","c5bb6b89-baaf-49f5-87ca-50238780bc7a","Core Directory","Assign","success","e1359286-d6c0-418b-9c27-8a84d6690331","Microsoft Graph","ServicePrincipal",,"AppRole.Value",,"""Sites.Read.All""","User-Agent: EvoSTS; AppId: 00000003-0000-0000-c000-000000000000; ServicePrincipalProvisioningType: Consent",""
"2026-08-14T14:25:52.0468588Z","Add app role assignment to service principal","Directory_c5bb6b89-baaf-49f5-87ca-50238780bc7a_G8K45_14279854","Azure ESTS Service","ApplicationManagement","c5bb6b89-baaf-49f5-87ca-50238780bc7a","Core Directory","Assign","success","e1359286-d6c0-418b-9c27-8a84d6690331","Microsoft Graph","ServicePrincipal",,"AppRole.DisplayName",,"""Read items in all site collections ""","User-Agent: EvoSTS; AppId: 00000003-0000-0000-c000-000000000000; ServicePrincipalProvisioningType: Consent",""
"2026-08-14T14:25:52.0468588Z","Add app role assignment to service principal","Directory_c5bb6b89-baaf-49f5-87ca-50238780bc7a_G8K45_14279854","Azure ESTS Service","ApplicationManagement","c5bb6b89-baaf-49f5-87ca-50238780bc7a","Core Directory","Assign","success","e1359286-d6c0-418b-9c27-8a84d6690331","Microsoft Graph","ServicePrincipal",,"AppRoleAssignment.CreatedDateTime",,"""2026-08-14T14:25:51.9658613Z""","User-Agent: EvoSTS; AppId: 00000003-0000-0000-c000-000000000000; ServicePrincipalProvisioningType: Consent",""
"2026-08-14T14:25:52.0468588Z","Add app role assignment to service principal","Directory_c5bb6b89-baaf-49f5-87ca-50238780bc7a_G8K45_14279854","Azure ESTS Service","ApplicationManagement","c5bb6b89-baaf-49f5-87ca-50238780bc7a","Core Directory","Assign","success","e1359286-d6c0-418b-9c27-8a84d6690331","Microsoft Graph","ServicePrincipal",,"AppRoleAssignment.LastModifiedDateTime",,"""2026-08-14T14:25:51.9658613Z""","User-Agent: EvoSTS; AppId: 00000003-0000-0000-c000-000000000000; ServicePrincipalProvisioningType: Consent",""
"2026-08-14T14:25:52.0468588Z","Add app role assignment to service principal","Directory_c5bb6b89-baaf-49f5-87ca-50238780bc7a_G8K45_14279854","Azure ESTS Service","ApplicationManagement","c5bb6b89-baaf-49f5-87ca-50238780bc7a","Core Directory","Assign","success","e1359286-d6c0-418b-9c27-8a84d6690331","Microsoft Graph","ServicePrincipal",,"ServicePrincipal.ObjectID",,"""b3db957f-1c6d-4960-a005-c45a7485987f""","User-Agent: EvoSTS; AppId: 00000003-0000-0000-c000-000000000000; ServicePrincipalProvisioningType: Consent",""
"2026-08-14T14:25:52.0468588Z","Add app role assignment to service principal","Directory_c5bb6b89-baaf-49f5-87ca-50238780bc7a_G8K45_14279854","Azure ESTS Service","ApplicationManagement","c5bb6b89-baaf-49f5-87ca-50238780bc7a","Core Directory","Assign","success","e1359286-d6c0-418b-9c27-8a84d6690331","Microsoft Graph","ServicePrincipal",,"ServicePrincipal.DisplayName",,"""Backupify""","User-Agent: EvoSTS; AppId: 00000003-0000-0000-c000-000000000000; ServicePrincipalProvisioningType: Consent",""
"2026-08-14T14:25:52.0468588Z","Add app role assignment to service principal","Directory_c5bb6b89-baaf-49f5-87ca-50238780bc7a_G8K45_14279854","Azure ESTS Service","ApplicationManagement","c5bb6b89-baaf-49f5-87ca-50238780bc7a","Core Directory","Assign","success","e1359286-d6c0-418b-9c27-8a84d6690331","Microsoft Graph","ServicePrincipal",,"ServicePrincipal.AppId",,"""d7db2a1c-c38b-4bd1-a30f-0915167ba928""","User-Agent: EvoSTS; AppId: 00000003-0000-0000-c000-000000000000; ServicePrincipalProvisioningType: Consent",""
"2026-08-14T14:25:52.0468588Z","Add app role assignment to service principal","Directory_c5bb6b89-baaf-49f5-87ca-50238780bc7a_G8K45_14279854","Azure ESTS Service","ApplicationManagement","c5bb6b89-baaf-49f5-87ca-50238780bc7a","Core Directory","Assign","success","e1359286-d6c0-418b-9c27-8a84d6690331","Microsoft Graph","ServicePrincipal",,"ServicePrincipal.Name",,"""https://saasapplicationsadmindatto.onmicrosoft.com/production3,d7db2a1c-c38b-4bd1-a30f-0915167ba928""","User-Agent: EvoSTS; AppId: 00000003-0000-0000-c000-000000000000; ServicePrincipalProvisioningType: Consent",""
"2026-08-14T14:25:52.0468588Z","Add app role assignment to service principal","Directory_c5bb6b89-baaf-49f5-87ca-50238780bc7a_G8K45_14279854","Azure ESTS Service","ApplicationManagement","c5bb6b89-baaf-49f5-87ca-50238780bc7a","Core Directory","Assign","success","e1359286-d6c0-418b-9c27-8a84d6690331","Microsoft Graph","ServicePrincipal",,"TargetId.ServicePrincipalNames",,"""00000003-0000-0000-c000-000000000000;00000003-0000-0000-c000-000000000000/ags.windows.net;https://ags.windows.net;https://graph.microsoft.us;https://graph.microsoft.com;https://canary.graph.microsoft.com;https://graph.microsoft.com/;https://dod-graph.microsoft.us;https://dod-graph.microsoft.us/;https://graph.microsoft.us/;https://canary.graph.microsoft.com/""","User-Agent: EvoSTS; AppId: 00000003-0000-0000-c000-000000000000; ServicePrincipalProvisioningType: Consent",""
"2026-08-14T14:25:52.0468588Z","Add app role assignment to service principal","Directory_c5bb6b89-baaf-49f5-87ca-50238780bc7a_G8K45_14279854","Azure ESTS Service","ApplicationManagement","c5bb6b89-baaf-49f5-87ca-50238780bc7a","Core Directory","Assign","success","b3db957f-1c6d-4960-a005-c45a7485987f","https://saasapplicationsadmindatto.onmicrosoft.com/production3,d7db2a1c-c38b-4bd1-a30f-0915167ba928","ServicePrincipal",,,,,"User-Agent: EvoSTS; AppId: 00000003-0000-0000-c000-000000000000; ServicePrincipalProvisioningType: Consent",""
"2026-08-14T14:25:51.9308616Z","Add app role assignment to service principal","Directory_c5bb6b89-baaf-49f5-87ca-50238780bc7a_G8K45_14279827","Azure ESTS Service","ApplicationManagement","c5bb6b89-baaf-49f5-87ca-50238780bc7a","Core Directory","Assign","success","e1359286-d6c0-418b-9c27-8a84d6690331","Microsoft Graph","ServicePrincipal",,"AppRole.Id",,"""0c0bf378-bf22-4481-8f81-9e89a9b4960a""","User-Agent: EvoSTS; AppId: 00000003-0000-0000-c000-000000000000; ServicePrincipalProvisioningType: Consent",""
"2026-08-14T14:25:51.9308616Z","Add app role assignment to service principal","Directory_c5bb6b89-baaf-49f5-87ca-50238780bc7a_G8K45_14279827","Azure ESTS Service","ApplicationManagement","c5bb6b89-baaf-49f5-87ca-50238780bc7a","Core Directory","Assign","success","e1359286-d6c0-418b-9c27-8a84d6690331","Microsoft Graph","ServicePrincipal",,"AppRole.Value",,"""Sites.Manage.All""","User-Agent: EvoSTS; AppId: 00000003-0000-0000-c000-000000000000; ServicePrincipalProvisioningType: Consent",""
"2026-08-14T14:25:51.9308616Z","Add app role assignment to service principal","Directory_c5bb6b89-baaf-49f5-87ca-50238780bc7a_G8K45_14279827","Azure ESTS Service","ApplicationManagement","c5bb6b89-baaf-49f5-87ca-50238780bc7a","Core Directory","Assign","success","e1359286-d6c0-418b-9c27-8a84d6690331","Microsoft Graph","ServicePrincipal",,"AppRole.DisplayName",,"""Create, edit, and delete items and lists in all site collections""","User-Agent: EvoSTS; AppId: 00000003-0000-0000-c000-000000000000; ServicePrincipalProvisioningType: Consent",""
"2026-08-14T14:25:51.9308616Z","Add app role assignment to service principal","Directory_c5bb6b89-baaf-49f5-87ca-50238780bc7a_G8K45_14279827","Azure ESTS Service","ApplicationManagement","c5bb6b89-baaf-49f5-87ca-50238780bc7a","Core Directory","Assign","success","e1359286-d6c0-418b-9c27-8a84d6690331","Microsoft Graph","ServicePrincipal",,"AppRoleAssignment.CreatedDateTime",,"""2026-08-14T14:25:51.8498609Z""","User-Agent: EvoSTS; AppId: 00000003-0000-0000-c000-000000000000; ServicePrincipalProvisioningType: Consent",""
"2026-08-14T14:25:51.9308616Z","Add app role assignment to service principal","Directory_c5bb6b89-baaf-49f5-87ca-50238780bc7a_G8K45_14279827","Azure ESTS Service","ApplicationManagement","c5bb6b89-baaf-49f5-87ca-50238780bc7a","Core Directory","Assign","success","e1359286-d6c0-418b-9c27-8a84d6690331","Microsoft Graph","ServicePrincipal",,"AppRoleAssignment.LastModifiedDateTime",,"""2026-08-14T14:25:51.8498609Z""","User-Agent: EvoSTS; AppId: 00000003-0000-0000-c000-000000000000; ServicePrincipalProvisioningType: Consent",""
"2026-08-14T14:25:51.9308616Z","Add app role assignment to service principal","Directory_c5bb6b89-baaf-49f5-87ca-50238780bc7a_G8K45_14279827","Azure ESTS Service","ApplicationManagement","c5bb6b89-baaf-49f5-87ca-50238780bc7a","Core Directory","Assign","success","e1359286-d6c0-418b-9c27-8a84d6690331","Microsoft Graph","ServicePrincipal",,"ServicePrincipal.ObjectID",,"""b3db957f-1c6d-4960-a005-c45a7485987f""","User-Agent: EvoSTS; AppId: 00000003-0000-0000-c000-000000000000; ServicePrincipalProvisioningType: Consent",""
"2026-08-14T14:25:51.9308616Z","Add app role assignment to service principal","Directory_c5bb6b89-baaf-49f5-87ca-50238780bc7a_G8K45_14279827","Azure ESTS Service","ApplicationManagement","c5bb6b89-baaf-49f5-87ca-50238780bc7a","Core Directory","Assign","success","e1359286-d6c0-418b-9c27-8a84d6690331","Microsoft Graph","ServicePrincipal",,"ServicePrincipal.DisplayName",,"""Backupify""","User-Agent: EvoSTS; AppId: 00000003-0000-0000-c000-000000000000; ServicePrincipalProvisioningType: Consent",""
"2026-08-14T14:25:51.9308616Z","Add app role assignment to service principal","Directory_c5bb6b89-baaf-49f5-87ca-50238780bc7a_G8K45_14279827","Azure ESTS Service","ApplicationManagement","c5bb6b89-baaf-49f5-87ca-50238780bc7a","Core Directory","Assign","success","e1359286-d6c0-418b-9c27-8a84d6690331","Microsoft Graph","ServicePrincipal",,"ServicePrincipal.AppId",,"""d7db2a1c-c38b-4bd1-a30f-0915167ba928""","User-Agent: EvoSTS; AppId: 00000003-0000-0000-c000-000000000000; ServicePrincipalProvisioningType: Consent",""
"2026-08-14T14:25:51.9308616Z","Add app role assignment to service principal","Directory_c5bb6b89-baaf-49f5-87ca-50238780bc7a_G8K45_14279827","Azure ESTS Service","ApplicationManagement","c5bb6b89-baaf-49f5-87ca-50238780bc7a","Core Directory","Assign","success","e1359286-d6c0-418b-9c27-8a84d6690331","Microsoft Graph","ServicePrincipal",,"ServicePrincipal.Name",,"""https://saasapplicationsadmindatto.onmicrosoft.com/production3,d7db2a1c-c38b-4bd1-a30f-0915167ba928""","User-Agent: EvoSTS; AppId: 00000003-0000-0000-c000-000000000000; ServicePrincipalProvisioningType: Consent",""
"2026-08-14T14:25:51.9308616Z","Add app role assignment to service principal","Directory_c5bb6b89-baaf-49f5-87ca-50238780bc7a_G8K45_14279827","Azure ESTS Service","ApplicationManagement","c5bb6b89-baaf-49f5-87ca-50238780bc7a","Core Directory","Assign","success","e1359286-d6c0-418b-9c27-8a84d6690331","Microsoft Graph","ServicePrincipal",,"TargetId.ServicePrincipalNames",,"""00000003-0000-0000-c000-000000000000;00000003-0000-0000-c000-000000000000/ags.windows.net;https://ags.windows.net;https://graph.microsoft.us;https://graph.microsoft.com;https://canary.graph.microsoft.com;https://graph.microsoft.com/;https://dod-graph.microsoft.us;https://dod-graph.microsoft.us/;https://graph.microsoft.us/;https://canary.graph.microsoft.com/""","User-Agent: EvoSTS; AppId: 00000003-0000-0000-c000-000000000000; ServicePrincipalProvisioningType: Consent",""
"2026-08-14T14:25:51.9308616Z","Add app role assignment to service principal","Directory_c5bb6b89-baaf-49f5-87ca-50238780bc7a_G8K45_14279827","Azure ESTS Service","ApplicationManagement","c5bb6b89-baaf-49f5-87ca-50238780bc7a","Core Directory","Assign","success","b3db957f-1c6d-4960-a005-c45a7485987f","https://saasapplicationsadmindatto.onmicrosoft.com/production3,d7db2a1c-c38b-4bd1-a30f-0915167ba928","ServicePrincipal",,,,,"User-Agent: EvoSTS; AppId: 00000003-0000-0000-c000-000000000000; ServicePrincipalProvisioningType: Consent",""
"2026-08-14T14:25:51.8198676Z","Add app role assignment to service principal","Directory_c5bb6b89-baaf-49f5-87ca-50238780bc7a_G8K45_14279807","Azure ESTS Service","ApplicationManagement","c5bb6b89-baaf-49f5-87ca-50238780bc7a","Core Directory","Assign","success","e1359286-d6c0-418b-9c27-8a84d6690331","Microsoft Graph","ServicePrincipal",,"AppRole.Id",,"""a82116e5-55eb-4c41-a434-62fe8a61c773""","User-Agent: EvoSTS; AppId: 00000003-0000-0000-c000-000000000000; ServicePrincipalProvisioningType: Consent",""
"2026-08-14T14:25:51.8198676Z","Add app role assignment to service principal","Directory_c5bb6b89-baaf-49f5-87ca-50238780bc7a_G8K45_14279807","Azure ESTS Service","ApplicationManagement","c5bb6b89-baaf-49f5-87ca-50238780bc7a","Core Directory","Assign","success","e1359286-d6c0-418b-9c27-8a84d6690331","Microsoft Graph","ServicePrincipal",,"AppRole.Value",,"""Sites.FullControl.All""","User-Agent: EvoSTS; AppId: 00000003-0000-0000-c000-000000000000; ServicePrincipalProvisioningType: Consent",""
"2026-08-14T14:25:51.8198676Z","Add app role assignment to service principal","Directory_c5bb6b89-baaf-49f5-87ca-50238780bc7a_G8K45_14279807","Azure ESTS Service","ApplicationManagement","c5bb6b89-baaf-49f5-87ca-50238780bc7a","Core Directory","Assign","success","e1359286-d6c0-418b-9c27-8a84d6690331","Microsoft Graph","ServicePrincipal",,"AppRole.DisplayName",,"""Have full control of all site collections""","User-Agent: EvoSTS; AppId: 00000003-0000-0000-c000-000000000000; ServicePrincipalProvisioningType: Consent",""
"2026-08-14T14:25:51.8198676Z","Add app role assignment to service principal","Directory_c5bb6b89-baaf-49f5-87ca-50238780bc7a_G8K45_14279807","Azure ESTS Service","ApplicationManagement","c5bb6b89-baaf-49f5-87ca-50238780bc7a","Core Directory","Assign","success","e1359286-d6c0-418b-9c27-8a84d6690331","Microsoft Graph","ServicePrincipal",,"AppRoleAssignment.CreatedDateTime",,"""2026-08-14T14:25:51.7388709Z""","User-Agent: EvoSTS; AppId: 00000003-0000-0000-c000-000000000000; ServicePrincipalProvisioningType: Consent",""
"2026-08-14T14:25:51.8198676Z","Add app role assignment to service principal","Directory_c5bb6b89-baaf-49f5-87ca-50238780bc7a_G8K45_14279807","Azure ESTS Service","ApplicationManagement","c5bb6b89-baaf-49f5-87ca-50238780bc7a","Core Directory","Assign","success","e1359286-d6c0-418b-9c27-8a84d6690331","Microsoft Graph","ServicePrincipal",,"AppRoleAssignment.LastModifiedDateTime",,"""2026-08-14T14:25:51.7388709Z""","User-Agent: EvoSTS; AppId: 00000003-0000-0000-c000-000000000000; ServicePrincipalProvisioningType: Consent",""
"2026-08-14T14:25:51.8198676Z","Add app role assignment to service principal","Directory_c5bb6b89-baaf-49f5-87ca-50238780bc7a_G8K45_14279807","Azure ESTS Service","ApplicationManagement","c5bb6b89-baaf-49f5-87ca-50238780bc7a","Core Directory","Assign","success","e1359286-d6c0-418b-9c27-8a84d6690331","Microsoft Graph","ServicePrincipal",,"ServicePrincipal.ObjectID",,"""b3db957f-1c6d-4960-a005-c45a7485987f""","User-Agent: EvoSTS; AppId: 00000003-0000-0000-c000-000000000000; ServicePrincipalProvisioningType: Consent",""
"2026-08-14T14:25:51.8198676Z","Add app role assignment to service principal","Directory_c5bb6b89-baaf-49f5-87ca-50238780bc7a_G8K45_14279807","Azure ESTS Service","ApplicationManagement","c5bb6b89-baaf-49f5-87ca-50238780bc7a","Core Directory","Assign","success","e1359286-d6c0-418b-9c27-8a84d6690331","Microsoft Graph","ServicePrincipal",,"ServicePrincipal.DisplayName",,"""Backupify""","User-Agent: EvoSTS; AppId: 00000003-0000-0000-c000-000000000000; ServicePrincipalProvisioningType: Consent",""
"2026-08-14T14:25:51.8198676Z","Add app role assignment to service principal","Directory_c5bb6b89-baaf-49f5-87ca-50238780bc7a_G8K45_14279807","Azure ESTS Service","ApplicationManagement","c5bb6b89-baaf-49f5-87ca-50238780bc7a","Core Directory","Assign","success","e1359286-d6c0-418b-9c27-8a84d6690331","Microsoft Graph","ServicePrincipal",,"ServicePrincipal.AppId",,"""d7db2a1c-c38b-4bd1-a30f-0915167ba928""","User-Agent: EvoSTS; AppId: 00000003-0000-0000-c000-000000000000; ServicePrincipalProvisioningType: Consent",""
"2026-08-14T14:25:51.8198676Z","Add app role assignment to service principal","Directory_c5bb6b89-baaf-49f5-87ca-50238780bc7a_G8K45_14279807","Azure ESTS Service","ApplicationManagement","c5bb6b89-baaf-49f5-87ca-50238780bc7a","Core Directory","Assign","success","e1359286-d6c0-418b-9c27-8a84d6690331","Microsoft Graph","ServicePrincipal",,"ServicePrincipal.Name",,"""https://saasapplicationsadmindatto.onmicrosoft.com/production3,d7db2a1c-c38b-4bd1-a30f-0915167ba928""","User-Agent: EvoSTS; AppId: 00000003-0000-0000-c000-000000000000; ServicePrincipalProvisioningType: Consent",""
"2026-08-14T14:25:51.8198676Z","Add app role assignment to service principal","Directory_c5bb6b89-baaf-49f5-87ca-50238780bc7a_G8K45_14279807","Azure ESTS Service","ApplicationManagement","c5bb6b89-baaf-49f5-87ca-50238780bc7a","Core Directory","Assign","success","e1359286-d6c0-418b-9c27-8a84d6690331","Microsoft Graph","ServicePrincipal",,"TargetId.ServicePrincipalNames",,"""00000003-0000-0000-c000-000000000000;00000003-0000-0000-c000-000000000000/ags.windows.net;https://ags.windows.net;https://graph.microsoft.us;https://graph.microsoft.com;https://canary.graph.microsoft.com;https://graph.microsoft.com/;https://dod-graph.microsoft.us;https://dod-graph.microsoft.us/;https://graph.microsoft.us/;https://canary.graph.microsoft.com/""","User-Agent: EvoSTS; AppId: 00000003-0000-0000-c000-000000000000; ServicePrincipalProvisioningType: Consent",""
"2026-08-14T14:25:51.8198676Z","Add app role assignment to service principal","Directory_c5bb6b89-baaf-49f5-87ca-50238780bc7a_G8K45_14279807","Azure ESTS Service","ApplicationManagement","c5bb6b89-baaf-49f5-87ca-50238780bc7a","Core Directory","Assign","success","b3db957f-1c6d-4960-a005-c45a7485987f","https://saasapplicationsadmindatto.onmicrosoft.com/production3,d7db2a1c-c38b-4bd1-a30f-0915167ba928","ServicePrincipal",,,,,"User-Agent: EvoSTS; AppId: 00000003-0000-0000-c000-000000000000; ServicePrincipalProvisioningType: Consent",""
"2026-08-14T14:25:51.7088637Z","Add app role assignment to service principal","Directory_c5bb6b89-baaf-49f5-87ca-50238780bc7a_G8K45_14279726","Azure ESTS Service","ApplicationManagement","c5bb6b89-baaf-49f5-87ca-50238780bc7a","Core Directory","Assign","success","e1359286-d6c0-418b-9c27-8a84d6690331","Microsoft Graph","ServicePrincipal",,"AppRole.Id",,"""230c1aed-a721-4c5d-9cb4-a90514e508ef""","User-Agent: EvoSTS; AppId: 00000003-0000-0000-c000-000000000000; ServicePrincipalProvisioningType: Consent",""
"2026-08-14T14:25:51.7088637Z","Add app role assignment to service principal","Directory_c5bb6b89-baaf-49f5-87ca-50238780bc7a_G8K45_14279726","Azure ESTS Service","ApplicationManagement","c5bb6b89-baaf-49f5-87ca-50238780bc7a","Core Directory","Assign","success","e1359286-d6c0-418b-9c27-8a84d6690331","Microsoft Graph","ServicePrincipal",,"AppRole.Value",,"""Reports.Read.All""","User-Agent: EvoSTS; AppId: 00000003-0000-0000-c000-000000000000; ServicePrincipalProvisioningType: Consent",""
"2026-08-14T14:25:51.7088637Z","Add app role assignment to service principal","Directory_c5bb6b89-baaf-49f5-87ca-50238780bc7a_G8K45_14279726","Azure ESTS Service","ApplicationManagement","c5bb6b89-baaf-49f5-87ca-50238780bc7a","Core Directory","Assign","success","e1359286-d6c0-418b-9c27-8a84d6690331","Microsoft Graph","ServicePrincipal",,"AppRole.DisplayName",,"""Read all usage reports""","User-Agent: EvoSTS; AppId: 00000003-0000-0000-c000-000000000000; ServicePrincipalProvisioningType: Consent",""
"2026-08-14T14:25:51.7088637Z","Add app role assignment to service principal","Directory_c5bb6b89-baaf-49f5-87ca-50238780bc7a_G8K45_14279726","Azure ESTS Service","ApplicationManagement","c5bb6b89-baaf-49f5-87ca-50238780bc7a","Core Directory","Assign","success","e1359286-d6c0-418b-9c27-8a84d6690331","Microsoft Graph","ServicePrincipal",,"AppRoleAssignment.CreatedDateTime",,"""2026-08-14T14:25:51.627859Z""","User-Agent: EvoSTS; AppId: 00000003-0000-0000-c000-000000000000; ServicePrincipalProvisioningType: Consent",""
"2026-08-14T14:25:51.7088637Z","Add app role assignment to service principal","Directory_c5bb6b89-baaf-49f5-87ca-50238780bc7a_G8K45_14279726","Azure ESTS Service","ApplicationManagement","c5bb6b89-baaf-49f5-87ca-50238780bc7a","Core Directory","Assign","success","e1359286-d6c0-418b-9c27-8a84d6690331","Microsoft Graph","ServicePrincipal",,"AppRoleAssignment.LastModifiedDateTime",,"""2026-08-14T14:25:51.627859Z""","User-Agent: EvoSTS; AppId: 00000003-0000-0000-c000-000000000000; ServicePrincipalProvisioningType: Consent",""
"2026-08-14T14:25:51.7088637Z","Add app role assignment to service principal","Directory_c5bb6b89-baaf-49f5-87ca-50238780bc7a_G8K45_14279726","Azure ESTS Service","ApplicationManagement","c5bb6b89-baaf-49f5-87ca-50238780bc7a","Core Directory","Assign","success","e1359286-d6c0-418b-9c27-8a84d6690331","Microsoft Graph","ServicePrincipal",,"ServicePrincipal.ObjectID",,"""b3db957f-1c6d-4960-a005-c45a7485987f""","User-Agent: EvoSTS; AppId: 00000003-0000-0000-c000-000000000000; ServicePrincipalProvisioningType: Consent",""
"2026-08-14T14:25:51.7088637Z","Add app role assignment to service principal","Directory_c5bb6b89-baaf-49f5-87ca-50238780bc7a_G8K45_14279726","Azure ESTS Service","ApplicationManagement","c5bb6b89-baaf-49f5-87ca-50238780bc7a","Core Directory","Assign","success","e1359286-d6c0-418b-9c27-8a84d6690331","Microsoft Graph","ServicePrincipal",,"ServicePrincipal.DisplayName",,"""Backupify""","User-Agent: EvoSTS; AppId: 00000003-0000-0000-c000-000000000000; ServicePrincipalProvisioningType: Consent",""
"2026-08-14T14:25:51.7088637Z","Add app role assignment to service principal","Directory_c5bb6b89-baaf-49f5-87ca-50238780bc7a_G8K45_14279726","Azure ESTS Service","ApplicationManagement","c5bb6b89-baaf-49f5-87ca-50238780bc7a","Core Directory","Assign","success","e1359286-d6c0-418b-9c27-8a84d6690331","Microsoft Graph","ServicePrincipal",,"ServicePrincipal.AppId",,"""d7db2a1c-c38b-4bd1-a30f-0915167ba928""","User-Agent: EvoSTS; AppId: 00000003-0000-0000-c000-000000000000; ServicePrincipalProvisioningType: Consent",""
"2026-08-14T14:25:51.7088637Z","Add app role assignment to service principal","Directory_c5bb6b89-baaf-49f5-87ca-50238780bc7a_G8K45_14279726","Azure ESTS Service","ApplicationManagement","c5bb6b89-baaf-49f5-87ca-50238780bc7a","Core Directory","Assign","success","e1359286-d6c0-418b-9c27-8a84d6690331","Microsoft Graph","ServicePrincipal",,"ServicePrincipal.Name",,"""https://saasapplicationsadmindatto.onmicrosoft.com/production3,d7db2a1c-c38b-4bd1-a30f-0915167ba928""","User-Agent: EvoSTS; AppId: 00000003-0000-0000-c000-000000000000; ServicePrincipalProvisioningType: Consent",""
"2026-08-14T14:25:51.7088637Z","Add app role assignment to service principal","Directory_c5bb6b89-baaf-49f5-87ca-50238780bc7a_G8K45_14279726","Azure ESTS Service","ApplicationManagement","c5bb6b89-baaf-49f5-87ca-50238780bc7a","Core Directory","Assign","success","e1359286-d6c0-418b-9c27-8a84d6690331","Microsoft Graph","ServicePrincipal",,"TargetId.ServicePrincipalNames",,"""00000003-0000-0000-c000-000000000000;00000003-0000-0000-c000-000000000000/ags.windows.net;https://ags.windows.net;https://graph.microsoft.us;https://graph.microsoft.com;https://canary.graph.microsoft.com;https://graph.microsoft.com/;https://dod-graph.microsoft.us;https://dod-graph.microsoft.us/;https://graph.microsoft.us/;https://canary.graph.microsoft.com/""","User-Agent: EvoSTS; AppId: 00000003-0000-0000-c000-000000000000; ServicePrincipalProvisioningType: Consent",""
"2026-08-14T14:25:51.7088637Z","Add app role assignment to service principal","Directory_c5bb6b89-baaf-49f5-87ca-50238780bc7a_G8K45_14279726","Azure ESTS Service","ApplicationManagement","c5bb6b89-baaf-49f5-87ca-50238780bc7a","Core Directory","Assign","success","b3db957f-1c6d-4960-a005-c45a7485987f","https://saasapplicationsadmindatto.onmicrosoft.com/production3,d7db2a1c-c38b-4bd1-a30f-0915167ba928","ServicePrincipal",,,,,"User-Agent: EvoSTS; AppId: 00000003-0000-0000-c000-000000000000; ServicePrincipalProvisioningType: Consent",""
"2026-08-14T14:25:51.5968593Z","Add app role assignment to service principal","Directory_c5bb6b89-baaf-49f5-87ca-50238780bc7a_G8K45_14279664","Azure ESTS Service","ApplicationManagement","c5bb6b89-baaf-49f5-87ca-50238780bc7a","Core Directory","Assign","success","e1359286-d6c0-418b-9c27-8a84d6690331","Microsoft Graph","ServicePrincipal",,"AppRole.Id",,"""b528084d-ad10-4598-8b93-929746b4d7d6""","User-Agent: EvoSTS; AppId: 00000003-0000-0000-c000-000000000000; ServicePrincipalProvisioningType: Consent",""
"2026-08-14T14:25:51.5968593Z","Add app role assignment to service principal","Directory_c5bb6b89-baaf-49f5-87ca-50238780bc7a_G8K45_14279664","Azure ESTS Service","ApplicationManagement","c5bb6b89-baaf-49f5-87ca-50238780bc7a","Core Directory","Assign","success","e1359286-d6c0-418b-9c27-8a84d6690331","Microsoft Graph","ServicePrincipal",,"AppRole.Value",,"""People.Read.All""","User-Agent: EvoSTS; AppId: 00000003-0000-0000-c000-000000000000; ServicePrincipalProvisioningType: Consent",""
"2026-08-14T14:25:51.5968593Z","Add app role assignment to service principal","Directory_c5bb6b89-baaf-49f5-87ca-50238780bc7a_G8K45_14279664","Azure ESTS Service","ApplicationManagement","c5bb6b89-baaf-49f5-87ca-50238780bc7a","Core Directory","Assign","success","e1359286-d6c0-418b-9c27-8a84d6690331","Microsoft Graph","ServicePrincipal",,"AppRole.DisplayName",,"""Read all users' relevant people lists""","User-Agent: EvoSTS; AppId: 00000003-0000-0000-c000-000000000000; ServicePrincipalProvisioningType: Consent",""
"2026-08-14T14:25:51.5968593Z","Add app role assignment to service principal","Directory_c5bb6b89-baaf-49f5-87ca-50238780bc7a_G8K45_14279664","Azure ESTS Service","ApplicationManagement","c5bb6b89-baaf-49f5-87ca-50238780bc7a","Core Directory","Assign","success","e1359286-d6c0-418b-9c27-8a84d6690331","Microsoft Graph","ServicePrincipal",,"AppRoleAssignment.CreatedDateTime",,"""2026-08-14T14:25:51.5178636Z""","User-Agent: EvoSTS; AppId: 00000003-0000-0000-c000-000000000000; ServicePrincipalProvisioningType: Consent",""
"2026-08-14T14:25:51.5968593Z","Add app role assignment to service principal","Directory_c5bb6b89-baaf-49f5-87ca-50238780bc7a_G8K45_14279664","Azure ESTS Service","ApplicationManagement","c5bb6b89-baaf-49f5-87ca-50238780bc7a","Core Directory","Assign","success","e1359286-d6c0-418b-9c27-8a84d6690331","Microsoft Graph","ServicePrincipal",,"AppRoleAssignment.LastModifiedDateTime",,"""2026-08-14T14:25:51.5178636Z""","User-Agent: EvoSTS; AppId: 00000003-0000-0000-c000-000000000000; ServicePrincipalProvisioningType: Consent",""
"2026-08-14T14:25:51.5968593Z","Add app role assignment to service principal","Directory_c5bb6b89-baaf-49f5-87ca-50238780bc7a_G8K45_14279664","Azure ESTS Service","ApplicationManagement","c5bb6b89-baaf-49f5-87ca-50238780bc7a","Core Directory","Assign","success","e1359286-d6c0-418b-9c27-8a84d6690331","Microsoft Graph","ServicePrincipal",,"ServicePrincipal.ObjectID",,"""b3db957f-1c6d-4960-a005-c45a7485987f""","User-Agent: EvoSTS; AppId: 00000003-0000-0000-c000-000000000000; ServicePrincipalProvisioningType: Consent",""
"2026-08-14T14:25:51.5968593Z","Add app role assignment to service principal","Directory_c5bb6b89-baaf-49f5-87ca-50238780bc7a_G8K45_14279664","Azure ESTS Service","ApplicationManagement","c5bb6b89-baaf-49f5-87ca-50238780bc7a","Core Directory","Assign","success","e1359286-d6c0-418b-9c27-8a84d6690331","Microsoft Graph","ServicePrincipal",,"ServicePrincipal.DisplayName",,"""Backupify""","User-Agent: EvoSTS; AppId: 00000003-0000-0000-c000-000000000000; ServicePrincipalProvisioningType: Consent",""
"2026-08-14T14:25:51.5968593Z","Add app role assignment to service principal","Directory_c5bb6b89-baaf-49f5-87ca-50238780bc7a_G8K45_14279664","Azure ESTS Service","ApplicationManagement","c5bb6b89-baaf-49f5-87ca-50238780bc7a","Core Directory","Assign","success","e1359286-d6c0-418b-9c27-8a84d6690331","Microsoft Graph","ServicePrincipal",,"ServicePrincipal.AppId",,"""d7db2a1c-c38b-4bd1-a30f-0915167ba928""","User-Agent: EvoSTS; AppId: 00000003-0000-0000-c000-000000000000; ServicePrincipalProvisioningType: Consent",""
"2026-08-14T14:25:51.5968593Z","Add app role assignment to service principal","Directory_c5bb6b89-baaf-49f5-87ca-50238780bc7a_G8K45_14279664","Azure ESTS Service","ApplicationManagement","c5bb6b89-baaf-49f5-87ca-50238780bc7a","Core Directory","Assign","success","e1359286-d6c0-418b-9c27-8a84d6690331","Microsoft Graph","ServicePrincipal",,"ServicePrincipal.Name",,"""https://saasapplicationsadmindatto.onmicrosoft.com/production3,d7db2a1c-c38b-4bd1-a30f-0915167ba928""","User-Agent: EvoSTS; AppId: 00000003-0000-0000-c000-000000000000; ServicePrincipalProvisioningType: Consent",""
"2026-08-14T14:25:51.5968593Z","Add app role assignment to service principal","Directory_c5bb6b89-baaf-49f5-87ca-50238780bc7a_G8K45_14279664","Azure ESTS Service","ApplicationManagement","c5bb6b89-baaf-49f5-87ca-50238780bc7a","Core Directory","Assign","success","e1359286-d6c0-418b-9c27-8a84d6690331","Microsoft Graph","ServicePrincipal",,"TargetId.ServicePrincipalNames",,"""00000003-0000-0000-c000-000000000000;00000003-0000-0000-c000-000000000000/ags.windows.net;https://ags.windows.net;https://graph.microsoft.us;https://graph.microsoft.com;https://canary.graph.microsoft.com;https://graph.microsoft.com/;https://dod-graph.microsoft.us;https://dod-graph.microsoft.us/;https://graph.microsoft.us/;https://canary.graph.microsoft.com/""","User-Agent: EvoSTS; AppId: 00000003-0000-0000-c000-000000000000; ServicePrincipalProvisioningType: Consent",""
"2026-08-14T14:25:51.5968593Z","Add app role assignment to service principal","Directory_c5bb6b89-baaf-49f5-87ca-50238780bc7a_G8K45_14279664","Azure ESTS Service","ApplicationManagement","c5bb6b89-baaf-49f5-87ca-50238780bc7a","Core Directory","Assign","success","b3db957f-1c6d-4960-a005-c45a7485987f","https://saasapplicationsadmindatto.onmicrosoft.com/production3,d7db2a1c-c38b-4bd1-a30f-0915167ba928","ServicePrincipal",,,,,"User-Agent: EvoSTS; AppId: 00000003-0000-0000-c000-000000000000; ServicePrincipalProvisioningType: Consent",""
"2026-08-14T14:25:51.4868656Z","Add app role assignment to service principal","Directory_c5bb6b89-baaf-49f5-87ca-50238780bc7a_G8K45_14279558","Azure ESTS Service","ApplicationManagement","c5bb6b89-baaf-49f5-87ca-50238780bc7a","Core Directory","Assign","success","e1359286-d6c0-418b-9c27-8a84d6690331","Microsoft Graph","ServicePrincipal",,"AppRole.Id",,"""0c458cef-11f3-48c2-a568-c66751c238c0""","User-Agent: EvoSTS; AppId: 00000003-0000-0000-c000-000000000000; ServicePrincipalProvisioningType: Consent",""
"2026-08-14T14:25:51.4868656Z","Add app role assignment to service principal","Directory_c5bb6b89-baaf-49f5-87ca-50238780bc7a_G8K45_14279558","Azure ESTS Service","ApplicationManagement","c5bb6b89-baaf-49f5-87ca-50238780bc7a","Core Directory","Assign","success","e1359286-d6c0-418b-9c27-8a84d6690331","Microsoft Graph","ServicePrincipal",,"AppRole.Value",,"""Notes.ReadWrite.All""","User-Agent: EvoSTS; AppId: 00000003-0000-0000-c000-000000000000; ServicePrincipalProvisioningType: Consent",""
"2026-08-14T14:25:51.4868656Z","Add app role assignment to service principal","Directory_c5bb6b89-baaf-49f5-87ca-50238780bc7a_G8K45_14279558","Azure ESTS Service","ApplicationManagement","c5bb6b89-baaf-49f5-87ca-50238780bc7a","Core Directory","Assign","success","e1359286-d6c0-418b-9c27-8a84d6690331","Microsoft Graph","ServicePrincipal",,"AppRole.DisplayName",,"""Read and write all OneNote notebooks""","User-Agent: EvoSTS; AppId: 00000003-0000-0000-c000-000000000000; ServicePrincipalProvisioningType: Consent",""
"2026-08-14T14:25:51.4868656Z","Add app role assignment to service principal","Directory_c5bb6b89-baaf-49f5-87ca-50238780bc7a_G8K45_14279558","Azure ESTS Service","ApplicationManagement","c5bb6b89-baaf-49f5-87ca-50238780bc7a","Core Directory","Assign","success","e1359286-d6c0-418b-9c27-8a84d6690331","Microsoft Graph","ServicePrincipal",,"AppRoleAssignment.CreatedDateTime",,"""2026-08-14T14:25:51.401865Z""","User-Agent: EvoSTS; AppId: 00000003-0000-0000-c000-000000000000; ServicePrincipalProvisioningType: Consent",""
"2026-08-14T14:25:51.4868656Z","Add app role assignment to service principal","Directory_c5bb6b89-baaf-49f5-87ca-50238780bc7a_G8K45_14279558","Azure ESTS Service","ApplicationManagement","c5bb6b89-baaf-49f5-87ca-50238780bc7a","Core Directory","Assign","success","e1359286-d6c0-418b-9c27-8a84d6690331","Microsoft Graph","ServicePrincipal",,"AppRoleAssignment.LastModifiedDateTime",,"""2026-08-14T14:25:51.401865Z""","User-Agent: EvoSTS; AppId: 00000003-0000-0000-c000-000000000000; ServicePrincipalProvisioningType: Consent",""
"2026-08-14T14:25:51.4868656Z","Add app role assignment to service principal","Directory_c5bb6b89-baaf-49f5-87ca-50238780bc7a_G8K45_14279558","Azure ESTS Service","ApplicationManagement","c5bb6b89-baaf-49f5-87ca-50238780bc7a","Core Directory","Assign","success","e1359286-d6c0-418b-9c27-8a84d6690331","Microsoft Graph","ServicePrincipal",,"ServicePrincipal.ObjectID",,"""b3db957f-1c6d-4960-a005-c45a7485987f""","User-Agent: EvoSTS; AppId: 00000003-0000-0000-c000-000000000000; ServicePrincipalProvisioningType: Consent",""
"2026-08-14T14:25:51.4868656Z","Add app role assignment to service principal","Directory_c5bb6b89-baaf-49f5-87ca-50238780bc7a_G8K45_14279558","Azure ESTS Service","ApplicationManagement","c5bb6b89-baaf-49f5-87ca-50238780bc7a","Core Directory","Assign","success","e1359286-d6c0-418b-9c27-8a84d6690331","Microsoft Graph","ServicePrincipal",,"ServicePrincipal.DisplayName",,"""Backupify""","User-Agent: EvoSTS; AppId: 00000003-0000-0000-c000-000000000000; ServicePrincipalProvisioningType: Consent",""
"2026-08-14T14:25:51.4868656Z","Add app role assignment to service principal","Directory_c5bb6b89-baaf-49f5-87ca-50238780bc7a_G8K45_14279558","Azure ESTS Service","ApplicationManagement","c5bb6b89-baaf-49f5-87ca-50238780bc7a","Core Directory","Assign","success","e1359286-d6c0-418b-9c27-8a84d6690331","Microsoft Graph","ServicePrincipal",,"ServicePrincipal.AppId",,"""d7db2a1c-c38b-4bd1-a30f-0915167ba928""","User-Agent: EvoSTS; AppId: 00000003-0000-0000-c000-000000000000; ServicePrincipalProvisioningType: Consent",""
"2026-08-14T14:25:51.4868656Z","Add app role assignment to service principal","Directory_c5bb6b89-baaf-49f5-87ca-50238780bc7a_G8K45_14279558","Azure ESTS Service","ApplicationManagement","c5bb6b89-baaf-49f5-87ca-50238780bc7a","Core Directory","Assign","success","e1359286-d6c0-418b-9c27-8a84d6690331","Microsoft Graph","ServicePrincipal",,"ServicePrincipal.Name",,"""https://saasapplicationsadmindatto.onmicrosoft.com/production3,d7db2a1c-c38b-4bd1-a30f-0915167ba928""","User-Agent: EvoSTS; AppId: 00000003-0000-0000-c000-000000000000; ServicePrincipalProvisioningType: Consent",""
"2026-08-14T14:25:51.4868656Z","Add app role assignment to service principal","Directory_c5bb6b89-baaf-49f5-87ca-50238780bc7a_G8K45_14279558","Azure ESTS Service","ApplicationManagement","c5bb6b89-baaf-49f5-87ca-50238780bc7a","Core Directory","Assign","success","e1359286-d6c0-418b-9c27-8a84d6690331","Microsoft Graph","ServicePrincipal",,"TargetId.ServicePrincipalNames",,"""00000003-0000-0000-c000-000000000000;00000003-0000-0000-c000-000000000000/ags.windows.net;https://ags.windows.net;https://graph.microsoft.us;https://graph.microsoft.com;https://canary.graph.microsoft.com;https://graph.microsoft.com/;https://dod-graph.microsoft.us;https://dod-graph.microsoft.us/;https://graph.microsoft.us/;https://canary.graph.microsoft.com/""","User-Agent: EvoSTS; AppId: 00000003-0000-0000-c000-000000000000; ServicePrincipalProvisioningType: Consent",""
"2026-08-14T14:25:51.4868656Z","Add app role assignment to service principal","Directory_c5bb6b89-baaf-49f5-87ca-50238780bc7a_G8K45_14279558","Azure ESTS Service","ApplicationManagement","c5bb6b89-baaf-49f5-87ca-50238780bc7a","Core Directory","Assign","success","b3db957f-1c6d-4960-a005-c45a7485987f","https://saasapplicationsadmindatto.onmicrosoft.com/production3,d7db2a1c-c38b-4bd1-a30f-0915167ba928","ServicePrincipal",,,,,"User-Agent: EvoSTS; AppId: 00000003-0000-0000-c000-000000000000; ServicePrincipalProvisioningType: Consent",""
"2026-08-14T14:25:51.3718663Z","Add app role assignment to service principal","Directory_c5bb6b89-baaf-49f5-87ca-50238780bc7a_G8K45_14279538","Azure ESTS Service","ApplicationManagement","c5bb6b89-baaf-49f5-87ca-50238780bc7a","Core Directory","Assign","success","e1359286-d6c0-418b-9c27-8a84d6690331","Microsoft Graph","ServicePrincipal",,"AppRole.Id",,"""3aeca27b-ee3a-4c2b-8ded-80376e2134a4""","User-Agent: EvoSTS; AppId: 00000003-0000-0000-c000-000000000000; ServicePrincipalProvisioningType: Consent",""
"2026-08-14T14:25:51.3718663Z","Add app role assignment to service principal","Directory_c5bb6b89-baaf-49f5-87ca-50238780bc7a_G8K45_14279538","Azure ESTS Service","ApplicationManagement","c5bb6b89-baaf-49f5-87ca-50238780bc7a","Core Directory","Assign","success","e1359286-d6c0-418b-9c27-8a84d6690331","Microsoft Graph","ServicePrincipal",,"AppRole.Value",,"""Notes.Read.All""","User-Agent: EvoSTS; AppId: 00000003-0000-0000-c000-000000000000; ServicePrincipalProvisioningType: Consent",""
"2026-08-14T14:25:51.3718663Z","Add app role assignment to service principal","Directory_c5bb6b89-baaf-49f5-87ca-50238780bc7a_G8K45_14279538","Azure ESTS Service","ApplicationManagement","c5bb6b89-baaf-49f5-87ca-50238780bc7a","Core Directory","Assign","success","e1359286-d6c0-418b-9c27-8a84d6690331","Microsoft Graph","ServicePrincipal",,"AppRole.DisplayName",,"""Read all OneNote notebooks""","User-Agent: EvoSTS; AppId: 00000003-0000-0000-c000-000000000000; ServicePrincipalProvisioningType: Consent",""
"2026-08-14T14:25:51.3718663Z","Add app role assignment to service principal","Directory_c5bb6b89-baaf-49f5-87ca-50238780bc7a_G8K45_14279538","Azure ESTS Service","ApplicationManagement","c5bb6b89-baaf-49f5-87ca-50238780bc7a","Core Directory","Assign","success","e1359286-d6c0-418b-9c27-8a84d6690331","Microsoft Graph","ServicePrincipal",,"AppRoleAssignment.CreatedDateTime",,"""2026-08-14T14:25:51.2828718Z""","User-Agent: EvoSTS; AppId: 00000003-0000-0000-c000-000000000000; ServicePrincipalProvisioningType: Consent",""
"2026-08-14T14:25:51.3718663Z","Add app role assignment to service principal","Directory_c5bb6b89-baaf-49f5-87ca-50238780bc7a_G8K45_14279538","Azure ESTS Service","ApplicationManagement","c5bb6b89-baaf-49f5-87ca-50238780bc7a","Core Directory","Assign","success","e1359286-d6c0-418b-9c27-8a84d6690331","Microsoft Graph","ServicePrincipal",,"AppRoleAssignment.LastModifiedDateTime",,"""2026-08-14T14:25:51.2828718Z""","User-Agent: EvoSTS; AppId: 00000003-0000-0000-c000-000000000000; ServicePrincipalProvisioningType: Consent",""
"2026-08-14T14:25:51.3718663Z","Add app role assignment to service principal","Directory_c5bb6b89-baaf-49f5-87ca-50238780bc7a_G8K45_14279538","Azure ESTS Service","ApplicationManagement","c5bb6b89-baaf-49f5-87ca-50238780bc7a","Core Directory","Assign","success","e1359286-d6c0-418b-9c27-8a84d6690331","Microsoft Graph","ServicePrincipal",,"ServicePrincipal.ObjectID",,"""b3db957f-1c6d-4960-a005-c45a7485987f""","User-Agent: EvoSTS; AppId: 00000003-0000-0000-c000-000000000000; ServicePrincipalProvisioningType: Consent",""
"2026-08-14T14:25:51.3718663Z","Add app role assignment to service principal","Directory_c5bb6b89-baaf-49f5-87ca-50238780bc7a_G8K45_14279538","Azure ESTS Service","ApplicationManagement","c5bb6b89-baaf-49f5-87ca-50238780bc7a","Core Directory","Assign","success","e1359286-d6c0-418b-9c27-8a84d6690331","Microsoft Graph","ServicePrincipal",,"ServicePrincipal.DisplayName",,"""Backupify""","User-Agent: EvoSTS; AppId: 00000003-0000-0000-c000-000000000000; ServicePrincipalProvisioningType: Consent",""
"2026-08-14T14:25:51.3718663Z","Add app role assignment to service principal","Directory_c5bb6b89-baaf-49f5-87ca-50238780bc7a_G8K45_14279538","Azure ESTS Service","ApplicationManagement","c5bb6b89-baaf-49f5-87ca-50238780bc7a","Core Directory","Assign","success","e1359286-d6c0-418b-9c27-8a84d6690331","Microsoft Graph","ServicePrincipal",,"ServicePrincipal.AppId",,"""d7db2a1c-c38b-4bd1-a30f-0915167ba928""","User-Agent: EvoSTS; AppId: 00000003-0000-0000-c000-000000000000; ServicePrincipalProvisioningType: Consent",""
"2026-08-14T14:25:51.3718663Z","Add app role assignment to service principal","Directory_c5bb6b89-baaf-49f5-87ca-50238780bc7a_G8K45_14279538","Azure ESTS Service","ApplicationManagement","c5bb6b89-baaf-49f5-87ca-50238780bc7a","Core Directory","Assign","success","e1359286-d6c0-418b-9c27-8a84d6690331","Microsoft Graph","ServicePrincipal",,"ServicePrincipal.Name",,"""https://saasapplicationsadmindatto.onmicrosoft.com/production3,d7db2a1c-c38b-4bd1-a30f-0915167ba928""","User-Agent: EvoSTS; AppId: 00000003-0000-0000-c000-000000000000; ServicePrincipalProvisioningType: Consent",""
"2026-08-14T14:25:51.3718663Z","Add app role assignment to service principal","Directory_c5bb6b89-baaf-49f5-87ca-50238780bc7a_G8K45_14279538","Azure ESTS Service","ApplicationManagement","c5bb6b89-baaf-49f5-87ca-50238780bc7a","Core Directory","Assign","success","e1359286-d6c0-418b-9c27-8a84d6690331","Microsoft Graph","ServicePrincipal",,"TargetId.ServicePrincipalNames",,"""00000003-0000-0000-c000-000000000000;00000003-0000-0000-c000-000000000000/ags.windows.net;https://ags.windows.net;https://graph.microsoft.us;https://graph.microsoft.com;https://canary.graph.microsoft.com;https://graph.microsoft.com/;https://dod-graph.microsoft.us;https://dod-graph.microsoft.us/;https://graph.microsoft.us/;https://canary.graph.microsoft.com/""","User-Agent: EvoSTS; AppId: 00000003-0000-0000-c000-000000000000; ServicePrincipalProvisioningType: Consent",""
"2026-08-14T14:25:51.3718663Z","Add app role assignment to service principal","Directory_c5bb6b89-baaf-49f5-87ca-50238780bc7a_G8K45_14279538","Azure ESTS Service","ApplicationManagement","c5bb6b89-baaf-49f5-87ca-50238780bc7a","Core Directory","Assign","success","b3db957f-1c6d-4960-a005-c45a7485987f","https://saasapplicationsadmindatto.onmicrosoft.com/production3,d7db2a1c-c38b-4bd1-a30f-0915167ba928","ServicePrincipal",,,,,"User-Agent: EvoSTS; AppId: 00000003-0000-0000-c000-000000000000; ServicePrincipalProvisioningType: Consent",""
"2026-08-14T14:25:51.2488635Z","Add app role assignment to service principal","Directory_c5bb6b89-baaf-49f5-87ca-50238780bc7a_G8K45_14279518","Azure ESTS Service","ApplicationManagement","c5bb6b89-baaf-49f5-87ca-50238780bc7a","Core Directory","Assign","success","e1359286-d6c0-418b-9c27-8a84d6690331","Microsoft Graph","ServicePrincipal",,"AppRole.Id",,"""658aa5d8-239f-45c4-aa12-864f4fc7e490""","User-Agent: EvoSTS; AppId: 00000003-0000-0000-c000-000000000000; ServicePrincipalProvisioningType: Consent",""
"2026-08-14T14:25:51.2488635Z","Add app role assignment to service principal","Directory_c5bb6b89-baaf-49f5-87ca-50238780bc7a_G8K45_14279518","Azure ESTS Service","ApplicationManagement","c5bb6b89-baaf-49f5-87ca-50238780bc7a","Core Directory","Assign","success","e1359286-d6c0-418b-9c27-8a84d6690331","Microsoft Graph","ServicePrincipal",,"AppRole.Value",,"""Member.Read.Hidden""","User-Agent: EvoSTS; AppId: 00000003-0000-0000-c000-000000000000; ServicePrincipalProvisioningType: Consent",""
"2026-08-14T14:25:51.2488635Z","Add app role assignment to service principal","Directory_c5bb6b89-baaf-49f5-87ca-50238780bc7a_G8K45_14279518","Azure ESTS Service","ApplicationManagement","c5bb6b89-baaf-49f5-87ca-50238780bc7a","Core Directory","Assign","success","e1359286-d6c0-418b-9c27-8a84d6690331","Microsoft Graph","ServicePrincipal",,"AppRole.DisplayName",,"""Read all hidden memberships""","User-Agent: EvoSTS; AppId: 00000003-0000-0000-c000-000000000000; ServicePrincipalProvisioningType: Consent",""
"2026-08-14T14:25:51.2488635Z","Add app role assignment to service principal","Directory_c5bb6b89-baaf-49f5-87ca-50238780bc7a_G8K45_14279518","Azure ESTS Service","ApplicationManagement","c5bb6b89-baaf-49f5-87ca-50238780bc7a","Core Directory","Assign","success","e1359286-d6c0-418b-9c27-8a84d6690331","Microsoft Graph","ServicePrincipal",,"AppRoleAssignment.CreatedDateTime",,"""2026-08-14T14:25:51.1678647Z""","User-Agent: EvoSTS; AppId: 00000003-0000-0000-c000-000000000000; ServicePrincipalProvisioningType: Consent",""
"2026-08-14T14:25:51.2488635Z","Add app role assignment to service principal","Directory_c5bb6b89-baaf-49f5-87ca-50238780bc7a_G8K45_14279518","Azure ESTS Service","ApplicationManagement","c5bb6b89-baaf-49f5-87ca-50238780bc7a","Core Directory","Assign","success","e1359286-d6c0-418b-9c27-8a84d6690331","Microsoft Graph","ServicePrincipal",,"AppRoleAssignment.LastModifiedDateTime",,"""2026-08-14T14:25:51.1678647Z""","User-Agent: EvoSTS; AppId: 00000003-0000-0000-c000-000000000000; ServicePrincipalProvisioningType: Consent",""
"2026-08-14T14:25:51.2488635Z","Add app role assignment to service principal","Directory_c5bb6b89-baaf-49f5-87ca-50238780bc7a_G8K45_14279518","Azure ESTS Service","ApplicationManagement","c5bb6b89-baaf-49f5-87ca-50238780bc7a","Core Directory","Assign","success","e1359286-d6c0-418b-9c27-8a84d6690331","Microsoft Graph","ServicePrincipal",,"ServicePrincipal.ObjectID",,"""b3db957f-1c6d-4960-a005-c45a7485987f""","User-Agent: EvoSTS; AppId: 00000003-0000-0000-c000-000000000000; ServicePrincipalProvisioningType: Consent",""
"2026-08-14T14:25:51.2488635Z","Add app role assignment to service principal","Directory_c5bb6b89-baaf-49f5-87ca-50238780bc7a_G8K45_14279518","Azure ESTS Service","ApplicationManagement","c5bb6b89-baaf-49f5-87ca-50238780bc7a","Core Directory","Assign","success","e1359286-d6c0-418b-9c27-8a84d6690331","Microsoft Graph","ServicePrincipal",,"ServicePrincipal.DisplayName",,"""Backupify""","User-Agent: EvoSTS; AppId: 00000003-0000-0000-c000-000000000000; ServicePrincipalProvisioningType: Consent",""
"2026-08-14T14:25:51.2488635Z","Add app role assignment to service principal","Directory_c5bb6b89-baaf-49f5-87ca-50238780bc7a_G8K45_14279518","Azure ESTS Service","ApplicationManagement","c5bb6b89-baaf-49f5-87ca-50238780bc7a","Core Directory","Assign","success","e1359286-d6c0-418b-9c27-8a84d6690331","Microsoft Graph","ServicePrincipal",,"ServicePrincipal.AppId",,"""d7db2a1c-c38b-4bd1-a30f-0915167ba928""","User-Agent: EvoSTS; AppId: 00000003-0000-0000-c000-000000000000; ServicePrincipalProvisioningType: Consent",""
"2026-08-14T14:25:51.2488635Z","Add app role assignment to service principal","Directory_c5bb6b89-baaf-49f5-87ca-50238780bc7a_G8K45_14279518","Azure ESTS Service","ApplicationManagement","c5bb6b89-baaf-49f5-87ca-50238780bc7a","Core Directory","Assign","success","e1359286-d6c0-418b-9c27-8a84d6690331","Microsoft Graph","ServicePrincipal",,"ServicePrincipal.Name",,"""https://saasapplicationsadmindatto.onmicrosoft.com/production3,d7db2a1c-c38b-4bd1-a30f-0915167ba928""","User-Agent: EvoSTS; AppId: 00000003-0000-0000-c000-000000000000; ServicePrincipalProvisioningType: Consent",""
"2026-08-14T14:25:51.2488635Z","Add app role assignment to service principal","Directory_c5bb6b89-baaf-49f5-87ca-50238780bc7a_G8K45_14279518","Azure ESTS Service","ApplicationManagement","c5bb6b89-baaf-49f5-87ca-50238780bc7a","Core Directory","Assign","success","e1359286-d6c0-418b-9c27-8a84d6690331","Microsoft Graph","ServicePrincipal",,"TargetId.ServicePrincipalNames",,"""00000003-0000-0000-c000-000000000000;00000003-0000-0000-c000-000000000000/ags.windows.net;https://ags.windows.net;https://graph.microsoft.us;https://graph.microsoft.com;https://canary.graph.microsoft.com;https://graph.microsoft.com/;https://dod-graph.microsoft.us;https://dod-graph.microsoft.us/;https://graph.microsoft.us/;https://canary.graph.microsoft.com/""","User-Agent: EvoSTS; AppId: 00000003-0000-0000-c000-000000000000; ServicePrincipalProvisioningType: Consent",""
"2026-08-14T14:25:51.2488635Z","Add app role assignment to service principal","Directory_c5bb6b89-baaf-49f5-87ca-50238780bc7a_G8K45_14279518","Azure ESTS Service","ApplicationManagement","c5bb6b89-baaf-49f5-87ca-50238780bc7a","Core Directory","Assign","success","b3db957f-1c6d-4960-a005-c45a7485987f","https://saasapplicationsadmindatto.onmicrosoft.com/production3,d7db2a1c-c38b-4bd1-a30f-0915167ba928","ServicePrincipal",,,,,"User-Agent: EvoSTS; AppId: 00000003-0000-0000-c000-000000000000; ServicePrincipalProvisioningType: Consent",""
"2026-08-14T14:25:51.1388651Z","Add app role assignment to service principal","Directory_c5bb6b89-baaf-49f5-87ca-50238780bc7a_G8K45_14279480","Azure ESTS Service","ApplicationManagement","c5bb6b89-baaf-49f5-87ca-50238780bc7a","Core Directory","Assign","success","e1359286-d6c0-418b-9c27-8a84d6690331","Microsoft Graph","ServicePrincipal",,"AppRole.Id",,"""6931bccd-447a-43d1-b442-00a195474933""","User-Agent: EvoSTS; AppId: 00000003-0000-0000-c000-000000000000; ServicePrincipalProvisioningType: Consent",""
"2026-08-14T14:25:51.1388651Z","Add app role assignment to service principal","Directory_c5bb6b89-baaf-49f5-87ca-50238780bc7a_G8K45_14279480","Azure ESTS Service","ApplicationManagement","c5bb6b89-baaf-49f5-87ca-50238780bc7a","Core Directory","Assign","success","e1359286-d6c0-418b-9c27-8a84d6690331","Microsoft Graph","ServicePrincipal",,"AppRole.Value",,"""MailboxSettings.ReadWrite""","User-Agent: EvoSTS; AppId: 00000003-0000-0000-c000-000000000000; ServicePrincipalProvisioningType: Consent",""
"2026-08-14T14:25:51.1388651Z","Add app role assignment to service principal","Directory_c5bb6b89-baaf-49f5-87ca-50238780bc7a_G8K45_14279480","Azure ESTS Service","ApplicationManagement","c5bb6b89-baaf-49f5-87ca-50238780bc7a","Core Directory","Assign","success","e1359286-d6c0-418b-9c27-8a84d6690331","Microsoft Graph","ServicePrincipal",,"AppRole.DisplayName",,"""Read and write all user mailbox settings""","User-Agent: EvoSTS; AppId: 00000003-0000-0000-c000-000000000000; ServicePrincipalProvisioningType: Consent",""
"2026-08-14T14:25:51.1388651Z","Add app role assignment to service principal","Directory_c5bb6b89-baaf-49f5-87ca-50238780bc7a_G8K45_14279480","Azure ESTS Service","ApplicationManagement","c5bb6b89-baaf-49f5-87ca-50238780bc7a","Core Directory","Assign","success","e1359286-d6c0-418b-9c27-8a84d6690331","Microsoft Graph","ServicePrincipal",,"AppRoleAssignment.CreatedDateTime",,"""2026-08-14T14:25:51.0538702Z""","User-Agent: EvoSTS; AppId: 00000003-0000-0000-c000-000000000000; ServicePrincipalProvisioningType: Consent",""
"2026-08-14T14:25:51.1388651Z","Add app role assignment to service principal","Directory_c5bb6b89-baaf-49f5-87ca-50238780bc7a_G8K45_14279480","Azure ESTS Service","ApplicationManagement","c5bb6b89-baaf-49f5-87ca-50238780bc7a","Core Directory","Assign","success","e1359286-d6c0-418b-9c27-8a84d6690331","Microsoft Graph","ServicePrincipal",,"AppRoleAssignment.LastModifiedDateTime",,"""2026-08-14T14:25:51.0538702Z""","User-Agent: EvoSTS; AppId: 00000003-0000-0000-c000-000000000000; ServicePrincipalProvisioningType: Consent",""
"2026-08-14T14:25:51.1388651Z","Add app role assignment to service principal","Directory_c5bb6b89-baaf-49f5-87ca-50238780bc7a_G8K45_14279480","Azure ESTS Service","ApplicationManagement","c5bb6b89-baaf-49f5-87ca-50238780bc7a","Core Directory","Assign","success","e1359286-d6c0-418b-9c27-8a84d6690331","Microsoft Graph","ServicePrincipal",,"ServicePrincipal.ObjectID",,"""b3db957f-1c6d-4960-a005-c45a7485987f""","User-Agent: EvoSTS; AppId: 00000003-0000-0000-c000-000000000000; ServicePrincipalProvisioningType: Consent",""
"2026-08-14T14:25:51.1388651Z","Add app role assignment to service principal","Directory_c5bb6b89-baaf-49f5-87ca-50238780bc7a_G8K45_14279480","Azure ESTS Service","ApplicationManagement","c5bb6b89-baaf-49f5-87ca-50238780bc7a","Core Directory","Assign","success","e1359286-d6c0-418b-9c27-8a84d6690331","Microsoft Graph","ServicePrincipal",,"ServicePrincipal.DisplayName",,"""Backupify""","User-Agent: EvoSTS; AppId: 00000003-0000-0000-c000-000000000000; ServicePrincipalProvisioningType: Consent",""
"2026-08-14T14:25:51.1388651Z","Add app role assignment to service principal","Directory_c5bb6b89-baaf-49f5-87ca-50238780bc7a_G8K45_14279480","Azure ESTS Service","ApplicationManagement","c5bb6b89-baaf-49f5-87ca-50238780bc7a","Core Directory","Assign","success","e1359286-d6c0-418b-9c27-8a84d6690331","Microsoft Graph","ServicePrincipal",,"ServicePrincipal.AppId",,"""d7db2a1c-c38b-4bd1-a30f-0915167ba928""","User-Agent: EvoSTS; AppId: 00000003-0000-0000-c000-000000000000; ServicePrincipalProvisioningType: Consent",""
"2026-08-14T14:25:51.1388651Z","Add app role assignment to service principal","Directory_c5bb6b89-baaf-49f5-87ca-50238780bc7a_G8K45_14279480","Azure ESTS Service","ApplicationManagement","c5bb6b89-baaf-49f5-87ca-50238780bc7a","Core Directory","Assign","success","e1359286-d6c0-418b-9c27-8a84d6690331","Microsoft Graph","ServicePrincipal",,"ServicePrincipal.Name",,"""https://saasapplicationsadmindatto.onmicrosoft.com/production3,d7db2a1c-c38b-4bd1-a30f-0915167ba928""","User-Agent: EvoSTS; AppId: 00000003-0000-0000-c000-000000000000; ServicePrincipalProvisioningType: Consent",""
"2026-08-14T14:25:51.1388651Z","Add app role assignment to service principal","Directory_c5bb6b89-baaf-49f5-87ca-50238780bc7a_G8K45_14279480","Azure ESTS Service","ApplicationManagement","c5bb6b89-baaf-49f5-87ca-50238780bc7a","Core Directory","Assign","success","e1359286-d6c0-418b-9c27-8a84d6690331","Microsoft Graph","ServicePrincipal",,"TargetId.ServicePrincipalNames",,"""00000003-0000-0000-c000-000000000000;00000003-0000-0000-c000-000000000000/ags.windows.net;https://ags.windows.net;https://graph.microsoft.us;https://graph.microsoft.com;https://canary.graph.microsoft.com;https://graph.microsoft.com/;https://dod-graph.microsoft.us;https://dod-graph.microsoft.us/;https://graph.microsoft.us/;https://canary.graph.microsoft.com/""","User-Agent: EvoSTS; AppId: 00000003-0000-0000-c000-000000000000; ServicePrincipalProvisioningType: Consent",""
"2026-08-14T14:25:51.1388651Z","Add app role assignment to service principal","Directory_c5bb6b89-baaf-49f5-87ca-50238780bc7a_G8K45_14279480","Azure ESTS Service","ApplicationManagement","c5bb6b89-baaf-49f5-87ca-50238780bc7a","Core Directory","Assign","success","b3db957f-1c6d-4960-a005-c45a7485987f","https://saasapplicationsadmindatto.onmicrosoft.com/production3,d7db2a1c-c38b-4bd1-a30f-0915167ba928","ServicePrincipal",,,,,"User-Agent: EvoSTS; AppId: 00000003-0000-0000-c000-000000000000; ServicePrincipalProvisioningType: Consent",""
"2026-08-14T14:25:51.0218666Z","Add app role assignment to service principal","Directory_c5bb6b89-baaf-49f5-87ca-50238780bc7a_G8K45_14279441","Azure ESTS Service","ApplicationManagement","c5bb6b89-baaf-49f5-87ca-50238780bc7a","Core Directory","Assign","success","e1359286-d6c0-418b-9c27-8a84d6690331","Microsoft Graph","ServicePrincipal",,"AppRole.Id",,"""40f97065-369a-49f4-947c-6a255697ae91""","User-Agent: EvoSTS; AppId: 00000003-0000-0000-c000-000000000000; ServicePrincipalProvisioningType: Consent",""
"2026-08-14T14:25:51.0218666Z","Add app role assignment to service principal","Directory_c5bb6b89-baaf-49f5-87ca-50238780bc7a_G8K45_14279441","Azure ESTS Service","ApplicationManagement","c5bb6b89-baaf-49f5-87ca-50238780bc7a","Core Directory","Assign","success","e1359286-d6c0-418b-9c27-8a84d6690331","Microsoft Graph","ServicePrincipal",,"AppRole.Value",,"""MailboxSettings.Read""","User-Agent: EvoSTS; AppId: 00000003-0000-0000-c000-000000000000; ServicePrincipalProvisioningType: Consent",""
"2026-08-14T14:25:51.0218666Z","Add app role assignment to service principal","Directory_c5bb6b89-baaf-49f5-87ca-50238780bc7a_G8K45_14279441","Azure ESTS Service","ApplicationManagement","c5bb6b89-baaf-49f5-87ca-50238780bc7a","Core Directory","Assign","success","e1359286-d6c0-418b-9c27-8a84d6690331","Microsoft Graph","ServicePrincipal",,"AppRole.DisplayName",,"""Read all user mailbox settings""","User-Agent: EvoSTS; AppId: 00000003-0000-0000-c000-000000000000; ServicePrincipalProvisioningType: Consent",""
"2026-08-14T14:25:51.0218666Z","Add app role assignment to service principal","Directory_c5bb6b89-baaf-49f5-87ca-50238780bc7a_G8K45_14279441","Azure ESTS Service","ApplicationManagement","c5bb6b89-baaf-49f5-87ca-50238780bc7a","Core Directory","Assign","success","e1359286-d6c0-418b-9c27-8a84d6690331","Microsoft Graph","ServicePrincipal",,"AppRoleAssignment.CreatedDateTime",,"""2026-08-14T14:25:50.9368692Z""","User-Agent: EvoSTS; AppId: 00000003-0000-0000-c000-000000000000; ServicePrincipalProvisioningType: Consent",""
"2026-08-14T14:25:51.0218666Z","Add app role assignment to service principal","Directory_c5bb6b89-baaf-49f5-87ca-50238780bc7a_G8K45_14279441","Azure ESTS Service","ApplicationManagement","c5bb6b89-baaf-49f5-87ca-50238780bc7a","Core Directory","Assign","success","e1359286-d6c0-418b-9c27-8a84d6690331","Microsoft Graph","ServicePrincipal",,"AppRoleAssignment.LastModifiedDateTime",,"""2026-08-14T14:25:50.9368692Z""","User-Agent: EvoSTS; AppId: 00000003-0000-0000-c000-000000000000; ServicePrincipalProvisioningType: Consent",""
"2026-08-14T14:25:51.0218666Z","Add app role assignment to service principal","Directory_c5bb6b89-baaf-49f5-87ca-50238780bc7a_G8K45_14279441","Azure ESTS Service","ApplicationManagement","c5bb6b89-baaf-49f5-87ca-50238780bc7a","Core Directory","Assign","success","e1359286-d6c0-418b-9c27-8a84d6690331","Microsoft Graph","ServicePrincipal",,"ServicePrincipal.ObjectID",,"""b3db957f-1c6d-4960-a005-c45a7485987f""","User-Agent: EvoSTS; AppId: 00000003-0000-0000-c000-000000000000; ServicePrincipalProvisioningType: Consent",""
"2026-08-14T14:25:51.0218666Z","Add app role assignment to service principal","Directory_c5bb6b89-baaf-49f5-87ca-50238780bc7a_G8K45_14279441","Azure ESTS Service","ApplicationManagement","c5bb6b89-baaf-49f5-87ca-50238780bc7a","Core Directory","Assign","success","e1359286-d6c0-418b-9c27-8a84d6690331","Microsoft Graph","ServicePrincipal",,"ServicePrincipal.DisplayName",,"""Backupify""","User-Agent: EvoSTS; AppId: 00000003-0000-0000-c000-000000000000; ServicePrincipalProvisioningType: Consent",""
"2026-08-14T14:25:51.0218666Z","Add app role assignment to service principal","Directory_c5bb6b89-baaf-49f5-87ca-50238780bc7a_G8K45_14279441","Azure ESTS Service","ApplicationManagement","c5bb6b89-baaf-49f5-87ca-50238780bc7a","Core Directory","Assign","success","e1359286-d6c0-418b-9c27-8a84d6690331","Microsoft Graph","ServicePrincipal",,"ServicePrincipal.AppId",,"""d7db2a1c-c38b-4bd1-a30f-0915167ba928""","User-Agent: EvoSTS; AppId: 00000003-0000-0000-c000-000000000000; ServicePrincipalProvisioningType: Consent",""
"2026-08-14T14:25:51.0218666Z","Add app role assignment to service principal","Directory_c5bb6b89-baaf-49f5-87ca-50238780bc7a_G8K45_14279441","Azure ESTS Service","ApplicationManagement","c5bb6b89-baaf-49f5-87ca-50238780bc7a","Core Directory","Assign","success","e1359286-d6c0-418b-9c27-8a84d6690331","Microsoft Graph","ServicePrincipal",,"ServicePrincipal.Name",,"""https://saasapplicationsadmindatto.onmicrosoft.com/production3,d7db2a1c-c38b-4bd1-a30f-0915167ba928""","User-Agent: EvoSTS; AppId: 00000003-0000-0000-c000-000000000000; ServicePrincipalProvisioningType: Consent",""
"2026-08-14T14:25:51.0218666Z","Add app role assignment to service principal","Directory_c5bb6b89-baaf-49f5-87ca-50238780bc7a_G8K45_14279441","Azure ESTS Service","ApplicationManagement","c5bb6b89-baaf-49f5-87ca-50238780bc7a","Core Directory","Assign","success","e1359286-d6c0-418b-9c27-8a84d6690331","Microsoft Graph","ServicePrincipal",,"TargetId.ServicePrincipalNames",,"""00000003-0000-0000-c000-000000000000;00000003-0000-0000-c000-000000000000/ags.windows.net;https://ags.windows.net;https://graph.microsoft.us;https://graph.microsoft.com;https://canary.graph.microsoft.com;https://graph.microsoft.com/;https://dod-graph.microsoft.us;https://dod-graph.microsoft.us/;https://graph.microsoft.us/;https://canary.graph.microsoft.com/""","User-Agent: EvoSTS; AppId: 00000003-0000-0000-c000-000000000000; ServicePrincipalProvisioningType: Consent",""
"2026-08-14T14:25:51.0218666Z","Add app role assignment to service principal","Directory_c5bb6b89-baaf-49f5-87ca-50238780bc7a_G8K45_14279441","Azure ESTS Service","ApplicationManagement","c5bb6b89-baaf-49f5-87ca-50238780bc7a","Core Directory","Assign","success","b3db957f-1c6d-4960-a005-c45a7485987f","https://saasapplicationsadmindatto.onmicrosoft.com/production3,d7db2a1c-c38b-4bd1-a30f-0915167ba928","ServicePrincipal",,,,,"User-Agent: EvoSTS; AppId: 00000003-0000-0000-c000-000000000000; ServicePrincipalProvisioningType: Consent",""
"2026-08-14T14:25:50.8998711Z","Add app role assignment to service principal","Directory_c5bb6b89-baaf-49f5-87ca-50238780bc7a_G8K45_14279421","Azure ESTS Service","ApplicationManagement","c5bb6b89-baaf-49f5-87ca-50238780bc7a","Core Directory","Assign","success","e1359286-d6c0-418b-9c27-8a84d6690331","Microsoft Graph","ServicePrincipal",,"AppRole.Id",,"""7d9f353d-a7bd-4fbb-822a-26d5dd39a3ce""","User-Agent: EvoSTS; AppId: 00000003-0000-0000-c000-000000000000; ServicePrincipalProvisioningType: Consent",""
"2026-08-14T14:25:50.8998711Z","Add app role assignment to service principal","Directory_c5bb6b89-baaf-49f5-87ca-50238780bc7a_G8K45_14279421","Azure ESTS Service","ApplicationManagement","c5bb6b89-baaf-49f5-87ca-50238780bc7a","Core Directory","Assign","success","e1359286-d6c0-418b-9c27-8a84d6690331","Microsoft Graph","ServicePrincipal",,"AppRole.Value",,"""MailboxItem.Read.All""","User-Agent: EvoSTS; AppId: 00000003-0000-0000-c000-000000000000; ServicePrincipalProvisioningType: Consent",""
"2026-08-14T14:25:50.8998711Z","Add app role assignment to service principal","Directory_c5bb6b89-baaf-49f5-87ca-50238780bc7a_G8K45_14279421","Azure ESTS Service","ApplicationManagement","c5bb6b89-baaf-49f5-87ca-50238780bc7a","Core Directory","Assign","success","e1359286-d6c0-418b-9c27-8a84d6690331","Microsoft Graph","ServicePrincipal",,"AppRole.DisplayName",,"""Read all the users' mailbox items""","User-Agent: EvoSTS; AppId: 00000003-0000-0000-c000-000000000000; ServicePrincipalProvisioningType: Consent",""
"2026-08-14T14:25:50.8998711Z","Add app role assignment to service principal","Directory_c5bb6b89-baaf-49f5-87ca-50238780bc7a_G8K45_14279421","Azure ESTS Service","ApplicationManagement","c5bb6b89-baaf-49f5-87ca-50238780bc7a","Core Directory","Assign","success","e1359286-d6c0-418b-9c27-8a84d6690331","Microsoft Graph","ServicePrincipal",,"AppRoleAssignment.CreatedDateTime",,"""2026-08-14T14:25:50.8158691Z""","User-Agent: EvoSTS; AppId: 00000003-0000-0000-c000-000000000000; ServicePrincipalProvisioningType: Consent",""
"2026-08-14T14:25:50.8998711Z","Add app role assignment to service principal","Directory_c5bb6b89-baaf-49f5-87ca-50238780bc7a_G8K45_14279421","Azure ESTS Service","ApplicationManagement","c5bb6b89-baaf-49f5-87ca-50238780bc7a","Core Directory","Assign","success","e1359286-d6c0-418b-9c27-8a84d6690331","Microsoft Graph","ServicePrincipal",,"AppRoleAssignment.LastModifiedDateTime",,"""2026-08-14T14:25:50.8158691Z""","User-Agent: EvoSTS; AppId: 00000003-0000-0000-c000-000000000000; ServicePrincipalProvisioningType: Consent",""
"2026-08-14T14:25:50.8998711Z","Add app role assignment to service principal","Directory_c5bb6b89-baaf-49f5-87ca-50238780bc7a_G8K45_14279421","Azure ESTS Service","ApplicationManagement","c5bb6b89-baaf-49f5-87ca-50238780bc7a","Core Directory","Assign","success","e1359286-d6c0-418b-9c27-8a84d6690331","Microsoft Graph","ServicePrincipal",,"ServicePrincipal.ObjectID",,"""b3db957f-1c6d-4960-a005-c45a7485987f""","User-Agent: EvoSTS; AppId: 00000003-0000-0000-c000-000000000000; ServicePrincipalProvisioningType: Consent",""
"2026-08-14T14:25:50.8998711Z","Add app role assignment to service principal","Directory_c5bb6b89-baaf-49f5-87ca-50238780bc7a_G8K45_14279421","Azure ESTS Service","ApplicationManagement","c5bb6b89-baaf-49f5-87ca-50238780bc7a","Core Directory","Assign","success","e1359286-d6c0-418b-9c27-8a84d6690331","Microsoft Graph","ServicePrincipal",,"ServicePrincipal.DisplayName",,"""Backupify""","User-Agent: EvoSTS; AppId: 00000003-0000-0000-c000-000000000000; ServicePrincipalProvisioningType: Consent",""
"2026-08-14T14:25:50.8998711Z","Add app role assignment to service principal","Directory_c5bb6b89-baaf-49f5-87ca-50238780bc7a_G8K45_14279421","Azure ESTS Service","ApplicationManagement","c5bb6b89-baaf-49f5-87ca-50238780bc7a","Core Directory","Assign","success","e1359286-d6c0-418b-9c27-8a84d6690331","Microsoft Graph","ServicePrincipal",,"ServicePrincipal.AppId",,"""d7db2a1c-c38b-4bd1-a30f-0915167ba928""","User-Agent: EvoSTS; AppId: 00000003-0000-0000-c000-000000000000; ServicePrincipalProvisioningType: Consent",""
"2026-08-14T14:25:50.8998711Z","Add app role assignment to service principal","Directory_c5bb6b89-baaf-49f5-87ca-50238780bc7a_G8K45_14279421","Azure ESTS Service","ApplicationManagement","c5bb6b89-baaf-49f5-87ca-50238780bc7a","Core Directory","Assign","success","e1359286-d6c0-418b-9c27-8a84d6690331","Microsoft Graph","ServicePrincipal",,"ServicePrincipal.Name",,"""https://saasapplicationsadmindatto.onmicrosoft.com/production3,d7db2a1c-c38b-4bd1-a30f-0915167ba928""","User-Agent: EvoSTS; AppId: 00000003-0000-0000-c000-000000000000; ServicePrincipalProvisioningType: Consent",""
"2026-08-14T14:25:50.8998711Z","Add app role assignment to service principal","Directory_c5bb6b89-baaf-49f5-87ca-50238780bc7a_G8K45_14279421","Azure ESTS Service","ApplicationManagement","c5bb6b89-baaf-49f5-87ca-50238780bc7a","Core Directory","Assign","success","e1359286-d6c0-418b-9c27-8a84d6690331","Microsoft Graph","ServicePrincipal",,"TargetId.ServicePrincipalNames",,"""00000003-0000-0000-c000-000000000000;00000003-0000-0000-c000-000000000000/ags.windows.net;https://ags.windows.net;https://graph.microsoft.us;https://graph.microsoft.com;https://canary.graph.microsoft.com;https://graph.microsoft.com/;https://dod-graph.microsoft.us;https://dod-graph.microsoft.us/;https://graph.microsoft.us/;https://canary.graph.microsoft.com/""","User-Agent: EvoSTS; AppId: 00000003-0000-0000-c000-000000000000; ServicePrincipalProvisioningType: Consent",""
"2026-08-14T14:25:50.8998711Z","Add app role assignment to service principal","Directory_c5bb6b89-baaf-49f5-87ca-50238780bc7a_G8K45_14279421","Azure ESTS Service","ApplicationManagement","c5bb6b89-baaf-49f5-87ca-50238780bc7a","Core Directory","Assign","success","b3db957f-1c6d-4960-a005-c45a7485987f","https://saasapplicationsadmindatto.onmicrosoft.com/production3,d7db2a1c-c38b-4bd1-a30f-0915167ba928","ServicePrincipal",,,,,"User-Agent: EvoSTS; AppId: 00000003-0000-0000-c000-000000000000; ServicePrincipalProvisioningType: Consent",""
"2026-08-14T14:25:50.7798699Z","Add app role assignment to service principal","Directory_c5bb6b89-baaf-49f5-87ca-50238780bc7a_G8K45_14279401","Azure ESTS Service","ApplicationManagement","c5bb6b89-baaf-49f5-87ca-50238780bc7a","Core Directory","Assign","success","e1359286-d6c0-418b-9c27-8a84d6690331","Microsoft Graph","ServicePrincipal",,"AppRole.Id",,"""76577085-e73d-4f1d-b26a-85fb33892327""","User-Agent: EvoSTS; AppId: 00000003-0000-0000-c000-000000000000; ServicePrincipalProvisioningType: Consent",""
"2026-08-14T14:25:50.7798699Z","Add app role assignment to service principal","Directory_c5bb6b89-baaf-49f5-87ca-50238780bc7a_G8K45_14279401","Azure ESTS Service","ApplicationManagement","c5bb6b89-baaf-49f5-87ca-50238780bc7a","Core Directory","Assign","success","e1359286-d6c0-418b-9c27-8a84d6690331","Microsoft Graph","ServicePrincipal",,"AppRole.Value",,"""MailboxItem.ImportExport.All""","User-Agent: EvoSTS; AppId: 00000003-0000-0000-c000-000000000000; ServicePrincipalProvisioningType: Consent",""
"2026-08-14T14:25:50.7798699Z","Add app role assignment to service principal","Directory_c5bb6b89-baaf-49f5-87ca-50238780bc7a_G8K45_14279401","Azure ESTS Service","ApplicationManagement","c5bb6b89-baaf-49f5-87ca-50238780bc7a","Core Directory","Assign","success","e1359286-d6c0-418b-9c27-8a84d6690331","Microsoft Graph","ServicePrincipal",,"AppRole.DisplayName",,"""Export and import all the users' mailbox items""","User-Agent: EvoSTS; AppId: 00000003-0000-0000-c000-000000000000; ServicePrincipalProvisioningType: Consent",""
"2026-08-14T14:25:50.7798699Z","Add app role assignment to service principal","Directory_c5bb6b89-baaf-49f5-87ca-50238780bc7a_G8K45_14279401","Azure ESTS Service","ApplicationManagement","c5bb6b89-baaf-49f5-87ca-50238780bc7a","Core Directory","Assign","success","e1359286-d6c0-418b-9c27-8a84d6690331","Microsoft Graph","ServicePrincipal",,"AppRoleAssignment.CreatedDateTime",,"""2026-08-14T14:25:50.697868Z""","User-Agent: EvoSTS; AppId: 00000003-0000-0000-c000-000000000000; ServicePrincipalProvisioningType: Consent",""
"2026-08-14T14:25:50.7798699Z","Add app role assignment to service principal","Directory_c5bb6b89-baaf-49f5-87ca-50238780bc7a_G8K45_14279401","Azure ESTS Service","ApplicationManagement","c5bb6b89-baaf-49f5-87ca-50238780bc7a","Core Directory","Assign","success","e1359286-d6c0-418b-9c27-8a84d6690331","Microsoft Graph","ServicePrincipal",,"AppRoleAssignment.LastModifiedDateTime",,"""2026-08-14T14:25:50.697868Z""","User-Agent: EvoSTS; AppId: 00000003-0000-0000-c000-000000000000; ServicePrincipalProvisioningType: Consent",""
"2026-08-14T14:25:50.7798699Z","Add app role assignment to service principal","Directory_c5bb6b89-baaf-49f5-87ca-50238780bc7a_G8K45_14279401","Azure ESTS Service","ApplicationManagement","c5bb6b89-baaf-49f5-87ca-50238780bc7a","Core Directory","Assign","success","e1359286-d6c0-418b-9c27-8a84d6690331","Microsoft Graph","ServicePrincipal",,"ServicePrincipal.ObjectID",,"""b3db957f-1c6d-4960-a005-c45a7485987f""","User-Agent: EvoSTS; AppId: 00000003-0000-0000-c000-000000000000; ServicePrincipalProvisioningType: Consent",""
"2026-08-14T14:25:50.7798699Z","Add app role assignment to service principal","Directory_c5bb6b89-baaf-49f5-87ca-50238780bc7a_G8K45_14279401","Azure ESTS Service","ApplicationManagement","c5bb6b89-baaf-49f5-87ca-50238780bc7a","Core Directory","Assign","success","e1359286-d6c0-418b-9c27-8a84d6690331","Microsoft Graph","ServicePrincipal",,"ServicePrincipal.DisplayName",,"""Backupify""","User-Agent: EvoSTS; AppId: 00000003-0000-0000-c000-000000000000; ServicePrincipalProvisioningType: Consent",""
"2026-08-14T14:25:50.7798699Z","Add app role assignment to service principal","Directory_c5bb6b89-baaf-49f5-87ca-50238780bc7a_G8K45_14279401","Azure ESTS Service","ApplicationManagement","c5bb6b89-baaf-49f5-87ca-50238780bc7a","Core Directory","Assign","success","e1359286-d6c0-418b-9c27-8a84d6690331","Microsoft Graph","ServicePrincipal",,"ServicePrincipal.AppId",,"""d7db2a1c-c38b-4bd1-a30f-0915167ba928""","User-Agent: EvoSTS; AppId: 00000003-0000-0000-c000-000000000000; ServicePrincipalProvisioningType: Consent",""
"2026-08-14T14:25:50.7798699Z","Add app role assignment to service principal","Directory_c5bb6b89-baaf-49f5-87ca-50238780bc7a_G8K45_14279401","Azure ESTS Service","ApplicationManagement","c5bb6b89-baaf-49f5-87ca-50238780bc7a","Core Directory","Assign","success","e1359286-d6c0-418b-9c27-8a84d6690331","Microsoft Graph","ServicePrincipal",,"ServicePrincipal.Name",,"""https://saasapplicationsadmindatto.onmicrosoft.com/production3,d7db2a1c-c38b-4bd1-a30f-0915167ba928""","User-Agent: EvoSTS; AppId: 00000003-0000-0000-c000-000000000000; ServicePrincipalProvisioningType: Consent",""
"2026-08-14T14:25:50.7798699Z","Add app role assignment to service principal","Directory_c5bb6b89-baaf-49f5-87ca-50238780bc7a_G8K45_14279401","Azure ESTS Service","ApplicationManagement","c5bb6b89-baaf-49f5-87ca-50238780bc7a","Core Directory","Assign","success","e1359286-d6c0-418b-9c27-8a84d6690331","Microsoft Graph","ServicePrincipal",,"TargetId.ServicePrincipalNames",,"""00000003-0000-0000-c000-000000000000;00000003-0000-0000-c000-000000000000/ags.windows.net;https://ags.windows.net;https://graph.microsoft.us;https://graph.microsoft.com;https://canary.graph.microsoft.com;https://graph.microsoft.com/;https://dod-graph.microsoft.us;https://dod-graph.microsoft.us/;https://graph.microsoft.us/;https://canary.graph.microsoft.com/""","User-Agent: EvoSTS; AppId: 00000003-0000-0000-c000-000000000000; ServicePrincipalProvisioningType: Consent",""
"2026-08-14T14:25:50.7798699Z","Add app role assignment to service principal","Directory_c5bb6b89-baaf-49f5-87ca-50238780bc7a_G8K45_14279401","Azure ESTS Service","ApplicationManagement","c5bb6b89-baaf-49f5-87ca-50238780bc7a","Core Directory","Assign","success","b3db957f-1c6d-4960-a005-c45a7485987f","https://saasapplicationsadmindatto.onmicrosoft.com/production3,d7db2a1c-c38b-4bd1-a30f-0915167ba928","ServicePrincipal",,,,,"User-Agent: EvoSTS; AppId: 00000003-0000-0000-c000-000000000000; ServicePrincipalProvisioningType: Consent",""
"2026-08-14T14:25:50.6688702Z","Add app role assignment to service principal","Directory_c5bb6b89-baaf-49f5-87ca-50238780bc7a_G8K45_14279381","Azure ESTS Service","ApplicationManagement","c5bb6b89-baaf-49f5-87ca-50238780bc7a","Core Directory","Assign","success","e1359286-d6c0-418b-9c27-8a84d6690331","Microsoft Graph","ServicePrincipal",,"AppRole.Id",,"""fef87b92-8391-4589-9da7-eb93dab7dc8a""","User-Agent: EvoSTS; AppId: 00000003-0000-0000-c000-000000000000; ServicePrincipalProvisioningType: Consent",""
"2026-08-14T14:25:50.6688702Z","Add app role assignment to service principal","Directory_c5bb6b89-baaf-49f5-87ca-50238780bc7a_G8K45_14279381","Azure ESTS Service","ApplicationManagement","c5bb6b89-baaf-49f5-87ca-50238780bc7a","Core Directory","Assign","success","e1359286-d6c0-418b-9c27-8a84d6690331","Microsoft Graph","ServicePrincipal",,"AppRole.Value",,"""MailboxFolder.ReadWrite.All""","User-Agent: EvoSTS; AppId: 00000003-0000-0000-c000-000000000000; ServicePrincipalProvisioningType: Consent",""
"2026-08-14T14:25:50.6688702Z","Add app role assignment to service principal","Directory_c5bb6b89-baaf-49f5-87ca-50238780bc7a_G8K45_14279381","Azure ESTS Service","ApplicationManagement","c5bb6b89-baaf-49f5-87ca-50238780bc7a","Core Directory","Assign","success","e1359286-d6c0-418b-9c27-8a84d6690331","Microsoft Graph","ServicePrincipal",,"AppRole.DisplayName",,"""Read and write all the users' mailbox folders""","User-Agent: EvoSTS; AppId: 00000003-0000-0000-c000-000000000000; ServicePrincipalProvisioningType: Consent",""
"2026-08-14T14:25:50.6688702Z","Add app role assignment to service principal","Directory_c5bb6b89-baaf-49f5-87ca-50238780bc7a_G8K45_14279381","Azure ESTS Service","ApplicationManagement","c5bb6b89-baaf-49f5-87ca-50238780bc7a","Core Directory","Assign","success","e1359286-d6c0-418b-9c27-8a84d6690331","Microsoft Graph","ServicePrincipal",,"AppRoleAssignment.CreatedDateTime",,"""2026-08-14T14:25:50.5888706Z""","User-Agent: EvoSTS; AppId: 00000003-0000-0000-c000-000000000000; ServicePrincipalProvisioningType: Consent",""
"2026-08-14T14:25:50.6688702Z","Add app role assignment to service principal","Directory_c5bb6b89-baaf-49f5-87ca-50238780bc7a_G8K45_14279381","Azure ESTS Service","ApplicationManagement","c5bb6b89-baaf-49f5-87ca-50238780bc7a","Core Directory","Assign","success","e1359286-d6c0-418b-9c27-8a84d6690331","Microsoft Graph","ServicePrincipal",,"AppRoleAssignment.LastModifiedDateTime",,"""2026-08-14T14:25:50.5888706Z""","User-Agent: EvoSTS; AppId: 00000003-0000-0000-c000-000000000000; ServicePrincipalProvisioningType: Consent",""
"2026-08-14T14:25:50.6688702Z","Add app role assignment to service principal","Directory_c5bb6b89-baaf-49f5-87ca-50238780bc7a_G8K45_14279381","Azure ESTS Service","ApplicationManagement","c5bb6b89-baaf-49f5-87ca-50238780bc7a","Core Directory","Assign","success","e1359286-d6c0-418b-9c27-8a84d6690331","Microsoft Graph","ServicePrincipal",,"ServicePrincipal.ObjectID",,"""b3db957f-1c6d-4960-a005-c45a7485987f""","User-Agent: EvoSTS; AppId: 00000003-0000-0000-c000-000000000000; ServicePrincipalProvisioningType: Consent",""
"2026-08-14T14:25:50.6688702Z","Add app role assignment to service principal","Directory_c5bb6b89-baaf-49f5-87ca-50238780bc7a_G8K45_14279381","Azure ESTS Service","ApplicationManagement","c5bb6b89-baaf-49f5-87ca-50238780bc7a","Core Directory","Assign","success","e1359286-d6c0-418b-9c27-8a84d6690331","Microsoft Graph","ServicePrincipal",,"ServicePrincipal.DisplayName",,"""Backupify""","User-Agent: EvoSTS; AppId: 00000003-0000-0000-c000-000000000000; ServicePrincipalProvisioningType: Consent",""
"2026-08-14T14:25:50.6688702Z","Add app role assignment to service principal","Directory_c5bb6b89-baaf-49f5-87ca-50238780bc7a_G8K45_14279381","Azure ESTS Service","ApplicationManagement","c5bb6b89-baaf-49f5-87ca-50238780bc7a","Core Directory","Assign","success","e1359286-d6c0-418b-9c27-8a84d6690331","Microsoft Graph","ServicePrincipal",,"ServicePrincipal.AppId",,"""d7db2a1c-c38b-4bd1-a30f-0915167ba928""","User-Agent: EvoSTS; AppId: 00000003-0000-0000-c000-000000000000; ServicePrincipalProvisioningType: Consent",""
"2026-08-14T14:25:50.6688702Z","Add app role assignment to service principal","Directory_c5bb6b89-baaf-49f5-87ca-50238780bc7a_G8K45_14279381","Azure ESTS Service","ApplicationManagement","c5bb6b89-baaf-49f5-87ca-50238780bc7a","Core Directory","Assign","success","e1359286-d6c0-418b-9c27-8a84d6690331","Microsoft Graph","ServicePrincipal",,"ServicePrincipal.Name",,"""https://saasapplicationsadmindatto.onmicrosoft.com/production3,d7db2a1c-c38b-4bd1-a30f-0915167ba928""","User-Agent: EvoSTS; AppId: 00000003-0000-0000-c000-000000000000; ServicePrincipalProvisioningType: Consent",""
"2026-08-14T14:25:50.6688702Z","Add app role assignment to service principal","Directory_c5bb6b89-baaf-49f5-87ca-50238780bc7a_G8K45_14279381","Azure ESTS Service","ApplicationManagement","c5bb6b89-baaf-49f5-87ca-50238780bc7a","Core Directory","Assign","success","e1359286-d6c0-418b-9c27-8a84d6690331","Microsoft Graph","ServicePrincipal",,"TargetId.ServicePrincipalNames",,"""00000003-0000-0000-c000-000000000000;00000003-0000-0000-c000-000000000000/ags.windows.net;https://ags.windows.net;https://graph.microsoft.us;https://graph.microsoft.com;https://canary.graph.microsoft.com;https://graph.microsoft.com/;https://dod-graph.microsoft.us;https://dod-graph.microsoft.us/;https://graph.microsoft.us/;https://canary.graph.microsoft.com/""","User-Agent: EvoSTS; AppId: 00000003-0000-0000-c000-000000000000; ServicePrincipalProvisioningType: Consent",""
"2026-08-14T14:25:50.6688702Z","Add app role assignment to service principal","Directory_c5bb6b89-baaf-49f5-87ca-50238780bc7a_G8K45_14279381","Azure ESTS Service","ApplicationManagement","c5bb6b89-baaf-49f5-87ca-50238780bc7a","Core Directory","Assign","success","b3db957f-1c6d-4960-a005-c45a7485987f","https://saasapplicationsadmindatto.onmicrosoft.com/production3,d7db2a1c-c38b-4bd1-a30f-0915167ba928","ServicePrincipal",,,,,"User-Agent: EvoSTS; AppId: 00000003-0000-0000-c000-000000000000; ServicePrincipalProvisioningType: Consent",""
"2026-08-14T14:25:50.5478769Z","Add app role assignment to service principal","Directory_c5bb6b89-baaf-49f5-87ca-50238780bc7a_G8K45_14279361","Azure ESTS Service","ApplicationManagement","c5bb6b89-baaf-49f5-87ca-50238780bc7a","Core Directory","Assign","success","e1359286-d6c0-418b-9c27-8a84d6690331","Microsoft Graph","ServicePrincipal",,"AppRole.Id",,"""e2a3a72e-5f79-4c64-b1b1-878b674786c9""","User-Agent: EvoSTS; AppId: 00000003-0000-0000-c000-000000000000; ServicePrincipalProvisioningType: Consent",""
"2026-08-14T14:25:50.5478769Z","Add app role assignment to service principal","Directory_c5bb6b89-baaf-49f5-87ca-50238780bc7a_G8K45_14279361","Azure ESTS Service","ApplicationManagement","c5bb6b89-baaf-49f5-87ca-50238780bc7a","Core Directory","Assign","success","e1359286-d6c0-418b-9c27-8a84d6690331","Microsoft Graph","ServicePrincipal",,"AppRole.Value",,"""Mail.ReadWrite""","User-Agent: EvoSTS; AppId: 00000003-0000-0000-c000-000000000000; ServicePrincipalProvisioningType: Consent",""
"2026-08-14T14:25:50.5478769Z","Add app role assignment to service principal","Directory_c5bb6b89-baaf-49f5-87ca-50238780bc7a_G8K45_14279361","Azure ESTS Service","ApplicationManagement","c5bb6b89-baaf-49f5-87ca-50238780bc7a","Core Directory","Assign","success","e1359286-d6c0-418b-9c27-8a84d6690331","Microsoft Graph","ServicePrincipal",,"AppRole.DisplayName",,"""Read and write mail in all mailboxes""","User-Agent: EvoSTS; AppId: 00000003-0000-0000-c000-000000000000; ServicePrincipalProvisioningType: Consent",""
"2026-08-14T14:25:50.5478769Z","Add app role assignment to service principal","Directory_c5bb6b89-baaf-49f5-87ca-50238780bc7a_G8K45_14279361","Azure ESTS Service","ApplicationManagement","c5bb6b89-baaf-49f5-87ca-50238780bc7a","Core Directory","Assign","success","e1359286-d6c0-418b-9c27-8a84d6690331","Microsoft Graph","ServicePrincipal",,"AppRoleAssignment.CreatedDateTime",,"""2026-08-14T14:25:50.4648804Z""","User-Agent: EvoSTS; AppId: 00000003-0000-0000-c000-000000000000; ServicePrincipalProvisioningType: Consent",""
"2026-08-14T14:25:50.5478769Z","Add app role assignment to service principal","Directory_c5bb6b89-baaf-49f5-87ca-50238780bc7a_G8K45_14279361","Azure ESTS Service","ApplicationManagement","c5bb6b89-baaf-49f5-87ca-50238780bc7a","Core Directory","Assign","success","e1359286-d6c0-418b-9c27-8a84d6690331","Microsoft Graph","ServicePrincipal",,"AppRoleAssignment.LastModifiedDateTime",,"""2026-08-14T14:25:50.4648804Z""","User-Agent: EvoSTS; AppId: 00000003-0000-0000-c000-000000000000; ServicePrincipalProvisioningType: Consent",""
"2026-08-14T14:25:50.5478769Z","Add app role assignment to service principal","Directory_c5bb6b89-baaf-49f5-87ca-50238780bc7a_G8K45_14279361","Azure ESTS Service","ApplicationManagement","c5bb6b89-baaf-49f5-87ca-50238780bc7a","Core Directory","Assign","success","e1359286-d6c0-418b-9c27-8a84d6690331","Microsoft Graph","ServicePrincipal",,"ServicePrincipal.ObjectID",,"""b3db957f-1c6d-4960-a005-c45a7485987f""","User-Agent: EvoSTS; AppId: 00000003-0000-0000-c000-000000000000; ServicePrincipalProvisioningType: Consent",""
"2026-08-14T14:25:50.5478769Z","Add app role assignment to service principal","Directory_c5bb6b89-baaf-49f5-87ca-50238780bc7a_G8K45_14279361","Azure ESTS Service","ApplicationManagement","c5bb6b89-baaf-49f5-87ca-50238780bc7a","Core Directory","Assign","success","e1359286-d6c0-418b-9c27-8a84d6690331","Microsoft Graph","ServicePrincipal",,"ServicePrincipal.DisplayName",,"""Backupify""","User-Agent: EvoSTS; AppId: 00000003-0000-0000-c000-000000000000; ServicePrincipalProvisioningType: Consent",""
"2026-08-14T14:25:50.5478769Z","Add app role assignment to service principal","Directory_c5bb6b89-baaf-49f5-87ca-50238780bc7a_G8K45_14279361","Azure ESTS Service","ApplicationManagement","c5bb6b89-baaf-49f5-87ca-50238780bc7a","Core Directory","Assign","success","e1359286-d6c0-418b-9c27-8a84d6690331","Microsoft Graph","ServicePrincipal",,"ServicePrincipal.AppId",,"""d7db2a1c-c38b-4bd1-a30f-0915167ba928""","User-Agent: EvoSTS; AppId: 00000003-0000-0000-c000-000000000000; ServicePrincipalProvisioningType: Consent",""
"2026-08-14T14:25:50.5478769Z","Add app role assignment to service principal","Directory_c5bb6b89-baaf-49f5-87ca-50238780bc7a_G8K45_14279361","Azure ESTS Service","ApplicationManagement","c5bb6b89-baaf-49f5-87ca-50238780bc7a","Core Directory","Assign","success","e1359286-d6c0-418b-9c27-8a84d6690331","Microsoft Graph","ServicePrincipal",,"ServicePrincipal.Name",,"""https://saasapplicationsadmindatto.onmicrosoft.com/production3,d7db2a1c-c38b-4bd1-a30f-0915167ba928""","User-Agent: EvoSTS; AppId: 00000003-0000-0000-c000-000000000000; ServicePrincipalProvisioningType: Consent",""
"2026-08-14T14:25:50.5478769Z","Add app role assignment to service principal","Directory_c5bb6b89-baaf-49f5-87ca-50238780bc7a_G8K45_14279361","Azure ESTS Service","ApplicationManagement","c5bb6b89-baaf-49f5-87ca-50238780bc7a","Core Directory","Assign","success","e1359286-d6c0-418b-9c27-8a84d6690331","Microsoft Graph","ServicePrincipal",,"TargetId.ServicePrincipalNames",,"""00000003-0000-0000-c000-000000000000;00000003-0000-0000-c000-000000000000/ags.windows.net;https://ags.windows.net;https://graph.microsoft.us;https://graph.microsoft.com;https://canary.graph.microsoft.com;https://graph.microsoft.com/;https://dod-graph.microsoft.us;https://dod-graph.microsoft.us/;https://graph.microsoft.us/;https://canary.graph.microsoft.com/""","User-Agent: EvoSTS; AppId: 00000003-0000-0000-c000-000000000000; ServicePrincipalProvisioningType: Consent",""
"2026-08-14T14:25:50.5478769Z","Add app role assignment to service principal","Directory_c5bb6b89-baaf-49f5-87ca-50238780bc7a_G8K45_14279361","Azure ESTS Service","ApplicationManagement","c5bb6b89-baaf-49f5-87ca-50238780bc7a","Core Directory","Assign","success","b3db957f-1c6d-4960-a005-c45a7485987f","https://saasapplicationsadmindatto.onmicrosoft.com/production3,d7db2a1c-c38b-4bd1-a30f-0915167ba928","ServicePrincipal",,,,,"User-Agent: EvoSTS; AppId: 00000003-0000-0000-c000-000000000000; ServicePrincipalProvisioningType: Consent",""
"2026-08-14T14:25:50.4338706Z","Add app role assignment to service principal","Directory_c5bb6b89-baaf-49f5-87ca-50238780bc7a_G8K45_14279330","Azure ESTS Service","ApplicationManagement","c5bb6b89-baaf-49f5-87ca-50238780bc7a","Core Directory","Assign","success","e1359286-d6c0-418b-9c27-8a84d6690331","Microsoft Graph","ServicePrincipal",,"AppRole.Id",,"""810c84a8-4a9e-49e6-bf7d-12d183f40d01""","User-Agent: EvoSTS; AppId: 00000003-0000-0000-c000-000000000000; ServicePrincipalProvisioningType: Consent",""
"2026-08-14T14:25:50.4338706Z","Add app role assignment to service principal","Directory_c5bb6b89-baaf-49f5-87ca-50238780bc7a_G8K45_14279330","Azure ESTS Service","ApplicationManagement","c5bb6b89-baaf-49f5-87ca-50238780bc7a","Core Directory","Assign","success","e1359286-d6c0-418b-9c27-8a84d6690331","Microsoft Graph","ServicePrincipal",,"AppRole.Value",,"""Mail.Read""","User-Agent: EvoSTS; AppId: 00000003-0000-0000-c000-000000000000; ServicePrincipalProvisioningType: Consent",""
"2026-08-14T14:25:50.4338706Z","Add app role assignment to service principal","Directory_c5bb6b89-baaf-49f5-87ca-50238780bc7a_G8K45_14279330","Azure ESTS Service","ApplicationManagement","c5bb6b89-baaf-49f5-87ca-50238780bc7a","Core Directory","Assign","success","e1359286-d6c0-418b-9c27-8a84d6690331","Microsoft Graph","ServicePrincipal",,"AppRole.DisplayName",,"""Read mail in all mailboxes""","User-Agent: EvoSTS; AppId: 00000003-0000-0000-c000-000000000000; ServicePrincipalProvisioningType: Consent",""
"2026-08-14T14:25:50.4338706Z","Add app role assignment to service principal","Directory_c5bb6b89-baaf-49f5-87ca-50238780bc7a_G8K45_14279330","Azure ESTS Service","ApplicationManagement","c5bb6b89-baaf-49f5-87ca-50238780bc7a","Core Directory","Assign","success","e1359286-d6c0-418b-9c27-8a84d6690331","Microsoft Graph","ServicePrincipal",,"AppRoleAssignment.CreatedDateTime",,"""2026-08-14T14:25:50.3538725Z""","User-Agent: EvoSTS; AppId: 00000003-0000-0000-c000-000000000000; ServicePrincipalProvisioningType: Consent",""
"2026-08-14T14:25:50.4338706Z","Add app role assignment to service principal","Directory_c5bb6b89-baaf-49f5-87ca-50238780bc7a_G8K45_14279330","Azure ESTS Service","ApplicationManagement","c5bb6b89-baaf-49f5-87ca-50238780bc7a","Core Directory","Assign","success","e1359286-d6c0-418b-9c27-8a84d6690331","Microsoft Graph","ServicePrincipal",,"AppRoleAssignment.LastModifiedDateTime",,"""2026-08-14T14:25:50.3538725Z""","User-Agent: EvoSTS; AppId: 00000003-0000-0000-c000-000000000000; ServicePrincipalProvisioningType: Consent",""
"2026-08-14T14:25:50.4338706Z","Add app role assignment to service principal","Directory_c5bb6b89-baaf-49f5-87ca-50238780bc7a_G8K45_14279330","Azure ESTS Service","ApplicationManagement","c5bb6b89-baaf-49f5-87ca-50238780bc7a","Core Directory","Assign","success","e1359286-d6c0-418b-9c27-8a84d6690331","Microsoft Graph","ServicePrincipal",,"ServicePrincipal.ObjectID",,"""b3db957f-1c6d-4960-a005-c45a7485987f""","User-Agent: EvoSTS; AppId: 00000003-0000-0000-c000-000000000000; ServicePrincipalProvisioningType: Consent",""
"2026-08-14T14:25:50.4338706Z","Add app role assignment to service principal","Directory_c5bb6b89-baaf-49f5-87ca-50238780bc7a_G8K45_14279330","Azure ESTS Service","ApplicationManagement","c5bb6b89-baaf-49f5-87ca-50238780bc7a","Core Directory","Assign","success","e1359286-d6c0-418b-9c27-8a84d6690331","Microsoft Graph","ServicePrincipal",,"ServicePrincipal.DisplayName",,"""Backupify""","User-Agent: EvoSTS; AppId: 00000003-0000-0000-c000-000000000000; ServicePrincipalProvisioningType: Consent",""
"2026-08-14T14:25:50.4338706Z","Add app role assignment to service principal","Directory_c5bb6b89-baaf-49f5-87ca-50238780bc7a_G8K45_14279330","Azure ESTS Service","ApplicationManagement","c5bb6b89-baaf-49f5-87ca-50238780bc7a","Core Directory","Assign","success","e1359286-d6c0-418b-9c27-8a84d6690331","Microsoft Graph","ServicePrincipal",,"ServicePrincipal.AppId",,"""d7db2a1c-c38b-4bd1-a30f-0915167ba928""","User-Agent: EvoSTS; AppId: 00000003-0000-0000-c000-000000000000; ServicePrincipalProvisioningType: Consent",""
"2026-08-14T14:25:50.4338706Z","Add app role assignment to service principal","Directory_c5bb6b89-baaf-49f5-87ca-50238780bc7a_G8K45_14279330","Azure ESTS Service","ApplicationManagement","c5bb6b89-baaf-49f5-87ca-50238780bc7a","Core Directory","Assign","success","e1359286-d6c0-418b-9c27-8a84d6690331","Microsoft Graph","ServicePrincipal",,"ServicePrincipal.Name",,"""https://saasapplicationsadmindatto.onmicrosoft.com/production3,d7db2a1c-c38b-4bd1-a30f-0915167ba928""","User-Agent: EvoSTS; AppId: 00000003-0000-0000-c000-000000000000; ServicePrincipalProvisioningType: Consent",""
"2026-08-14T14:25:50.4338706Z","Add app role assignment to service principal","Directory_c5bb6b89-baaf-49f5-87ca-50238780bc7a_G8K45_14279330","Azure ESTS Service","ApplicationManagement","c5bb6b89-baaf-49f5-87ca-50238780bc7a","Core Directory","Assign","success","e1359286-d6c0-418b-9c27-8a84d6690331","Microsoft Graph","ServicePrincipal",,"TargetId.ServicePrincipalNames",,"""00000003-0000-0000-c000-000000000000;00000003-0000-0000-c000-000000000000/ags.windows.net;https://ags.windows.net;https://graph.microsoft.us;https://graph.microsoft.com;https://canary.graph.microsoft.com;https://graph.microsoft.com/;https://dod-graph.microsoft.us;https://dod-graph.microsoft.us/;https://graph.microsoft.us/;https://canary.graph.microsoft.com/""","User-Agent: EvoSTS; AppId: 00000003-0000-0000-c000-000000000000; ServicePrincipalProvisioningType: Consent",""
"2026-08-14T14:25:50.4338706Z","Add app role assignment to service principal","Directory_c5bb6b89-baaf-49f5-87ca-50238780bc7a_G8K45_14279330","Azure ESTS Service","ApplicationManagement","c5bb6b89-baaf-49f5-87ca-50238780bc7a","Core Directory","Assign","success","b3db957f-1c6d-4960-a005-c45a7485987f","https://saasapplicationsadmindatto.onmicrosoft.com/production3,d7db2a1c-c38b-4bd1-a30f-0915167ba928","ServicePrincipal",,,,,"User-Agent: EvoSTS; AppId: 00000003-0000-0000-c000-000000000000; ServicePrincipalProvisioningType: Consent",""
"2026-08-14T14:25:50.3218722Z","Add app role assignment to service principal","Directory_c5bb6b89-baaf-49f5-87ca-50238780bc7a_G8K45_14279307","Azure ESTS Service","ApplicationManagement","c5bb6b89-baaf-49f5-87ca-50238780bc7a","Core Directory","Assign","success","e1359286-d6c0-418b-9c27-8a84d6690331","Microsoft Graph","ServicePrincipal",,"AppRole.Id",,"""62a82d76-70ea-41e2-9197-370581804d09""","User-Agent: EvoSTS; AppId: 00000003-0000-0000-c000-000000000000; ServicePrincipalProvisioningType: Consent",""
"2026-08-14T14:25:50.3218722Z","Add app role assignment to service principal","Directory_c5bb6b89-baaf-49f5-87ca-50238780bc7a_G8K45_14279307","Azure ESTS Service","ApplicationManagement","c5bb6b89-baaf-49f5-87ca-50238780bc7a","Core Directory","Assign","success","e1359286-d6c0-418b-9c27-8a84d6690331","Microsoft Graph","ServicePrincipal",,"AppRole.Value",,"""Group.ReadWrite.All""","User-Agent: EvoSTS; AppId: 00000003-0000-0000-c000-000000000000; ServicePrincipalProvisioningType: Consent",""
"2026-08-14T14:25:50.3218722Z","Add app role assignment to service principal","Directory_c5bb6b89-baaf-49f5-87ca-50238780bc7a_G8K45_14279307","Azure ESTS Service","ApplicationManagement","c5bb6b89-baaf-49f5-87ca-50238780bc7a","Core Directory","Assign","success","e1359286-d6c0-418b-9c27-8a84d6690331","Microsoft Graph","ServicePrincipal",,"AppRole.DisplayName",,"""Read and write all groups""","User-Agent: EvoSTS; AppId: 00000003-0000-0000-c000-000000000000; ServicePrincipalProvisioningType: Consent",""
"2026-08-14T14:25:50.3218722Z","Add app role assignment to service principal","Directory_c5bb6b89-baaf-49f5-87ca-50238780bc7a_G8K45_14279307","Azure ESTS Service","ApplicationManagement","c5bb6b89-baaf-49f5-87ca-50238780bc7a","Core Directory","Assign","success","e1359286-d6c0-418b-9c27-8a84d6690331","Microsoft Graph","ServicePrincipal",,"AppRoleAssignment.CreatedDateTime",,"""2026-08-14T14:25:50.2418754Z""","User-Agent: EvoSTS; AppId: 00000003-0000-0000-c000-000000000000; ServicePrincipalProvisioningType: Consent",""
"2026-08-14T14:25:50.3218722Z","Add app role assignment to service principal","Directory_c5bb6b89-baaf-49f5-87ca-50238780bc7a_G8K45_14279307","Azure ESTS Service","ApplicationManagement","c5bb6b89-baaf-49f5-87ca-50238780bc7a","Core Directory","Assign","success","e1359286-d6c0-418b-9c27-8a84d6690331","Microsoft Graph","ServicePrincipal",,"AppRoleAssignment.LastModifiedDateTime",,"""2026-08-14T14:25:50.2418754Z""","User-Agent: EvoSTS; AppId: 00000003-0000-0000-c000-000000000000; ServicePrincipalProvisioningType: Consent",""
"2026-08-14T14:25:50.3218722Z","Add app role assignment to service principal","Directory_c5bb6b89-baaf-49f5-87ca-50238780bc7a_G8K45_14279307","Azure ESTS Service","ApplicationManagement","c5bb6b89-baaf-49f5-87ca-50238780bc7a","Core Directory","Assign","success","e1359286-d6c0-418b-9c27-8a84d6690331","Microsoft Graph","ServicePrincipal",,"ServicePrincipal.ObjectID",,"""b3db957f-1c6d-4960-a005-c45a7485987f""","User-Agent: EvoSTS; AppId: 00000003-0000-0000-c000-000000000000; ServicePrincipalProvisioningType: Consent",""
"2026-08-14T14:25:50.3218722Z","Add app role assignment to service principal","Directory_c5bb6b89-baaf-49f5-87ca-50238780bc7a_G8K45_14279307","Azure ESTS Service","ApplicationManagement","c5bb6b89-baaf-49f5-87ca-50238780bc7a","Core Directory","Assign","success","e1359286-d6c0-418b-9c27-8a84d6690331","Microsoft Graph","ServicePrincipal",,"ServicePrincipal.DisplayName",,"""Backupify""","User-Agent: EvoSTS; AppId: 00000003-0000-0000-c000-000000000000; ServicePrincipalProvisioningType: Consent",""
"2026-08-14T14:25:50.3218722Z","Add app role assignment to service principal","Directory_c5bb6b89-baaf-49f5-87ca-50238780bc7a_G8K45_14279307","Azure ESTS Service","ApplicationManagement","c5bb6b89-baaf-49f5-87ca-50238780bc7a","Core Directory","Assign","success","e1359286-d6c0-418b-9c27-8a84d6690331","Microsoft Graph","ServicePrincipal",,"ServicePrincipal.AppId",,"""d7db2a1c-c38b-4bd1-a30f-0915167ba928""","User-Agent: EvoSTS; AppId: 00000003-0000-0000-c000-000000000000; ServicePrincipalProvisioningType: Consent",""
"2026-08-14T14:25:50.3218722Z","Add app role assignment to service principal","Directory_c5bb6b89-baaf-49f5-87ca-50238780bc7a_G8K45_14279307","Azure ESTS Service","ApplicationManagement","c5bb6b89-baaf-49f5-87ca-50238780bc7a","Core Directory","Assign","success","e1359286-d6c0-418b-9c27-8a84d6690331","Microsoft Graph","ServicePrincipal",,"ServicePrincipal.Name",,"""https://saasapplicationsadmindatto.onmicrosoft.com/production3,d7db2a1c-c38b-4bd1-a30f-0915167ba928""","User-Agent: EvoSTS; AppId: 00000003-0000-0000-c000-000000000000; ServicePrincipalProvisioningType: Consent",""
"2026-08-14T14:25:50.3218722Z","Add app role assignment to service principal","Directory_c5bb6b89-baaf-49f5-87ca-50238780bc7a_G8K45_14279307","Azure ESTS Service","ApplicationManagement","c5bb6b89-baaf-49f5-87ca-50238780bc7a","Core Directory","Assign","success","e1359286-d6c0-418b-9c27-8a84d6690331","Microsoft Graph","ServicePrincipal",,"TargetId.ServicePrincipalNames",,"""00000003-0000-0000-c000-000000000000;00000003-0000-0000-c000-000000000000/ags.windows.net;https://ags.windows.net;https://graph.microsoft.us;https://graph.microsoft.com;https://canary.graph.microsoft.com;https://graph.microsoft.com/;https://dod-graph.microsoft.us;https://dod-graph.microsoft.us/;https://graph.microsoft.us/;https://canary.graph.microsoft.com/""","User-Agent: EvoSTS; AppId: 00000003-0000-0000-c000-000000000000; ServicePrincipalProvisioningType: Consent",""
"2026-08-14T14:25:50.3218722Z","Add app role assignment to service principal","Directory_c5bb6b89-baaf-49f5-87ca-50238780bc7a_G8K45_14279307","Azure ESTS Service","ApplicationManagement","c5bb6b89-baaf-49f5-87ca-50238780bc7a","Core Directory","Assign","success","b3db957f-1c6d-4960-a005-c45a7485987f","https://saasapplicationsadmindatto.onmicrosoft.com/production3,d7db2a1c-c38b-4bd1-a30f-0915167ba928","ServicePrincipal",,,,,"User-Agent: EvoSTS; AppId: 00000003-0000-0000-c000-000000000000; ServicePrincipalProvisioningType: Consent",""
"2026-08-14T14:25:50.2038723Z","Add app role assignment to service principal","Directory_c5bb6b89-baaf-49f5-87ca-50238780bc7a_G8K45_14279287","Azure ESTS Service","ApplicationManagement","c5bb6b89-baaf-49f5-87ca-50238780bc7a","Core Directory","Assign","success","e1359286-d6c0-418b-9c27-8a84d6690331","Microsoft Graph","ServicePrincipal",,"AppRole.Id",,"""5b567255-7703-4780-807c-7be8301ae99b""","User-Agent: EvoSTS; AppId: 00000003-0000-0000-c000-000000000000; ServicePrincipalProvisioningType: Consent",""
"2026-08-14T14:25:50.2038723Z","Add app role assignment to service principal","Directory_c5bb6b89-baaf-49f5-87ca-50238780bc7a_G8K45_14279287","Azure ESTS Service","ApplicationManagement","c5bb6b89-baaf-49f5-87ca-50238780bc7a","Core Directory","Assign","success","e1359286-d6c0-418b-9c27-8a84d6690331","Microsoft Graph","ServicePrincipal",,"AppRole.Value",,"""Group.Read.All""","User-Agent: EvoSTS; AppId: 00000003-0000-0000-c000-000000000000; ServicePrincipalProvisioningType: Consent",""
"2026-08-14T14:25:50.2038723Z","Add app role assignment to service principal","Directory_c5bb6b89-baaf-49f5-87ca-50238780bc7a_G8K45_14279287","Azure ESTS Service","ApplicationManagement","c5bb6b89-baaf-49f5-87ca-50238780bc7a","Core Directory","Assign","success","e1359286-d6c0-418b-9c27-8a84d6690331","Microsoft Graph","ServicePrincipal",,"AppRole.DisplayName",,"""Read all groups""","User-Agent: EvoSTS; AppId: 00000003-0000-0000-c000-000000000000; ServicePrincipalProvisioningType: Consent",""
"2026-08-14T14:25:50.2038723Z","Add app role assignment to service principal","Directory_c5bb6b89-baaf-49f5-87ca-50238780bc7a_G8K45_14279287","Azure ESTS Service","ApplicationManagement","c5bb6b89-baaf-49f5-87ca-50238780bc7a","Core Directory","Assign","success","e1359286-d6c0-418b-9c27-8a84d6690331","Microsoft Graph","ServicePrincipal",,"AppRoleAssignment.CreatedDateTime",,"""2026-08-14T14:25:50.121874Z""","User-Agent: EvoSTS; AppId: 00000003-0000-0000-c000-000000000000; ServicePrincipalProvisioningType: Consent",""
"2026-08-14T14:25:50.2038723Z","Add app role assignment to service principal","Directory_c5bb6b89-baaf-49f5-87ca-50238780bc7a_G8K45_14279287","Azure ESTS Service","ApplicationManagement","c5bb6b89-baaf-49f5-87ca-50238780bc7a","Core Directory","Assign","success","e1359286-d6c0-418b-9c27-8a84d6690331","Microsoft Graph","ServicePrincipal",,"AppRoleAssignment.LastModifiedDateTime",,"""2026-08-14T14:25:50.121874Z""","User-Agent: EvoSTS; AppId: 00000003-0000-0000-c000-000000000000; ServicePrincipalProvisioningType: Consent",""
"2026-08-14T14:25:50.2038723Z","Add app role assignment to service principal","Directory_c5bb6b89-baaf-49f5-87ca-50238780bc7a_G8K45_14279287","Azure ESTS Service","ApplicationManagement","c5bb6b89-baaf-49f5-87ca-50238780bc7a","Core Directory","Assign","success","e1359286-d6c0-418b-9c27-8a84d6690331","Microsoft Graph","ServicePrincipal",,"ServicePrincipal.ObjectID",,"""b3db957f-1c6d-4960-a005-c45a7485987f""","User-Agent: EvoSTS; AppId: 00000003-0000-0000-c000-000000000000; ServicePrincipalProvisioningType: Consent",""
"2026-08-14T14:25:50.2038723Z","Add app role assignment to service principal","Directory_c5bb6b89-baaf-49f5-87ca-50238780bc7a_G8K45_14279287","Azure ESTS Service","ApplicationManagement","c5bb6b89-baaf-49f5-87ca-50238780bc7a","Core Directory","Assign","success","e1359286-d6c0-418b-9c27-8a84d6690331","Microsoft Graph","ServicePrincipal",,"ServicePrincipal.DisplayName",,"""Backupify""","User-Agent: EvoSTS; AppId: 00000003-0000-0000-c000-000000000000; ServicePrincipalProvisioningType: Consent",""
"2026-08-14T14:25:50.2038723Z","Add app role assignment to service principal","Directory_c5bb6b89-baaf-49f5-87ca-50238780bc7a_G8K45_14279287","Azure ESTS Service","ApplicationManagement","c5bb6b89-baaf-49f5-87ca-50238780bc7a","Core Directory","Assign","success","e1359286-d6c0-418b-9c27-8a84d6690331","Microsoft Graph","ServicePrincipal",,"ServicePrincipal.AppId",,"""d7db2a1c-c38b-4bd1-a30f-0915167ba928""","User-Agent: EvoSTS; AppId: 00000003-0000-0000-c000-000000000000; ServicePrincipalProvisioningType: Consent",""
"2026-08-14T14:25:50.2038723Z","Add app role assignment to service principal","Directory_c5bb6b89-baaf-49f5-87ca-50238780bc7a_G8K45_14279287","Azure ESTS Service","ApplicationManagement","c5bb6b89-baaf-49f5-87ca-50238780bc7a","Core Directory","Assign","success","e1359286-d6c0-418b-9c27-8a84d6690331","Microsoft Graph","ServicePrincipal",,"ServicePrincipal.Name",,"""https://saasapplicationsadmindatto.onmicrosoft.com/production3,d7db2a1c-c38b-4bd1-a30f-0915167ba928""","User-Agent: EvoSTS; AppId: 00000003-0000-0000-c000-000000000000; ServicePrincipalProvisioningType: Consent",""
"2026-08-14T14:25:50.2038723Z","Add app role assignment to service principal","Directory_c5bb6b89-baaf-49f5-87ca-50238780bc7a_G8K45_14279287","Azure ESTS Service","ApplicationManagement","c5bb6b89-baaf-49f5-87ca-50238780bc7a","Core Directory","Assign","success","e1359286-d6c0-418b-9c27-8a84d6690331","Microsoft Graph","ServicePrincipal",,"TargetId.ServicePrincipalNames",,"""00000003-0000-0000-c000-000000000000;00000003-0000-0000-c000-000000000000/ags.windows.net;https://ags.windows.net;https://graph.microsoft.us;https://graph.microsoft.com;https://canary.graph.microsoft.com;https://graph.microsoft.com/;https://dod-graph.microsoft.us;https://dod-graph.microsoft.us/;https://graph.microsoft.us/;https://canary.graph.microsoft.com/""","User-Agent: EvoSTS; AppId: 00000003-0000-0000-c000-000000000000; ServicePrincipalProvisioningType: Consent",""
"2026-08-14T14:25:50.2038723Z","Add app role assignment to service principal","Directory_c5bb6b89-baaf-49f5-87ca-50238780bc7a_G8K45_14279287","Azure ESTS Service","ApplicationManagement","c5bb6b89-baaf-49f5-87ca-50238780bc7a","Core Directory","Assign","success","b3db957f-1c6d-4960-a005-c45a7485987f","https://saasapplicationsadmindatto.onmicrosoft.com/production3,d7db2a1c-c38b-4bd1-a30f-0915167ba928","ServicePrincipal",,,,,"User-Agent: EvoSTS; AppId: 00000003-0000-0000-c000-000000000000; ServicePrincipalProvisioningType: Consent",""
"2026-08-14T14:25:50.0868746Z","Add app role assignment to service principal","Directory_c5bb6b89-baaf-49f5-87ca-50238780bc7a_G8K45_14279267","Azure ESTS Service","ApplicationManagement","c5bb6b89-baaf-49f5-87ca-50238780bc7a","Core Directory","Assign","success","e1359286-d6c0-418b-9c27-8a84d6690331","Microsoft Graph","ServicePrincipal",,"AppRole.Id",,"""d1808e82-ce13-47af-ae0d-f9b254e6d58a""","User-Agent: EvoSTS; AppId: 00000003-0000-0000-c000-000000000000; ServicePrincipalProvisioningType: Consent",""
"2026-08-14T14:25:50.0868746Z","Add app role assignment to service principal","Directory_c5bb6b89-baaf-49f5-87ca-50238780bc7a_G8K45_14279267","Azure ESTS Service","ApplicationManagement","c5bb6b89-baaf-49f5-87ca-50238780bc7a","Core Directory","Assign","success","e1359286-d6c0-418b-9c27-8a84d6690331","Microsoft Graph","ServicePrincipal",,"AppRole.Value",,"""EduRoster.ReadWrite.All""","User-Agent: EvoSTS; AppId: 00000003-0000-0000-c000-000000000000; ServicePrincipalProvisioningType: Consent",""
"2026-08-14T14:25:50.0868746Z","Add app role assignment to service principal","Directory_c5bb6b89-baaf-49f5-87ca-50238780bc7a_G8K45_14279267","Azure ESTS Service","ApplicationManagement","c5bb6b89-baaf-49f5-87ca-50238780bc7a","Core Directory","Assign","success","e1359286-d6c0-418b-9c27-8a84d6690331","Microsoft Graph","ServicePrincipal",,"AppRole.DisplayName",,"""Read and write the organization's roster""","User-Agent: EvoSTS; AppId: 00000003-0000-0000-c000-000000000000; ServicePrincipalProvisioningType: Consent",""
"2026-08-14T14:25:50.0868746Z","Add app role assignment to service principal","Directory_c5bb6b89-baaf-49f5-87ca-50238780bc7a_G8K45_14279267","Azure ESTS Service","ApplicationManagement","c5bb6b89-baaf-49f5-87ca-50238780bc7a","Core Directory","Assign","success","e1359286-d6c0-418b-9c27-8a84d6690331","Microsoft Graph","ServicePrincipal",,"AppRoleAssignment.CreatedDateTime",,"""2026-08-14T14:25:50.0058752Z""","User-Agent: EvoSTS; AppId: 00000003-0000-0000-c000-000000000000; ServicePrincipalProvisioningType: Consent",""
"2026-08-14T14:25:50.0868746Z","Add app role assignment to service principal","Directory_c5bb6b89-baaf-49f5-87ca-50238780bc7a_G8K45_14279267","Azure ESTS Service","ApplicationManagement","c5bb6b89-baaf-49f5-87ca-50238780bc7a","Core Directory","Assign","success","e1359286-d6c0-418b-9c27-8a84d6690331","Microsoft Graph","ServicePrincipal",,"AppRoleAssignment.LastModifiedDateTime",,"""2026-08-14T14:25:50.0058752Z""","User-Agent: EvoSTS; AppId: 00000003-0000-0000-c000-000000000000; ServicePrincipalProvisioningType: Consent",""
"2026-08-14T14:25:50.0868746Z","Add app role assignment to service principal","Directory_c5bb6b89-baaf-49f5-87ca-50238780bc7a_G8K45_14279267","Azure ESTS Service","ApplicationManagement","c5bb6b89-baaf-49f5-87ca-50238780bc7a","Core Directory","Assign","success","e1359286-d6c0-418b-9c27-8a84d6690331","Microsoft Graph","ServicePrincipal",,"ServicePrincipal.ObjectID",,"""b3db957f-1c6d-4960-a005-c45a7485987f""","User-Agent: EvoSTS; AppId: 00000003-0000-0000-c000-000000000000; ServicePrincipalProvisioningType: Consent",""
"2026-08-14T14:25:50.0868746Z","Add app role assignment to service principal","Directory_c5bb6b89-baaf-49f5-87ca-50238780bc7a_G8K45_14279267","Azure ESTS Service","ApplicationManagement","c5bb6b89-baaf-49f5-87ca-50238780bc7a","Core Directory","Assign","success","e1359286-d6c0-418b-9c27-8a84d6690331","Microsoft Graph","ServicePrincipal",,"ServicePrincipal.DisplayName",,"""Backupify""","User-Agent: EvoSTS; AppId: 00000003-0000-0000-c000-000000000000; ServicePrincipalProvisioningType: Consent",""
"2026-08-14T14:25:50.0868746Z","Add app role assignment to service principal","Directory_c5bb6b89-baaf-49f5-87ca-50238780bc7a_G8K45_14279267","Azure ESTS Service","ApplicationManagement","c5bb6b89-baaf-49f5-87ca-50238780bc7a","Core Directory","Assign","success","e1359286-d6c0-418b-9c27-8a84d6690331","Microsoft Graph","ServicePrincipal",,"ServicePrincipal.AppId",,"""d7db2a1c-c38b-4bd1-a30f-0915167ba928""","User-Agent: EvoSTS; AppId: 00000003-0000-0000-c000-000000000000; ServicePrincipalProvisioningType: Consent",""
"2026-08-14T14:25:50.0868746Z","Add app role assignment to service principal","Directory_c5bb6b89-baaf-49f5-87ca-50238780bc7a_G8K45_14279267","Azure ESTS Service","ApplicationManagement","c5bb6b89-baaf-49f5-87ca-50238780bc7a","Core Directory","Assign","success","e1359286-d6c0-418b-9c27-8a84d6690331","Microsoft Graph","ServicePrincipal",,"ServicePrincipal.Name",,"""https://saasapplicationsadmindatto.onmicrosoft.com/production3,d7db2a1c-c38b-4bd1-a30f-0915167ba928""","User-Agent: EvoSTS; AppId: 00000003-0000-0000-c000-000000000000; ServicePrincipalProvisioningType: Consent",""
"2026-08-14T14:25:50.0868746Z","Add app role assignment to service principal","Directory_c5bb6b89-baaf-49f5-87ca-50238780bc7a_G8K45_14279267","Azure ESTS Service","ApplicationManagement","c5bb6b89-baaf-49f5-87ca-50238780bc7a","Core Directory","Assign","success","e1359286-d6c0-418b-9c27-8a84d6690331","Microsoft Graph","ServicePrincipal",,"TargetId.ServicePrincipalNames",,"""00000003-0000-0000-c000-000000000000;00000003-0000-0000-c000-000000000000/ags.windows.net;https://ags.windows.net;https://graph.microsoft.us;https://graph.microsoft.com;https://canary.graph.microsoft.com;https://graph.microsoft.com/;https://dod-graph.microsoft.us;https://dod-graph.microsoft.us/;https://graph.microsoft.us/;https://canary.graph.microsoft.com/""","User-Agent: EvoSTS; AppId: 00000003-0000-0000-c000-000000000000; ServicePrincipalProvisioningType: Consent",""
"2026-08-14T14:25:50.0868746Z","Add app role assignment to service principal","Directory_c5bb6b89-baaf-49f5-87ca-50238780bc7a_G8K45_14279267","Azure ESTS Service","ApplicationManagement","c5bb6b89-baaf-49f5-87ca-50238780bc7a","Core Directory","Assign","success","b3db957f-1c6d-4960-a005-c45a7485987f","https://saasapplicationsadmindatto.onmicrosoft.com/production3,d7db2a1c-c38b-4bd1-a30f-0915167ba928","ServicePrincipal",,,,,"User-Agent: EvoSTS; AppId: 00000003-0000-0000-c000-000000000000; ServicePrincipalProvisioningType: Consent",""
"2026-08-14T14:25:49.9718766Z","Add app role assignment to service principal","Directory_c5bb6b89-baaf-49f5-87ca-50238780bc7a_G8K45_14279246","Azure ESTS Service","ApplicationManagement","c5bb6b89-baaf-49f5-87ca-50238780bc7a","Core Directory","Assign","success","e1359286-d6c0-418b-9c27-8a84d6690331","Microsoft Graph","ServicePrincipal",,"AppRole.Id",,"""0d412a8c-a06c-439f-b3ec-8abcf54d2f96""","User-Agent: EvoSTS; AppId: 00000003-0000-0000-c000-000000000000; ServicePrincipalProvisioningType: Consent",""
"2026-08-14T14:25:49.9718766Z","Add app role assignment to service principal","Directory_c5bb6b89-baaf-49f5-87ca-50238780bc7a_G8K45_14279246","Azure ESTS Service","ApplicationManagement","c5bb6b89-baaf-49f5-87ca-50238780bc7a","Core Directory","Assign","success","e1359286-d6c0-418b-9c27-8a84d6690331","Microsoft Graph","ServicePrincipal",,"AppRole.Value",,"""EduRoster.ReadBasic.All""","User-Agent: EvoSTS; AppId: 00000003-0000-0000-c000-000000000000; ServicePrincipalProvisioningType: Consent",""
"2026-08-14T14:25:49.9718766Z","Add app role assignment to service principal","Directory_c5bb6b89-baaf-49f5-87ca-50238780bc7a_G8K45_14279246","Azure ESTS Service","ApplicationManagement","c5bb6b89-baaf-49f5-87ca-50238780bc7a","Core Directory","Assign","success","e1359286-d6c0-418b-9c27-8a84d6690331","Microsoft Graph","ServicePrincipal",,"AppRole.DisplayName",,"""Read a limited subset of the organization's roster""","User-Agent: EvoSTS; AppId: 00000003-0000-0000-c000-000000000000; ServicePrincipalProvisioningType: Consent",""
"2026-08-14T14:25:49.9718766Z","Add app role assignment to service principal","Directory_c5bb6b89-baaf-49f5-87ca-50238780bc7a_G8K45_14279246","Azure ESTS Service","ApplicationManagement","c5bb6b89-baaf-49f5-87ca-50238780bc7a","Core Directory","Assign","success","e1359286-d6c0-418b-9c27-8a84d6690331","Microsoft Graph","ServicePrincipal",,"AppRoleAssignment.CreatedDateTime",,"""2026-08-14T14:25:49.8718741Z""","User-Agent: EvoSTS; AppId: 00000003-0000-0000-c000-000000000000; ServicePrincipalProvisioningType: Consent",""
"2026-08-14T14:25:49.9718766Z","Add app role assignment to service principal","Directory_c5bb6b89-baaf-49f5-87ca-50238780bc7a_G8K45_14279246","Azure ESTS Service","ApplicationManagement","c5bb6b89-baaf-49f5-87ca-50238780bc7a","Core Directory","Assign","success","e1359286-d6c0-418b-9c27-8a84d6690331","Microsoft Graph","ServicePrincipal",,"AppRoleAssignment.LastModifiedDateTime",,"""2026-08-14T14:25:49.8718741Z""","User-Agent: EvoSTS; AppId: 00000003-0000-0000-c000-000000000000; ServicePrincipalProvisioningType: Consent",""
"2026-08-14T14:25:49.9718766Z","Add app role assignment to service principal","Directory_c5bb6b89-baaf-49f5-87ca-50238780bc7a_G8K45_14279246","Azure ESTS Service","ApplicationManagement","c5bb6b89-baaf-49f5-87ca-50238780bc7a","Core Directory","Assign","success","e1359286-d6c0-418b-9c27-8a84d6690331","Microsoft Graph","ServicePrincipal",,"ServicePrincipal.ObjectID",,"""b3db957f-1c6d-4960-a005-c45a7485987f""","User-Agent: EvoSTS; AppId: 00000003-0000-0000-c000-000000000000; ServicePrincipalProvisioningType: Consent",""
"2026-08-14T14:25:49.9718766Z","Add app role assignment to service principal","Directory_c5bb6b89-baaf-49f5-87ca-50238780bc7a_G8K45_14279246","Azure ESTS Service","ApplicationManagement","c5bb6b89-baaf-49f5-87ca-50238780bc7a","Core Directory","Assign","success","e1359286-d6c0-418b-9c27-8a84d6690331","Microsoft Graph","ServicePrincipal",,"ServicePrincipal.DisplayName",,"""Backupify""","User-Agent: EvoSTS; AppId: 00000003-0000-0000-c000-000000000000; ServicePrincipalProvisioningType: Consent",""
"2026-08-14T14:25:49.9718766Z","Add app role assignment to service principal","Directory_c5bb6b89-baaf-49f5-87ca-50238780bc7a_G8K45_14279246","Azure ESTS Service","ApplicationManagement","c5bb6b89-baaf-49f5-87ca-50238780bc7a","Core Directory","Assign","success","e1359286-d6c0-418b-9c27-8a84d6690331","Microsoft Graph","ServicePrincipal",,"ServicePrincipal.AppId",,"""d7db2a1c-c38b-4bd1-a30f-0915167ba928""","User-Agent: EvoSTS; AppId: 00000003-0000-0000-c000-000000000000; ServicePrincipalProvisioningType: Consent",""
"2026-08-14T14:25:49.9718766Z","Add app role assignment to service principal","Directory_c5bb6b89-baaf-49f5-87ca-50238780bc7a_G8K45_14279246","Azure ESTS Service","ApplicationManagement","c5bb6b89-baaf-49f5-87ca-50238780bc7a","Core Directory","Assign","success","e1359286-d6c0-418b-9c27-8a84d6690331","Microsoft Graph","ServicePrincipal",,"ServicePrincipal.Name",,"""https://saasapplicationsadmindatto.onmicrosoft.com/production3,d7db2a1c-c38b-4bd1-a30f-0915167ba928""","User-Agent: EvoSTS; AppId: 00000003-0000-0000-c000-000000000000; ServicePrincipalProvisioningType: Consent",""
"2026-08-14T14:25:49.9718766Z","Add app role assignment to service principal","Directory_c5bb6b89-baaf-49f5-87ca-50238780bc7a_G8K45_14279246","Azure ESTS Service","ApplicationManagement","c5bb6b89-baaf-49f5-87ca-50238780bc7a","Core Directory","Assign","success","e1359286-d6c0-418b-9c27-8a84d6690331","Microsoft Graph","ServicePrincipal",,"TargetId.ServicePrincipalNames",,"""00000003-0000-0000-c000-000000000000;00000003-0000-0000-c000-000000000000/ags.windows.net;https://ags.windows.net;https://graph.microsoft.us;https://graph.microsoft.com;https://canary.graph.microsoft.com;https://graph.microsoft.com/;https://dod-graph.microsoft.us;https://dod-graph.microsoft.us/;https://graph.microsoft.us/;https://canary.graph.microsoft.com/""","User-Agent: EvoSTS; AppId: 00000003-0000-0000-c000-000000000000; ServicePrincipalProvisioningType: Consent",""
"2026-08-14T14:25:49.9718766Z","Add app role assignment to service principal","Directory_c5bb6b89-baaf-49f5-87ca-50238780bc7a_G8K45_14279246","Azure ESTS Service","ApplicationManagement","c5bb6b89-baaf-49f5-87ca-50238780bc7a","Core Directory","Assign","success","b3db957f-1c6d-4960-a005-c45a7485987f","https://saasapplicationsadmindatto.onmicrosoft.com/production3,d7db2a1c-c38b-4bd1-a30f-0915167ba928","ServicePrincipal",,,,,"User-Agent: EvoSTS; AppId: 00000003-0000-0000-c000-000000000000; ServicePrincipalProvisioningType: Consent",""
"2026-08-14T14:25:49.8348771Z","Add app role assignment to service principal","Directory_c5bb6b89-baaf-49f5-87ca-50238780bc7a_G8K45_14279203","Azure ESTS Service","ApplicationManagement","c5bb6b89-baaf-49f5-87ca-50238780bc7a","Core Directory","Assign","success","e1359286-d6c0-418b-9c27-8a84d6690331","Microsoft Graph","ServicePrincipal",,"AppRole.Id",,"""e0ac9e1b-cb65-4fc5-87c5-1a8bc181f648""","User-Agent: EvoSTS; AppId: 00000003-0000-0000-c000-000000000000; ServicePrincipalProvisioningType: Consent",""
"2026-08-14T14:25:49.8348771Z","Add app role assignment to service principal","Directory_c5bb6b89-baaf-49f5-87ca-50238780bc7a_G8K45_14279203","Azure ESTS Service","ApplicationManagement","c5bb6b89-baaf-49f5-87ca-50238780bc7a","Core Directory","Assign","success","e1359286-d6c0-418b-9c27-8a84d6690331","Microsoft Graph","ServicePrincipal",,"AppRole.Value",,"""EduRoster.Read.All""","User-Agent: EvoSTS; AppId: 00000003-0000-0000-c000-000000000000; ServicePrincipalProvisioningType: Consent",""
"2026-08-14T14:25:49.8348771Z","Add app role assignment to service principal","Directory_c5bb6b89-baaf-49f5-87ca-50238780bc7a_G8K45_14279203","Azure ESTS Service","ApplicationManagement","c5bb6b89-baaf-49f5-87ca-50238780bc7a","Core Directory","Assign","success","e1359286-d6c0-418b-9c27-8a84d6690331","Microsoft Graph","ServicePrincipal",,"AppRole.DisplayName",,"""Read the organization's roster""","User-Agent: EvoSTS; AppId: 00000003-0000-0000-c000-000000000000; ServicePrincipalProvisioningType: Consent",""
"2026-08-14T14:25:49.8348771Z","Add app role assignment to service principal","Directory_c5bb6b89-baaf-49f5-87ca-50238780bc7a_G8K45_14279203","Azure ESTS Service","ApplicationManagement","c5bb6b89-baaf-49f5-87ca-50238780bc7a","Core Directory","Assign","success","e1359286-d6c0-418b-9c27-8a84d6690331","Microsoft Graph","ServicePrincipal",,"AppRoleAssignment.CreatedDateTime",,"""2026-08-14T14:25:49.7288752Z""","User-Agent: EvoSTS; AppId: 00000003-0000-0000-c000-000000000000; ServicePrincipalProvisioningType: Consent",""
"2026-08-14T14:25:49.8348771Z","Add app role assignment to service principal","Directory_c5bb6b89-baaf-49f5-87ca-50238780bc7a_G8K45_14279203","Azure ESTS Service","ApplicationManagement","c5bb6b89-baaf-49f5-87ca-50238780bc7a","Core Directory","Assign","success","e1359286-d6c0-418b-9c27-8a84d6690331","Microsoft Graph","ServicePrincipal",,"AppRoleAssignment.LastModifiedDateTime",,"""2026-08-14T14:25:49.7288752Z""","User-Agent: EvoSTS; AppId: 00000003-0000-0000-c000-000000000000; ServicePrincipalProvisioningType: Consent",""
"2026-08-14T14:25:49.8348771Z","Add app role assignment to service principal","Directory_c5bb6b89-baaf-49f5-87ca-50238780bc7a_G8K45_14279203","Azure ESTS Service","ApplicationManagement","c5bb6b89-baaf-49f5-87ca-50238780bc7a","Core Directory","Assign","success","e1359286-d6c0-418b-9c27-8a84d6690331","Microsoft Graph","ServicePrincipal",,"ServicePrincipal.ObjectID",,"""b3db957f-1c6d-4960-a005-c45a7485987f""","User-Agent: EvoSTS; AppId: 00000003-0000-0000-c000-000000000000; ServicePrincipalProvisioningType: Consent",""
"2026-08-14T14:25:49.8348771Z","Add app role assignment to service principal","Directory_c5bb6b89-baaf-49f5-87ca-50238780bc7a_G8K45_14279203","Azure ESTS Service","ApplicationManagement","c5bb6b89-baaf-49f5-87ca-50238780bc7a","Core Directory","Assign","success","e1359286-d6c0-418b-9c27-8a84d6690331","Microsoft Graph","ServicePrincipal",,"ServicePrincipal.DisplayName",,"""Backupify""","User-Agent: EvoSTS; AppId: 00000003-0000-0000-c000-000000000000; ServicePrincipalProvisioningType: Consent",""
"2026-08-14T14:25:49.8348771Z","Add app role assignment to service principal","Directory_c5bb6b89-baaf-49f5-87ca-50238780bc7a_G8K45_14279203","Azure ESTS Service","ApplicationManagement","c5bb6b89-baaf-49f5-87ca-50238780bc7a","Core Directory","Assign","success","e1359286-d6c0-418b-9c27-8a84d6690331","Microsoft Graph","ServicePrincipal",,"ServicePrincipal.AppId",,"""d7db2a1c-c38b-4bd1-a30f-0915167ba928""","User-Agent: EvoSTS; AppId: 00000003-0000-0000-c000-000000000000; ServicePrincipalProvisioningType: Consent",""
"2026-08-14T14:25:49.8348771Z","Add app role assignment to service principal","Directory_c5bb6b89-baaf-49f5-87ca-50238780bc7a_G8K45_14279203","Azure ESTS Service","ApplicationManagement","c5bb6b89-baaf-49f5-87ca-50238780bc7a","Core Directory","Assign","success","e1359286-d6c0-418b-9c27-8a84d6690331","Microsoft Graph","ServicePrincipal",,"ServicePrincipal.Name",,"""https://saasapplicationsadmindatto.onmicrosoft.com/production3,d7db2a1c-c38b-4bd1-a30f-0915167ba928""","User-Agent: EvoSTS; AppId: 00000003-0000-0000-c000-000000000000; ServicePrincipalProvisioningType: Consent",""
"2026-08-14T14:25:49.8348771Z","Add app role assignment to service principal","Directory_c5bb6b89-baaf-49f5-87ca-50238780bc7a_G8K45_14279203","Azure ESTS Service","ApplicationManagement","c5bb6b89-baaf-49f5-87ca-50238780bc7a","Core Directory","Assign","success","e1359286-d6c0-418b-9c27-8a84d6690331","Microsoft Graph","ServicePrincipal",,"TargetId.ServicePrincipalNames",,"""00000003-0000-0000-c000-000000000000;00000003-0000-0000-c000-000000000000/ags.windows.net;https://ags.windows.net;https://graph.microsoft.us;https://graph.microsoft.com;https://canary.graph.microsoft.com;https://graph.microsoft.com/;https://dod-graph.microsoft.us;https://dod-graph.microsoft.us/;https://graph.microsoft.us/;https://canary.graph.microsoft.com/""","User-Agent: EvoSTS; AppId: 00000003-0000-0000-c000-000000000000; ServicePrincipalProvisioningType: Consent",""
"2026-08-14T14:25:49.8348771Z","Add app role assignment to service principal","Directory_c5bb6b89-baaf-49f5-87ca-50238780bc7a_G8K45_14279203","Azure ESTS Service","ApplicationManagement","c5bb6b89-baaf-49f5-87ca-50238780bc7a","Core Directory","Assign","success","b3db957f-1c6d-4960-a005-c45a7485987f","https://saasapplicationsadmindatto.onmicrosoft.com/production3,d7db2a1c-c38b-4bd1-a30f-0915167ba928","ServicePrincipal",,,,,"User-Agent: EvoSTS; AppId: 00000003-0000-0000-c000-000000000000; ServicePrincipalProvisioningType: Consent",""
"2026-08-14T14:25:49.6958753Z","Add app role assignment to service principal","Directory_c5bb6b89-baaf-49f5-87ca-50238780bc7a_G8K45_14279183","Azure ESTS Service","ApplicationManagement","c5bb6b89-baaf-49f5-87ca-50238780bc7a","Core Directory","Assign","success","e1359286-d6c0-418b-9c27-8a84d6690331","Microsoft Graph","ServicePrincipal",,"AppRole.Id",,"""7c9db06a-ec2d-4e7b-a592-5a1e30992566""","User-Agent: EvoSTS; AppId: 00000003-0000-0000-c000-000000000000; ServicePrincipalProvisioningType: Consent",""
"2026-08-14T14:25:49.6958753Z","Add app role assignment to service principal","Directory_c5bb6b89-baaf-49f5-87ca-50238780bc7a_G8K45_14279183","Azure ESTS Service","ApplicationManagement","c5bb6b89-baaf-49f5-87ca-50238780bc7a","Core Directory","Assign","success","e1359286-d6c0-418b-9c27-8a84d6690331","Microsoft Graph","ServicePrincipal",,"AppRole.Value",,"""EduAdministration.Read.All""","User-Agent: EvoSTS; AppId: 00000003-0000-0000-c000-000000000000; ServicePrincipalProvisioningType: Consent",""
"2026-08-14T14:25:49.6958753Z","Add app role assignment to service principal","Directory_c5bb6b89-baaf-49f5-87ca-50238780bc7a_G8K45_14279183","Azure ESTS Service","ApplicationManagement","c5bb6b89-baaf-49f5-87ca-50238780bc7a","Core Directory","Assign","success","e1359286-d6c0-418b-9c27-8a84d6690331","Microsoft Graph","ServicePrincipal",,"AppRole.DisplayName",,"""Read Education app settings""","User-Agent: EvoSTS; AppId: 00000003-0000-0000-c000-000000000000; ServicePrincipalProvisioningType: Consent",""
"2026-08-14T14:25:49.6958753Z","Add app role assignment to service principal","Directory_c5bb6b89-baaf-49f5-87ca-50238780bc7a_G8K45_14279183","Azure ESTS Service","ApplicationManagement","c5bb6b89-baaf-49f5-87ca-50238780bc7a","Core Directory","Assign","success","e1359286-d6c0-418b-9c27-8a84d6690331","Microsoft Graph","ServicePrincipal",,"AppRoleAssignment.CreatedDateTime",,"""2026-08-14T14:25:49.6078752Z""","User-Agent: EvoSTS; AppId: 00000003-0000-0000-c000-000000000000; ServicePrincipalProvisioningType: Consent",""
"2026-08-14T14:25:49.6958753Z","Add app role assignment to service principal","Directory_c5bb6b89-baaf-49f5-87ca-50238780bc7a_G8K45_14279183","Azure ESTS Service","ApplicationManagement","c5bb6b89-baaf-49f5-87ca-50238780bc7a","Core Directory","Assign","success","e1359286-d6c0-418b-9c27-8a84d6690331","Microsoft Graph","ServicePrincipal",,"AppRoleAssignment.LastModifiedDateTime",,"""2026-08-14T14:25:49.6078752Z""","User-Agent: EvoSTS; AppId: 00000003-0000-0000-c000-000000000000; ServicePrincipalProvisioningType: Consent",""
"2026-08-14T14:25:49.6958753Z","Add app role assignment to service principal","Directory_c5bb6b89-baaf-49f5-87ca-50238780bc7a_G8K45_14279183","Azure ESTS Service","ApplicationManagement","c5bb6b89-baaf-49f5-87ca-50238780bc7a","Core Directory","Assign","success","e1359286-d6c0-418b-9c27-8a84d6690331","Microsoft Graph","ServicePrincipal",,"ServicePrincipal.ObjectID",,"""b3db957f-1c6d-4960-a005-c45a7485987f""","User-Agent: EvoSTS; AppId: 00000003-0000-0000-c000-000000000000; ServicePrincipalProvisioningType: Consent",""
"2026-08-14T14:25:49.6958753Z","Add app role assignment to service principal","Directory_c5bb6b89-baaf-49f5-87ca-50238780bc7a_G8K45_14279183","Azure ESTS Service","ApplicationManagement","c5bb6b89-baaf-49f5-87ca-50238780bc7a","Core Directory","Assign","success","e1359286-d6c0-418b-9c27-8a84d6690331","Microsoft Graph","ServicePrincipal",,"ServicePrincipal.DisplayName",,"""Backupify""","User-Agent: EvoSTS; AppId: 00000003-0000-0000-c000-000000000000; ServicePrincipalProvisioningType: Consent",""
"2026-08-14T14:25:49.6958753Z","Add app role assignment to service principal","Directory_c5bb6b89-baaf-49f5-87ca-50238780bc7a_G8K45_14279183","Azure ESTS Service","ApplicationManagement","c5bb6b89-baaf-49f5-87ca-50238780bc7a","Core Directory","Assign","success","e1359286-d6c0-418b-9c27-8a84d6690331","Microsoft Graph","ServicePrincipal",,"ServicePrincipal.AppId",,"""d7db2a1c-c38b-4bd1-a30f-0915167ba928""","User-Agent: EvoSTS; AppId: 00000003-0000-0000-c000-000000000000; ServicePrincipalProvisioningType: Consent",""
"2026-08-14T14:25:49.6958753Z","Add app role assignment to service principal","Directory_c5bb6b89-baaf-49f5-87ca-50238780bc7a_G8K45_14279183","Azure ESTS Service","ApplicationManagement","c5bb6b89-baaf-49f5-87ca-50238780bc7a","Core Directory","Assign","success","e1359286-d6c0-418b-9c27-8a84d6690331","Microsoft Graph","ServicePrincipal",,"ServicePrincipal.Name",,"""https://saasapplicationsadmindatto.onmicrosoft.com/production3,d7db2a1c-c38b-4bd1-a30f-0915167ba928""","User-Agent: EvoSTS; AppId: 00000003-0000-0000-c000-000000000000; ServicePrincipalProvisioningType: Consent",""
"2026-08-14T14:25:49.6958753Z","Add app role assignment to service principal","Directory_c5bb6b89-baaf-49f5-87ca-50238780bc7a_G8K45_14279183","Azure ESTS Service","ApplicationManagement","c5bb6b89-baaf-49f5-87ca-50238780bc7a","Core Directory","Assign","success","e1359286-d6c0-418b-9c27-8a84d6690331","Microsoft Graph","ServicePrincipal",,"TargetId.ServicePrincipalNames",,"""00000003-0000-0000-c000-000000000000;00000003-0000-0000-c000-000000000000/ags.windows.net;https://ags.windows.net;https://graph.microsoft.us;https://graph.microsoft.com;https://canary.graph.microsoft.com;https://graph.microsoft.com/;https://dod-graph.microsoft.us;https://dod-graph.microsoft.us/;https://graph.microsoft.us/;https://canary.graph.microsoft.com/""","User-Agent: EvoSTS; AppId: 00000003-0000-0000-c000-000000000000; ServicePrincipalProvisioningType: Consent",""
"2026-08-14T14:25:49.6958753Z","Add app role assignment to service principal","Directory_c5bb6b89-baaf-49f5-87ca-50238780bc7a_G8K45_14279183","Azure ESTS Service","ApplicationManagement","c5bb6b89-baaf-49f5-87ca-50238780bc7a","Core Directory","Assign","success","b3db957f-1c6d-4960-a005-c45a7485987f","https://saasapplicationsadmindatto.onmicrosoft.com/production3,d7db2a1c-c38b-4bd1-a30f-0915167ba928","ServicePrincipal",,,,,"User-Agent: EvoSTS; AppId: 00000003-0000-0000-c000-000000000000; ServicePrincipalProvisioningType: Consent",""
"2026-08-14T14:25:49.5788757Z","Add app role assignment to service principal","Directory_c5bb6b89-baaf-49f5-87ca-50238780bc7a_G8K45_14279142","Azure ESTS Service","ApplicationManagement","c5bb6b89-baaf-49f5-87ca-50238780bc7a","Core Directory","Assign","success","e1359286-d6c0-418b-9c27-8a84d6690331","Microsoft Graph","ServicePrincipal",,"AppRole.Id",,"""19dbc75e-c2e2-444c-a770-ec69d8559fc7""","User-Agent: EvoSTS; AppId: 00000003-0000-0000-c000-000000000000; ServicePrincipalProvisioningType: Consent",""
"2026-08-14T14:25:49.5788757Z","Add app role assignment to service principal","Directory_c5bb6b89-baaf-49f5-87ca-50238780bc7a_G8K45_14279142","Azure ESTS Service","ApplicationManagement","c5bb6b89-baaf-49f5-87ca-50238780bc7a","Core Directory","Assign","success","e1359286-d6c0-418b-9c27-8a84d6690331","Microsoft Graph","ServicePrincipal",,"AppRole.Value",,"""Directory.ReadWrite.All""","User-Agent: EvoSTS; AppId: 00000003-0000-0000-c000-000000000000; ServicePrincipalProvisioningType: Consent",""
"2026-08-14T14:25:49.5788757Z","Add app role assignment to service principal","Directory_c5bb6b89-baaf-49f5-87ca-50238780bc7a_G8K45_14279142","Azure ESTS Service","ApplicationManagement","c5bb6b89-baaf-49f5-87ca-50238780bc7a","Core Directory","Assign","success","e1359286-d6c0-418b-9c27-8a84d6690331","Microsoft Graph","ServicePrincipal",,"AppRole.DisplayName",,"""Read and write directory data""","User-Agent: EvoSTS; AppId: 00000003-0000-0000-c000-000000000000; ServicePrincipalProvisioningType: Consent",""
"2026-08-14T14:25:49.5788757Z","Add app role assignment to service principal","Directory_c5bb6b89-baaf-49f5-87ca-50238780bc7a_G8K45_14279142","Azure ESTS Service","ApplicationManagement","c5bb6b89-baaf-49f5-87ca-50238780bc7a","Core Directory","Assign","success","e1359286-d6c0-418b-9c27-8a84d6690331","Microsoft Graph","ServicePrincipal",,"AppRoleAssignment.CreatedDateTime",,"""2026-08-14T14:25:49.4948759Z""","User-Agent: EvoSTS; AppId: 00000003-0000-0000-c000-000000000000; ServicePrincipalProvisioningType: Consent",""
"2026-08-14T14:25:49.5788757Z","Add app role assignment to service principal","Directory_c5bb6b89-baaf-49f5-87ca-50238780bc7a_G8K45_14279142","Azure ESTS Service","ApplicationManagement","c5bb6b89-baaf-49f5-87ca-50238780bc7a","Core Directory","Assign","success","e1359286-d6c0-418b-9c27-8a84d6690331","Microsoft Graph","ServicePrincipal",,"AppRoleAssignment.LastModifiedDateTime",,"""2026-08-14T14:25:49.4948759Z""","User-Agent: EvoSTS; AppId: 00000003-0000-0000-c000-000000000000; ServicePrincipalProvisioningType: Consent",""
"2026-08-14T14:25:49.5788757Z","Add app role assignment to service principal","Directory_c5bb6b89-baaf-49f5-87ca-50238780bc7a_G8K45_14279142","Azure ESTS Service","ApplicationManagement","c5bb6b89-baaf-49f5-87ca-50238780bc7a","Core Directory","Assign","success","e1359286-d6c0-418b-9c27-8a84d6690331","Microsoft Graph","ServicePrincipal",,"ServicePrincipal.ObjectID",,"""b3db957f-1c6d-4960-a005-c45a7485987f""","User-Agent: EvoSTS; AppId: 00000003-0000-0000-c000-000000000000; ServicePrincipalProvisioningType: Consent",""
"2026-08-14T14:25:49.5788757Z","Add app role assignment to service principal","Directory_c5bb6b89-baaf-49f5-87ca-50238780bc7a_G8K45_14279142","Azure ESTS Service","ApplicationManagement","c5bb6b89-baaf-49f5-87ca-50238780bc7a","Core Directory","Assign","success","e1359286-d6c0-418b-9c27-8a84d6690331","Microsoft Graph","ServicePrincipal",,"ServicePrincipal.DisplayName",,"""Backupify""","User-Agent: EvoSTS; AppId: 00000003-0000-0000-c000-000000000000; ServicePrincipalProvisioningType: Consent",""
"2026-08-14T14:25:49.5788757Z","Add app role assignment to service principal","Directory_c5bb6b89-baaf-49f5-87ca-50238780bc7a_G8K45_14279142","Azure ESTS Service","ApplicationManagement","c5bb6b89-baaf-49f5-87ca-50238780bc7a","Core Directory","Assign","success","e1359286-d6c0-418b-9c27-8a84d6690331","Microsoft Graph","ServicePrincipal",,"ServicePrincipal.AppId",,"""d7db2a1c-c38b-4bd1-a30f-0915167ba928""","User-Agent: EvoSTS; AppId: 00000003-0000-0000-c000-000000000000; ServicePrincipalProvisioningType: Consent",""
"2026-08-14T14:25:49.5788757Z","Add app role assignment to service principal","Directory_c5bb6b89-baaf-49f5-87ca-50238780bc7a_G8K45_14279142","Azure ESTS Service","ApplicationManagement","c5bb6b89-baaf-49f5-87ca-50238780bc7a","Core Directory","Assign","success","e1359286-d6c0-418b-9c27-8a84d6690331","Microsoft Graph","ServicePrincipal",,"ServicePrincipal.Name",,"""https://saasapplicationsadmindatto.onmicrosoft.com/production3,d7db2a1c-c38b-4bd1-a30f-0915167ba928""","User-Agent: EvoSTS; AppId: 00000003-0000-0000-c000-000000000000; ServicePrincipalProvisioningType: Consent",""
"2026-08-14T14:25:49.5788757Z","Add app role assignment to service principal","Directory_c5bb6b89-baaf-49f5-87ca-50238780bc7a_G8K45_14279142","Azure ESTS Service","ApplicationManagement","c5bb6b89-baaf-49f5-87ca-50238780bc7a","Core Directory","Assign","success","e1359286-d6c0-418b-9c27-8a84d6690331","Microsoft Graph","ServicePrincipal",,"TargetId.ServicePrincipalNames",,"""00000003-0000-0000-c000-000000000000;00000003-0000-0000-c000-000000000000/ags.windows.net;https://ags.windows.net;https://graph.microsoft.us;https://graph.microsoft.com;https://canary.graph.microsoft.com;https://graph.microsoft.com/;https://dod-graph.microsoft.us;https://dod-graph.microsoft.us/;https://graph.microsoft.us/;https://canary.graph.microsoft.com/""","User-Agent: EvoSTS; AppId: 00000003-0000-0000-c000-000000000000; ServicePrincipalProvisioningType: Consent",""
"2026-08-14T14:25:49.5788757Z","Add app role assignment to service principal","Directory_c5bb6b89-baaf-49f5-87ca-50238780bc7a_G8K45_14279142","Azure ESTS Service","ApplicationManagement","c5bb6b89-baaf-49f5-87ca-50238780bc7a","Core Directory","Assign","success","b3db957f-1c6d-4960-a005-c45a7485987f","https://saasapplicationsadmindatto.onmicrosoft.com/production3,d7db2a1c-c38b-4bd1-a30f-0915167ba928","ServicePrincipal",,,,,"User-Agent: EvoSTS; AppId: 00000003-0000-0000-c000-000000000000; ServicePrincipalProvisioningType: Consent",""
"2026-08-14T14:25:49.4658766Z","Add app role assignment to service principal","Directory_c5bb6b89-baaf-49f5-87ca-50238780bc7a_G8K45_14279121","Azure ESTS Service","ApplicationManagement","c5bb6b89-baaf-49f5-87ca-50238780bc7a","Core Directory","Assign","success","e1359286-d6c0-418b-9c27-8a84d6690331","Microsoft Graph","ServicePrincipal",,"AppRole.Id",,"""7ab1d382-f21e-4acd-a863-ba3e13f7da61""","User-Agent: EvoSTS; AppId: 00000003-0000-0000-c000-000000000000; ServicePrincipalProvisioningType: Consent",""
"2026-08-14T14:25:49.4658766Z","Add app role assignment to service principal","Directory_c5bb6b89-baaf-49f5-87ca-50238780bc7a_G8K45_14279121","Azure ESTS Service","ApplicationManagement","c5bb6b89-baaf-49f5-87ca-50238780bc7a","Core Directory","Assign","success","e1359286-d6c0-418b-9c27-8a84d6690331","Microsoft Graph","ServicePrincipal",,"AppRole.Value",,"""Directory.Read.All""","User-Agent: EvoSTS; AppId: 00000003-0000-0000-c000-000000000000; ServicePrincipalProvisioningType: Consent",""
"2026-08-14T14:25:49.4658766Z","Add app role assignment to service principal","Directory_c5bb6b89-baaf-49f5-87ca-50238780bc7a_G8K45_14279121","Azure ESTS Service","ApplicationManagement","c5bb6b89-baaf-49f5-87ca-50238780bc7a","Core Directory","Assign","success","e1359286-d6c0-418b-9c27-8a84d6690331","Microsoft Graph","ServicePrincipal",,"AppRole.DisplayName",,"""Read directory data""","User-Agent: EvoSTS; AppId: 00000003-0000-0000-c000-000000000000; ServicePrincipalProvisioningType: Consent",""
"2026-08-14T14:25:49.4658766Z","Add app role assignment to service principal","Directory_c5bb6b89-baaf-49f5-87ca-50238780bc7a_G8K45_14279121","Azure ESTS Service","ApplicationManagement","c5bb6b89-baaf-49f5-87ca-50238780bc7a","Core Directory","Assign","success","e1359286-d6c0-418b-9c27-8a84d6690331","Microsoft Graph","ServicePrincipal",,"AppRoleAssignment.CreatedDateTime",,"""2026-08-14T14:25:49.3848775Z""","User-Agent: EvoSTS; AppId: 00000003-0000-0000-c000-000000000000; ServicePrincipalProvisioningType: Consent",""
"2026-08-14T14:25:49.4658766Z","Add app role assignment to service principal","Directory_c5bb6b89-baaf-49f5-87ca-50238780bc7a_G8K45_14279121","Azure ESTS Service","ApplicationManagement","c5bb6b89-baaf-49f5-87ca-50238780bc7a","Core Directory","Assign","success","e1359286-d6c0-418b-9c27-8a84d6690331","Microsoft Graph","ServicePrincipal",,"AppRoleAssignment.LastModifiedDateTime",,"""2026-08-14T14:25:49.3848775Z""","User-Agent: EvoSTS; AppId: 00000003-0000-0000-c000-000000000000; ServicePrincipalProvisioningType: Consent",""
"2026-08-14T14:25:49.4658766Z","Add app role assignment to service principal","Directory_c5bb6b89-baaf-49f5-87ca-50238780bc7a_G8K45_14279121","Azure ESTS Service","ApplicationManagement","c5bb6b89-baaf-49f5-87ca-50238780bc7a","Core Directory","Assign","success","e1359286-d6c0-418b-9c27-8a84d6690331","Microsoft Graph","ServicePrincipal",,"ServicePrincipal.ObjectID",,"""b3db957f-1c6d-4960-a005-c45a7485987f""","User-Agent: EvoSTS; AppId: 00000003-0000-0000-c000-000000000000; ServicePrincipalProvisioningType: Consent",""
"2026-08-14T14:25:49.4658766Z","Add app role assignment to service principal","Directory_c5bb6b89-baaf-49f5-87ca-50238780bc7a_G8K45_14279121","Azure ESTS Service","ApplicationManagement","c5bb6b89-baaf-49f5-87ca-50238780bc7a","Core Directory","Assign","success","e1359286-d6c0-418b-9c27-8a84d6690331","Microsoft Graph","ServicePrincipal",,"ServicePrincipal.DisplayName",,"""Backupify""","User-Agent: EvoSTS; AppId: 00000003-0000-0000-c000-000000000000; ServicePrincipalProvisioningType: Consent",""
"2026-08-14T14:25:49.4658766Z","Add app role assignment to service principal","Directory_c5bb6b89-baaf-49f5-87ca-50238780bc7a_G8K45_14279121","Azure ESTS Service","ApplicationManagement","c5bb6b89-baaf-49f5-87ca-50238780bc7a","Core Directory","Assign","success","e1359286-d6c0-418b-9c27-8a84d6690331","Microsoft Graph","ServicePrincipal",,"ServicePrincipal.AppId",,"""d7db2a1c-c38b-4bd1-a30f-0915167ba928""","User-Agent: EvoSTS; AppId: 00000003-0000-0000-c000-000000000000; ServicePrincipalProvisioningType: Consent",""
"2026-08-14T14:25:49.4658766Z","Add app role assignment to service principal","Directory_c5bb6b89-baaf-49f5-87ca-50238780bc7a_G8K45_14279121","Azure ESTS Service","ApplicationManagement","c5bb6b89-baaf-49f5-87ca-50238780bc7a","Core Directory","Assign","success","e1359286-d6c0-418b-9c27-8a84d6690331","Microsoft Graph","ServicePrincipal",,"ServicePrincipal.Name",,"""https://saasapplicationsadmindatto.onmicrosoft.com/production3,d7db2a1c-c38b-4bd1-a30f-0915167ba928""","User-Agent: EvoSTS; AppId: 00000003-0000-0000-c000-000000000000; ServicePrincipalProvisioningType: Consent",""
"2026-08-14T14:25:49.4658766Z","Add app role assignment to service principal","Directory_c5bb6b89-baaf-49f5-87ca-50238780bc7a_G8K45_14279121","Azure ESTS Service","ApplicationManagement","c5bb6b89-baaf-49f5-87ca-50238780bc7a","Core Directory","Assign","success","e1359286-d6c0-418b-9c27-8a84d6690331","Microsoft Graph","ServicePrincipal",,"TargetId.ServicePrincipalNames",,"""00000003-0000-0000-c000-000000000000;00000003-0000-0000-c000-000000000000/ags.windows.net;https://ags.windows.net;https://graph.microsoft.us;https://graph.microsoft.com;https://canary.graph.microsoft.com;https://graph.microsoft.com/;https://dod-graph.microsoft.us;https://dod-graph.microsoft.us/;https://graph.microsoft.us/;https://canary.graph.microsoft.com/""","User-Agent: EvoSTS; AppId: 00000003-0000-0000-c000-000000000000; ServicePrincipalProvisioningType: Consent",""
"2026-08-14T14:25:49.4658766Z","Add app role assignment to service principal","Directory_c5bb6b89-baaf-49f5-87ca-50238780bc7a_G8K45_14279121","Azure ESTS Service","ApplicationManagement","c5bb6b89-baaf-49f5-87ca-50238780bc7a","Core Directory","Assign","success","b3db957f-1c6d-4960-a005-c45a7485987f","https://saasapplicationsadmindatto.onmicrosoft.com/production3,d7db2a1c-c38b-4bd1-a30f-0915167ba928","ServicePrincipal",,,,,"User-Agent: EvoSTS; AppId: 00000003-0000-0000-c000-000000000000; ServicePrincipalProvisioningType: Consent",""
"2026-08-14T14:25:49.3518774Z","Add app role assignment to service principal","Directory_c5bb6b89-baaf-49f5-87ca-50238780bc7a_G8K45_14279072","Azure ESTS Service","ApplicationManagement","c5bb6b89-baaf-49f5-87ca-50238780bc7a","Core Directory","Assign","success","e1359286-d6c0-418b-9c27-8a84d6690331","Microsoft Graph","ServicePrincipal",,"AppRole.Id",,"""6918b873-d17a-4dc1-b314-35f528134491""","User-Agent: EvoSTS; AppId: 00000003-0000-0000-c000-000000000000; ServicePrincipalProvisioningType: Consent",""
"2026-08-14T14:25:49.3518774Z","Add app role assignment to service principal","Directory_c5bb6b89-baaf-49f5-87ca-50238780bc7a_G8K45_14279072","Azure ESTS Service","ApplicationManagement","c5bb6b89-baaf-49f5-87ca-50238780bc7a","Core Directory","Assign","success","e1359286-d6c0-418b-9c27-8a84d6690331","Microsoft Graph","ServicePrincipal",,"AppRole.Value",,"""Contacts.ReadWrite""","User-Agent: EvoSTS; AppId: 00000003-0000-0000-c000-000000000000; ServicePrincipalProvisioningType: Consent",""
"2026-08-14T14:25:49.3518774Z","Add app role assignment to service principal","Directory_c5bb6b89-baaf-49f5-87ca-50238780bc7a_G8K45_14279072","Azure ESTS Service","ApplicationManagement","c5bb6b89-baaf-49f5-87ca-50238780bc7a","Core Directory","Assign","success","e1359286-d6c0-418b-9c27-8a84d6690331","Microsoft Graph","ServicePrincipal",,"AppRole.DisplayName",,"""Read and write contacts in all mailboxes""","User-Agent: EvoSTS; AppId: 00000003-0000-0000-c000-000000000000; ServicePrincipalProvisioningType: Consent",""
"2026-08-14T14:25:49.3518774Z","Add app role assignment to service principal","Directory_c5bb6b89-baaf-49f5-87ca-50238780bc7a_G8K45_14279072","Azure ESTS Service","ApplicationManagement","c5bb6b89-baaf-49f5-87ca-50238780bc7a","Core Directory","Assign","success","e1359286-d6c0-418b-9c27-8a84d6690331","Microsoft Graph","ServicePrincipal",,"AppRoleAssignment.CreatedDateTime",,"""2026-08-14T14:25:49.2698787Z""","User-Agent: EvoSTS; AppId: 00000003-0000-0000-c000-000000000000; ServicePrincipalProvisioningType: Consent",""
"2026-08-14T14:25:49.3518774Z","Add app role assignment to service principal","Directory_c5bb6b89-baaf-49f5-87ca-50238780bc7a_G8K45_14279072","Azure ESTS Service","ApplicationManagement","c5bb6b89-baaf-49f5-87ca-50238780bc7a","Core Directory","Assign","success","e1359286-d6c0-418b-9c27-8a84d6690331","Microsoft Graph","ServicePrincipal",,"AppRoleAssignment.LastModifiedDateTime",,"""2026-08-14T14:25:49.2698787Z""","User-Agent: EvoSTS; AppId: 00000003-0000-0000-c000-000000000000; ServicePrincipalProvisioningType: Consent",""
"2026-08-14T14:25:49.3518774Z","Add app role assignment to service principal","Directory_c5bb6b89-baaf-49f5-87ca-50238780bc7a_G8K45_14279072","Azure ESTS Service","ApplicationManagement","c5bb6b89-baaf-49f5-87ca-50238780bc7a","Core Directory","Assign","success","e1359286-d6c0-418b-9c27-8a84d6690331","Microsoft Graph","ServicePrincipal",,"ServicePrincipal.ObjectID",,"""b3db957f-1c6d-4960-a005-c45a7485987f""","User-Agent: EvoSTS; AppId: 00000003-0000-0000-c000-000000000000; ServicePrincipalProvisioningType: Consent",""
"2026-08-14T14:25:49.3518774Z","Add app role assignment to service principal","Directory_c5bb6b89-baaf-49f5-87ca-50238780bc7a_G8K45_14279072","Azure ESTS Service","ApplicationManagement","c5bb6b89-baaf-49f5-87ca-50238780bc7a","Core Directory","Assign","success","e1359286-d6c0-418b-9c27-8a84d6690331","Microsoft Graph","ServicePrincipal",,"ServicePrincipal.DisplayName",,"""Backupify""","User-Agent: EvoSTS; AppId: 00000003-0000-0000-c000-000000000000; ServicePrincipalProvisioningType: Consent",""
"2026-08-14T14:25:49.3518774Z","Add app role assignment to service principal","Directory_c5bb6b89-baaf-49f5-87ca-50238780bc7a_G8K45_14279072","Azure ESTS Service","ApplicationManagement","c5bb6b89-baaf-49f5-87ca-50238780bc7a","Core Directory","Assign","success","e1359286-d6c0-418b-9c27-8a84d6690331","Microsoft Graph","ServicePrincipal",,"ServicePrincipal.AppId",,"""d7db2a1c-c38b-4bd1-a30f-0915167ba928""","User-Agent: EvoSTS; AppId: 00000003-0000-0000-c000-000000000000; ServicePrincipalProvisioningType: Consent",""
"2026-08-14T14:25:49.3518774Z","Add app role assignment to service principal","Directory_c5bb6b89-baaf-49f5-87ca-50238780bc7a_G8K45_14279072","Azure ESTS Service","ApplicationManagement","c5bb6b89-baaf-49f5-87ca-50238780bc7a","Core Directory","Assign","success","e1359286-d6c0-418b-9c27-8a84d6690331","Microsoft Graph","ServicePrincipal",,"ServicePrincipal.Name",,"""https://saasapplicationsadmindatto.onmicrosoft.com/production3,d7db2a1c-c38b-4bd1-a30f-0915167ba928""","User-Agent: EvoSTS; AppId: 00000003-0000-0000-c000-000000000000; ServicePrincipalProvisioningType: Consent",""
"2026-08-14T14:25:49.3518774Z","Add app role assignment to service principal","Directory_c5bb6b89-baaf-49f5-87ca-50238780bc7a_G8K45_14279072","Azure ESTS Service","ApplicationManagement","c5bb6b89-baaf-49f5-87ca-50238780bc7a","Core Directory","Assign","success","e1359286-d6c0-418b-9c27-8a84d6690331","Microsoft Graph","ServicePrincipal",,"TargetId.ServicePrincipalNames",,"""00000003-0000-0000-c000-000000000000;00000003-0000-0000-c000-000000000000/ags.windows.net;https://ags.windows.net;https://graph.microsoft.us;https://graph.microsoft.com;https://canary.graph.microsoft.com;https://graph.microsoft.com/;https://dod-graph.microsoft.us;https://dod-graph.microsoft.us/;https://graph.microsoft.us/;https://canary.graph.microsoft.com/""","User-Agent: EvoSTS; AppId: 00000003-0000-0000-c000-000000000000; ServicePrincipalProvisioningType: Consent",""
"2026-08-14T14:25:49.3518774Z","Add app role assignment to service principal","Directory_c5bb6b89-baaf-49f5-87ca-50238780bc7a_G8K45_14279072","Azure ESTS Service","ApplicationManagement","c5bb6b89-baaf-49f5-87ca-50238780bc7a","Core Directory","Assign","success","b3db957f-1c6d-4960-a005-c45a7485987f","https://saasapplicationsadmindatto.onmicrosoft.com/production3,d7db2a1c-c38b-4bd1-a30f-0915167ba928","ServicePrincipal",,,,,"User-Agent: EvoSTS; AppId: 00000003-0000-0000-c000-000000000000; ServicePrincipalProvisioningType: Consent",""
"2026-08-14T14:25:49.239883Z","Add app role assignment to service principal","Directory_c5bb6b89-baaf-49f5-87ca-50238780bc7a_G8K45_14279052","Azure ESTS Service","ApplicationManagement","c5bb6b89-baaf-49f5-87ca-50238780bc7a","Core Directory","Assign","success","e1359286-d6c0-418b-9c27-8a84d6690331","Microsoft Graph","ServicePrincipal",,"AppRole.Id",,"""089fe4d0-434a-44c5-8827-41ba8a0b17f5""","User-Agent: EvoSTS; AppId: 00000003-0000-0000-c000-000000000000; ServicePrincipalProvisioningType: Consent",""
"2026-08-14T14:25:49.239883Z","Add app role assignment to service principal","Directory_c5bb6b89-baaf-49f5-87ca-50238780bc7a_G8K45_14279052","Azure ESTS Service","ApplicationManagement","c5bb6b89-baaf-49f5-87ca-50238780bc7a","Core Directory","Assign","success","e1359286-d6c0-418b-9c27-8a84d6690331","Microsoft Graph","ServicePrincipal",,"AppRole.Value",,"""Contacts.Read""","User-Agent: EvoSTS; AppId: 00000003-0000-0000-c000-000000000000; ServicePrincipalProvisioningType: Consent",""
"2026-08-14T14:25:49.239883Z","Add app role assignment to service principal","Directory_c5bb6b89-baaf-49f5-87ca-50238780bc7a_G8K45_14279052","Azure ESTS Service","ApplicationManagement","c5bb6b89-baaf-49f5-87ca-50238780bc7a","Core Directory","Assign","success","e1359286-d6c0-418b-9c27-8a84d6690331","Microsoft Graph","ServicePrincipal",,"AppRole.DisplayName",,"""Read contacts in all mailboxes""","User-Agent: EvoSTS; AppId: 00000003-0000-0000-c000-000000000000; ServicePrincipalProvisioningType: Consent",""
"2026-08-14T14:25:49.239883Z","Add app role assignment to service principal","Directory_c5bb6b89-baaf-49f5-87ca-50238780bc7a_G8K45_14279052","Azure ESTS Service","ApplicationManagement","c5bb6b89-baaf-49f5-87ca-50238780bc7a","Core Directory","Assign","success","e1359286-d6c0-418b-9c27-8a84d6690331","Microsoft Graph","ServicePrincipal",,"AppRoleAssignment.CreatedDateTime",,"""2026-08-14T14:25:49.1588815Z""","User-Agent: EvoSTS; AppId: 00000003-0000-0000-c000-000000000000; ServicePrincipalProvisioningType: Consent",""
"2026-08-14T14:25:49.239883Z","Add app role assignment to service principal","Directory_c5bb6b89-baaf-49f5-87ca-50238780bc7a_G8K45_14279052","Azure ESTS Service","ApplicationManagement","c5bb6b89-baaf-49f5-87ca-50238780bc7a","Core Directory","Assign","success","e1359286-d6c0-418b-9c27-8a84d6690331","Microsoft Graph","ServicePrincipal",,"AppRoleAssignment.LastModifiedDateTime",,"""2026-08-14T14:25:49.1588815Z""","User-Agent: EvoSTS; AppId: 00000003-0000-0000-c000-000000000000; ServicePrincipalProvisioningType: Consent",""
"2026-08-14T14:25:49.239883Z","Add app role assignment to service principal","Directory_c5bb6b89-baaf-49f5-87ca-50238780bc7a_G8K45_14279052","Azure ESTS Service","ApplicationManagement","c5bb6b89-baaf-49f5-87ca-50238780bc7a","Core Directory","Assign","success","e1359286-d6c0-418b-9c27-8a84d6690331","Microsoft Graph","ServicePrincipal",,"ServicePrincipal.ObjectID",,"""b3db957f-1c6d-4960-a005-c45a7485987f""","User-Agent: EvoSTS; AppId: 00000003-0000-0000-c000-000000000000; ServicePrincipalProvisioningType: Consent",""
"2026-08-14T14:25:49.239883Z","Add app role assignment to service principal","Directory_c5bb6b89-baaf-49f5-87ca-50238780bc7a_G8K45_14279052","Azure ESTS Service","ApplicationManagement","c5bb6b89-baaf-49f5-87ca-50238780bc7a","Core Directory","Assign","success","e1359286-d6c0-418b-9c27-8a84d6690331","Microsoft Graph","ServicePrincipal",,"ServicePrincipal.DisplayName",,"""Backupify""","User-Agent: EvoSTS; AppId: 00000003-0000-0000-c000-000000000000; ServicePrincipalProvisioningType: Consent",""
"2026-08-14T14:25:49.239883Z","Add app role assignment to service principal","Directory_c5bb6b89-baaf-49f5-87ca-50238780bc7a_G8K45_14279052","Azure ESTS Service","ApplicationManagement","c5bb6b89-baaf-49f5-87ca-50238780bc7a","Core Directory","Assign","success","e1359286-d6c0-418b-9c27-8a84d6690331","Microsoft Graph","ServicePrincipal",,"ServicePrincipal.AppId",,"""d7db2a1c-c38b-4bd1-a30f-0915167ba928""","User-Agent: EvoSTS; AppId: 00000003-0000-0000-c000-000000000000; ServicePrincipalProvisioningType: Consent",""
"2026-08-14T14:25:49.239883Z","Add app role assignment to service principal","Directory_c5bb6b89-baaf-49f5-87ca-50238780bc7a_G8K45_14279052","Azure ESTS Service","ApplicationManagement","c5bb6b89-baaf-49f5-87ca-50238780bc7a","Core Directory","Assign","success","e1359286-d6c0-418b-9c27-8a84d6690331","Microsoft Graph","ServicePrincipal",,"ServicePrincipal.Name",,"""https://saasapplicationsadmindatto.onmicrosoft.com/production3,d7db2a1c-c38b-4bd1-a30f-0915167ba928""","User-Agent: EvoSTS; AppId: 00000003-0000-0000-c000-000000000000; ServicePrincipalProvisioningType: Consent",""
"2026-08-14T14:25:49.239883Z","Add app role assignment to service principal","Directory_c5bb6b89-baaf-49f5-87ca-50238780bc7a_G8K45_14279052","Azure ESTS Service","ApplicationManagement","c5bb6b89-baaf-49f5-87ca-50238780bc7a","Core Directory","Assign","success","e1359286-d6c0-418b-9c27-8a84d6690331","Microsoft Graph","ServicePrincipal",,"TargetId.ServicePrincipalNames",,"""00000003-0000-0000-c000-000000000000;00000003-0000-0000-c000-000000000000/ags.windows.net;https://ags.windows.net;https://graph.microsoft.us;https://graph.microsoft.com;https://canary.graph.microsoft.com;https://graph.microsoft.com/;https://dod-graph.microsoft.us;https://dod-graph.microsoft.us/;https://graph.microsoft.us/;https://canary.graph.microsoft.com/""","User-Agent: EvoSTS; AppId: 00000003-0000-0000-c000-000000000000; ServicePrincipalProvisioningType: Consent",""
"2026-08-14T14:25:49.239883Z","Add app role assignment to service principal","Directory_c5bb6b89-baaf-49f5-87ca-50238780bc7a_G8K45_14279052","Azure ESTS Service","ApplicationManagement","c5bb6b89-baaf-49f5-87ca-50238780bc7a","Core Directory","Assign","success","b3db957f-1c6d-4960-a005-c45a7485987f","https://saasapplicationsadmindatto.onmicrosoft.com/production3,d7db2a1c-c38b-4bd1-a30f-0915167ba928","ServicePrincipal",,,,,"User-Agent: EvoSTS; AppId: 00000003-0000-0000-c000-000000000000; ServicePrincipalProvisioningType: Consent",""
"2026-08-14T14:25:49.1288806Z","Add app role assignment to service principal","Directory_c5bb6b89-baaf-49f5-87ca-50238780bc7a_G8K45_14279031","Azure ESTS Service","ApplicationManagement","c5bb6b89-baaf-49f5-87ca-50238780bc7a","Core Directory","Assign","success","e1359286-d6c0-418b-9c27-8a84d6690331","Microsoft Graph","ServicePrincipal",,"AppRole.Id",,"""7b2449af-6ccd-4f4d-9f78-e550c193f0d1""","User-Agent: EvoSTS; AppId: 00000003-0000-0000-c000-000000000000; ServicePrincipalProvisioningType: Consent",""
"2026-08-14T14:25:49.1288806Z","Add app role assignment to service principal","Directory_c5bb6b89-baaf-49f5-87ca-50238780bc7a_G8K45_14279031","Azure ESTS Service","ApplicationManagement","c5bb6b89-baaf-49f5-87ca-50238780bc7a","Core Directory","Assign","success","e1359286-d6c0-418b-9c27-8a84d6690331","Microsoft Graph","ServicePrincipal",,"AppRole.Value",,"""ChannelMessage.Read.All""","User-Agent: EvoSTS; AppId: 00000003-0000-0000-c000-000000000000; ServicePrincipalProvisioningType: Consent",""
"2026-08-14T14:25:49.1288806Z","Add app role assignment to service principal","Directory_c5bb6b89-baaf-49f5-87ca-50238780bc7a_G8K45_14279031","Azure ESTS Service","ApplicationManagement","c5bb6b89-baaf-49f5-87ca-50238780bc7a","Core Directory","Assign","success","e1359286-d6c0-418b-9c27-8a84d6690331","Microsoft Graph","ServicePrincipal",,"AppRole.DisplayName",,"""Read all channel messages""","User-Agent: EvoSTS; AppId: 00000003-0000-0000-c000-000000000000; ServicePrincipalProvisioningType: Consent",""
"2026-08-14T14:25:49.1288806Z","Add app role assignment to service principal","Directory_c5bb6b89-baaf-49f5-87ca-50238780bc7a_G8K45_14279031","Azure ESTS Service","ApplicationManagement","c5bb6b89-baaf-49f5-87ca-50238780bc7a","Core Directory","Assign","success","e1359286-d6c0-418b-9c27-8a84d6690331","Microsoft Graph","ServicePrincipal",,"AppRoleAssignment.CreatedDateTime",,"""2026-08-14T14:25:49.0458776Z""","User-Agent: EvoSTS; AppId: 00000003-0000-0000-c000-000000000000; ServicePrincipalProvisioningType: Consent",""
"2026-08-14T14:25:49.1288806Z","Add app role assignment to service principal","Directory_c5bb6b89-baaf-49f5-87ca-50238780bc7a_G8K45_14279031","Azure ESTS Service","ApplicationManagement","c5bb6b89-baaf-49f5-87ca-50238780bc7a","Core Directory","Assign","success","e1359286-d6c0-418b-9c27-8a84d6690331","Microsoft Graph","ServicePrincipal",,"AppRoleAssignment.LastModifiedDateTime",,"""2026-08-14T14:25:49.0458776Z""","User-Agent: EvoSTS; AppId: 00000003-0000-0000-c000-000000000000; ServicePrincipalProvisioningType: Consent",""
"2026-08-14T14:25:49.1288806Z","Add app role assignment to service principal","Directory_c5bb6b89-baaf-49f5-87ca-50238780bc7a_G8K45_14279031","Azure ESTS Service","ApplicationManagement","c5bb6b89-baaf-49f5-87ca-50238780bc7a","Core Directory","Assign","success","e1359286-d6c0-418b-9c27-8a84d6690331","Microsoft Graph","ServicePrincipal",,"ServicePrincipal.ObjectID",,"""b3db957f-1c6d-4960-a005-c45a7485987f""","User-Agent: EvoSTS; AppId: 00000003-0000-0000-c000-000000000000; ServicePrincipalProvisioningType: Consent",""
"2026-08-14T14:25:49.1288806Z","Add app role assignment to service principal","Directory_c5bb6b89-baaf-49f5-87ca-50238780bc7a_G8K45_14279031","Azure ESTS Service","ApplicationManagement","c5bb6b89-baaf-49f5-87ca-50238780bc7a","Core Directory","Assign","success","e1359286-d6c0-418b-9c27-8a84d6690331","Microsoft Graph","ServicePrincipal",,"ServicePrincipal.DisplayName",,"""Backupify""","User-Agent: EvoSTS; AppId: 00000003-0000-0000-c000-000000000000; ServicePrincipalProvisioningType: Consent",""
"2026-08-14T14:25:49.1288806Z","Add app role assignment to service principal","Directory_c5bb6b89-baaf-49f5-87ca-50238780bc7a_G8K45_14279031","Azure ESTS Service","ApplicationManagement","c5bb6b89-baaf-49f5-87ca-50238780bc7a","Core Directory","Assign","success","e1359286-d6c0-418b-9c27-8a84d6690331","Microsoft Graph","ServicePrincipal",,"ServicePrincipal.AppId",,"""d7db2a1c-c38b-4bd1-a30f-0915167ba928""","User-Agent: EvoSTS; AppId: 00000003-0000-0000-c000-000000000000; ServicePrincipalProvisioningType: Consent",""
"2026-08-14T14:25:49.1288806Z","Add app role assignment to service principal","Directory_c5bb6b89-baaf-49f5-87ca-50238780bc7a_G8K45_14279031","Azure ESTS Service","ApplicationManagement","c5bb6b89-baaf-49f5-87ca-50238780bc7a","Core Directory","Assign","success","e1359286-d6c0-418b-9c27-8a84d6690331","Microsoft Graph","ServicePrincipal",,"ServicePrincipal.Name",,"""https://saasapplicationsadmindatto.onmicrosoft.com/production3,d7db2a1c-c38b-4bd1-a30f-0915167ba928""","User-Agent: EvoSTS; AppId: 00000003-0000-0000-c000-000000000000; ServicePrincipalProvisioningType: Consent",""
"2026-08-14T14:25:49.1288806Z","Add app role assignment to service principal","Directory_c5bb6b89-baaf-49f5-87ca-50238780bc7a_G8K45_14279031","Azure ESTS Service","ApplicationManagement","c5bb6b89-baaf-49f5-87ca-50238780bc7a","Core Directory","Assign","success","e1359286-d6c0-418b-9c27-8a84d6690331","Microsoft Graph","ServicePrincipal",,"TargetId.ServicePrincipalNames",,"""00000003-0000-0000-c000-000000000000;00000003-0000-0000-c000-000000000000/ags.windows.net;https://ags.windows.net;https://graph.microsoft.us;https://graph.microsoft.com;https://canary.graph.microsoft.com;https://graph.microsoft.com/;https://dod-graph.microsoft.us;https://dod-graph.microsoft.us/;https://graph.microsoft.us/;https://canary.graph.microsoft.com/""","User-Agent: EvoSTS; AppId: 00000003-0000-0000-c000-000000000000; ServicePrincipalProvisioningType: Consent",""
"2026-08-14T14:25:49.1288806Z","Add app role assignment to service principal","Directory_c5bb6b89-baaf-49f5-87ca-50238780bc7a_G8K45_14279031","Azure ESTS Service","ApplicationManagement","c5bb6b89-baaf-49f5-87ca-50238780bc7a","Core Directory","Assign","success","b3db957f-1c6d-4960-a005-c45a7485987f","https://saasapplicationsadmindatto.onmicrosoft.com/production3,d7db2a1c-c38b-4bd1-a30f-0915167ba928","ServicePrincipal",,,,,"User-Agent: EvoSTS; AppId: 00000003-0000-0000-c000-000000000000; ServicePrincipalProvisioningType: Consent",""
"2026-08-14T14:25:49.0128873Z","Add app role assignment to service principal","Directory_c5bb6b89-baaf-49f5-87ca-50238780bc7a_G8K45_14278997","Azure ESTS Service","ApplicationManagement","c5bb6b89-baaf-49f5-87ca-50238780bc7a","Core Directory","Assign","success","e1359286-d6c0-418b-9c27-8a84d6690331","Microsoft Graph","ServicePrincipal",,"AppRole.Id",,"""ef54d2bf-783f-4e0f-bca1-3210c0444d99""","User-Agent: EvoSTS; AppId: 00000003-0000-0000-c000-000000000000; ServicePrincipalProvisioningType: Consent",""
"2026-08-14T14:25:49.0128873Z","Add app role assignment to service principal","Directory_c5bb6b89-baaf-49f5-87ca-50238780bc7a_G8K45_14278997","Azure ESTS Service","ApplicationManagement","c5bb6b89-baaf-49f5-87ca-50238780bc7a","Core Directory","Assign","success","e1359286-d6c0-418b-9c27-8a84d6690331","Microsoft Graph","ServicePrincipal",,"AppRole.Value",,"""Calendars.ReadWrite""","User-Agent: EvoSTS; AppId: 00000003-0000-0000-c000-000000000000; ServicePrincipalProvisioningType: Consent",""
"2026-08-14T14:25:49.0128873Z","Add app role assignment to service principal","Directory_c5bb6b89-baaf-49f5-87ca-50238780bc7a_G8K45_14278997","Azure ESTS Service","ApplicationManagement","c5bb6b89-baaf-49f5-87ca-50238780bc7a","Core Directory","Assign","success","e1359286-d6c0-418b-9c27-8a84d6690331","Microsoft Graph","ServicePrincipal",,"AppRole.DisplayName",,"""Read and write calendars in all mailboxes""","User-Agent: EvoSTS; AppId: 00000003-0000-0000-c000-000000000000; ServicePrincipalProvisioningType: Consent",""
"2026-08-14T14:25:49.0128873Z","Add app role assignment to service principal","Directory_c5bb6b89-baaf-49f5-87ca-50238780bc7a_G8K45_14278997","Azure ESTS Service","ApplicationManagement","c5bb6b89-baaf-49f5-87ca-50238780bc7a","Core Directory","Assign","success","e1359286-d6c0-418b-9c27-8a84d6690331","Microsoft Graph","ServicePrincipal",,"AppRoleAssignment.CreatedDateTime",,"""2026-08-14T14:25:48.9288781Z""","User-Agent: EvoSTS; AppId: 00000003-0000-0000-c000-000000000000; ServicePrincipalProvisioningType: Consent",""
"2026-08-14T14:25:49.0128873Z","Add app role assignment to service principal","Directory_c5bb6b89-baaf-49f5-87ca-50238780bc7a_G8K45_14278997","Azure ESTS Service","ApplicationManagement","c5bb6b89-baaf-49f5-87ca-50238780bc7a","Core Directory","Assign","success","e1359286-d6c0-418b-9c27-8a84d6690331","Microsoft Graph","ServicePrincipal",,"AppRoleAssignment.LastModifiedDateTime",,"""2026-08-14T14:25:48.9288781Z""","User-Agent: EvoSTS; AppId: 00000003-0000-0000-c000-000000000000; ServicePrincipalProvisioningType: Consent",""
"2026-08-14T14:25:49.0128873Z","Add app role assignment to service principal","Directory_c5bb6b89-baaf-49f5-87ca-50238780bc7a_G8K45_14278997","Azure ESTS Service","ApplicationManagement","c5bb6b89-baaf-49f5-87ca-50238780bc7a","Core Directory","Assign","success","e1359286-d6c0-418b-9c27-8a84d6690331","Microsoft Graph","ServicePrincipal",,"ServicePrincipal.ObjectID",,"""b3db957f-1c6d-4960-a005-c45a7485987f""","User-Agent: EvoSTS; AppId: 00000003-0000-0000-c000-000000000000; ServicePrincipalProvisioningType: Consent",""
"2026-08-14T14:25:49.0128873Z","Add app role assignment to service principal","Directory_c5bb6b89-baaf-49f5-87ca-50238780bc7a_G8K45_14278997","Azure ESTS Service","ApplicationManagement","c5bb6b89-baaf-49f5-87ca-50238780bc7a","Core Directory","Assign","success","e1359286-d6c0-418b-9c27-8a84d6690331","Microsoft Graph","ServicePrincipal",,"ServicePrincipal.DisplayName",,"""Backupify""","User-Agent: EvoSTS; AppId: 00000003-0000-0000-c000-000000000000; ServicePrincipalProvisioningType: Consent",""
"2026-08-14T14:25:49.0128873Z","Add app role assignment to service principal","Directory_c5bb6b89-baaf-49f5-87ca-50238780bc7a_G8K45_14278997","Azure ESTS Service","ApplicationManagement","c5bb6b89-baaf-49f5-87ca-50238780bc7a","Core Directory","Assign","success","e1359286-d6c0-418b-9c27-8a84d6690331","Microsoft Graph","ServicePrincipal",,"ServicePrincipal.AppId",,"""d7db2a1c-c38b-4bd1-a30f-0915167ba928""","User-Agent: EvoSTS; AppId: 00000003-0000-0000-c000-000000000000; ServicePrincipalProvisioningType: Consent",""
"2026-08-14T14:25:49.0128873Z","Add app role assignment to service principal","Directory_c5bb6b89-baaf-49f5-87ca-50238780bc7a_G8K45_14278997","Azure ESTS Service","ApplicationManagement","c5bb6b89-baaf-49f5-87ca-50238780bc7a","Core Directory","Assign","success","e1359286-d6c0-418b-9c27-8a84d6690331","Microsoft Graph","ServicePrincipal",,"ServicePrincipal.Name",,"""https://saasapplicationsadmindatto.onmicrosoft.com/production3,d7db2a1c-c38b-4bd1-a30f-0915167ba928""","User-Agent: EvoSTS; AppId: 00000003-0000-0000-c000-000000000000; ServicePrincipalProvisioningType: Consent",""
"2026-08-14T14:25:49.0128873Z","Add app role assignment to service principal","Directory_c5bb6b89-baaf-49f5-87ca-50238780bc7a_G8K45_14278997","Azure ESTS Service","ApplicationManagement","c5bb6b89-baaf-49f5-87ca-50238780bc7a","Core Directory","Assign","success","e1359286-d6c0-418b-9c27-8a84d6690331","Microsoft Graph","ServicePrincipal",,"TargetId.ServicePrincipalNames",,"""00000003-0000-0000-c000-000000000000;00000003-0000-0000-c000-000000000000/ags.windows.net;https://ags.windows.net;https://graph.microsoft.us;https://graph.microsoft.com;https://canary.graph.microsoft.com;https://graph.microsoft.com/;https://dod-graph.microsoft.us;https://dod-graph.microsoft.us/;https://graph.microsoft.us/;https://canary.graph.microsoft.com/""","User-Agent: EvoSTS; AppId: 00000003-0000-0000-c000-000000000000; ServicePrincipalProvisioningType: Consent",""
"2026-08-14T14:25:49.0128873Z","Add app role assignment to service principal","Directory_c5bb6b89-baaf-49f5-87ca-50238780bc7a_G8K45_14278997","Azure ESTS Service","ApplicationManagement","c5bb6b89-baaf-49f5-87ca-50238780bc7a","Core Directory","Assign","success","b3db957f-1c6d-4960-a005-c45a7485987f","https://saasapplicationsadmindatto.onmicrosoft.com/production3,d7db2a1c-c38b-4bd1-a30f-0915167ba928","ServicePrincipal",,,,,"User-Agent: EvoSTS; AppId: 00000003-0000-0000-c000-000000000000; ServicePrincipalProvisioningType: Consent",""
"2026-08-14T14:25:48.8988825Z","Add app role assignment to service principal","Directory_c5bb6b89-baaf-49f5-87ca-50238780bc7a_G8K45_14278977","Azure ESTS Service","ApplicationManagement","c5bb6b89-baaf-49f5-87ca-50238780bc7a","Core Directory","Assign","success","e1359286-d6c0-418b-9c27-8a84d6690331","Microsoft Graph","ServicePrincipal",,"AppRole.Id",,"""798ee544-9d2d-430c-a058-570e29e34338""","User-Agent: EvoSTS; AppId: 00000003-0000-0000-c000-000000000000; ServicePrincipalProvisioningType: Consent",""
"2026-08-14T14:25:48.8988825Z","Add app role assignment to service principal","Directory_c5bb6b89-baaf-49f5-87ca-50238780bc7a_G8K45_14278977","Azure ESTS Service","ApplicationManagement","c5bb6b89-baaf-49f5-87ca-50238780bc7a","Core Directory","Assign","success","e1359286-d6c0-418b-9c27-8a84d6690331","Microsoft Graph","ServicePrincipal",,"AppRole.Value",,"""Calendars.Read""","User-Agent: EvoSTS; AppId: 00000003-0000-0000-c000-000000000000; ServicePrincipalProvisioningType: Consent",""
"2026-08-14T14:25:48.8988825Z","Add app role assignment to service principal","Directory_c5bb6b89-baaf-49f5-87ca-50238780bc7a_G8K45_14278977","Azure ESTS Service","ApplicationManagement","c5bb6b89-baaf-49f5-87ca-50238780bc7a","Core Directory","Assign","success","e1359286-d6c0-418b-9c27-8a84d6690331","Microsoft Graph","ServicePrincipal",,"AppRole.DisplayName",,"""Read calendars in all mailboxes""","User-Agent: EvoSTS; AppId: 00000003-0000-0000-c000-000000000000; ServicePrincipalProvisioningType: Consent",""
"2026-08-14T14:25:48.8988825Z","Add app role assignment to service principal","Directory_c5bb6b89-baaf-49f5-87ca-50238780bc7a_G8K45_14278977","Azure ESTS Service","ApplicationManagement","c5bb6b89-baaf-49f5-87ca-50238780bc7a","Core Directory","Assign","success","e1359286-d6c0-418b-9c27-8a84d6690331","Microsoft Graph","ServicePrincipal",,"AppRoleAssignment.CreatedDateTime",,"""2026-08-14T14:25:48.8138811Z""","User-Agent: EvoSTS; AppId: 00000003-0000-0000-c000-000000000000; ServicePrincipalProvisioningType: Consent",""
"2026-08-14T14:25:48.8988825Z","Add app role assignment to service principal","Directory_c5bb6b89-baaf-49f5-87ca-50238780bc7a_G8K45_14278977","Azure ESTS Service","ApplicationManagement","c5bb6b89-baaf-49f5-87ca-50238780bc7a","Core Directory","Assign","success","e1359286-d6c0-418b-9c27-8a84d6690331","Microsoft Graph","ServicePrincipal",,"AppRoleAssignment.LastModifiedDateTime",,"""2026-08-14T14:25:48.8138811Z""","User-Agent: EvoSTS; AppId: 00000003-0000-0000-c000-000000000000; ServicePrincipalProvisioningType: Consent",""
"2026-08-14T14:25:48.8988825Z","Add app role assignment to service principal","Directory_c5bb6b89-baaf-49f5-87ca-50238780bc7a_G8K45_14278977","Azure ESTS Service","ApplicationManagement","c5bb6b89-baaf-49f5-87ca-50238780bc7a","Core Directory","Assign","success","e1359286-d6c0-418b-9c27-8a84d6690331","Microsoft Graph","ServicePrincipal",,"ServicePrincipal.ObjectID",,"""b3db957f-1c6d-4960-a005-c45a7485987f""","User-Agent: EvoSTS; AppId: 00000003-0000-0000-c000-000000000000; ServicePrincipalProvisioningType: Consent",""
"2026-08-14T14:25:48.8988825Z","Add app role assignment to service principal","Directory_c5bb6b89-baaf-49f5-87ca-50238780bc7a_G8K45_14278977","Azure ESTS Service","ApplicationManagement","c5bb6b89-baaf-49f5-87ca-50238780bc7a","Core Directory","Assign","success","e1359286-d6c0-418b-9c27-8a84d6690331","Microsoft Graph","ServicePrincipal",,"ServicePrincipal.DisplayName",,"""Backupify""","User-Agent: EvoSTS; AppId: 00000003-0000-0000-c000-000000000000; ServicePrincipalProvisioningType: Consent",""
"2026-08-14T14:25:48.8988825Z","Add app role assignment to service principal","Directory_c5bb6b89-baaf-49f5-87ca-50238780bc7a_G8K45_14278977","Azure ESTS Service","ApplicationManagement","c5bb6b89-baaf-49f5-87ca-50238780bc7a","Core Directory","Assign","success","e1359286-d6c0-418b-9c27-8a84d6690331","Microsoft Graph","ServicePrincipal",,"ServicePrincipal.AppId",,"""d7db2a1c-c38b-4bd1-a30f-0915167ba928""","User-Agent: EvoSTS; AppId: 00000003-0000-0000-c000-000000000000; ServicePrincipalProvisioningType: Consent",""
"2026-08-14T14:25:48.8988825Z","Add app role assignment to service principal","Directory_c5bb6b89-baaf-49f5-87ca-50238780bc7a_G8K45_14278977","Azure ESTS Service","ApplicationManagement","c5bb6b89-baaf-49f5-87ca-50238780bc7a","Core Directory","Assign","success","e1359286-d6c0-418b-9c27-8a84d6690331","Microsoft Graph","ServicePrincipal",,"ServicePrincipal.Name",,"""https://saasapplicationsadmindatto.onmicrosoft.com/production3,d7db2a1c-c38b-4bd1-a30f-0915167ba928""","User-Agent: EvoSTS; AppId: 00000003-0000-0000-c000-000000000000; ServicePrincipalProvisioningType: Consent",""
"2026-08-14T14:25:48.8988825Z","Add app role assignment to service principal","Directory_c5bb6b89-baaf-49f5-87ca-50238780bc7a_G8K45_14278977","Azure ESTS Service","ApplicationManagement","c5bb6b89-baaf-49f5-87ca-50238780bc7a","Core Directory","Assign","success","e1359286-d6c0-418b-9c27-8a84d6690331","Microsoft Graph","ServicePrincipal",,"TargetId.ServicePrincipalNames",,"""00000003-0000-0000-c000-000000000000;00000003-0000-0000-c000-000000000000/ags.windows.net;https://ags.windows.net;https://graph.microsoft.us;https://graph.microsoft.com;https://canary.graph.microsoft.com;https://graph.microsoft.com/;https://dod-graph.microsoft.us;https://dod-graph.microsoft.us/;https://graph.microsoft.us/;https://canary.graph.microsoft.com/""","User-Agent: EvoSTS; AppId: 00000003-0000-0000-c000-000000000000; ServicePrincipalProvisioningType: Consent",""
"2026-08-14T14:25:48.8988825Z","Add app role assignment to service principal","Directory_c5bb6b89-baaf-49f5-87ca-50238780bc7a_G8K45_14278977","Azure ESTS Service","ApplicationManagement","c5bb6b89-baaf-49f5-87ca-50238780bc7a","Core Directory","Assign","success","b3db957f-1c6d-4960-a005-c45a7485987f","https://saasapplicationsadmindatto.onmicrosoft.com/production3,d7db2a1c-c38b-4bd1-a30f-0915167ba928","ServicePrincipal",,,,,"User-Agent: EvoSTS; AppId: 00000003-0000-0000-c000-000000000000; ServicePrincipalProvisioningType: Consent",""
"2026-08-14T14:25:48.7838814Z","Add service principal","Directory_c5bb6b89-baaf-49f5-87ca-50238780bc7a_G8K45_14278954","Azure ESTS Service","ApplicationManagement","c5bb6b89-baaf-49f5-87ca-50238780bc7a","Core Directory","Add","success","b3db957f-1c6d-4960-a005-c45a7485987f","Backupify","ServicePrincipal",,"AccountEnabled","[]","[true]","User-Agent: EvoSTS; AppId: d7db2a1c-c38b-4bd1-a30f-0915167ba928; AppOwnerOrganizationId: 8ebde5a4-a587-497c-9881-8a5c272dd1c4; ServicePrincipalProvisioningType: Consent",""
"2026-08-14T14:25:48.7838814Z","Add service principal","Directory_c5bb6b89-baaf-49f5-87ca-50238780bc7a_G8K45_14278954","Azure ESTS Service","ApplicationManagement","c5bb6b89-baaf-49f5-87ca-50238780bc7a","Core Directory","Add","success","b3db957f-1c6d-4960-a005-c45a7485987f","Backupify","ServicePrincipal",,"AppAddress","[]","[{""AddressType"":0,""Address"":""https://onboarding.backupify.com/office365/oauth2_callback"",""ReplyAddressClientType"":1,""ReplyAddressIndex"":null,""IsReplyAddressDefault"":false},{""AddressType"":0,""Address"":""https://deeplink.backup.net/v2/spanning/consent/callback"",""ReplyAddressClientType"":1,""ReplyAddressIndex"":null,""IsReplyAddressDefault"":false},{""AddressType"":0,""Address"":""https://app.backupify.com"",""ReplyAddressClientType"":1,""ReplyAddressIndex"":null,""IsReplyAddressDefault"":false},{""AddressType"":0,""Address"":""https://app.backupify.com/office365/oauth2_callback"",""ReplyAddressClientType"":1,""ReplyAddressIndex"":null,""IsReplyAddressDefault"":false}]","User-Agent: EvoSTS; AppId: d7db2a1c-c38b-4bd1-a30f-0915167ba928; AppOwnerOrganizationId: 8ebde5a4-a587-497c-9881-8a5c272dd1c4; ServicePrincipalProvisioningType: Consent",""
"2026-08-14T14:25:48.7838814Z","Add service principal","Directory_c5bb6b89-baaf-49f5-87ca-50238780bc7a_G8K45_14278954","Azure ESTS Service","ApplicationManagement","c5bb6b89-baaf-49f5-87ca-50238780bc7a","Core Directory","Add","success","b3db957f-1c6d-4960-a005-c45a7485987f","Backupify","ServicePrincipal",,"AppPrincipalId","[]","[""d7db2a1c-c38b-4bd1-a30f-0915167ba928""]","User-Agent: EvoSTS; AppId: d7db2a1c-c38b-4bd1-a30f-0915167ba928; AppOwnerOrganizationId: 8ebde5a4-a587-497c-9881-8a5c272dd1c4; ServicePrincipalProvisioningType: Consent",""
"2026-08-14T14:25:48.7838814Z","Add service principal","Directory_c5bb6b89-baaf-49f5-87ca-50238780bc7a_G8K45_14278954","Azure ESTS Service","ApplicationManagement","c5bb6b89-baaf-49f5-87ca-50238780bc7a","Core Directory","Add","success","b3db957f-1c6d-4960-a005-c45a7485987f","Backupify","ServicePrincipal",,"DisplayName","[]","[""Backupify""]","User-Agent: EvoSTS; AppId: d7db2a1c-c38b-4bd1-a30f-0915167ba928; AppOwnerOrganizationId: 8ebde5a4-a587-497c-9881-8a5c272dd1c4; ServicePrincipalProvisioningType: Consent",""
"2026-08-14T14:25:48.7838814Z","Add service principal","Directory_c5bb6b89-baaf-49f5-87ca-50238780bc7a_G8K45_14278954","Azure ESTS Service","ApplicationManagement","c5bb6b89-baaf-49f5-87ca-50238780bc7a","Core Directory","Add","success","b3db957f-1c6d-4960-a005-c45a7485987f","Backupify","ServicePrincipal",,"ServicePrincipalName","[]","[""d7db2a1c-c38b-4bd1-a30f-0915167ba928"",""https://saasapplicationsadmindatto.onmicrosoft.com/production3""]","User-Agent: EvoSTS; AppId: d7db2a1c-c38b-4bd1-a30f-0915167ba928; AppOwnerOrganizationId: 8ebde5a4-a587-497c-9881-8a5c272dd1c4; ServicePrincipalProvisioningType: Consent",""
"2026-08-14T14:25:48.7838814Z","Add service principal","Directory_c5bb6b89-baaf-49f5-87ca-50238780bc7a_G8K45_14278954","Azure ESTS Service","ApplicationManagement","c5bb6b89-baaf-49f5-87ca-50238780bc7a","Core Directory","Add","success","b3db957f-1c6d-4960-a005-c45a7485987f","Backupify","ServicePrincipal",,"Credential","[]","[{""CredentialType"":2,""KeyStoreId"":""291154f0-a9f5-45bb-87be-9c8ee5b6d62c"",""KeyGroupId"":""291154f0-a9f5-45bb-87be-9c8ee5b6d62c""}]","User-Agent: EvoSTS; AppId: d7db2a1c-c38b-4bd1-a30f-0915167ba928; AppOwnerOrganizationId: 8ebde5a4-a587-497c-9881-8a5c272dd1c4; ServicePrincipalProvisioningType: Consent",""
"2026-08-14T14:25:48.7838814Z","Add service principal","Directory_c5bb6b89-baaf-49f5-87ca-50238780bc7a_G8K45_14278954","Azure ESTS Service","ApplicationManagement","c5bb6b89-baaf-49f5-87ca-50238780bc7a","Core Directory","Add","success","b3db957f-1c6d-4960-a005-c45a7485987f","Backupify","ServicePrincipal",,"ServicePrincipalTag","[]","[""WindowsAzureActiveDirectoryIntegratedApp""]","User-Agent: EvoSTS; AppId: d7db2a1c-c38b-4bd1-a30f-0915167ba928; AppOwnerOrganizationId: 8ebde5a4-a587-497c-9881-8a5c272dd1c4; ServicePrincipalProvisioningType: Consent",""
"2026-08-14T14:25:48.7838814Z","Add service principal","Directory_c5bb6b89-baaf-49f5-87ca-50238780bc7a_G8K45_14278954","Azure ESTS Service","ApplicationManagement","c5bb6b89-baaf-49f5-87ca-50238780bc7a","Core Directory","Add","success","b3db957f-1c6d-4960-a005-c45a7485987f","Backupify","ServicePrincipal",,"Included Updated Properties",,"""AccountEnabled, AppAddress, AppPrincipalId, DisplayName, ServicePrincipalName, Credential, ServicePrincipalTag""","User-Agent: EvoSTS; AppId: d7db2a1c-c38b-4bd1-a30f-0915167ba928; AppOwnerOrganizationId: 8ebde5a4-a587-497c-9881-8a5c272dd1c4; ServicePrincipalProvisioningType: Consent",""
"2026-08-14T14:10:55.0221201Z","User registered security info","Authentication Methods_74648bc8-f689-4094-ae65-6365c5418093_W7JXY_174628747","Charles Cleveland","UserManagement","74648bc8-f689-4094-ae65-6365c5418093","Authentication Methods","ServiceApi","success","f91af7f2-706b-4fcf-8550-7eab08c1ccc2","Charles Cleveland","User","ccleveland@katzcapital.com",,,,"InitiatedFrom: Microsoft App Access Panel (0000000c-0000-0000-c000-000000000000)",""
"2026-08-14T14:10:54.9598759Z","Update user","Directory_4bff37e4-e28b-4a2d-89b4-78f5d7a3182e_C9R39_163047167","Azure Credential Configuration Endpoint Service","UserManagement","4bff37e4-e28b-4a2d-89b4-78f5d7a3182e","Core Directory","Update","success","f91af7f2-706b-4fcf-8550-7eab08c1ccc2",,"User","ccleveland@katzcapital.com","Included Updated Properties",,"""""","UserType: Member",""
"2026-08-14T14:10:54.9598759Z","Update user","Directory_4bff37e4-e28b-4a2d-89b4-78f5d7a3182e_C9R39_163047167","Azure Credential Configuration Endpoint Service","UserManagement","4bff37e4-e28b-4a2d-89b4-78f5d7a3182e","Core Directory","Update","success","f91af7f2-706b-4fcf-8550-7eab08c1ccc2",,"User","ccleveland@katzcapital.com","TargetId.UserType",,"""Member""","UserType: Member",""
"2026-08-14T13:12:48.1895294Z","Update device","Directory_83bf4c05-ab4c-40e9-abeb-566e745df82e_RAL9T_82384901","Device Registration Service","Device","83bf4c05-ab4c-40e9-abeb-566e745df82e","Core Directory","Update","success","e0e843bf-5792-4f64-9f42-81dcc14fc281","8351117533400","Device",,"CloudDeviceOSVersion","[""10.0.26200.8973""]","[""10.0.26200.9168""]","DeviceId: 1a4d8387-66a7-4c94-86e5-a8eabc2bae81; DeviceOSType: Windows; DeviceTrustType: AzureAd; User-Agent: Microsoft.OData.Client/7.12.5",""
"2026-08-14T13:12:48.1895294Z","Update device","Directory_83bf4c05-ab4c-40e9-abeb-566e745df82e_RAL9T_82384901","Device Registration Service","Device","83bf4c05-ab4c-40e9-abeb-566e745df82e","Core Directory","Update","success","e0e843bf-5792-4f64-9f42-81dcc14fc281","8351117533400","Device",,"DeviceOSVersion","[""10.0.26200.8973""]","[""10.0.26200.9168""]","DeviceId: 1a4d8387-66a7-4c94-86e5-a8eabc2bae81; DeviceOSType: Windows; DeviceTrustType: AzureAd; User-Agent: Microsoft.OData.Client/7.12.5",""
"2026-08-14T13:12:48.1895294Z","Update device","Directory_83bf4c05-ab4c-40e9-abeb-566e745df82e_RAL9T_82384901","Device Registration Service","Device","83bf4c05-ab4c-40e9-abeb-566e745df82e","Core Directory","Update","success","e0e843bf-5792-4f64-9f42-81dcc14fc281","8351117533400","Device",,"Included Updated Properties",,"""CloudDeviceOSVersion, DeviceOSVersion""","DeviceId: 1a4d8387-66a7-4c94-86e5-a8eabc2bae81; DeviceOSType: Windows; DeviceTrustType: AzureAd; User-Agent: Microsoft.OData.Client/7.12.5",""
"2026-08-14T13:12:48.1895294Z","Update device","Directory_83bf4c05-ab4c-40e9-abeb-566e745df82e_RAL9T_82384901","Device Registration Service","Device","83bf4c05-ab4c-40e9-abeb-566e745df82e","Core Directory","Update","success","e0e843bf-5792-4f64-9f42-81dcc14fc281","8351117533400","Device",,"TargetId.DeviceId",,"""1a4d8387-66a7-4c94-86e5-a8eabc2bae81""","DeviceId: 1a4d8387-66a7-4c94-86e5-a8eabc2bae81; DeviceOSType: Windows; DeviceTrustType: AzureAd; User-Agent: Microsoft.OData.Client/7.12.5",""
"2026-08-14T13:12:48.1895294Z","Update device","Directory_83bf4c05-ab4c-40e9-abeb-566e745df82e_RAL9T_82384901","Device Registration Service","Device","83bf4c05-ab4c-40e9-abeb-566e745df82e","Core Directory","Update","success","e0e843bf-5792-4f64-9f42-81dcc14fc281","8351117533400","Device",,"TargetId.DeviceOSType",,"""Windows""","DeviceId: 1a4d8387-66a7-4c94-86e5-a8eabc2bae81; DeviceOSType: Windows; DeviceTrustType: AzureAd; User-Agent: Microsoft.OData.Client/7.12.5",""
"2026-08-14T13:12:48.1895294Z","Update device","Directory_83bf4c05-ab4c-40e9-abeb-566e745df82e_RAL9T_82384901","Device Registration Service","Device","83bf4c05-ab4c-40e9-abeb-566e745df82e","Core Directory","Update","success","e0e843bf-5792-4f64-9f42-81dcc14fc281","8351117533400","Device",,"TargetId.DeviceTrustType",,"""AzureAd""","DeviceId: 1a4d8387-66a7-4c94-86e5-a8eabc2bae81; DeviceOSType: Windows; DeviceTrustType: AzureAd; User-Agent: Microsoft.OData.Client/7.12.5",""
"2026-08-14T13:07:01.568801Z","Validate user authentication","B2C_af772c6c-4271-4f15-9d34-fbb77db97930_a33a1520-2ba9-403e-b715-e420b2ff2ac9_134311864215688010","ServIT@pineywoodsfl.onmicrosoft.com","Authentication","af772c6c-4271-4f15-9d34-fbb77db97930","B2C","Read","success",,"00000000-0000-0000-0000-000000000000","Other",,,,,"targetTenant: 00000000-0000-0000-0000-000000000000; targetEntityType: None; actorIdentityType: UPN; RequestId: af772c6c-4271-4f15-9d34-fbb77db97930","Mozilla/5.0 (Windows NT 10.0; Win64; x64; rv:153.0) Gecko/20100101 Firefox/153.0"
"2026-08-14T01:59:28.3613928Z","Update device","Directory_8b33cbf4-5941-46aa-b2da-6fcdf961fb21_0BSZ8_67390610","Device Registration Service","Device","8b33cbf4-5941-46aa-b2da-6fcdf961fb21","Core Directory","Update","success","cbf849cf-a3ae-4c2c-ac51-40ebfa78bf1a","LAPTOP-3N51BPAV","Device",,"Included Updated Properties",,"""""","DeviceId: ef195eb1-1b92-4508-9244-131a41ab85fc; DeviceOSType: Windows; DeviceTrustType: Workplace",""
"2026-08-14T01:59:28.3613928Z","Update device","Directory_8b33cbf4-5941-46aa-b2da-6fcdf961fb21_0BSZ8_67390610","Device Registration Service","Device","8b33cbf4-5941-46aa-b2da-6fcdf961fb21","Core Directory","Update","success","cbf849cf-a3ae-4c2c-ac51-40ebfa78bf1a","LAPTOP-3N51BPAV","Device",,"TargetId.DeviceId",,"""ef195eb1-1b92-4508-9244-131a41ab85fc""","DeviceId: ef195eb1-1b92-4508-9244-131a41ab85fc; DeviceOSType: Windows; DeviceTrustType: Workplace",""
"2026-08-14T01:59:28.3613928Z","Update device","Directory_8b33cbf4-5941-46aa-b2da-6fcdf961fb21_0BSZ8_67390610","Device Registration Service","Device","8b33cbf4-5941-46aa-b2da-6fcdf961fb21","Core Directory","Update","success","cbf849cf-a3ae-4c2c-ac51-40ebfa78bf1a","LAPTOP-3N51BPAV","Device",,"TargetId.DeviceOSType",,"""Windows""","DeviceId: ef195eb1-1b92-4508-9244-131a41ab85fc; DeviceOSType: Windows; DeviceTrustType: Workplace",""
"2026-08-14T01:59:28.3613928Z","Update device","Directory_8b33cbf4-5941-46aa-b2da-6fcdf961fb21_0BSZ8_67390610","Device Registration Service","Device","8b33cbf4-5941-46aa-b2da-6fcdf961fb21","Core Directory","Update","success","cbf849cf-a3ae-4c2c-ac51-40ebfa78bf1a","LAPTOP-3N51BPAV","Device",,"TargetId.DeviceTrustType",,"""Workplace""","DeviceId: ef195eb1-1b92-4508-9244-131a41ab85fc; DeviceOSType: Windows; DeviceTrustType: Workplace",""
"2026-08-13T20:05:33.3510782Z","Add conditional access policy","IPCGraph_1ca45359-aac1-4a50-bf34-219259e90290_RC1TS_72795941","ServIT","Policy","1ca45359-aac1-4a50-bf34-219259e90290","Conditional Access","Add","success","72f697df-0563-4339-8a40-3a0e56607bcb","Users - Restrict Admin Portal Access","Policy",,"ConditionalAccessPolicy",,"{""id"":""72f697df-0563-4339-8a40-3a0e56607bcb"",""displayName"":""Users - Restrict Admin Portal Access"",""createdDateTime"":""2026-08-13T20:05:32.0120396+00:00"",""state"":""enabledForReportingButNotEnforced"",""conditions"":{""applications"":{""includeApplications"":[""MicrosoftAdminPortals""],""excludeApplications"":[],""includeUserActions"":[],""includeAuthenticationContextClassReferences"":[],""applicationFilter"":null},""users"":{""includeUsers"":[""All""],""excludeUsers"":[],""includeGroups"":[],""excludeGroups"":[],""includeRoles"":[],""excludeRoles"":[""9b895d92-2cd3-44c7-9d02-a6ac2d5ea5c3"",""c4e39bd9-1100-46d3-8c65-fb160da0071f"",""e3973bdf-4987-49ae-837a-ba8e231c7286"",""29232cdf-9323-42fd-ade2-1d097af3e4de"",""62e90394-69f5-4237-9190-012177145e10"",""fdd7a751-b60b-444a-984c-02652fe8fa1c"",""729827e3-9c14-49f7-bb1b-9608f156bbb8"",""8ac3fc64-6eca-42ea-9e69-59f4c7b60eb2"",""4d6ac14f-3453-41d0-bef9-a3e0c569773a"",""d37c8bed-0711-4417-ba38-b4abe66ce4c2"",""2b745bdf-0803-4d80-aa65-822c4493daac"",""966707d0-3269-4727-9be2-8c3a10f19b9d"",""194ae4cb-b126-40b2-bd5b-6091b380977d"",""f28a1f50-f6e7-4571-818b-6a12f2af6b6c"",""69091246-20e8-4a56-aa4d-066075b2a7a8"",""baf37b3a-610e-45da-9e62-d9d1e5e8914b"",""3d762c5a-1b6c-493f-843e-55a3b42923d4"",""fe930be7-5e62-47db-91af-98c3a49a38b1""]},""userRiskLevels"":[],""signInRiskLevels"":[],""clientAppTypes"":[""all""],""servicePrincipalRiskLevels"":[]},""grantControls"":{""operator"":""OR"",""builtInControls"":[""block""],""customAuthenticationFactors"":[],""termsOfUse"":[]}}","Category: Conditional Access","Mozilla/5.0 (Windows NT 10.0; Microsoft Windows 10.0.26200; en-US) PowerShell/5.1.26100.8875"
"2026-08-13T20:05:33.3353818Z","Update policy","Directory_d342790c-675c-4089-88f8-cd8b853186bb_4EM3T_90107279","Microsoft Azure AD Identity Protection","Policy","d342790c-675c-4089-88f8-cd8b853186bb","Core Directory","Update","success","d9b474eb-c216-436f-82ca-448dba4646e0","Default Policy","Policy",,"Included Updated Properties",,"""""","",""
"2026-08-13T20:05:32.7645151Z","Add policy","Directory_06c3381f-c14b-4a2f-8faf-267c5235aba3_QL7D6_85897701","Microsoft Azure AD Identity Protection","Policy","06c3381f-c14b-4a2f-8faf-267c5235aba3","Core Directory","Add","success","72f697df-0563-4339-8a40-3a0e56607bcb","Users - Restrict Admin Portal Access","Policy",,"DisplayName","[]","[""Users - Restrict Admin Portal Access""]","",""
"2026-08-13T20:05:32.7645151Z","Add policy","Directory_06c3381f-c14b-4a2f-8faf-267c5235aba3_QL7D6_85897701","Microsoft Azure AD Identity Protection","Policy","06c3381f-c14b-4a2f-8faf-267c5235aba3","Core Directory","Add","success","72f697df-0563-4339-8a40-3a0e56607bcb","Users - Restrict Admin Portal Access","Policy",,"PolicyDetail","[]","[""{\""Version\"":1,\""CreatedDateTime\"":\""2026-08-13T20:05:32.0120396Z\"",\""State\"":\""Reporting\"",\""Conditions\"":{\""Applications\"":{\""Include\"":[{\""Applications\"":[\""MicrosoftAdminPortals\""]}]},\""Users\"":{\""Include\"":[{\""Users\"":[\""All\""]}],\""Exclude\"":[{\""Roles\"":[\""9b895d92-2cd3-44c7-9d02-a6ac2d5ea5c3\"",\""c4e39bd9-1100-46d3-8c65-fb160da0071f\"",\""e3973bdf-4987-49ae-837a-ba8e231c7286\"",\""29232cdf-9323-42fd-ade2-1d097af3e4de\"",\""62e90394-69f5-4237-9190-012177145e10\"",\""fdd7a751-b60b-444a-984c-02652fe8fa1c\"",\""729827e3-9c14-49f7-bb1b-9608f156bbb8\"",\""8ac3fc64-6eca-42ea-9e69-59f4c7b60eb2\"",\""4d6ac14f-3453-41d0-bef9-a3e0c569773a\"",\""d37c8bed-0711-4417-ba38-b4abe66ce4c2\"",\""2b745bdf-0803-4d80-aa65-822c4493daac\"",\""966707d0-3269-4727-9be2-8c3a10f19b9d\"",\""194ae4cb-b126-40b2-bd5b-6091b380977d\"",\""f28a1f50-f6e7-4571-818b-6a12f2af6b6c\"",\""69091246-20e8-4a56-aa4d-066075b2a7a8\"",\""baf37b3a-610e-45da-9e62-d9d1e5e8914b\"",\""3d762c5a-1b6c-493f-843e-55a3b42923d4\"",\""fe930be7-5e62-47db-91af-98c3a49a38b1\""]}]}},\""Controls\"":[{\""Control\"":[\""Block\""]}]}""]","",""
"2026-08-13T20:05:32.7645151Z","Add policy","Directory_06c3381f-c14b-4a2f-8faf-267c5235aba3_QL7D6_85897701","Microsoft Azure AD Identity Protection","Policy","06c3381f-c14b-4a2f-8faf-267c5235aba3","Core Directory","Add","success","72f697df-0563-4339-8a40-3a0e56607bcb","Users - Restrict Admin Portal Access","Policy",,"PolicyType","[]","[""ConditionalAccessPolicy""]","",""
"2026-08-13T20:05:32.7645151Z","Add policy","Directory_06c3381f-c14b-4a2f-8faf-267c5235aba3_QL7D6_85897701","Microsoft Azure AD Identity Protection","Policy","06c3381f-c14b-4a2f-8faf-267c5235aba3","Core Directory","Add","success","72f697df-0563-4339-8a40-3a0e56607bcb","Users - Restrict Admin Portal Access","Policy",,"Included Updated Properties",,"""DisplayName, PolicyDetail, PolicyType""","",""
"2026-08-13T20:04:58.0626879Z","Add conditional access policy","IPCGraph_d7f9a9f1-0272-4226-99e3-b16afc65fb78_12VXP_66781060","ServIT","Policy","d7f9a9f1-0272-4226-99e3-b16afc65fb78","Conditional Access","Add","success","77dbcd7f-566d-4b90-a928-edf2235d1c96","Users - Block Interactive Logins (Service Accounts)","Policy",,"ConditionalAccessPolicy",,"{""id"":""77dbcd7f-566d-4b90-a928-edf2235d1c96"",""displayName"":""Users - Block Interactive Logins (Service Accounts)"",""createdDateTime"":""2026-08-13T20:04:57.2236585+00:00"",""state"":""enabledForReportingButNotEnforced"",""conditions"":{""applications"":{""includeApplications"":[""All""],""excludeApplications"":[],""includeUserActions"":[],""includeAuthenticationContextClassReferences"":[],""applicationFilter"":null},""users"":{""includeUsers"":[],""excludeUsers"":[],""includeGroups"":[""0fc54385-48bb-4f91-924e-9d7e88a1828a""],""excludeGroups"":[],""includeRoles"":[],""excludeRoles"":[]},""userRiskLevels"":[],""signInRiskLevels"":[],""clientAppTypes"":[""browser"",""mobileAppsAndDesktopClients""],""servicePrincipalRiskLevels"":[]},""grantControls"":{""operator"":""OR"",""builtInControls"":[""block""],""customAuthenticationFactors"":[],""termsOfUse"":[]}}","Category: Conditional Access","Mozilla/5.0 (Windows NT 10.0; Microsoft Windows 10.0.26200; en-US) PowerShell/5.1.26100.8875"
"2026-08-13T20:04:58.037764Z","Update policy","Directory_34c925b1-f708-4cb5-99a9-ed1353414790_UNLK6_88328276","Microsoft Azure AD Identity Protection","Policy","34c925b1-f708-4cb5-99a9-ed1353414790","Core Directory","Update","success","d9b474eb-c216-436f-82ca-448dba4646e0","Default Policy","Policy",,"Included Updated Properties",,"""""","",""
"2026-08-13T20:04:57.6162102Z","Add policy","Directory_cffb6df5-af61-4769-b29e-76a953eec128_R2DDF_81552788","Microsoft Azure AD Identity Protection","Policy","cffb6df5-af61-4769-b29e-76a953eec128","Core Directory","Add","success","77dbcd7f-566d-4b90-a928-edf2235d1c96","Users - Block Interactive Logins (Service Accounts)","Policy",,"DisplayName","[]","[""Users - Block Interactive Logins (Service Accounts)""]","",""
"2026-08-13T20:04:57.6162102Z","Add policy","Directory_cffb6df5-af61-4769-b29e-76a953eec128_R2DDF_81552788","Microsoft Azure AD Identity Protection","Policy","cffb6df5-af61-4769-b29e-76a953eec128","Core Directory","Add","success","77dbcd7f-566d-4b90-a928-edf2235d1c96","Users - Block Interactive Logins (Service Accounts)","Policy",,"PolicyDetail","[]","[""{\""Version\"":1,\""CreatedDateTime\"":\""2026-08-13T20:04:57.2236585Z\"",\""State\"":\""Reporting\"",\""Conditions\"":{\""Applications\"":{\""Include\"":[{\""Applications\"":[\""All\""]}]},\""Users\"":{\""Include\"":[{\""Groups\"":[\""0fc54385-48bb-4f91-924e-9d7e88a1828a\""]}]},\""ClientTypes\"":{\""Include\"":[{\""ClientTypes\"":[\""Browser\"",\""Native\""]}]}},\""Controls\"":[{\""Control\"":[\""Block\""]}]}""]","",""
"2026-08-13T20:04:57.6162102Z","Add policy","Directory_cffb6df5-af61-4769-b29e-76a953eec128_R2DDF_81552788","Microsoft Azure AD Identity Protection","Policy","cffb6df5-af61-4769-b29e-76a953eec128","Core Directory","Add","success","77dbcd7f-566d-4b90-a928-edf2235d1c96","Users - Block Interactive Logins (Service Accounts)","Policy",,"PolicyType","[]","[""ConditionalAccessPolicy""]","",""
"2026-08-13T20:04:57.6162102Z","Add policy","Directory_cffb6df5-af61-4769-b29e-76a953eec128_R2DDF_81552788","Microsoft Azure AD Identity Protection","Policy","cffb6df5-af61-4769-b29e-76a953eec128","Core Directory","Add","success","77dbcd7f-566d-4b90-a928-edf2235d1c96","Users - Block Interactive Logins (Service Accounts)","Policy",,"Included Updated Properties",,"""DisplayName, PolicyDetail, PolicyType""","",""
"2026-08-13T20:04:50.9827636Z","Add group","Directory_6b7bd73a-4ad0-480d-931a-8000504fb6b3_IX5JO_90896015","Microsoft Graph Command Line Tools","GroupManagement","6b7bd73a-4ad0-480d-931a-8000504fb6b3","Core Directory","Add","success","0fc54385-48bb-4f91-924e-9d7e88a1828a","Block Interactive Login Group","Group",,"Description","[]","[""Users in this group are blocked from interactive logins via the Entra ID \""Block Interactive Logins for Service Accounts\"" Conditional Access Policy""]","User-Agent: Mozilla/5.0 (Windows NT 10.0; Microsoft Windows 10.0.26200; en-US) PowerShell/5.1.26100.8875",""
"2026-08-13T20:04:50.9827636Z","Add group","Directory_6b7bd73a-4ad0-480d-931a-8000504fb6b3_IX5JO_90896015","Microsoft Graph Command Line Tools","GroupManagement","6b7bd73a-4ad0-480d-931a-8000504fb6b3","Core Directory","Add","success","0fc54385-48bb-4f91-924e-9d7e88a1828a","Block Interactive Login Group","Group",,"DisplayName","[]","[""Block Interactive Login Group""]","User-Agent: Mozilla/5.0 (Windows NT 10.0; Microsoft Windows 10.0.26200; en-US) PowerShell/5.1.26100.8875",""
"2026-08-13T20:04:50.9827636Z","Add group","Directory_6b7bd73a-4ad0-480d-931a-8000504fb6b3_IX5JO_90896015","Microsoft Graph Command Line Tools","GroupManagement","6b7bd73a-4ad0-480d-931a-8000504fb6b3","Core Directory","Add","success","0fc54385-48bb-4f91-924e-9d7e88a1828a","Block Interactive Login Group","Group",,"MailEnabled","[]","[false]","User-Agent: Mozilla/5.0 (Windows NT 10.0; Microsoft Windows 10.0.26200; en-US) PowerShell/5.1.26100.8875",""
"2026-08-13T20:04:50.9827636Z","Add group","Directory_6b7bd73a-4ad0-480d-931a-8000504fb6b3_IX5JO_90896015","Microsoft Graph Command Line Tools","GroupManagement","6b7bd73a-4ad0-480d-931a-8000504fb6b3","Core Directory","Add","success","0fc54385-48bb-4f91-924e-9d7e88a1828a","Block Interactive Login Group","Group",,"MailNickname","[]","[""NotSet-3ee5903c""]","User-Agent: Mozilla/5.0 (Windows NT 10.0; Microsoft Windows 10.0.26200; en-US) PowerShell/5.1.26100.8875",""
"2026-08-13T20:04:50.9827636Z","Add group","Directory_6b7bd73a-4ad0-480d-931a-8000504fb6b3_IX5JO_90896015","Microsoft Graph Command Line Tools","GroupManagement","6b7bd73a-4ad0-480d-931a-8000504fb6b3","Core Directory","Add","success","0fc54385-48bb-4f91-924e-9d7e88a1828a","Block Interactive Login Group","Group",,"RenewedDateTime","[]","[""2026-08-13T20:04:50Z""]","User-Agent: Mozilla/5.0 (Windows NT 10.0; Microsoft Windows 10.0.26200; en-US) PowerShell/5.1.26100.8875",""
"2026-08-13T20:04:50.9827636Z","Add group","Directory_6b7bd73a-4ad0-480d-931a-8000504fb6b3_IX5JO_90896015","Microsoft Graph Command Line Tools","GroupManagement","6b7bd73a-4ad0-480d-931a-8000504fb6b3","Core Directory","Add","success","0fc54385-48bb-4f91-924e-9d7e88a1828a","Block Interactive Login Group","Group",,"SecurityEnabled","[]","[true]","User-Agent: Mozilla/5.0 (Windows NT 10.0; Microsoft Windows 10.0.26200; en-US) PowerShell/5.1.26100.8875",""
"2026-08-13T20:04:50.9827636Z","Add group","Directory_6b7bd73a-4ad0-480d-931a-8000504fb6b3_IX5JO_90896015","Microsoft Graph Command Line Tools","GroupManagement","6b7bd73a-4ad0-480d-931a-8000504fb6b3","Core Directory","Add","success","0fc54385-48bb-4f91-924e-9d7e88a1828a","Block Interactive Login Group","Group",,"Included Updated Properties",,"""Description, DisplayName, MailEnabled, MailNickname, RenewedDateTime, SecurityEnabled""","User-Agent: Mozilla/5.0 (Windows NT 10.0; Microsoft Windows 10.0.26200; en-US) PowerShell/5.1.26100.8875",""
"2026-08-13T20:04:38.0407499Z","Add conditional access policy","IPCGraph_4239b33a-b255-4b60-95f3-08de05afc3b9_3ABND_67914652","ServIT","Policy","4239b33a-b255-4b60-95f3-08de05afc3b9","Conditional Access","Add","success","0149a225-4092-4a09-ab18-ae7c47c5deeb","Sessions - Enforce Sign-In Frequency","Policy",,"ConditionalAccessPolicy",,"{""id"":""0149a225-4092-4a09-ab18-ae7c47c5deeb"",""displayName"":""Sessions - Enforce Sign-In Frequency"",""createdDateTime"":""2026-08-13T20:04:36.8467071+00:00"",""state"":""enabledForReportingButNotEnforced"",""conditions"":{""applications"":{""includeApplications"":[""All""],""excludeApplications"":[],""includeUserActions"":[],""includeAuthenticationContextClassReferences"":[],""applicationFilter"":null},""users"":{""includeUsers"":[""All""],""excludeUsers"":[],""includeGroups"":[],""excludeGroups"":[],""includeRoles"":[],""excludeRoles"":[]},""platforms"":{""includePlatforms"":[""windows"",""macOS""],""excludePlatforms"":[]},""userRiskLevels"":[],""signInRiskLevels"":[],""clientAppTypes"":[""all""],""servicePrincipalRiskLevels"":[]},""sessionControls"":{""signInFrequency"":{""value"":14,""type"":""days"",""authenticationType"":""primaryAndSecondaryAuthentication"",""frequencyInterval"":""timeBased"",""isEnabled"":true}}}","Category: Conditional Access","Mozilla/5.0 (Windows NT 10.0; Microsoft Windows 10.0.26200; en-US) PowerShell/5.1.26100.8875"
"2026-08-13T20:04:38.0130119Z","Update policy","Directory_cc8cacc4-dc2f-433e-b380-180633b0fbf6_1MM21_85594819","Microsoft Azure AD Identity Protection","Policy","cc8cacc4-dc2f-433e-b380-180633b0fbf6","Core Directory","Update","success","d9b474eb-c216-436f-82ca-448dba4646e0","Default Policy","Policy",,"Included Updated Properties",,"""""","",""
"2026-08-13T20:04:37.4931425Z","Add policy","Directory_fba908ba-005c-40a5-ac0f-0394407f8a62_MOCJ5_87128519","Microsoft Azure AD Identity Protection","Policy","fba908ba-005c-40a5-ac0f-0394407f8a62","Core Directory","Add","success","0149a225-4092-4a09-ab18-ae7c47c5deeb","Sessions - Enforce Sign-In Frequency","Policy",,"DisplayName","[]","[""Sessions - Enforce Sign-In Frequency""]","",""
"2026-08-13T20:04:37.4931425Z","Add policy","Directory_fba908ba-005c-40a5-ac0f-0394407f8a62_MOCJ5_87128519","Microsoft Azure AD Identity Protection","Policy","fba908ba-005c-40a5-ac0f-0394407f8a62","Core Directory","Add","success","0149a225-4092-4a09-ab18-ae7c47c5deeb","Sessions - Enforce Sign-In Frequency","Policy",,"PolicyDetail","[]","[""{\""Version\"":1,\""CreatedDateTime\"":\""2026-08-13T20:04:36.8467071Z\"",\""State\"":\""Reporting\"",\""Conditions\"":{\""Applications\"":{\""Include\"":[{\""Applications\"":[\""All\""]}]},\""Users\"":{\""Include\"":[{\""Users\"":[\""All\""]}]},\""DevicePlatforms\"":{\""Include\"":[{\""DevicePlatforms\"":[\""Windows\"",\""macOS\""]}]}},\""SessionControls\"":[\""SignInFrequency\""],\""SignInFrequencyTimeSpan\"":\""14.00:00:00\"",\""SignInFrequencyType\"":10}""]","",""
"2026-08-13T20:04:37.4931425Z","Add policy","Directory_fba908ba-005c-40a5-ac0f-0394407f8a62_MOCJ5_87128519","Microsoft Azure AD Identity Protection","Policy","fba908ba-005c-40a5-ac0f-0394407f8a62","Core Directory","Add","success","0149a225-4092-4a09-ab18-ae7c47c5deeb","Sessions - Enforce Sign-In Frequency","Policy",,"PolicyType","[]","[""ConditionalAccessPolicy""]","",""
"2026-08-13T20:04:37.4931425Z","Add policy","Directory_fba908ba-005c-40a5-ac0f-0394407f8a62_MOCJ5_87128519","Microsoft Azure AD Identity Protection","Policy","fba908ba-005c-40a5-ac0f-0394407f8a62","Core Directory","Add","success","0149a225-4092-4a09-ab18-ae7c47c5deeb","Sessions - Enforce Sign-In Frequency","Policy",,"Included Updated Properties",,"""DisplayName, PolicyDetail, PolicyType""","",""
"2026-08-13T20:04:23.9867945Z","Add conditional access policy","IPCGraph_420ff25c-7267-411b-bd63-a91cdeec9f0d_RC1TS_72518838","ServIT","Policy","420ff25c-7267-411b-bd63-a91cdeec9f0d","Conditional Access","Add","success","46ddead8-098c-4325-bbeb-836e364f64b5","Sessions - Block Persistent Browser Sessions (Untrusted Locations)","Policy",,"ConditionalAccessPolicy",,"{""id"":""46ddead8-098c-4325-bbeb-836e364f64b5"",""displayName"":""Sessions - Block Persistent Browser Sessions (Untrusted Locations)"",""createdDateTime"":""2026-08-13T20:04:22.203731+00:00"",""state"":""enabledForReportingButNotEnforced"",""conditions"":{""applications"":{""includeApplications"":[""All""],""excludeApplications"":[],""includeUserActions"":[],""includeAuthenticationContextClassReferences"":[],""applicationFilter"":null},""users"":{""includeUsers"":[""All""],""excludeUsers"":[],""includeGroups"":[],""excludeGroups"":[],""includeRoles"":[],""excludeRoles"":[]},""locations"":{""includeLocations"":[""All""],""excludeLocations"":[""AllTrusted""]},""userRiskLevels"":[],""signInRiskLevels"":[],""clientAppTypes"":[""browser""],""servicePrincipalRiskLevels"":[]},""sessionControls"":{""persistentBrowser"":{""mode"":""never"",""isEnabled"":true}}}","Category: Conditional Access","Mozilla/5.0 (Windows NT 10.0; Microsoft Windows 10.0.26200; en-US) PowerShell/5.1.26100.8875"
"2026-08-13T20:04:23.9676903Z","Update policy","Directory_3d4881d6-4eb6-41bd-869f-1684763db222_2Y66P_85047035","Microsoft Azure AD Identity Protection","Policy","3d4881d6-4eb6-41bd-869f-1684763db222","Core Directory","Update","success","d9b474eb-c216-436f-82ca-448dba4646e0","Default Policy","Policy",,"Included Updated Properties",,"""""","",""
"2026-08-13T20:04:23.5556421Z","Add policy","Directory_6555b5c8-3f63-4495-bf04-11ecac5b0156_LPE49_86589934","Microsoft Azure AD Identity Protection","Policy","6555b5c8-3f63-4495-bf04-11ecac5b0156","Core Directory","Add","success","46ddead8-098c-4325-bbeb-836e364f64b5","Sessions - Block Persistent Browser Sessions (Untrusted Locations)","Policy",,"DisplayName","[]","[""Sessions - Block Persistent Browser Sessions (Untrusted Locations)""]","",""
"2026-08-13T20:04:23.5556421Z","Add policy","Directory_6555b5c8-3f63-4495-bf04-11ecac5b0156_LPE49_86589934","Microsoft Azure AD Identity Protection","Policy","6555b5c8-3f63-4495-bf04-11ecac5b0156","Core Directory","Add","success","46ddead8-098c-4325-bbeb-836e364f64b5","Sessions - Block Persistent Browser Sessions (Untrusted Locations)","Policy",,"PolicyDetail","[]","[""{\""Version\"":1,\""CreatedDateTime\"":\""2026-08-13T20:04:22.203731Z\"",\""State\"":\""Reporting\"",\""Conditions\"":{\""Applications\"":{\""Include\"":[{\""Applications\"":[\""All\""]}]},\""Users\"":{\""Include\"":[{\""Users\"":[\""All\""]}]},\""Locations\"":{\""Include\"":[{\""Locations\"":[\""All\""]}],\""Exclude\"":[{\""Locations\"":[\""AllTrusted\""]}]},\""ClientTypes\"":{\""Include\"":[{\""ClientTypes\"":[\""Browser\""]}]}},\""SessionControls\"":[\""PersistentBrowserSessionMode\""],\""PersistentBrowserSessionMode\"":\""Never\""}""]","",""
"2026-08-13T20:04:23.5556421Z","Add policy","Directory_6555b5c8-3f63-4495-bf04-11ecac5b0156_LPE49_86589934","Microsoft Azure AD Identity Protection","Policy","6555b5c8-3f63-4495-bf04-11ecac5b0156","Core Directory","Add","success","46ddead8-098c-4325-bbeb-836e364f64b5","Sessions - Block Persistent Browser Sessions (Untrusted Locations)","Policy",,"PolicyType","[]","[""ConditionalAccessPolicy""]","",""
"2026-08-13T20:04:23.5556421Z","Add policy","Directory_6555b5c8-3f63-4495-bf04-11ecac5b0156_LPE49_86589934","Microsoft Azure AD Identity Protection","Policy","6555b5c8-3f63-4495-bf04-11ecac5b0156","Core Directory","Add","success","46ddead8-098c-4325-bbeb-836e364f64b5","Sessions - Block Persistent Browser Sessions (Untrusted Locations)","Policy",,"Included Updated Properties",,"""DisplayName, PolicyDetail, PolicyType""","",""
"2026-08-13T20:04:03.7462539Z","Add conditional access policy","IPCGraph_a6d67212-2261-4e2c-9d1d-50ed99d1e628_RC1TS_72469409","ServIT","Policy","a6d67212-2261-4e2c-9d1d-50ed99d1e628","Conditional Access","Add","success","6c493fe3-b17a-426e-af02-9f28f033239f","Sessions - Block Persistent Browser Sessions (Admins)","Policy",,"ConditionalAccessPolicy",,"{""id"":""6c493fe3-b17a-426e-af02-9f28f033239f"",""displayName"":""Sessions - Block Persistent Browser Sessions (Admins)"",""createdDateTime"":""2026-08-13T20:04:02.4612083+00:00"",""state"":""enabledForReportingButNotEnforced"",""conditions"":{""applications"":{""includeApplications"":[""All""],""excludeApplications"":[],""includeUserActions"":[],""includeAuthenticationContextClassReferences"":[],""applicationFilter"":null},""users"":{""includeUsers"":[],""excludeUsers"":[],""includeGroups"":[],""excludeGroups"":[],""includeRoles"":[""9b895d92-2cd3-44c7-9d02-a6ac2d5ea5c3"",""c4e39bd9-1100-46d3-8c65-fb160da0071f"",""e3973bdf-4987-49ae-837a-ba8e231c7286"",""29232cdf-9323-42fd-ade2-1d097af3e4de"",""62e90394-69f5-4237-9190-012177145e10"",""fdd7a751-b60b-444a-984c-02652fe8fa1c"",""729827e3-9c14-49f7-bb1b-9608f156bbb8"",""8ac3fc64-6eca-42ea-9e69-59f4c7b60eb2"",""4d6ac14f-3453-41d0-bef9-a3e0c569773a"",""d37c8bed-0711-4417-ba38-b4abe66ce4c2"",""2b745bdf-0803-4d80-aa65-822c4493daac"",""966707d0-3269-4727-9be2-8c3a10f19b9d"",""194ae4cb-b126-40b2-bd5b-6091b380977d"",""f28a1f50-f6e7-4571-818b-6a12f2af6b6c"",""69091246-20e8-4a56-aa4d-066075b2a7a8"",""baf37b3a-610e-45da-9e62-d9d1e5e8914b"",""3d762c5a-1b6c-493f-843e-55a3b42923d4"",""fe930be7-5e62-47db-91af-98c3a49a38b1""],""excludeRoles"":[]},""userRiskLevels"":[],""signInRiskLevels"":[],""clientAppTypes"":[""browser""],""servicePrincipalRiskLevels"":[]},""sessionControls"":{""persistentBrowser"":{""mode"":""never"",""isEnabled"":true}}}","Category: Conditional Access","Mozilla/5.0 (Windows NT 10.0; Microsoft Windows 10.0.26200; en-US) PowerShell/5.1.26100.8875"
"2026-08-13T20:04:03.693301Z","Update policy","Directory_8b5705e4-ef94-4d8c-9380-43dcc45110cd_3PXDP_90296051","Microsoft Azure AD Identity Protection","Policy","8b5705e4-ef94-4d8c-9380-43dcc45110cd","Core Directory","Update","success","d9b474eb-c216-436f-82ca-448dba4646e0","Default Policy","Policy",,"Included Updated Properties",,"""""","",""
"2026-08-13T20:04:03.3422991Z","Add policy","Directory_729aeffc-60d5-4d55-ba46-d6859530dcac_3PXDP_90295109","Microsoft Azure AD Identity Protection","Policy","729aeffc-60d5-4d55-ba46-d6859530dcac","Core Directory","Add","success","6c493fe3-b17a-426e-af02-9f28f033239f","Sessions - Block Persistent Browser Sessions (Admins)","Policy",,"DisplayName","[]","[""Sessions - Block Persistent Browser Sessions (Admins)""]","",""
"2026-08-13T20:04:03.3422991Z","Add policy","Directory_729aeffc-60d5-4d55-ba46-d6859530dcac_3PXDP_90295109","Microsoft Azure AD Identity Protection","Policy","729aeffc-60d5-4d55-ba46-d6859530dcac","Core Directory","Add","success","6c493fe3-b17a-426e-af02-9f28f033239f","Sessions - Block Persistent Browser Sessions (Admins)","Policy",,"PolicyDetail","[]","[""{\""Version\"":1,\""CreatedDateTime\"":\""2026-08-13T20:04:02.4612083Z\"",\""State\"":\""Reporting\"",\""Conditions\"":{\""Applications\"":{\""Include\"":[{\""Applications\"":[\""All\""]}]},\""Users\"":{\""Include\"":[{\""Roles\"":[\""9b895d92-2cd3-44c7-9d02-a6ac2d5ea5c3\"",\""c4e39bd9-1100-46d3-8c65-fb160da0071f\"",\""e3973bdf-4987-49ae-837a-ba8e231c7286\"",\""29232cdf-9323-42fd-ade2-1d097af3e4de\"",\""62e90394-69f5-4237-9190-012177145e10\"",\""fdd7a751-b60b-444a-984c-02652fe8fa1c\"",\""729827e3-9c14-49f7-bb1b-9608f156bbb8\"",\""8ac3fc64-6eca-42ea-9e69-59f4c7b60eb2\"",\""4d6ac14f-3453-41d0-bef9-a3e0c569773a\"",\""d37c8bed-0711-4417-ba38-b4abe66ce4c2\"",\""2b745bdf-0803-4d80-aa65-822c4493daac\"",\""966707d0-3269-4727-9be2-8c3a10f19b9d\"",\""194ae4cb-b126-40b2-bd5b-6091b380977d\"",\""f28a1f50-f6e7-4571-818b-6a12f2af6b6c\"",\""69091246-20e8-4a56-aa4d-066075b2a7a8\"",\""baf37b3a-610e-45da-9e62-d9d1e5e8914b\"",\""3d762c5a-1b6c-493f-843e-55a3b42923d4\"",\""fe930be7-5e62-47db-91af-98c3a49a38b1\""]}]},\""ClientTypes\"":{\""Include\"":[{\""ClientTypes\"":[\""Browser\""]}]}},\""SessionControls\"":[\""PersistentBrowserSessionMode\""],\""PersistentBrowserSessionMode\"":\""Never\""}""]","",""
"2026-08-13T20:04:03.3422991Z","Add policy","Directory_729aeffc-60d5-4d55-ba46-d6859530dcac_3PXDP_90295109","Microsoft Azure AD Identity Protection","Policy","729aeffc-60d5-4d55-ba46-d6859530dcac","Core Directory","Add","success","6c493fe3-b17a-426e-af02-9f28f033239f","Sessions - Block Persistent Browser Sessions (Admins)","Policy",,"PolicyType","[]","[""ConditionalAccessPolicy""]","",""
"2026-08-13T20:04:03.3422991Z","Add policy","Directory_729aeffc-60d5-4d55-ba46-d6859530dcac_3PXDP_90295109","Microsoft Azure AD Identity Protection","Policy","729aeffc-60d5-4d55-ba46-d6859530dcac","Core Directory","Add","success","6c493fe3-b17a-426e-af02-9f28f033239f","Sessions - Block Persistent Browser Sessions (Admins)","Policy",,"Included Updated Properties",,"""DisplayName, PolicyDetail, PolicyType""","",""
"2026-08-13T20:03:33.3946312Z","Add conditional access policy","IPCGraph_c2c7197e-7b1b-4c17-8f7e-90903ae73f94_8WUQU_65256870","ServIT","Policy","c2c7197e-7b1b-4c17-8f7e-90903ae73f94","Conditional Access","Add","success","7bd05172-0534-4c9a-a965-6e9370e281df","Protocols - Enforce Modern Authentication","Policy",,"ConditionalAccessPolicy",,"{""id"":""7bd05172-0534-4c9a-a965-6e9370e281df"",""displayName"":""Protocols - Enforce Modern Authentication"",""createdDateTime"":""2026-08-13T20:03:32.1195858+00:00"",""state"":""enabledForReportingButNotEnforced"",""conditions"":{""applications"":{""includeApplications"":[""All""],""excludeApplications"":[],""includeUserActions"":[],""includeAuthenticationContextClassReferences"":[],""applicationFilter"":null},""users"":{""includeUsers"":[""All""],""excludeUsers"":[],""includeGroups"":[],""excludeGroups"":[""8906db38-9137-4aaf-b4ee-b4541a24e76a""],""includeRoles"":[],""excludeRoles"":[]},""userRiskLevels"":[],""signInRiskLevels"":[],""clientAppTypes"":[""exchangeActiveSync"",""other""],""servicePrincipalRiskLevels"":[]},""grantControls"":{""operator"":""OR"",""builtInControls"":[""block""],""customAuthenticationFactors"":[],""termsOfUse"":[]}}","Category: Conditional Access","Mozilla/5.0 (Windows NT 10.0; Microsoft Windows 10.0.26200; en-US) PowerShell/5.1.26100.8875"
"2026-08-13T20:03:33.362368Z","Update policy","Directory_17ed03d4-3fb1-4418-9b17-06133dac184f_U7503_74880354","Microsoft Azure AD Identity Protection","Policy","17ed03d4-3fb1-4418-9b17-06133dac184f","Core Directory","Update","success","d9b474eb-c216-436f-82ca-448dba4646e0","Default Policy","Policy",,"Included Updated Properties",,"""""","",""
"2026-08-13T20:03:32.9529331Z","Add policy","Directory_0acade6d-656d-4dbc-8886-5af9787da0b8_MOCJ5_87030204","Microsoft Azure AD Identity Protection","Policy","0acade6d-656d-4dbc-8886-5af9787da0b8","Core Directory","Add","success","7bd05172-0534-4c9a-a965-6e9370e281df","Protocols - Enforce Modern Authentication","Policy",,"DisplayName","[]","[""Protocols - Enforce Modern Authentication""]","",""
"2026-08-13T20:03:32.9529331Z","Add policy","Directory_0acade6d-656d-4dbc-8886-5af9787da0b8_MOCJ5_87030204","Microsoft Azure AD Identity Protection","Policy","0acade6d-656d-4dbc-8886-5af9787da0b8","Core Directory","Add","success","7bd05172-0534-4c9a-a965-6e9370e281df","Protocols - Enforce Modern Authentication","Policy",,"PolicyDetail","[]","[""{\""Version\"":1,\""CreatedDateTime\"":\""2026-08-13T20:03:32.1195858Z\"",\""State\"":\""Reporting\"",\""Conditions\"":{\""Applications\"":{\""Include\"":[{\""Applications\"":[\""All\""]}]},\""Users\"":{\""Include\"":[{\""Users\"":[\""All\""]}],\""Exclude\"":[{\""Groups\"":[\""8906db38-9137-4aaf-b4ee-b4541a24e76a\""]}]},\""ClientTypes\"":{\""Include\"":[{\""ClientTypes\"":[\""EasSupported\"",\""EasUnsupported\"",\""OtherLegacy\"",\""LegacySmtp\"",\""LegacyPop\"",\""LegacyImap\"",\""LegacyMapi\"",\""LegacyOffice\""]}]}},\""Controls\"":[{\""Control\"":[\""Block\""]}],\""EnforceAllPoliciesForEas\"":true,\""IncludeOtherLegacyClientTypeForEvaluation\"":true}""]","",""
"2026-08-13T20:03:32.9529331Z","Add policy","Directory_0acade6d-656d-4dbc-8886-5af9787da0b8_MOCJ5_87030204","Microsoft Azure AD Identity Protection","Policy","0acade6d-656d-4dbc-8886-5af9787da0b8","Core Directory","Add","success","7bd05172-0534-4c9a-a965-6e9370e281df","Protocols - Enforce Modern Authentication","Policy",,"PolicyType","[]","[""ConditionalAccessPolicy""]","",""
"2026-08-13T20:03:32.9529331Z","Add policy","Directory_0acade6d-656d-4dbc-8886-5af9787da0b8_MOCJ5_87030204","Microsoft Azure AD Identity Protection","Policy","0acade6d-656d-4dbc-8886-5af9787da0b8","Core Directory","Add","success","7bd05172-0534-4c9a-a965-6e9370e281df","Protocols - Enforce Modern Authentication","Policy",,"Included Updated Properties",,"""DisplayName, PolicyDetail, PolicyType""","",""
"2026-08-13T20:03:25.6856636Z","Add group","Directory_42772a08-7fe3-41d7-9e0a-7572cae516f2_N3PJN_93107364","Microsoft Graph Command Line Tools","GroupManagement","42772a08-7fe3-41d7-9e0a-7572cae516f2","Core Directory","Add","success","8906db38-9137-4aaf-b4ee-b4541a24e76a","Modern Authentication Exclusion Group","Group",,"Description","[]","[""Users in this group are excluded from the Entra ID \""Enforce Modern Authentication\"" Conditional Access Policy""]","User-Agent: Mozilla/5.0 (Windows NT 10.0; Microsoft Windows 10.0.26200; en-US) PowerShell/5.1.26100.8875",""
"2026-08-13T20:03:25.6856636Z","Add group","Directory_42772a08-7fe3-41d7-9e0a-7572cae516f2_N3PJN_93107364","Microsoft Graph Command Line Tools","GroupManagement","42772a08-7fe3-41d7-9e0a-7572cae516f2","Core Directory","Add","success","8906db38-9137-4aaf-b4ee-b4541a24e76a","Modern Authentication Exclusion Group","Group",,"DisplayName","[]","[""Modern Authentication Exclusion Group""]","User-Agent: Mozilla/5.0 (Windows NT 10.0; Microsoft Windows 10.0.26200; en-US) PowerShell/5.1.26100.8875",""
"2026-08-13T20:03:25.6856636Z","Add group","Directory_42772a08-7fe3-41d7-9e0a-7572cae516f2_N3PJN_93107364","Microsoft Graph Command Line Tools","GroupManagement","42772a08-7fe3-41d7-9e0a-7572cae516f2","Core Directory","Add","success","8906db38-9137-4aaf-b4ee-b4541a24e76a","Modern Authentication Exclusion Group","Group",,"MailEnabled","[]","[false]","User-Agent: Mozilla/5.0 (Windows NT 10.0; Microsoft Windows 10.0.26200; en-US) PowerShell/5.1.26100.8875",""
"2026-08-13T20:03:25.6856636Z","Add group","Directory_42772a08-7fe3-41d7-9e0a-7572cae516f2_N3PJN_93107364","Microsoft Graph Command Line Tools","GroupManagement","42772a08-7fe3-41d7-9e0a-7572cae516f2","Core Directory","Add","success","8906db38-9137-4aaf-b4ee-b4541a24e76a","Modern Authentication Exclusion Group","Group",,"MailNickname","[]","[""NotSet-13f1e7ae""]","User-Agent: Mozilla/5.0 (Windows NT 10.0; Microsoft Windows 10.0.26200; en-US) PowerShell/5.1.26100.8875",""
"2026-08-13T20:03:25.6856636Z","Add group","Directory_42772a08-7fe3-41d7-9e0a-7572cae516f2_N3PJN_93107364","Microsoft Graph Command Line Tools","GroupManagement","42772a08-7fe3-41d7-9e0a-7572cae516f2","Core Directory","Add","success","8906db38-9137-4aaf-b4ee-b4541a24e76a","Modern Authentication Exclusion Group","Group",,"RenewedDateTime","[]","[""2026-08-13T20:03:25Z""]","User-Agent: Mozilla/5.0 (Windows NT 10.0; Microsoft Windows 10.0.26200; en-US) PowerShell/5.1.26100.8875",""
"2026-08-13T20:03:25.6856636Z","Add group","Directory_42772a08-7fe3-41d7-9e0a-7572cae516f2_N3PJN_93107364","Microsoft Graph Command Line Tools","GroupManagement","42772a08-7fe3-41d7-9e0a-7572cae516f2","Core Directory","Add","success","8906db38-9137-4aaf-b4ee-b4541a24e76a","Modern Authentication Exclusion Group","Group",,"SecurityEnabled","[]","[true]","User-Agent: Mozilla/5.0 (Windows NT 10.0; Microsoft Windows 10.0.26200; en-US) PowerShell/5.1.26100.8875",""
"2026-08-13T20:03:25.6856636Z","Add group","Directory_42772a08-7fe3-41d7-9e0a-7572cae516f2_N3PJN_93107364","Microsoft Graph Command Line Tools","GroupManagement","42772a08-7fe3-41d7-9e0a-7572cae516f2","Core Directory","Add","success","8906db38-9137-4aaf-b4ee-b4541a24e76a","Modern Authentication Exclusion Group","Group",,"Included Updated Properties",,"""Description, DisplayName, MailEnabled, MailNickname, RenewedDateTime, SecurityEnabled""","User-Agent: Mozilla/5.0 (Windows NT 10.0; Microsoft Windows 10.0.26200; en-US) PowerShell/5.1.26100.8875",""
"2026-08-13T20:03:06.960391Z","Add conditional access policy","IPCGraph_6d3f7180-b07e-4e02-9b2a-5e381fb7e04f_8P1CP_71440123","ServIT","Policy","6d3f7180-b07e-4e02-9b2a-5e381fb7e04f","Conditional Access","Add","success","da3712b4-2ee4-4d96-b702-9d73cb4e635a","Locations - Enforce Geo-IP Fencing","Policy",,"ConditionalAccessPolicy",,"{""id"":""da3712b4-2ee4-4d96-b702-9d73cb4e635a"",""displayName"":""Locations - Enforce Geo-IP Fencing"",""createdDateTime"":""2026-08-13T20:03:05.7893719+00:00"",""state"":""enabledForReportingButNotEnforced"",""conditions"":{""applications"":{""includeApplications"":[""All""],""excludeApplications"":[],""includeUserActions"":[],""includeAuthenticationContextClassReferences"":[],""applicationFilter"":null},""users"":{""includeUsers"":[""All""],""excludeUsers"":[],""includeGroups"":[],""excludeGroups"":[""d2c79084-d0b5-4996-9703-4c26b086a422""],""includeRoles"":[],""excludeRoles"":[]},""locations"":{""includeLocations"":[""140abb23-4be6-4e61-b268-cfaebbe5edd8""],""excludeLocations"":[""AllTrusted""]},""userRiskLevels"":[],""signInRiskLevels"":[],""clientAppTypes"":[""all""],""servicePrincipalRiskLevels"":[]},""grantControls"":{""operator"":""OR"",""builtInControls"":[""block""],""customAuthenticationFactors"":[],""termsOfUse"":[]}}","Category: Conditional Access","Mozilla/5.0 (Windows NT 10.0; Microsoft Windows 10.0.26200; en-US) PowerShell/5.1.26100.8875"
"2026-08-13T20:03:06.9597446Z","Update policy","Directory_7a617ffd-4b08-41db-baea-d7e164f0f67d_H9U9R_93590820","Microsoft Azure AD Identity Protection","Policy","7a617ffd-4b08-41db-baea-d7e164f0f67d","Core Directory","Update","success","d9b474eb-c216-436f-82ca-448dba4646e0","Default Policy","Policy",,"Included Updated Properties",,"""""","",""
"2026-08-13T20:03:06.5836278Z","Add policy","Directory_c5b629fc-294e-4dd9-822c-f060ae370453_QL7D6_85645992","Microsoft Azure AD Identity Protection","Policy","c5b629fc-294e-4dd9-822c-f060ae370453","Core Directory","Add","success","da3712b4-2ee4-4d96-b702-9d73cb4e635a","Locations - Enforce Geo-IP Fencing","Policy",,"DisplayName","[]","[""Locations - Enforce Geo-IP Fencing""]","",""
"2026-08-13T20:03:06.5836278Z","Add policy","Directory_c5b629fc-294e-4dd9-822c-f060ae370453_QL7D6_85645992","Microsoft Azure AD Identity Protection","Policy","c5b629fc-294e-4dd9-822c-f060ae370453","Core Directory","Add","success","da3712b4-2ee4-4d96-b702-9d73cb4e635a","Locations - Enforce Geo-IP Fencing","Policy",,"PolicyDetail","[]","[""{\""Version\"":1,\""CreatedDateTime\"":\""2026-08-13T20:03:05.7893719Z\"",\""State\"":\""Reporting\"",\""Conditions\"":{\""Applications\"":{\""Include\"":[{\""Applications\"":[\""All\""]}]},\""Users\"":{\""Include\"":[{\""Users\"":[\""All\""]}],\""Exclude\"":[{\""Groups\"":[\""d2c79084-d0b5-4996-9703-4c26b086a422\""]}]},\""Locations\"":{\""Include\"":[{\""Locations\"":[\""140abb23-4be6-4e61-b268-cfaebbe5edd8\""]}],\""Exclude\"":[{\""Locations\"":[\""AllTrusted\""]}]}},\""Controls\"":[{\""Control\"":[\""Block\""]}]}""]","",""
"2026-08-13T20:03:06.5836278Z","Add policy","Directory_c5b629fc-294e-4dd9-822c-f060ae370453_QL7D6_85645992","Microsoft Azure AD Identity Protection","Policy","c5b629fc-294e-4dd9-822c-f060ae370453","Core Directory","Add","success","da3712b4-2ee4-4d96-b702-9d73cb4e635a","Locations - Enforce Geo-IP Fencing","Policy",,"PolicyType","[]","[""ConditionalAccessPolicy""]","",""
"2026-08-13T20:03:06.5836278Z","Add policy","Directory_c5b629fc-294e-4dd9-822c-f060ae370453_QL7D6_85645992","Microsoft Azure AD Identity Protection","Policy","c5b629fc-294e-4dd9-822c-f060ae370453","Core Directory","Add","success","da3712b4-2ee4-4d96-b702-9d73cb4e635a","Locations - Enforce Geo-IP Fencing","Policy",,"Included Updated Properties",,"""DisplayName, PolicyDetail, PolicyType""","",""
"2026-08-13T20:02:59.3272366Z","Add named location","IPCGraph_c428c85a-06b4-4d73-ac03-91f507c64912_8P1CP_71424065","ServIT","Policy","c428c85a-06b4-4d73-ac03-91f507c64912","Conditional Access","Add","success","140abb23-4be6-4e61-b268-cfaebbe5edd8","Blocked Countries","Policy",,"NamedLocation",,"{""countriesAndRegions"":[""AF"",""AX"",""AL"",""DZ"",""AS"",""AD"",""AO"",""AI"",""AQ"",""AG"",""AR"",""AM"",""AW"",""AU"",""AT"",""AZ"",""BS"",""BH"",""BD"",""BB"",""BY"",""BE"",""BZ"",""BJ"",""BM"",""BT"",""BO"",""BA"",""BW"",""BV"",""BR"",""IO"",""BN"",""BG"",""BF"",""BI"",""KH"",""CM"",""CA"",""CV"",""KY"",""CF"",""TD"",""CL"",""CN"",""CX"",""CC"",""CO"",""KM"",""CG"",""CD"",""CK"",""CR"",""CI"",""HR"",""CU"",""CY"",""CZ"",""DK"",""DJ"",""DM"",""DO"",""EC"",""EG"",""SV"",""GQ"",""ER"",""EE"",""ET"",""FK"",""FO"",""FJ"",""FI"",""FR"",""GF"",""PF"",""TF"",""GA"",""GM"",""GE"",""DE"",""GG"",""GH"",""GI"",""GR"",""GL"",""GD"",""GP"",""GU"",""GT"",""GN"",""GW"",""GY"",""HT"",""HM"",""VA"",""HN"",""HK"",""HU"",""IS"",""IM"",""IN"",""ID"",""IR"",""IQ"",""IE"",""IL"",""IT"",""JE"",""JM"",""JP"",""JO"",""KZ"",""KE"",""KI"",""KP"",""KR"",""KW"",""KG"",""LA"",""LV"",""LB"",""LS"",""LR"",""LY"",""LI"",""LT"",""LU"",""MO"",""MK"",""MG"",""MW"",""MY"",""MV"",""ML"",""MT"",""MH"",""MQ"",""MR"",""MU"",""YT"",""MX"",""FM"",""MD"",""MC"",""MN"",""ME"",""MS"",""MA"",""MZ"",""MM"",""NA"",""NR"",""NP"",""NL"",""NC"",""NZ"",""NI"",""NE"",""NG"",""NU"",""NF"",""MP"",""NO"",""OM"",""PK"",""PW"",""PS"",""PA"",""PG"",""PY"",""PE"",""PH"",""PL"",""PT"",""PR"",""QA"",""RE"",""RO"",""RU"",""RW"",""SH"",""KN"",""LC"",""PM"",""VC"",""WS"",""SM"",""ST"",""SA"",""SN"",""RS"",""SC"",""SL"",""SG"",""SK"",""SI"",""SB"",""SO"",""ZA"",""GS"",""ES"",""LK"",""SD"",""SR"",""SJ"",""SZ"",""SE"",""CH"",""SY"",""TW"",""TJ"",""TZ"",""TH"",""TG"",""TK"",""TO"",""TT"",""TN"",""TR"",""TM"",""TC"",""TV"",""UG"",""UA"",""AE"",""GB"",""UM"",""UY"",""UZ"",""VU"",""VE"",""VN"",""VG"",""VI"",""WF"",""EH"",""YE"",""ZM"",""ZW"",""BQ"",""CW"",""PN"",""BL"",""MF"",""SX"",""SS"",""TL"",""XK""],""includeUnknownCountriesAndRegions"":false,""countryLookupMethod"":0,""id"":""140abb23-4be6-4e61-b268-cfaebbe5edd8"",""displayName"":""Blocked Countries"",""modifiedDateTime"":""2026-08-13T20:02:58.6042252+00:00"",""createdDateTime"":""2026-08-13T20:02:58.6042252+00:00"",""policyInfo"":null}","Category: Conditional Access","Mozilla/5.0 (Windows NT 10.0; Microsoft Windows 10.0.26200; en-US) PowerShell/5.1.26100.8875"
"2026-08-13T20:02:59.3230591Z","Update policy","Directory_d93e04c4-5d7c-42ee-909b-013c130cc475_R5FJ7_93397119","Microsoft Azure AD Identity Protection","Policy","d93e04c4-5d7c-42ee-909b-013c130cc475","Core Directory","Update","success","7abb034b-03a1-4db2-a532-57183f2662b5","Known Networks List","Policy",,"Included Updated Properties",,"""""","",""
"2026-08-13T20:02:59.0883612Z","Add policy","Directory_af016423-ce8f-493d-8c45-012ca376bd64_EGZZE_91410175","Microsoft Azure AD Identity Protection","Policy","af016423-ce8f-493d-8c45-012ca376bd64","Core Directory","Add","success","6c0bc6cf-1ff5-418e-aeb0-261d4f1a5d2b","Blocked Countries","Policy",,"DisplayName","[]","[""Blocked Countries""]","",""
"2026-08-13T20:02:59.0883612Z","Add policy","Directory_af016423-ce8f-493d-8c45-012ca376bd64_EGZZE_91410175","Microsoft Azure AD Identity Protection","Policy","af016423-ce8f-493d-8c45-012ca376bd64","Core Directory","Add","success","6c0bc6cf-1ff5-418e-aeb0-261d4f1a5d2b","Blocked Countries","Policy",,"PolicyDetail","[]","[""{\""CountryIsoCodes\"":[\""AF\"",\""AX\"",\""AL\"",\""DZ\"",\""AS\"",\""AD\"",\""AO\"",\""AI\"",\""AQ\"",\""AG\"",\""AR\"",\""AM\"",\""AW\"",\""AU\"",\""AT\"",\""AZ\"",\""BS\"",\""BH\"",\""BD\"",\""BB\"",\""BY\"",\""BE\"",\""BZ\"",\""BJ\"",\""BM\"",\""BT\"",\""BO\"",\""BA\"",\""BW\"",\""BV\"",\""BR\"",\""IO\"",\""BN\"",\""BG\"",\""BF\"",\""BI\"",\""KH\"",\""CM\"",\""CA\"",\""CV\"",\""KY\"",\""CF\"",\""TD\"",\""CL\"",\""CN\"",\""CX\"",\""CC\"",\""CO\"",\""KM\"",\""CG\"",\""CD\"",\""CK\"",\""CR\"",\""CI\"",\""HR\"",\""CU\"",\""CY\"",\""CZ\"",\""DK\"",\""DJ\"",\""DM\"",\""DO\"",\""EC\"",\""EG\"",\""SV\"",\""GQ\"",\""ER\"",\""EE\"",\""ET\"",\""FK\"",\""FO\"",\""FJ\"",\""FI\"",\""FR\"",\""GF\"",\""PF\"",\""TF\"",\""GA\"",\""GM\"",\""GE\"",\""DE\"",\""GG\"",\""GH\"",\""GI\"",\""GR\"",\""GL\"",\""GD\"",\""GP\"",\""GU\"",\""GT\"",\""GN\"",\""GW\"",\""GY\"",\""HT\"",\""HM\"",\""VA\"",\""HN\"",\""HK\"",\""HU\"",\""IS\"",\""IM\"",\""IN\"",\""ID\"",\""IR\"",\""IQ\"",\""IE\"",\""IL\"",\""IT\"",\""JE\"",\""JM\"",\""JP\"",\""JO\"",\""KZ\"",\""KE\"",\""KI\"",\""KP\"",\""KR\"",\""KW\"",\""KG\"",\""LA\"",\""LV\"",\""LB\"",\""LS\"",\""LR\"",\""LY\"",\""LI\"",\""LT\"",\""LU\"",\""MO\"",\""MK\"",\""MG\"",\""MW\"",\""MY\"",\""MV\"",\""ML\"",\""MT\"",\""MH\"",\""MQ\"",\""MR\"",\""MU\"",\""YT\"",\""MX\"",\""FM\"",\""MD\"",\""MC\"",\""MN\"",\""ME\"",\""MS\"",\""MA\"",\""MZ\"",\""MM\"",\""NA\"",\""NR\"",\""NP\"",\""NL\"",\""NC\"",\""NZ\"",\""NI\"",\""NE\"",\""NG\"",\""NU\"",\""NF\"",\""MP\"",\""NO\"",\""OM\"",\""PK\"",\""PW\"",\""PS\"",\""PA\"",\""PG\"",\""PY\"",\""PE\"",\""PH\"",\""PL\"",\""PT\"",\""PR\"",\""QA\"",\""RE\"",\""RO\"",\""RU\"",\""RW\"",\""SH\"",\""KN\"",\""LC\"",\""PM\"",\""VC\"",\""WS\"",\""SM\"",\""ST\"",\""SA\"",\""SN\"",\""RS\"",\""SC\"",\""SL\"",\""SG\"",\""SK\"",\""SI\"",\""SB\"",\""SO\"",\""ZA\"",\""GS\"",\""ES\"",\""LK\"",\""SD\"",\""SR\"",\""SJ\"",\""SZ\"",\""SE\"",\""CH\"",\""SY\"",\""TW\"",\""TJ\"",\""TZ\"",\""TH\"",\""TG\"",\""TK\"",\""TO\"",\""TT\"",\""TN\"",\""TR\"",\""TM\"",\""TC\"",\""TV\"",\""UG\"",\""UA\"",\""AE\"",\""GB\"",\""UM\"",\""UY\"",\""UZ\"",\""VU\"",\""VE\"",\""VN\"",\""VG\"",\""VI\"",\""WF\"",\""EH\"",\""YE\"",\""ZM\"",\""ZW\"",\""BQ\"",\""CW\"",\""PN\"",\""BL\"",\""MF\"",\""SX\"",\""SS\"",\""TL\"",\""XK\""],\""ApplyToUnknownCountry\"":false,\""ModifiedDateTime\"":\""2026-08-13T20:02:58.6042252Z\"",\""CreatedDateTime\"":\""2026-08-13T20:02:58.6042252Z\""}""]","",""
"2026-08-13T20:02:59.0883612Z","Add policy","Directory_af016423-ce8f-493d-8c45-012ca376bd64_EGZZE_91410175","Microsoft Azure AD Identity Protection","Policy","af016423-ce8f-493d-8c45-012ca376bd64","Core Directory","Add","success","6c0bc6cf-1ff5-418e-aeb0-261d4f1a5d2b","Blocked Countries","Policy",,"PolicyType","[]","[""NamedNetworkPolicy""]","",""
"2026-08-13T20:02:59.0883612Z","Add policy","Directory_af016423-ce8f-493d-8c45-012ca376bd64_EGZZE_91410175","Microsoft Azure AD Identity Protection","Policy","af016423-ce8f-493d-8c45-012ca376bd64","Core Directory","Add","success","6c0bc6cf-1ff5-418e-aeb0-261d4f1a5d2b","Blocked Countries","Policy",,"Included Updated Properties",,"""DisplayName, PolicyDetail, PolicyType""","",""
"2026-08-13T20:02:52.5815789Z","Add group","Directory_8d5a0cc9-1424-4f48-bb92-0431063833b7_P6D4T_93278744","Microsoft Graph Command Line Tools","GroupManagement","8d5a0cc9-1424-4f48-bb92-0431063833b7","Core Directory","Add","success","d2c79084-d0b5-4996-9703-4c26b086a422","Geo-IP Fencing Exclusion Group","Group",,"Description","[]","[""Users in this group are excluded from the Entra ID \""Enforce Geo-IP Fencing\"" Conditional Access Policy""]","User-Agent: Mozilla/5.0 (Windows NT 10.0; Microsoft Windows 10.0.26200; en-US) PowerShell/5.1.26100.8875",""
"2026-08-13T20:02:52.5815789Z","Add group","Directory_8d5a0cc9-1424-4f48-bb92-0431063833b7_P6D4T_93278744","Microsoft Graph Command Line Tools","GroupManagement","8d5a0cc9-1424-4f48-bb92-0431063833b7","Core Directory","Add","success","d2c79084-d0b5-4996-9703-4c26b086a422","Geo-IP Fencing Exclusion Group","Group",,"DisplayName","[]","[""Geo-IP Fencing Exclusion Group""]","User-Agent: Mozilla/5.0 (Windows NT 10.0; Microsoft Windows 10.0.26200; en-US) PowerShell/5.1.26100.8875",""
"2026-08-13T20:02:52.5815789Z","Add group","Directory_8d5a0cc9-1424-4f48-bb92-0431063833b7_P6D4T_93278744","Microsoft Graph Command Line Tools","GroupManagement","8d5a0cc9-1424-4f48-bb92-0431063833b7","Core Directory","Add","success","d2c79084-d0b5-4996-9703-4c26b086a422","Geo-IP Fencing Exclusion Group","Group",,"MailEnabled","[]","[false]","User-Agent: Mozilla/5.0 (Windows NT 10.0; Microsoft Windows 10.0.26200; en-US) PowerShell/5.1.26100.8875",""
"2026-08-13T20:02:52.5815789Z","Add group","Directory_8d5a0cc9-1424-4f48-bb92-0431063833b7_P6D4T_93278744","Microsoft Graph Command Line Tools","GroupManagement","8d5a0cc9-1424-4f48-bb92-0431063833b7","Core Directory","Add","success","d2c79084-d0b5-4996-9703-4c26b086a422","Geo-IP Fencing Exclusion Group","Group",,"MailNickname","[]","[""NotSet-c055cab8""]","User-Agent: Mozilla/5.0 (Windows NT 10.0; Microsoft Windows 10.0.26200; en-US) PowerShell/5.1.26100.8875",""
"2026-08-13T20:02:52.5815789Z","Add group","Directory_8d5a0cc9-1424-4f48-bb92-0431063833b7_P6D4T_93278744","Microsoft Graph Command Line Tools","GroupManagement","8d5a0cc9-1424-4f48-bb92-0431063833b7","Core Directory","Add","success","d2c79084-d0b5-4996-9703-4c26b086a422","Geo-IP Fencing Exclusion Group","Group",,"RenewedDateTime","[]","[""2026-08-13T20:02:52Z""]","User-Agent: Mozilla/5.0 (Windows NT 10.0; Microsoft Windows 10.0.26200; en-US) PowerShell/5.1.26100.8875",""
"2026-08-13T20:02:52.5815789Z","Add group","Directory_8d5a0cc9-1424-4f48-bb92-0431063833b7_P6D4T_93278744","Microsoft Graph Command Line Tools","GroupManagement","8d5a0cc9-1424-4f48-bb92-0431063833b7","Core Directory","Add","success","d2c79084-d0b5-4996-9703-4c26b086a422","Geo-IP Fencing Exclusion Group","Group",,"SecurityEnabled","[]","[true]","User-Agent: Mozilla/5.0 (Windows NT 10.0; Microsoft Windows 10.0.26200; en-US) PowerShell/5.1.26100.8875",""
"2026-08-13T20:02:52.5815789Z","Add group","Directory_8d5a0cc9-1424-4f48-bb92-0431063833b7_P6D4T_93278744","Microsoft Graph Command Line Tools","GroupManagement","8d5a0cc9-1424-4f48-bb92-0431063833b7","Core Directory","Add","success","d2c79084-d0b5-4996-9703-4c26b086a422","Geo-IP Fencing Exclusion Group","Group",,"Included Updated Properties",,"""Description, DisplayName, MailEnabled, MailNickname, RenewedDateTime, SecurityEnabled""","User-Agent: Mozilla/5.0 (Windows NT 10.0; Microsoft Windows 10.0.26200; en-US) PowerShell/5.1.26100.8875",""
"2026-08-13T20:02:09.8065382Z","Add conditional access policy","IPCGraph_7aaf4f3e-4d7f-49f5-847d-e839f7954015_UBPAF_74510188","ServIT","Policy","7aaf4f3e-4d7f-49f5-847d-e839f7954015","Conditional Access","Add","success","e4f6bd83-c762-4a93-9fb4-d77b558b5650","Devices - Enforce Device Compliance","Policy",,"ConditionalAccessPolicy",,"{""id"":""e4f6bd83-c762-4a93-9fb4-d77b558b5650"",""displayName"":""Devices - Enforce Device Compliance"",""createdDateTime"":""2026-08-13T20:02:08.615508+00:00"",""state"":""enabledForReportingButNotEnforced"",""conditions"":{""applications"":{""includeApplications"":[""All""],""excludeApplications"":[],""includeUserActions"":[],""includeAuthenticationContextClassReferences"":[],""applicationFilter"":null},""users"":{""includeUsers"":[""All""],""excludeUsers"":[],""includeGroups"":[],""excludeGroups"":[""d5bb9e19-d56c-4c35-84f1-801c46baf6b9""],""includeRoles"":[],""excludeRoles"":[]},""platforms"":{""includePlatforms"":[""all""],""excludePlatforms"":[""android"",""iOS"",""windowsPhone""]},""locations"":{""includeLocations"":[""All""],""excludeLocations"":[]},""userRiskLevels"":[],""signInRiskLevels"":[],""clientAppTypes"":[""all""],""devices"":{""deviceFilter"":{""mode"":""exclude"",""rule"":""device.trustType -eq \""AzureAD\"" -or device.trustType -eq \""Workplace\""""},""includeDeviceStates"":null,""excludeDeviceStates"":null,""includeDevices"":[],""excludeDevices"":[]},""servicePrincipalRiskLevels"":[]},""grantControls"":{""operator"":""OR"",""builtInControls"":[""compliantDevice""],""customAuthenticationFactors"":[],""termsOfUse"":[]}}","Category: Conditional Access","Mozilla/5.0 (Windows NT 10.0; Microsoft Windows 10.0.26200; en-US) PowerShell/5.1.26100.8875"
"2026-08-13T20:02:09.8034951Z","Update policy","Directory_d6ef10f6-6225-4d3c-b1da-4f787540906d_4O4UU_85305746","Microsoft Azure AD Identity Protection","Policy","d6ef10f6-6225-4d3c-b1da-4f787540906d","Core Directory","Update","success","d9b474eb-c216-436f-82ca-448dba4646e0","Default Policy","Policy",,"Included Updated Properties",,"""""","",""
"2026-08-13T20:02:09.4541939Z","Add policy","Directory_aa46368e-9a5c-4895-af45-d6427e531b68_9B09N_92248173","Microsoft Azure AD Identity Protection","Policy","aa46368e-9a5c-4895-af45-d6427e531b68","Core Directory","Add","success","e4f6bd83-c762-4a93-9fb4-d77b558b5650","Devices - Enforce Device Compliance","Policy",,"DisplayName","[]","[""Devices - Enforce Device Compliance""]","",""
"2026-08-13T20:02:09.4541939Z","Add policy","Directory_aa46368e-9a5c-4895-af45-d6427e531b68_9B09N_92248173","Microsoft Azure AD Identity Protection","Policy","aa46368e-9a5c-4895-af45-d6427e531b68","Core Directory","Add","success","e4f6bd83-c762-4a93-9fb4-d77b558b5650","Devices - Enforce Device Compliance","Policy",,"PolicyDetail","[]","[""{\""Version\"":1,\""CreatedDateTime\"":\""2026-08-13T20:02:08.615508Z\"",\""State\"":\""Reporting\"",\""Conditions\"":{\""Applications\"":{\""Include\"":[{\""Applications\"":[\""All\""]}]},\""Users\"":{\""Include\"":[{\""Users\"":[\""All\""]}],\""Exclude\"":[{\""Groups\"":[\""d5bb9e19-d56c-4c35-84f1-801c46baf6b9\""]}]},\""DevicePlatforms\"":{\""Include\"":[{\""DevicePlatforms\"":[\""All\""]}],\""Exclude\"":[{\""DevicePlatforms\"":[\""Android\"",\""iOS\"",\""Windows_Phone\""]}]},\""Locations\"":{\""Include\"":[{\""Locations\"":[\""All\""]}]},\""Devices\"":{\""Include\"":[{\""DeviceRule\"":\""All\""}],\""Exclude\"":[{\""DeviceRule\"":\""device.trustType -eq \\\""AzureAD\\\"" -or device.trustType -eq \\\""Workplace\\\""\""}]}},\""Controls\"":[{\""Control\"":[\""RequireCompliantDevice\""]}]}""]","",""
"2026-08-13T20:02:09.4541939Z","Add policy","Directory_aa46368e-9a5c-4895-af45-d6427e531b68_9B09N_92248173","Microsoft Azure AD Identity Protection","Policy","aa46368e-9a5c-4895-af45-d6427e531b68","Core Directory","Add","success","e4f6bd83-c762-4a93-9fb4-d77b558b5650","Devices - Enforce Device Compliance","Policy",,"PolicyType","[]","[""ConditionalAccessPolicy""]","",""
"2026-08-13T20:02:09.4541939Z","Add policy","Directory_aa46368e-9a5c-4895-af45-d6427e531b68_9B09N_92248173","Microsoft Azure AD Identity Protection","Policy","aa46368e-9a5c-4895-af45-d6427e531b68","Core Directory","Add","success","e4f6bd83-c762-4a93-9fb4-d77b558b5650","Devices - Enforce Device Compliance","Policy",,"Included Updated Properties",,"""DisplayName, PolicyDetail, PolicyType""","",""
"2026-08-13T20:01:54.4888881Z","Add group","Directory_4c33ec5f-9976-4f6e-8109-018f0c327b96_712KU_78441890","Microsoft Graph Command Line Tools","GroupManagement","4c33ec5f-9976-4f6e-8109-018f0c327b96","Core Directory","Add","success","d5bb9e19-d56c-4c35-84f1-801c46baf6b9","Device Compliance Exclusion Group","Group",,"Description","[]","[""Users in this group are excluded from the Entra ID \""Enforce Device Compliance\"" Conditional Access Policy""]","User-Agent: Mozilla/5.0 (Windows NT 10.0; Microsoft Windows 10.0.26200; en-US) PowerShell/5.1.26100.8875",""
"2026-08-13T20:01:54.4888881Z","Add group","Directory_4c33ec5f-9976-4f6e-8109-018f0c327b96_712KU_78441890","Microsoft Graph Command Line Tools","GroupManagement","4c33ec5f-9976-4f6e-8109-018f0c327b96","Core Directory","Add","success","d5bb9e19-d56c-4c35-84f1-801c46baf6b9","Device Compliance Exclusion Group","Group",,"DisplayName","[]","[""Device Compliance Exclusion Group""]","User-Agent: Mozilla/5.0 (Windows NT 10.0; Microsoft Windows 10.0.26200; en-US) PowerShell/5.1.26100.8875",""
"2026-08-13T20:01:54.4888881Z","Add group","Directory_4c33ec5f-9976-4f6e-8109-018f0c327b96_712KU_78441890","Microsoft Graph Command Line Tools","GroupManagement","4c33ec5f-9976-4f6e-8109-018f0c327b96","Core Directory","Add","success","d5bb9e19-d56c-4c35-84f1-801c46baf6b9","Device Compliance Exclusion Group","Group",,"MailEnabled","[]","[false]","User-Agent: Mozilla/5.0 (Windows NT 10.0; Microsoft Windows 10.0.26200; en-US) PowerShell/5.1.26100.8875",""
"2026-08-13T20:01:54.4888881Z","Add group","Directory_4c33ec5f-9976-4f6e-8109-018f0c327b96_712KU_78441890","Microsoft Graph Command Line Tools","GroupManagement","4c33ec5f-9976-4f6e-8109-018f0c327b96","Core Directory","Add","success","d5bb9e19-d56c-4c35-84f1-801c46baf6b9","Device Compliance Exclusion Group","Group",,"MailNickname","[]","[""NotSet-1e7e08fd""]","User-Agent: Mozilla/5.0 (Windows NT 10.0; Microsoft Windows 10.0.26200; en-US) PowerShell/5.1.26100.8875",""
"2026-08-13T20:01:54.4888881Z","Add group","Directory_4c33ec5f-9976-4f6e-8109-018f0c327b96_712KU_78441890","Microsoft Graph Command Line Tools","GroupManagement","4c33ec5f-9976-4f6e-8109-018f0c327b96","Core Directory","Add","success","d5bb9e19-d56c-4c35-84f1-801c46baf6b9","Device Compliance Exclusion Group","Group",,"RenewedDateTime","[]","[""2026-08-13T20:01:54Z""]","User-Agent: Mozilla/5.0 (Windows NT 10.0; Microsoft Windows 10.0.26200; en-US) PowerShell/5.1.26100.8875",""
"2026-08-13T20:01:54.4888881Z","Add group","Directory_4c33ec5f-9976-4f6e-8109-018f0c327b96_712KU_78441890","Microsoft Graph Command Line Tools","GroupManagement","4c33ec5f-9976-4f6e-8109-018f0c327b96","Core Directory","Add","success","d5bb9e19-d56c-4c35-84f1-801c46baf6b9","Device Compliance Exclusion Group","Group",,"SecurityEnabled","[]","[true]","User-Agent: Mozilla/5.0 (Windows NT 10.0; Microsoft Windows 10.0.26200; en-US) PowerShell/5.1.26100.8875",""
"2026-08-13T20:01:54.4888881Z","Add group","Directory_4c33ec5f-9976-4f6e-8109-018f0c327b96_712KU_78441890","Microsoft Graph Command Line Tools","GroupManagement","4c33ec5f-9976-4f6e-8109-018f0c327b96","Core Directory","Add","success","d5bb9e19-d56c-4c35-84f1-801c46baf6b9","Device Compliance Exclusion Group","Group",,"Included Updated Properties",,"""Description, DisplayName, MailEnabled, MailNickname, RenewedDateTime, SecurityEnabled""","User-Agent: Mozilla/5.0 (Windows NT 10.0; Microsoft Windows 10.0.26200; en-US) PowerShell/5.1.26100.8875",""
"2026-08-13T20:01:54.4888881Z","Add group","Directory_4c33ec5f-9976-4f6e-8109-018f0c327b96_712KU_78441890","Microsoft Graph Command Line Tools","GroupManagement","4c33ec5f-9976-4f6e-8109-018f0c327b96","Core Directory","Add","success","d5bb9e19-d56c-4c35-84f1-801c46baf6b9","Device Compliance Exclusion Group","Group",,"ActorId.ServicePrincipalNames",,"""14d82eec-204b-4c2f-b7e8-296a70dab67e""","User-Agent: Mozilla/5.0 (Windows NT 10.0; Microsoft Windows 10.0.26200; en-US) PowerShell/5.1.26100.8875",""
"2026-08-13T20:01:54.4888881Z","Add group","Directory_4c33ec5f-9976-4f6e-8109-018f0c327b96_712KU_78441890","Microsoft Graph Command Line Tools","GroupManagement","4c33ec5f-9976-4f6e-8109-018f0c327b96","Core Directory","Add","success","d5bb9e19-d56c-4c35-84f1-801c46baf6b9","Device Compliance Exclusion Group","Group",,"SPN",,"""14d82eec-204b-4c2f-b7e8-296a70dab67e""","User-Agent: Mozilla/5.0 (Windows NT 10.0; Microsoft Windows 10.0.26200; en-US) PowerShell/5.1.26100.8875",""
"2026-08-13T20:01:37.3029502Z","Consent to application","Directory_f2b7993b-0301-4837-8653-b0b5aa1646f7_BM9B9_6589870","Azure ESTS Service","ApplicationManagement","f2b7993b-0301-4837-8653-b0b5aa1646f7","Core Directory","Assign","success","b85d423b-099f-4d38-ae16-3a8bf37f1376","Microsoft Graph Command Line Tools","ServicePrincipal",,"ConsentContext.IsAdminConsent",,"""True""","User-Agent: EvoSTS; AppId: 14d82eec-204b-4c2f-b7e8-296a70dab67e; ServicePrincipalProvisioningType: Other",""
"2026-08-13T20:01:37.3029502Z","Consent to application","Directory_f2b7993b-0301-4837-8653-b0b5aa1646f7_BM9B9_6589870","Azure ESTS Service","ApplicationManagement","f2b7993b-0301-4837-8653-b0b5aa1646f7","Core Directory","Assign","success","b85d423b-099f-4d38-ae16-3a8bf37f1376","Microsoft Graph Command Line Tools","ServicePrincipal",,"ConsentContext.IsAppOnly",,"""False""","User-Agent: EvoSTS; AppId: 14d82eec-204b-4c2f-b7e8-296a70dab67e; ServicePrincipalProvisioningType: Other",""
"2026-08-13T20:01:37.3029502Z","Consent to application","Directory_f2b7993b-0301-4837-8653-b0b5aa1646f7_BM9B9_6589870","Azure ESTS Service","ApplicationManagement","f2b7993b-0301-4837-8653-b0b5aa1646f7","Core Directory","Assign","success","b85d423b-099f-4d38-ae16-3a8bf37f1376","Microsoft Graph Command Line Tools","ServicePrincipal",,"ConsentContext.OnBehalfOfAll",,"""True""","User-Agent: EvoSTS; AppId: 14d82eec-204b-4c2f-b7e8-296a70dab67e; ServicePrincipalProvisioningType: Other",""
"2026-08-13T20:01:37.3029502Z","Consent to application","Directory_f2b7993b-0301-4837-8653-b0b5aa1646f7_BM9B9_6589870","Azure ESTS Service","ApplicationManagement","f2b7993b-0301-4837-8653-b0b5aa1646f7","Core Directory","Assign","success","b85d423b-099f-4d38-ae16-3a8bf37f1376","Microsoft Graph Command Line Tools","ServicePrincipal",,"ConsentContext.Tags",,"""WindowsAzureActiveDirectoryIntegratedApp""","User-Agent: EvoSTS; AppId: 14d82eec-204b-4c2f-b7e8-296a70dab67e; ServicePrincipalProvisioningType: Other",""
"2026-08-13T20:01:37.3029502Z","Consent to application","Directory_f2b7993b-0301-4837-8653-b0b5aa1646f7_BM9B9_6589870","Azure ESTS Service","ApplicationManagement","f2b7993b-0301-4837-8653-b0b5aa1646f7","Core Directory","Assign","success","b85d423b-099f-4d38-ae16-3a8bf37f1376","Microsoft Graph Command Line Tools","ServicePrincipal",,"ConsentAction.Permissions",,"""[[Id: O0JduJ8JOE2uFjqL838TdoaSNeHA1otBnCeKhNZpAzE, ClientId: b85d423b-099f-4d38-ae16-3a8bf37f1376, PrincipalId: , ResourceId: e1359286-d6c0-418b-9c27-8a84d6690331, ConsentType: AllPrincipals, Scope:  User.Read offline_access openid profile, CreatedDateTime: , LastModifiedDateTime ]] => [[Id: O0JduJ8JOE2uFjqL838TdoaSNeHA1otBnCeKhNZpAzE, ClientId: b85d423b-099f-4d38-ae16-3a8bf37f1376, PrincipalId: , ResourceId: e1359286-d6c0-418b-9c27-8a84d6690331, ConsentType: AllPrincipals, Scope:  User.Read offline_access openid profile, CreatedDateTime: , LastModifiedDateTime ]]; ""","User-Agent: EvoSTS; AppId: 14d82eec-204b-4c2f-b7e8-296a70dab67e; ServicePrincipalProvisioningType: Other",""
"2026-08-13T20:01:37.2279546Z","Remove delegated permission grant","Directory_f2b7993b-0301-4837-8653-b0b5aa1646f7_BM9B9_6589843","Azure ESTS Service","ApplicationManagement","f2b7993b-0301-4837-8653-b0b5aa1646f7","Core Directory","Unassign","success","e1359286-d6c0-418b-9c27-8a84d6690331","Microsoft Graph","ServicePrincipal",,"DelegatedPermissionGrant.Scope",""" User.Read offline_access openid profile""",""" User.Read offline_access openid profile Policy.ReadWrite.ConditionalAccess Policy.Read.All Application.Read.All Group.ReadWrite.All""","User-Agent: EvoSTS; AppId: 00000003-0000-0000-c000-000000000000; ServicePrincipalProvisioningType: Other",""
"2026-08-13T20:01:37.2279546Z","Remove delegated permission grant","Directory_f2b7993b-0301-4837-8653-b0b5aa1646f7_BM9B9_6589843","Azure ESTS Service","ApplicationManagement","f2b7993b-0301-4837-8653-b0b5aa1646f7","Core Directory","Unassign","success","e1359286-d6c0-418b-9c27-8a84d6690331","Microsoft Graph","ServicePrincipal",,"DelegatedPermissionGrant.ConsentType","""AllPrincipals""","""AllPrincipals""","User-Agent: EvoSTS; AppId: 00000003-0000-0000-c000-000000000000; ServicePrincipalProvisioningType: Other",""
"2026-08-13T20:01:37.2279546Z","Remove delegated permission grant","Directory_f2b7993b-0301-4837-8653-b0b5aa1646f7_BM9B9_6589843","Azure ESTS Service","ApplicationManagement","f2b7993b-0301-4837-8653-b0b5aa1646f7","Core Directory","Unassign","success","e1359286-d6c0-418b-9c27-8a84d6690331","Microsoft Graph","ServicePrincipal",,"ServicePrincipal.ObjectID",,"""b85d423b-099f-4d38-ae16-3a8bf37f1376""","User-Agent: EvoSTS; AppId: 00000003-0000-0000-c000-000000000000; ServicePrincipalProvisioningType: Other",""
"2026-08-13T20:01:37.2279546Z","Remove delegated permission grant","Directory_f2b7993b-0301-4837-8653-b0b5aa1646f7_BM9B9_6589843","Azure ESTS Service","ApplicationManagement","f2b7993b-0301-4837-8653-b0b5aa1646f7","Core Directory","Unassign","success","e1359286-d6c0-418b-9c27-8a84d6690331","Microsoft Graph","ServicePrincipal",,"ServicePrincipal.DisplayName",,,"User-Agent: EvoSTS; AppId: 00000003-0000-0000-c000-000000000000; ServicePrincipalProvisioningType: Other",""
"2026-08-13T20:01:37.2279546Z","Remove delegated permission grant","Directory_f2b7993b-0301-4837-8653-b0b5aa1646f7_BM9B9_6589843","Azure ESTS Service","ApplicationManagement","f2b7993b-0301-4837-8653-b0b5aa1646f7","Core Directory","Unassign","success","e1359286-d6c0-418b-9c27-8a84d6690331","Microsoft Graph","ServicePrincipal",,"ServicePrincipal.AppId",,,"User-Agent: EvoSTS; AppId: 00000003-0000-0000-c000-000000000000; ServicePrincipalProvisioningType: Other",""
"2026-08-13T20:01:37.2279546Z","Remove delegated permission grant","Directory_f2b7993b-0301-4837-8653-b0b5aa1646f7_BM9B9_6589843","Azure ESTS Service","ApplicationManagement","f2b7993b-0301-4837-8653-b0b5aa1646f7","Core Directory","Unassign","success","e1359286-d6c0-418b-9c27-8a84d6690331","Microsoft Graph","ServicePrincipal",,"ServicePrincipal.Name",,,"User-Agent: EvoSTS; AppId: 00000003-0000-0000-c000-000000000000; ServicePrincipalProvisioningType: Other",""
"2026-08-13T20:01:37.2279546Z","Remove delegated permission grant","Directory_f2b7993b-0301-4837-8653-b0b5aa1646f7_BM9B9_6589843","Azure ESTS Service","ApplicationManagement","f2b7993b-0301-4837-8653-b0b5aa1646f7","Core Directory","Unassign","success","e1359286-d6c0-418b-9c27-8a84d6690331","Microsoft Graph","ServicePrincipal",,"TargetId.ServicePrincipalNames",,"""00000003-0000-0000-c000-000000000000;00000003-0000-0000-c000-000000000000/ags.windows.net;https://ags.windows.net;https://graph.microsoft.us;https://graph.microsoft.com;https://canary.graph.microsoft.com;https://graph.microsoft.com/;https://dod-graph.microsoft.us;https://dod-graph.microsoft.us/;https://graph.microsoft.us/;https://canary.graph.microsoft.com/""","User-Agent: EvoSTS; AppId: 00000003-0000-0000-c000-000000000000; ServicePrincipalProvisioningType: Other",""
"2026-08-13T20:01:37.2279546Z","Remove delegated permission grant","Directory_f2b7993b-0301-4837-8653-b0b5aa1646f7_BM9B9_6589843","Azure ESTS Service","ApplicationManagement","f2b7993b-0301-4837-8653-b0b5aa1646f7","Core Directory","Unassign","success","b85d423b-099f-4d38-ae16-3a8bf37f1376",,"ServicePrincipal",,,,,"User-Agent: EvoSTS; AppId: 00000003-0000-0000-c000-000000000000; ServicePrincipalProvisioningType: Other",""
"2026-08-13T20:01:37.2249481Z","Add delegated permission grant","Directory_f2b7993b-0301-4837-8653-b0b5aa1646f7_BM9B9_6589830","Azure ESTS Service","ApplicationManagement","f2b7993b-0301-4837-8653-b0b5aa1646f7","Core Directory","Assign","success","e1359286-d6c0-418b-9c27-8a84d6690331","Microsoft Graph","ServicePrincipal",,"DelegatedPermissionGrant.Scope",""" User.Read offline_access openid profile""",""" User.Read offline_access openid profile Policy.ReadWrite.ConditionalAccess Policy.Read.All Application.Read.All Group.ReadWrite.All""","User-Agent: EvoSTS; AppId: 00000003-0000-0000-c000-000000000000; ServicePrincipalProvisioningType: Other",""
"2026-08-13T20:01:37.2249481Z","Add delegated permission grant","Directory_f2b7993b-0301-4837-8653-b0b5aa1646f7_BM9B9_6589830","Azure ESTS Service","ApplicationManagement","f2b7993b-0301-4837-8653-b0b5aa1646f7","Core Directory","Assign","success","e1359286-d6c0-418b-9c27-8a84d6690331","Microsoft Graph","ServicePrincipal",,"DelegatedPermissionGrant.ConsentType","""AllPrincipals""","""AllPrincipals""","User-Agent: EvoSTS; AppId: 00000003-0000-0000-c000-000000000000; ServicePrincipalProvisioningType: Other",""
"2026-08-13T20:01:37.2249481Z","Add delegated permission grant","Directory_f2b7993b-0301-4837-8653-b0b5aa1646f7_BM9B9_6589830","Azure ESTS Service","ApplicationManagement","f2b7993b-0301-4837-8653-b0b5aa1646f7","Core Directory","Assign","success","e1359286-d6c0-418b-9c27-8a84d6690331","Microsoft Graph","ServicePrincipal",,"ServicePrincipal.ObjectID",,"""b85d423b-099f-4d38-ae16-3a8bf37f1376""","User-Agent: EvoSTS; AppId: 00000003-0000-0000-c000-000000000000; ServicePrincipalProvisioningType: Other",""
"2026-08-13T20:01:37.2249481Z","Add delegated permission grant","Directory_f2b7993b-0301-4837-8653-b0b5aa1646f7_BM9B9_6589830","Azure ESTS Service","ApplicationManagement","f2b7993b-0301-4837-8653-b0b5aa1646f7","Core Directory","Assign","success","e1359286-d6c0-418b-9c27-8a84d6690331","Microsoft Graph","ServicePrincipal",,"ServicePrincipal.DisplayName",,,"User-Agent: EvoSTS; AppId: 00000003-0000-0000-c000-000000000000; ServicePrincipalProvisioningType: Other",""
"2026-08-13T20:01:37.2249481Z","Add delegated permission grant","Directory_f2b7993b-0301-4837-8653-b0b5aa1646f7_BM9B9_6589830","Azure ESTS Service","ApplicationManagement","f2b7993b-0301-4837-8653-b0b5aa1646f7","Core Directory","Assign","success","e1359286-d6c0-418b-9c27-8a84d6690331","Microsoft Graph","ServicePrincipal",,"ServicePrincipal.AppId",,,"User-Agent: EvoSTS; AppId: 00000003-0000-0000-c000-000000000000; ServicePrincipalProvisioningType: Other",""
"2026-08-13T20:01:37.2249481Z","Add delegated permission grant","Directory_f2b7993b-0301-4837-8653-b0b5aa1646f7_BM9B9_6589830","Azure ESTS Service","ApplicationManagement","f2b7993b-0301-4837-8653-b0b5aa1646f7","Core Directory","Assign","success","e1359286-d6c0-418b-9c27-8a84d6690331","Microsoft Graph","ServicePrincipal",,"ServicePrincipal.Name",,,"User-Agent: EvoSTS; AppId: 00000003-0000-0000-c000-000000000000; ServicePrincipalProvisioningType: Other",""
"2026-08-13T20:01:37.2249481Z","Add delegated permission grant","Directory_f2b7993b-0301-4837-8653-b0b5aa1646f7_BM9B9_6589830","Azure ESTS Service","ApplicationManagement","f2b7993b-0301-4837-8653-b0b5aa1646f7","Core Directory","Assign","success","e1359286-d6c0-418b-9c27-8a84d6690331","Microsoft Graph","ServicePrincipal",,"TargetId.ServicePrincipalNames",,"""00000003-0000-0000-c000-000000000000;00000003-0000-0000-c000-000000000000/ags.windows.net;https://ags.windows.net;https://graph.microsoft.us;https://graph.microsoft.com;https://canary.graph.microsoft.com;https://graph.microsoft.com/;https://dod-graph.microsoft.us;https://dod-graph.microsoft.us/;https://graph.microsoft.us/;https://canary.graph.microsoft.com/""","User-Agent: EvoSTS; AppId: 00000003-0000-0000-c000-000000000000; ServicePrincipalProvisioningType: Other",""
"2026-08-13T20:01:37.2249481Z","Add delegated permission grant","Directory_f2b7993b-0301-4837-8653-b0b5aa1646f7_BM9B9_6589830","Azure ESTS Service","ApplicationManagement","f2b7993b-0301-4837-8653-b0b5aa1646f7","Core Directory","Assign","success","b85d423b-099f-4d38-ae16-3a8bf37f1376",,"ServicePrincipal",,,,,"User-Agent: EvoSTS; AppId: 00000003-0000-0000-c000-000000000000; ServicePrincipalProvisioningType: Other",""
"2026-08-13T19:53:39.9099974Z","Consent to application","Directory_f65f9960-1f01-4586-a6ba-aaf1a1e4cda9_G2C34_5983785","Azure ESTS Service","ApplicationManagement","f65f9960-1f01-4586-a6ba-aaf1a1e4cda9","Core Directory","Assign","success","b85d423b-099f-4d38-ae16-3a8bf37f1376","Microsoft Graph Command Line Tools","ServicePrincipal",,"ConsentContext.IsAdminConsent",,"""True""","User-Agent: EvoSTS; AppId: 14d82eec-204b-4c2f-b7e8-296a70dab67e; AppOwnerOrganizationId: cdc5aeea-15c5-4db6-b079-fcadd2505dc2; ServicePrincipalProvisioningType: Consent",""
"2026-08-13T19:53:39.9099974Z","Consent to application","Directory_f65f9960-1f01-4586-a6ba-aaf1a1e4cda9_G2C34_5983785","Azure ESTS Service","ApplicationManagement","f65f9960-1f01-4586-a6ba-aaf1a1e4cda9","Core Directory","Assign","success","b85d423b-099f-4d38-ae16-3a8bf37f1376","Microsoft Graph Command Line Tools","ServicePrincipal",,"ConsentContext.IsAppOnly",,"""False""","User-Agent: EvoSTS; AppId: 14d82eec-204b-4c2f-b7e8-296a70dab67e; AppOwnerOrganizationId: cdc5aeea-15c5-4db6-b079-fcadd2505dc2; ServicePrincipalProvisioningType: Consent",""
"2026-08-13T19:53:39.9099974Z","Consent to application","Directory_f65f9960-1f01-4586-a6ba-aaf1a1e4cda9_G2C34_5983785","Azure ESTS Service","ApplicationManagement","f65f9960-1f01-4586-a6ba-aaf1a1e4cda9","Core Directory","Assign","success","b85d423b-099f-4d38-ae16-3a8bf37f1376","Microsoft Graph Command Line Tools","ServicePrincipal",,"ConsentContext.OnBehalfOfAll",,"""True""","User-Agent: EvoSTS; AppId: 14d82eec-204b-4c2f-b7e8-296a70dab67e; AppOwnerOrganizationId: cdc5aeea-15c5-4db6-b079-fcadd2505dc2; ServicePrincipalProvisioningType: Consent",""
"2026-08-13T19:53:39.9099974Z","Consent to application","Directory_f65f9960-1f01-4586-a6ba-aaf1a1e4cda9_G2C34_5983785","Azure ESTS Service","ApplicationManagement","f65f9960-1f01-4586-a6ba-aaf1a1e4cda9","Core Directory","Assign","success","b85d423b-099f-4d38-ae16-3a8bf37f1376","Microsoft Graph Command Line Tools","ServicePrincipal",,"ConsentContext.Tags",,"""WindowsAzureActiveDirectoryIntegratedApp""","User-Agent: EvoSTS; AppId: 14d82eec-204b-4c2f-b7e8-296a70dab67e; AppOwnerOrganizationId: cdc5aeea-15c5-4db6-b079-fcadd2505dc2; ServicePrincipalProvisioningType: Consent",""
"2026-08-13T19:53:39.9099974Z","Consent to application","Directory_f65f9960-1f01-4586-a6ba-aaf1a1e4cda9_G2C34_5983785","Azure ESTS Service","ApplicationManagement","f65f9960-1f01-4586-a6ba-aaf1a1e4cda9","Core Directory","Assign","success","b85d423b-099f-4d38-ae16-3a8bf37f1376","Microsoft Graph Command Line Tools","ServicePrincipal",,"ConsentAction.Permissions",,"""[] => [[Id: AAAAAAAAAAAAAAAAAAAAAIaSNeHA1otBnCeKhNZpAzE, ClientId: 00000000-0000-0000-0000-000000000000, PrincipalId: , ResourceId: e1359286-d6c0-418b-9c27-8a84d6690331, ConsentType: AllPrincipals, Scope:  User.Read offline_access openid profile, CreatedDateTime: , LastModifiedDateTime ]]; ""","User-Agent: EvoSTS; AppId: 14d82eec-204b-4c2f-b7e8-296a70dab67e; AppOwnerOrganizationId: cdc5aeea-15c5-4db6-b079-fcadd2505dc2; ServicePrincipalProvisioningType: Consent",""
"2026-08-13T19:53:39.9089979Z","Add app role assignment grant to user","Directory_f65f9960-1f01-4586-a6ba-aaf1a1e4cda9_G2C34_5983780","Azure ESTS Service","UserManagement","f65f9960-1f01-4586-a6ba-aaf1a1e4cda9","Core Directory","Assign","success","b85d423b-099f-4d38-ae16-3a8bf37f1376","Microsoft Graph Command Line Tools","ServicePrincipal",,"AppRole.Id",,"""00000000-0000-0000-0000-000000000000""","User-Agent: EvoSTS; AppId: 14d82eec-204b-4c2f-b7e8-296a70dab67e; ServicePrincipalProvisioningType: Consent",""
"2026-08-13T19:53:39.9089979Z","Add app role assignment grant to user","Directory_f65f9960-1f01-4586-a6ba-aaf1a1e4cda9_G2C34_5983780","Azure ESTS Service","UserManagement","f65f9960-1f01-4586-a6ba-aaf1a1e4cda9","Core Directory","Assign","success","b85d423b-099f-4d38-ae16-3a8bf37f1376","Microsoft Graph Command Line Tools","ServicePrincipal",,"AppRole.Value",,"""""","User-Agent: EvoSTS; AppId: 14d82eec-204b-4c2f-b7e8-296a70dab67e; ServicePrincipalProvisioningType: Consent",""
"2026-08-13T19:53:39.9089979Z","Add app role assignment grant to user","Directory_f65f9960-1f01-4586-a6ba-aaf1a1e4cda9_G2C34_5983780","Azure ESTS Service","UserManagement","f65f9960-1f01-4586-a6ba-aaf1a1e4cda9","Core Directory","Assign","success","b85d423b-099f-4d38-ae16-3a8bf37f1376","Microsoft Graph Command Line Tools","ServicePrincipal",,"AppRole.DisplayName",,"""""","User-Agent: EvoSTS; AppId: 14d82eec-204b-4c2f-b7e8-296a70dab67e; ServicePrincipalProvisioningType: Consent",""
"2026-08-13T19:53:39.9089979Z","Add app role assignment grant to user","Directory_f65f9960-1f01-4586-a6ba-aaf1a1e4cda9_G2C34_5983780","Azure ESTS Service","UserManagement","f65f9960-1f01-4586-a6ba-aaf1a1e4cda9","Core Directory","Assign","success","b85d423b-099f-4d38-ae16-3a8bf37f1376","Microsoft Graph Command Line Tools","ServicePrincipal",,"AppRoleAssignment.CreatedDateTime",,"""2026-08-13T19:53:39.8219978Z""","User-Agent: EvoSTS; AppId: 14d82eec-204b-4c2f-b7e8-296a70dab67e; ServicePrincipalProvisioningType: Consent",""
"2026-08-13T19:53:39.9089979Z","Add app role assignment grant to user","Directory_f65f9960-1f01-4586-a6ba-aaf1a1e4cda9_G2C34_5983780","Azure ESTS Service","UserManagement","f65f9960-1f01-4586-a6ba-aaf1a1e4cda9","Core Directory","Assign","success","b85d423b-099f-4d38-ae16-3a8bf37f1376","Microsoft Graph Command Line Tools","ServicePrincipal",,"AppRoleAssignment.LastModifiedDateTime",,"""2026-08-13T19:53:39.8219978Z""","User-Agent: EvoSTS; AppId: 14d82eec-204b-4c2f-b7e8-296a70dab67e; ServicePrincipalProvisioningType: Consent",""
"2026-08-13T19:53:39.9089979Z","Add app role assignment grant to user","Directory_f65f9960-1f01-4586-a6ba-aaf1a1e4cda9_G2C34_5983780","Azure ESTS Service","UserManagement","f65f9960-1f01-4586-a6ba-aaf1a1e4cda9","Core Directory","Assign","success","b85d423b-099f-4d38-ae16-3a8bf37f1376","Microsoft Graph Command Line Tools","ServicePrincipal",,"User.ObjectID",,"""5905a196-4754-406b-a004-f6597c185533""","User-Agent: EvoSTS; AppId: 14d82eec-204b-4c2f-b7e8-296a70dab67e; ServicePrincipalProvisioningType: Consent",""
"2026-08-13T19:53:39.9089979Z","Add app role assignment grant to user","Directory_f65f9960-1f01-4586-a6ba-aaf1a1e4cda9_G2C34_5983780","Azure ESTS Service","UserManagement","f65f9960-1f01-4586-a6ba-aaf1a1e4cda9","Core Directory","Assign","success","b85d423b-099f-4d38-ae16-3a8bf37f1376","Microsoft Graph Command Line Tools","ServicePrincipal",,"User.UPN",,"""ServIT@pineywoodsfl.onmicrosoft.com""","User-Agent: EvoSTS; AppId: 14d82eec-204b-4c2f-b7e8-296a70dab67e; ServicePrincipalProvisioningType: Consent",""
"2026-08-13T19:53:39.9089979Z","Add app role assignment grant to user","Directory_f65f9960-1f01-4586-a6ba-aaf1a1e4cda9_G2C34_5983780","Azure ESTS Service","UserManagement","f65f9960-1f01-4586-a6ba-aaf1a1e4cda9","Core Directory","Assign","success","b85d423b-099f-4d38-ae16-3a8bf37f1376","Microsoft Graph Command Line Tools","ServicePrincipal",,"User.PUID",,"""100320061E214891""","User-Agent: EvoSTS; AppId: 14d82eec-204b-4c2f-b7e8-296a70dab67e; ServicePrincipalProvisioningType: Consent",""
"2026-08-13T19:53:39.9089979Z","Add app role assignment grant to user","Directory_f65f9960-1f01-4586-a6ba-aaf1a1e4cda9_G2C34_5983780","Azure ESTS Service","UserManagement","f65f9960-1f01-4586-a6ba-aaf1a1e4cda9","Core Directory","Assign","success","b85d423b-099f-4d38-ae16-3a8bf37f1376","Microsoft Graph Command Line Tools","ServicePrincipal",,"TargetId.ServicePrincipalNames",,"""14d82eec-204b-4c2f-b7e8-296a70dab67e""","User-Agent: EvoSTS; AppId: 14d82eec-204b-4c2f-b7e8-296a70dab67e; ServicePrincipalProvisioningType: Consent",""
"2026-08-13T19:53:39.9089979Z","Add app role assignment grant to user","Directory_f65f9960-1f01-4586-a6ba-aaf1a1e4cda9_G2C34_5983780","Azure ESTS Service","UserManagement","f65f9960-1f01-4586-a6ba-aaf1a1e4cda9","Core Directory","Assign","success","5905a196-4754-406b-a004-f6597c185533",,"User","ServIT@pineywoodsfl.onmicrosoft.com",,,,"User-Agent: EvoSTS; AppId: 14d82eec-204b-4c2f-b7e8-296a70dab67e; ServicePrincipalProvisioningType: Consent",""
"2026-08-13T19:53:39.8080023Z","Add delegated permission grant","Directory_f65f9960-1f01-4586-a6ba-aaf1a1e4cda9_G2C34_5983755","Azure ESTS Service","ApplicationManagement","f65f9960-1f01-4586-a6ba-aaf1a1e4cda9","Core Directory","Assign","success","e1359286-d6c0-418b-9c27-8a84d6690331","Microsoft Graph","ServicePrincipal",,"DelegatedPermissionGrant.Scope",,""" User.Read offline_access openid profile""","User-Agent: EvoSTS; AppId: 00000003-0000-0000-c000-000000000000; ServicePrincipalProvisioningType: Consent",""
"2026-08-13T19:53:39.8080023Z","Add delegated permission grant","Directory_f65f9960-1f01-4586-a6ba-aaf1a1e4cda9_G2C34_5983755","Azure ESTS Service","ApplicationManagement","f65f9960-1f01-4586-a6ba-aaf1a1e4cda9","Core Directory","Assign","success","e1359286-d6c0-418b-9c27-8a84d6690331","Microsoft Graph","ServicePrincipal",,"DelegatedPermissionGrant.ConsentType",,"""AllPrincipals""","User-Agent: EvoSTS; AppId: 00000003-0000-0000-c000-000000000000; ServicePrincipalProvisioningType: Consent",""
"2026-08-13T19:53:39.8080023Z","Add delegated permission grant","Directory_f65f9960-1f01-4586-a6ba-aaf1a1e4cda9_G2C34_5983755","Azure ESTS Service","ApplicationManagement","f65f9960-1f01-4586-a6ba-aaf1a1e4cda9","Core Directory","Assign","success","e1359286-d6c0-418b-9c27-8a84d6690331","Microsoft Graph","ServicePrincipal",,"ServicePrincipal.ObjectID",,"""b85d423b-099f-4d38-ae16-3a8bf37f1376""","User-Agent: EvoSTS; AppId: 00000003-0000-0000-c000-000000000000; ServicePrincipalProvisioningType: Consent",""
"2026-08-13T19:53:39.8080023Z","Add delegated permission grant","Directory_f65f9960-1f01-4586-a6ba-aaf1a1e4cda9_G2C34_5983755","Azure ESTS Service","ApplicationManagement","f65f9960-1f01-4586-a6ba-aaf1a1e4cda9","Core Directory","Assign","success","e1359286-d6c0-418b-9c27-8a84d6690331","Microsoft Graph","ServicePrincipal",,"ServicePrincipal.DisplayName",,,"User-Agent: EvoSTS; AppId: 00000003-0000-0000-c000-000000000000; ServicePrincipalProvisioningType: Consent",""
"2026-08-13T19:53:39.8080023Z","Add delegated permission grant","Directory_f65f9960-1f01-4586-a6ba-aaf1a1e4cda9_G2C34_5983755","Azure ESTS Service","ApplicationManagement","f65f9960-1f01-4586-a6ba-aaf1a1e4cda9","Core Directory","Assign","success","e1359286-d6c0-418b-9c27-8a84d6690331","Microsoft Graph","ServicePrincipal",,"ServicePrincipal.AppId",,,"User-Agent: EvoSTS; AppId: 00000003-0000-0000-c000-000000000000; ServicePrincipalProvisioningType: Consent",""
"2026-08-13T19:53:39.8080023Z","Add delegated permission grant","Directory_f65f9960-1f01-4586-a6ba-aaf1a1e4cda9_G2C34_5983755","Azure ESTS Service","ApplicationManagement","f65f9960-1f01-4586-a6ba-aaf1a1e4cda9","Core Directory","Assign","success","e1359286-d6c0-418b-9c27-8a84d6690331","Microsoft Graph","ServicePrincipal",,"ServicePrincipal.Name",,,"User-Agent: EvoSTS; AppId: 00000003-0000-0000-c000-000000000000; ServicePrincipalProvisioningType: Consent",""
"2026-08-13T19:53:39.8080023Z","Add delegated permission grant","Directory_f65f9960-1f01-4586-a6ba-aaf1a1e4cda9_G2C34_5983755","Azure ESTS Service","ApplicationManagement","f65f9960-1f01-4586-a6ba-aaf1a1e4cda9","Core Directory","Assign","success","e1359286-d6c0-418b-9c27-8a84d6690331","Microsoft Graph","ServicePrincipal",,"TargetId.ServicePrincipalNames",,"""00000003-0000-0000-c000-000000000000;00000003-0000-0000-c000-000000000000/ags.windows.net;https://ags.windows.net;https://graph.microsoft.us;https://graph.microsoft.com;https://canary.graph.microsoft.com;https://graph.microsoft.com/;https://dod-graph.microsoft.us;https://dod-graph.microsoft.us/;https://graph.microsoft.us/;https://canary.graph.microsoft.com/""","User-Agent: EvoSTS; AppId: 00000003-0000-0000-c000-000000000000; ServicePrincipalProvisioningType: Consent",""
"2026-08-13T19:53:39.8080023Z","Add delegated permission grant","Directory_f65f9960-1f01-4586-a6ba-aaf1a1e4cda9_G2C34_5983755","Azure ESTS Service","ApplicationManagement","f65f9960-1f01-4586-a6ba-aaf1a1e4cda9","Core Directory","Assign","success","b85d423b-099f-4d38-ae16-3a8bf37f1376",,"ServicePrincipal",,,,,"User-Agent: EvoSTS; AppId: 00000003-0000-0000-c000-000000000000; ServicePrincipalProvisioningType: Consent",""
"2026-08-13T19:53:39.7089945Z","Add service principal","Directory_f65f9960-1f01-4586-a6ba-aaf1a1e4cda9_G2C34_5983735","Azure ESTS Service","ApplicationManagement","f65f9960-1f01-4586-a6ba-aaf1a1e4cda9","Core Directory","Add","success","b85d423b-099f-4d38-ae16-3a8bf37f1376","Microsoft Graph Command Line Tools","ServicePrincipal",,"AccountEnabled","[]","[true]","User-Agent: EvoSTS; AppId: 14d82eec-204b-4c2f-b7e8-296a70dab67e; AppOwnerOrganizationId: cdc5aeea-15c5-4db6-b079-fcadd2505dc2; ServicePrincipalProvisioningType: Consent",""
"2026-08-13T19:53:39.7089945Z","Add service principal","Directory_f65f9960-1f01-4586-a6ba-aaf1a1e4cda9_G2C34_5983735","Azure ESTS Service","ApplicationManagement","f65f9960-1f01-4586-a6ba-aaf1a1e4cda9","Core Directory","Add","success","b85d423b-099f-4d38-ae16-3a8bf37f1376","Microsoft Graph Command Line Tools","ServicePrincipal",,"AppAddress","[]","[{""AddressType"":0,""Address"":""https://login.microsoftonline.com/common/oauth2/nativeclient"",""ReplyAddressClientType"":2,""ReplyAddressIndex"":null,""IsReplyAddressDefault"":false},{""AddressType"":0,""Address"":""http://localhost"",""ReplyAddressClientType"":2,""ReplyAddressIndex"":null,""IsReplyAddressDefault"":false},{""AddressType"":0,""Address"":""ms-appx-web://microsoft.aad.brokerplugin/14d82eec-204b-4c2f-b7e8-296a70dab67e"",""ReplyAddressClientType"":2,""ReplyAddressIndex"":null,""IsReplyAddressDefault"":false}]","User-Agent: EvoSTS; AppId: 14d82eec-204b-4c2f-b7e8-296a70dab67e; AppOwnerOrganizationId: cdc5aeea-15c5-4db6-b079-fcadd2505dc2; ServicePrincipalProvisioningType: Consent",""
"2026-08-13T19:53:39.7089945Z","Add service principal","Directory_f65f9960-1f01-4586-a6ba-aaf1a1e4cda9_G2C34_5983735","Azure ESTS Service","ApplicationManagement","f65f9960-1f01-4586-a6ba-aaf1a1e4cda9","Core Directory","Add","success","b85d423b-099f-4d38-ae16-3a8bf37f1376","Microsoft Graph Command Line Tools","ServicePrincipal",,"AppPrincipalId","[]","[""14d82eec-204b-4c2f-b7e8-296a70dab67e""]","User-Agent: EvoSTS; AppId: 14d82eec-204b-4c2f-b7e8-296a70dab67e; AppOwnerOrganizationId: cdc5aeea-15c5-4db6-b079-fcadd2505dc2; ServicePrincipalProvisioningType: Consent",""
"2026-08-13T19:53:39.7089945Z","Add service principal","Directory_f65f9960-1f01-4586-a6ba-aaf1a1e4cda9_G2C34_5983735","Azure ESTS Service","ApplicationManagement","f65f9960-1f01-4586-a6ba-aaf1a1e4cda9","Core Directory","Add","success","b85d423b-099f-4d38-ae16-3a8bf37f1376","Microsoft Graph Command Line Tools","ServicePrincipal",,"DisplayName","[]","[""Microsoft Graph Command Line Tools""]","User-Agent: EvoSTS; AppId: 14d82eec-204b-4c2f-b7e8-296a70dab67e; AppOwnerOrganizationId: cdc5aeea-15c5-4db6-b079-fcadd2505dc2; ServicePrincipalProvisioningType: Consent",""
"2026-08-13T19:53:39.7089945Z","Add service principal","Directory_f65f9960-1f01-4586-a6ba-aaf1a1e4cda9_G2C34_5983735","Azure ESTS Service","ApplicationManagement","f65f9960-1f01-4586-a6ba-aaf1a1e4cda9","Core Directory","Add","success","b85d423b-099f-4d38-ae16-3a8bf37f1376","Microsoft Graph Command Line Tools","ServicePrincipal",,"ServicePrincipalName","[]","[""14d82eec-204b-4c2f-b7e8-296a70dab67e""]","User-Agent: EvoSTS; AppId: 14d82eec-204b-4c2f-b7e8-296a70dab67e; AppOwnerOrganizationId: cdc5aeea-15c5-4db6-b079-fcadd2505dc2; ServicePrincipalProvisioningType: Consent",""
"2026-08-13T19:53:39.7089945Z","Add service principal","Directory_f65f9960-1f01-4586-a6ba-aaf1a1e4cda9_G2C34_5983735","Azure ESTS Service","ApplicationManagement","f65f9960-1f01-4586-a6ba-aaf1a1e4cda9","Core Directory","Add","success","b85d423b-099f-4d38-ae16-3a8bf37f1376","Microsoft Graph Command Line Tools","ServicePrincipal",,"Credential","[]","[{""CredentialType"":2,""KeyStoreId"":""291154f0-a9f5-45bb-87be-9c8ee5b6d62c"",""KeyGroupId"":""291154f0-a9f5-45bb-87be-9c8ee5b6d62c""}]","User-Agent: EvoSTS; AppId: 14d82eec-204b-4c2f-b7e8-296a70dab67e; AppOwnerOrganizationId: cdc5aeea-15c5-4db6-b079-fcadd2505dc2; ServicePrincipalProvisioningType: Consent",""
"2026-08-13T19:53:39.7089945Z","Add service principal","Directory_f65f9960-1f01-4586-a6ba-aaf1a1e4cda9_G2C34_5983735","Azure ESTS Service","ApplicationManagement","f65f9960-1f01-4586-a6ba-aaf1a1e4cda9","Core Directory","Add","success","b85d423b-099f-4d38-ae16-3a8bf37f1376","Microsoft Graph Command Line Tools","ServicePrincipal",,"ServicePrincipalTag","[]","[""WindowsAzureActiveDirectoryIntegratedApp""]","User-Agent: EvoSTS; AppId: 14d82eec-204b-4c2f-b7e8-296a70dab67e; AppOwnerOrganizationId: cdc5aeea-15c5-4db6-b079-fcadd2505dc2; ServicePrincipalProvisioningType: Consent",""
"2026-08-13T19:53:39.7089945Z","Add service principal","Directory_f65f9960-1f01-4586-a6ba-aaf1a1e4cda9_G2C34_5983735","Azure ESTS Service","ApplicationManagement","f65f9960-1f01-4586-a6ba-aaf1a1e4cda9","Core Directory","Add","success","b85d423b-099f-4d38-ae16-3a8bf37f1376","Microsoft Graph Command Line Tools","ServicePrincipal",,"Included Updated Properties",,"""AccountEnabled, AppAddress, AppPrincipalId, DisplayName, ServicePrincipalName, Credential, ServicePrincipalTag""","User-Agent: EvoSTS; AppId: 14d82eec-204b-4c2f-b7e8-296a70dab67e; AppOwnerOrganizationId: cdc5aeea-15c5-4db6-b079-fcadd2505dc2; ServicePrincipalProvisioningType: Consent",""
"2026-08-13T19:41:01.7090529Z","Update device","Directory_3b2fed9e-bee5-4304-9cd6-e9ee5eb84671_UO09U_39574525","Device Registration Service","Device","3b2fed9e-bee5-4304-9cd6-e9ee5eb84671","Core Directory","Update","success","74fec966-61eb-44b6-b199-c123ba3520f3","PWC-L-25-02","Device",,"Included Updated Properties",,"""""","DeviceId: 16c6fa36-c0b1-49fe-8eaa-8f8d987918df; DeviceOSType: Windows; DeviceTrustType: AzureAd",""
"2026-08-13T19:41:01.7090529Z","Update device","Directory_3b2fed9e-bee5-4304-9cd6-e9ee5eb84671_UO09U_39574525","Device Registration Service","Device","3b2fed9e-bee5-4304-9cd6-e9ee5eb84671","Core Directory","Update","success","74fec966-61eb-44b6-b199-c123ba3520f3","PWC-L-25-02","Device",,"TargetId.DeviceId",,"""16c6fa36-c0b1-49fe-8eaa-8f8d987918df""","DeviceId: 16c6fa36-c0b1-49fe-8eaa-8f8d987918df; DeviceOSType: Windows; DeviceTrustType: AzureAd",""
"2026-08-13T19:41:01.7090529Z","Update device","Directory_3b2fed9e-bee5-4304-9cd6-e9ee5eb84671_UO09U_39574525","Device Registration Service","Device","3b2fed9e-bee5-4304-9cd6-e9ee5eb84671","Core Directory","Update","success","74fec966-61eb-44b6-b199-c123ba3520f3","PWC-L-25-02","Device",,"TargetId.DeviceOSType",,"""Windows""","DeviceId: 16c6fa36-c0b1-49fe-8eaa-8f8d987918df; DeviceOSType: Windows; DeviceTrustType: AzureAd",""
"2026-08-13T19:41:01.7090529Z","Update device","Directory_3b2fed9e-bee5-4304-9cd6-e9ee5eb84671_UO09U_39574525","Device Registration Service","Device","3b2fed9e-bee5-4304-9cd6-e9ee5eb84671","Core Directory","Update","success","74fec966-61eb-44b6-b199-c123ba3520f3","PWC-L-25-02","Device",,"TargetId.DeviceTrustType",,"""AzureAd""","DeviceId: 16c6fa36-c0b1-49fe-8eaa-8f8d987918df; DeviceOSType: Windows; DeviceTrustType: AzureAd",""
"2026-08-13T19:30:36.509953Z","Validate user authentication","B2C_c301d940-7f09-4781-a054-29423e8bb1b8_a33a1520-2ba9-403e-b715-e420b2ff2ac9_134311230365099530","ServIT@pineywoodsfl.onmicrosoft.com","Authentication","c301d940-7f09-4781-a054-29423e8bb1b8","B2C","Read","success",,"00000000-0000-0000-0000-000000000000","Other",,,,,"targetTenant: 00000000-0000-0000-0000-000000000000; targetEntityType: None; actorIdentityType: UPN; RequestId: c301d940-7f09-4781-a054-29423e8bb1b8","Mozilla/5.0 (Windows NT 10.0; Win64; x64; rv:153.0) Gecko/20100101 Firefox/153.0"
"2026-08-13T17:40:26.6265153Z","Add group","Directory_c6a73c2b-ea53-48de-99cb-981c00cf9fbb_P78OI_73890595","Microsoft Substrate Management","GroupManagement","c6a73c2b-ea53-48de-99cb-981c00cf9fbb","Core Directory","Add","success","039c4b71-b134-4058-9431-a034102976d9","External Email Routing - Directly to WAN","Group",,"DisplayName","[]","[""External Email Routing - Directly to WAN""]","",""
"2026-08-13T17:40:26.6265153Z","Add group","Directory_c6a73c2b-ea53-48de-99cb-981c00cf9fbb_P78OI_73890595","Microsoft Substrate Management","GroupManagement","c6a73c2b-ea53-48de-99cb-981c00cf9fbb","Core Directory","Add","success","039c4b71-b134-4058-9431-a034102976d9","External Email Routing - Directly to WAN","Group",,"Mail","[]","[""externalemailrouting@katzcapital.com""]","",""
"2026-08-13T17:40:26.6265153Z","Add group","Directory_c6a73c2b-ea53-48de-99cb-981c00cf9fbb_P78OI_73890595","Microsoft Substrate Management","GroupManagement","c6a73c2b-ea53-48de-99cb-981c00cf9fbb","Core Directory","Add","success","039c4b71-b134-4058-9431-a034102976d9","External Email Routing - Directly to WAN","Group",,"MailEnabled","[]","[true]","",""
"2026-08-13T17:40:26.6265153Z","Add group","Directory_c6a73c2b-ea53-48de-99cb-981c00cf9fbb_P78OI_73890595","Microsoft Substrate Management","GroupManagement","c6a73c2b-ea53-48de-99cb-981c00cf9fbb","Core Directory","Add","success","039c4b71-b134-4058-9431-a034102976d9","External Email Routing - Directly to WAN","Group",,"MailNickname","[]","[""ExternalEmailRouting-DirectlytoWAN""]","",""
"2026-08-13T17:40:26.6265153Z","Add group","Directory_c6a73c2b-ea53-48de-99cb-981c00cf9fbb_P78OI_73890595","Microsoft Substrate Management","GroupManagement","c6a73c2b-ea53-48de-99cb-981c00cf9fbb","Core Directory","Add","success","039c4b71-b134-4058-9431-a034102976d9","External Email Routing - Directly to WAN","Group",,"ProxyAddresses","[]","[""SMTP:externalemailrouting@katzcapital.com"",""smtp:ExternalEmailRouting-DirectlytoWAN@pineywoodsfl.onmicrosoft.com""]","",""
"2026-08-13T17:40:26.6265153Z","Add group","Directory_c6a73c2b-ea53-48de-99cb-981c00cf9fbb_P78OI_73890595","Microsoft Substrate Management","GroupManagement","c6a73c2b-ea53-48de-99cb-981c00cf9fbb","Core Directory","Add","success","039c4b71-b134-4058-9431-a034102976d9","External Email Routing - Directly to WAN","Group",,"RenewedDateTime","[]","[""2026-08-13T17:40:26Z""]","",""
"2026-08-13T17:40:26.6265153Z","Add group","Directory_c6a73c2b-ea53-48de-99cb-981c00cf9fbb_P78OI_73890595","Microsoft Substrate Management","GroupManagement","c6a73c2b-ea53-48de-99cb-981c00cf9fbb","Core Directory","Add","success","039c4b71-b134-4058-9431-a034102976d9","External Email Routing - Directly to WAN","Group",,"SecurityEnabled","[]","[true]","",""
"2026-08-13T17:40:26.6265153Z","Add group","Directory_c6a73c2b-ea53-48de-99cb-981c00cf9fbb_P78OI_73890595","Microsoft Substrate Management","GroupManagement","c6a73c2b-ea53-48de-99cb-981c00cf9fbb","Core Directory","Add","success","039c4b71-b134-4058-9431-a034102976d9","External Email Routing - Directly to WAN","Group",,"Included Updated Properties",,"""DisplayName, Mail, MailEnabled, MailNickname, ProxyAddresses, RenewedDateTime, SecurityEnabled""","",""
"2026-08-13T17:40:26.6265153Z","Add group","Directory_c6a73c2b-ea53-48de-99cb-981c00cf9fbb_P78OI_73890595","Microsoft Substrate Management","GroupManagement","c6a73c2b-ea53-48de-99cb-981c00cf9fbb","Core Directory","Add","success","039c4b71-b134-4058-9431-a034102976d9","External Email Routing - Directly to WAN","Group",,"ActorId.ServicePrincipalNames",,"""98db8bd6-0cc0-4e67-9de5-f187f1cd1b41""","",""
"2026-08-13T17:40:26.6265153Z","Add group","Directory_c6a73c2b-ea53-48de-99cb-981c00cf9fbb_P78OI_73890595","Microsoft Substrate Management","GroupManagement","c6a73c2b-ea53-48de-99cb-981c00cf9fbb","Core Directory","Add","success","039c4b71-b134-4058-9431-a034102976d9","External Email Routing - Directly to WAN","Group",,"SPN",,"""98db8bd6-0cc0-4e67-9de5-f187f1cd1b41""","",""
"2026-08-13T17:38:05.5015534Z","Update user","Directory_8840e2d2-eb13-4815-9133-e8ff6cb1e3b4_5UG4N_42040929","Azure MFA StrongAuthenticationService","UserManagement","8840e2d2-eb13-4815-9133-e8ff6cb1e3b4","Core Directory","Update","success","5905a196-4754-406b-a004-f6597c185533",,"User","ServIT@pineywoodsfl.onmicrosoft.com","StrongAuthenticationPhoneAppDetail","[{""DeviceName"":""NO_DEVICE"",""DeviceToken"":""NO_DEVICE_TOKEN"",""DeviceTag"":""SoftwareTokenActivated"",""PhoneAppVersion"":""NO_PHONE_APP_VERSION"",""OathTokenTimeDrift"":0,""DeviceId"":""00000000-0000-0000-0000-000000000000"",""Id"":""c0d43c73-81c6-40d7-b556-bc3d232d3f50"",""TimeInterval"":0,""AuthenticationType"":2,""NotificationType"":1,""LastAuthenticatedTimestamp"":""2026-08-11T23:20:34.4348374Z"",""AuthenticatorFlavor"":""Authenticator"",""HashFunction"":""hmacsha1"",""TenantDeviceId"":null,""SecuredPartitionId"":20125,""SecuredKeyId"":7}]","[{""DeviceName"":""NO_DEVICE"",""DeviceToken"":""NO_DEVICE_TOKEN"",""DeviceTag"":""SoftwareTokenActivated"",""PhoneAppVersion"":""NO_PHONE_APP_VERSION"",""OathTokenTimeDrift"":0,""DeviceId"":""00000000-0000-0000-0000-000000000000"",""Id"":""c0d43c73-81c6-40d7-b556-bc3d232d3f50"",""TimeInterval"":0,""AuthenticationType"":2,""NotificationType"":1,""LastAuthenticatedTimestamp"":""2026-08-13T17:38:05.2523873Z"",""AuthenticatorFlavor"":""Authenticator"",""HashFunction"":""hmacsha1"",""TenantDeviceId"":null,""SecuredPartitionId"":20125,""SecuredKeyId"":7}]","UserType: Member",""
"2026-08-13T17:38:05.5015534Z","Update user","Directory_8840e2d2-eb13-4815-9133-e8ff6cb1e3b4_5UG4N_42040929","Azure MFA StrongAuthenticationService","UserManagement","8840e2d2-eb13-4815-9133-e8ff6cb1e3b4","Core Directory","Update","success","5905a196-4754-406b-a004-f6597c185533",,"User","ServIT@pineywoodsfl.onmicrosoft.com","Included Updated Properties",,"""StrongAuthenticationPhoneAppDetail""","UserType: Member",""
"2026-08-13T17:38:05.5015534Z","Update user","Directory_8840e2d2-eb13-4815-9133-e8ff6cb1e3b4_5UG4N_42040929","Azure MFA StrongAuthenticationService","UserManagement","8840e2d2-eb13-4815-9133-e8ff6cb1e3b4","Core Directory","Update","success","5905a196-4754-406b-a004-f6597c185533",,"User","ServIT@pineywoodsfl.onmicrosoft.com","TargetId.UserType",,"""Member""","UserType: Member",""
"2026-08-13T16:19:44.4577308Z","Update device","Directory_0aa43eff-c61a-4340-820e-18ad63a62b65_47DVV_36788730","Device Registration Service","Device","0aa43eff-c61a-4340-820e-18ad63a62b65","Core Directory","Update","success","800957b7-ca99-4a94-abd8-11b5779f7181","PWT-5cg0378ctp-lt","Device",,"Included Updated Properties",,"""""","DeviceId: 3def13b5-3a33-41e0-ac8d-2408f1be14cf; DeviceOSType: Windows; DeviceTrustType: AzureAd",""
"2026-08-13T16:19:44.4577308Z","Update device","Directory_0aa43eff-c61a-4340-820e-18ad63a62b65_47DVV_36788730","Device Registration Service","Device","0aa43eff-c61a-4340-820e-18ad63a62b65","Core Directory","Update","success","800957b7-ca99-4a94-abd8-11b5779f7181","PWT-5cg0378ctp-lt","Device",,"TargetId.DeviceId",,"""3def13b5-3a33-41e0-ac8d-2408f1be14cf""","DeviceId: 3def13b5-3a33-41e0-ac8d-2408f1be14cf; DeviceOSType: Windows; DeviceTrustType: AzureAd",""
"2026-08-13T16:19:44.4577308Z","Update device","Directory_0aa43eff-c61a-4340-820e-18ad63a62b65_47DVV_36788730","Device Registration Service","Device","0aa43eff-c61a-4340-820e-18ad63a62b65","Core Directory","Update","success","800957b7-ca99-4a94-abd8-11b5779f7181","PWT-5cg0378ctp-lt","Device",,"TargetId.DeviceOSType",,"""Windows""","DeviceId: 3def13b5-3a33-41e0-ac8d-2408f1be14cf; DeviceOSType: Windows; DeviceTrustType: AzureAd",""
"2026-08-13T16:19:44.4577308Z","Update device","Directory_0aa43eff-c61a-4340-820e-18ad63a62b65_47DVV_36788730","Device Registration Service","Device","0aa43eff-c61a-4340-820e-18ad63a62b65","Core Directory","Update","success","800957b7-ca99-4a94-abd8-11b5779f7181","PWT-5cg0378ctp-lt","Device",,"TargetId.DeviceTrustType",,"""AzureAd""","DeviceId: 3def13b5-3a33-41e0-ac8d-2408f1be14cf; DeviceOSType: Windows; DeviceTrustType: AzureAd",""
"2026-08-13T14:21:18.5446239Z","Update device","Directory_f28cd39f-1e43-4c3f-93fc-c4d0175e2512_X78LR_25668421","Device Registration Service","Device","f28cd39f-1e43-4c3f-93fc-c4d0175e2512","Core Directory","Update","success","a557587f-9a66-4ee5-9b54-1fa56af32ff7","iPhone 15","Device",,"Included Updated Properties",,"""""","DeviceId: 40934c5a-1c3d-4a09-8992-e4e578a14a18; DeviceOSType: iOS; DeviceTrustType: Workplace",""
"2026-08-13T14:21:18.5446239Z","Update device","Directory_f28cd39f-1e43-4c3f-93fc-c4d0175e2512_X78LR_25668421","Device Registration Service","Device","f28cd39f-1e43-4c3f-93fc-c4d0175e2512","Core Directory","Update","success","a557587f-9a66-4ee5-9b54-1fa56af32ff7","iPhone 15","Device",,"TargetId.DeviceId",,"""40934c5a-1c3d-4a09-8992-e4e578a14a18""","DeviceId: 40934c5a-1c3d-4a09-8992-e4e578a14a18; DeviceOSType: iOS; DeviceTrustType: Workplace",""
"2026-08-13T14:21:18.5446239Z","Update device","Directory_f28cd39f-1e43-4c3f-93fc-c4d0175e2512_X78LR_25668421","Device Registration Service","Device","f28cd39f-1e43-4c3f-93fc-c4d0175e2512","Core Directory","Update","success","a557587f-9a66-4ee5-9b54-1fa56af32ff7","iPhone 15","Device",,"TargetId.DeviceOSType",,"""iOS""","DeviceId: 40934c5a-1c3d-4a09-8992-e4e578a14a18; DeviceOSType: iOS; DeviceTrustType: Workplace",""
"2026-08-13T14:21:18.5446239Z","Update device","Directory_f28cd39f-1e43-4c3f-93fc-c4d0175e2512_X78LR_25668421","Device Registration Service","Device","f28cd39f-1e43-4c3f-93fc-c4d0175e2512","Core Directory","Update","success","a557587f-9a66-4ee5-9b54-1fa56af32ff7","iPhone 15","Device",,"TargetId.DeviceTrustType",,"""Workplace""","DeviceId: 40934c5a-1c3d-4a09-8992-e4e578a14a18; DeviceOSType: iOS; DeviceTrustType: Workplace",""
"2026-08-13T04:01:00.1506306Z","Update device","Directory_0025ccf9-656c-469a-b70d-b8dab6aecb17_Q7AKJ_4930814","Device Registration Service","Device","0025ccf9-656c-469a-b70d-b8dab6aecb17","Core Directory","Update","success","2d2170d1-ad90-4013-8149-2e36b9656a1d","PWR-L-23-01","Device",,"CloudDeviceOSVersion","[""10.0.26200.8973""]","[""10.0.26200.9168""]","DeviceId: 191ac2c7-f4da-4e1a-a4d7-fc3a8481ed0b; DeviceOSType: Windows; DeviceTrustType: AzureAd; User-Agent: Microsoft.OData.Client/7.12.5",""
"2026-08-13T04:01:00.1506306Z","Update device","Directory_0025ccf9-656c-469a-b70d-b8dab6aecb17_Q7AKJ_4930814","Device Registration Service","Device","0025ccf9-656c-469a-b70d-b8dab6aecb17","Core Directory","Update","success","2d2170d1-ad90-4013-8149-2e36b9656a1d","PWR-L-23-01","Device",,"DeviceOSVersion","[""10.0.26200.8973""]","[""10.0.26200.9168""]","DeviceId: 191ac2c7-f4da-4e1a-a4d7-fc3a8481ed0b; DeviceOSType: Windows; DeviceTrustType: AzureAd; User-Agent: Microsoft.OData.Client/7.12.5",""
"2026-08-13T04:01:00.1506306Z","Update device","Directory_0025ccf9-656c-469a-b70d-b8dab6aecb17_Q7AKJ_4930814","Device Registration Service","Device","0025ccf9-656c-469a-b70d-b8dab6aecb17","Core Directory","Update","success","2d2170d1-ad90-4013-8149-2e36b9656a1d","PWR-L-23-01","Device",,"Included Updated Properties",,"""CloudDeviceOSVersion, DeviceOSVersion""","DeviceId: 191ac2c7-f4da-4e1a-a4d7-fc3a8481ed0b; DeviceOSType: Windows; DeviceTrustType: AzureAd; User-Agent: Microsoft.OData.Client/7.12.5",""
"2026-08-13T04:01:00.1506306Z","Update device","Directory_0025ccf9-656c-469a-b70d-b8dab6aecb17_Q7AKJ_4930814","Device Registration Service","Device","0025ccf9-656c-469a-b70d-b8dab6aecb17","Core Directory","Update","success","2d2170d1-ad90-4013-8149-2e36b9656a1d","PWR-L-23-01","Device",,"TargetId.DeviceId",,"""191ac2c7-f4da-4e1a-a4d7-fc3a8481ed0b""","DeviceId: 191ac2c7-f4da-4e1a-a4d7-fc3a8481ed0b; DeviceOSType: Windows; DeviceTrustType: AzureAd; User-Agent: Microsoft.OData.Client/7.12.5",""
"2026-08-13T04:01:00.1506306Z","Update device","Directory_0025ccf9-656c-469a-b70d-b8dab6aecb17_Q7AKJ_4930814","Device Registration Service","Device","0025ccf9-656c-469a-b70d-b8dab6aecb17","Core Directory","Update","success","2d2170d1-ad90-4013-8149-2e36b9656a1d","PWR-L-23-01","Device",,"TargetId.DeviceOSType",,"""Windows""","DeviceId: 191ac2c7-f4da-4e1a-a4d7-fc3a8481ed0b; DeviceOSType: Windows; DeviceTrustType: AzureAd; User-Agent: Microsoft.OData.Client/7.12.5",""
"2026-08-13T04:01:00.1506306Z","Update device","Directory_0025ccf9-656c-469a-b70d-b8dab6aecb17_Q7AKJ_4930814","Device Registration Service","Device","0025ccf9-656c-469a-b70d-b8dab6aecb17","Core Directory","Update","success","2d2170d1-ad90-4013-8149-2e36b9656a1d","PWR-L-23-01","Device",,"TargetId.DeviceTrustType",,"""AzureAd""","DeviceId: 191ac2c7-f4da-4e1a-a4d7-fc3a8481ed0b; DeviceOSType: Windows; DeviceTrustType: AzureAd; User-Agent: Microsoft.OData.Client/7.12.5",""
"2026-08-12T22:24:36.796001Z","Update device","Directory_ec741ae0-5de4-41ff-b124-8aa0eb20c0d7_WAZYB_154787867","Device Registration Service","Device","ec741ae0-5de4-41ff-b124-8aa0eb20c0d7","Core Directory","Update","success","e0e843bf-5792-4f64-9f42-81dcc14fc281","8351117533400","Device",,"Included Updated Properties",,"""""","DeviceId: 1a4d8387-66a7-4c94-86e5-a8eabc2bae81; DeviceOSType: Windows; DeviceTrustType: AzureAd",""
"2026-08-12T22:24:36.796001Z","Update device","Directory_ec741ae0-5de4-41ff-b124-8aa0eb20c0d7_WAZYB_154787867","Device Registration Service","Device","ec741ae0-5de4-41ff-b124-8aa0eb20c0d7","Core Directory","Update","success","e0e843bf-5792-4f64-9f42-81dcc14fc281","8351117533400","Device",,"TargetId.DeviceId",,"""1a4d8387-66a7-4c94-86e5-a8eabc2bae81""","DeviceId: 1a4d8387-66a7-4c94-86e5-a8eabc2bae81; DeviceOSType: Windows; DeviceTrustType: AzureAd",""
"2026-08-12T22:24:36.796001Z","Update device","Directory_ec741ae0-5de4-41ff-b124-8aa0eb20c0d7_WAZYB_154787867","Device Registration Service","Device","ec741ae0-5de4-41ff-b124-8aa0eb20c0d7","Core Directory","Update","success","e0e843bf-5792-4f64-9f42-81dcc14fc281","8351117533400","Device",,"TargetId.DeviceOSType",,"""Windows""","DeviceId: 1a4d8387-66a7-4c94-86e5-a8eabc2bae81; DeviceOSType: Windows; DeviceTrustType: AzureAd",""
"2026-08-12T22:24:36.796001Z","Update device","Directory_ec741ae0-5de4-41ff-b124-8aa0eb20c0d7_WAZYB_154787867","Device Registration Service","Device","ec741ae0-5de4-41ff-b124-8aa0eb20c0d7","Core Directory","Update","success","e0e843bf-5792-4f64-9f42-81dcc14fc281","8351117533400","Device",,"TargetId.DeviceTrustType",,"""AzureAd""","DeviceId: 1a4d8387-66a7-4c94-86e5-a8eabc2bae81; DeviceOSType: Windows; DeviceTrustType: AzureAd",""
"2026-08-12T18:53:33.3632901Z","Update a partner cross-tenant access setting","Directory_b05d96ef-701a-4dd0-b064-a8e68c48d729_15EY7_587624954","Partner Customer Delegated Administration","CrossTenantAccessSettings","b05d96ef-701a-4dd0-b064-a8e68c48d729","Core Directory","Update","success","5a0f620b-42e7-4e8c-ae54-ae52caf99ae1","CrossTenantAccessPolicy for a33a1520-2ba9-403e-b715-e420b2ff2ac9","Policy",,,,,"",""
"2026-08-12T18:53:33.2042788Z","Adding allowed assignable roles","Directory_b05d96ef-701a-4dd0-b064-a8e68c48d729_15EY7_587624856","Partner Customer Delegated Administration","DelegatedAdminServiceProviderConstraints","b05d96ef-701a-4dd0-b064-a8e68c48d729","Core Directory","Add","success","667c6fe1-a3f3-4241-987c-71c9a848e0db",,"DelegatedAdminServiceProviderConstraints",,"tenantId",,,"",""
"2026-08-12T18:53:33.2042788Z","Adding allowed assignable roles","Directory_b05d96ef-701a-4dd0-b064-a8e68c48d729_15EY7_587624856","Partner Customer Delegated Administration","DelegatedAdminServiceProviderConstraints","b05d96ef-701a-4dd0-b064-a8e68c48d729","Core Directory","Add","success","667c6fe1-a3f3-4241-987c-71c9a848e0db",,"DelegatedAdminServiceProviderConstraints",,"allowedRoleTemplateIds",,"[""62e90394-69f5-4237-9190-012177145e10""]","",""
"2026-08-12T18:53:32.8942145Z","Add a partner to cross-tenant access setting","Directory_2c4cd678-9012-4051-a64b-b5b87200517b_5F70Z_553398180","Partner Customer Delegated Administration","CrossTenantAccessSettings","2c4cd678-9012-4051-a64b-b5b87200517b","Core Directory","Add","success","5a0f620b-42e7-4e8c-ae54-ae52caf99ae1","CrossTenantAccessPolicy for a33a1520-2ba9-403e-b715-e420b2ff2ac9","Policy",,"tenantId",,"""667c6fe1-a3f3-4241-987c-71c9a848e0db""","",""
"2026-08-12T18:53:32.8942145Z","Add a partner to cross-tenant access setting","Directory_2c4cd678-9012-4051-a64b-b5b87200517b_5F70Z_553398180","Partner Customer Delegated Administration","CrossTenantAccessSettings","2c4cd678-9012-4051-a64b-b5b87200517b","Core Directory","Add","success","5a0f620b-42e7-4e8c-ae54-ae52caf99ae1","CrossTenantAccessPolicy for a33a1520-2ba9-403e-b715-e420b2ff2ac9","Policy",,"isServiceProvider",,"true","",""
"2026-08-12T18:53:32.4615182Z","Add service principal","Directory_91955e0d-f713-4ffd-853b-8154d27d7f72_HVKWF_17631074","Partner Customer Delegated Administration","ApplicationManagement","91955e0d-f713-4ffd-853b-8154d27d7f72","Core Directory","Add","failure","2d8b9c13-4724-4937-9312-f59c90cc9d6b","Partner Customer Delegated Administration","ServicePrincipal",,"AccountEnabled","[]","[true]","AppId: 2832473f-ec63-45fb-976f-5d45a7d4bb91; AppOwnerOrganizationId: f8cdef31-a31e-4b4a-93e4-5f571e91255a; ServicePrincipalProvisioningType: Other",""
"2026-08-12T18:53:32.4615182Z","Add service principal","Directory_91955e0d-f713-4ffd-853b-8154d27d7f72_HVKWF_17631074","Partner Customer Delegated Administration","ApplicationManagement","91955e0d-f713-4ffd-853b-8154d27d7f72","Core Directory","Add","failure","2d8b9c13-4724-4937-9312-f59c90cc9d6b","Partner Customer Delegated Administration","ServicePrincipal",,"AppAddress","[]","[{""AddressType"":4,""Address"":""https://api.partnercustomeradministration.microsoft.com"",""ReplyAddressClientType"":0,""ReplyAddressIndex"":null,""IsReplyAddressDefault"":false}]","AppId: 2832473f-ec63-45fb-976f-5d45a7d4bb91; AppOwnerOrganizationId: f8cdef31-a31e-4b4a-93e4-5f571e91255a; ServicePrincipalProvisioningType: Other",""
"2026-08-12T18:53:32.4615182Z","Add service principal","Directory_91955e0d-f713-4ffd-853b-8154d27d7f72_HVKWF_17631074","Partner Customer Delegated Administration","ApplicationManagement","91955e0d-f713-4ffd-853b-8154d27d7f72","Core Directory","Add","failure","2d8b9c13-4724-4937-9312-f59c90cc9d6b","Partner Customer Delegated Administration","ServicePrincipal",,"AppPrincipalId","[]","[""2832473f-ec63-45fb-976f-5d45a7d4bb91""]","AppId: 2832473f-ec63-45fb-976f-5d45a7d4bb91; AppOwnerOrganizationId: f8cdef31-a31e-4b4a-93e4-5f571e91255a; ServicePrincipalProvisioningType: Other",""
"2026-08-12T18:53:32.4615182Z","Add service principal","Directory_91955e0d-f713-4ffd-853b-8154d27d7f72_HVKWF_17631074","Partner Customer Delegated Administration","ApplicationManagement","91955e0d-f713-4ffd-853b-8154d27d7f72","Core Directory","Add","failure","2d8b9c13-4724-4937-9312-f59c90cc9d6b","Partner Customer Delegated Administration","ServicePrincipal",,"DisplayName","[]","[""Partner Customer Delegated Administration""]","AppId: 2832473f-ec63-45fb-976f-5d45a7d4bb91; AppOwnerOrganizationId: f8cdef31-a31e-4b4a-93e4-5f571e91255a; ServicePrincipalProvisioningType: Other",""
"2026-08-12T18:53:32.4615182Z","Add service principal","Directory_91955e0d-f713-4ffd-853b-8154d27d7f72_HVKWF_17631074","Partner Customer Delegated Administration","ApplicationManagement","91955e0d-f713-4ffd-853b-8154d27d7f72","Core Directory","Add","failure","2d8b9c13-4724-4937-9312-f59c90cc9d6b","Partner Customer Delegated Administration","ServicePrincipal",,"ServicePrincipalName","[]","[""https://api.partnercustomeradministration.microsoft.com"",""2832473f-ec63-45fb-976f-5d45a7d4bb91""]","AppId: 2832473f-ec63-45fb-976f-5d45a7d4bb91; AppOwnerOrganizationId: f8cdef31-a31e-4b4a-93e4-5f571e91255a; ServicePrincipalProvisioningType: Other",""
"2026-08-12T18:53:32.4615182Z","Add service principal","Directory_91955e0d-f713-4ffd-853b-8154d27d7f72_HVKWF_17631074","Partner Customer Delegated Administration","ApplicationManagement","91955e0d-f713-4ffd-853b-8154d27d7f72","Core Directory","Add","failure","2d8b9c13-4724-4937-9312-f59c90cc9d6b","Partner Customer Delegated Administration","ServicePrincipal",,"Credential","[]","[{""CredentialType"":2,""KeyStoreId"":""291154f0-a9f5-45bb-87be-9c8ee5b6d62c"",""KeyGroupId"":""e8137e6b-0081-44cb-9bfd-f06aff06321d""}]","AppId: 2832473f-ec63-45fb-976f-5d45a7d4bb91; AppOwnerOrganizationId: f8cdef31-a31e-4b4a-93e4-5f571e91255a; ServicePrincipalProvisioningType: Other",""
"2026-08-12T18:53:32.4615182Z","Add service principal","Directory_91955e0d-f713-4ffd-853b-8154d27d7f72_HVKWF_17631074","Partner Customer Delegated Administration","ApplicationManagement","91955e0d-f713-4ffd-853b-8154d27d7f72","Core Directory","Add","failure","2d8b9c13-4724-4937-9312-f59c90cc9d6b","Partner Customer Delegated Administration","ServicePrincipal",,"ServicePrincipalTag","[]","[""disableRequestingTenantedPassthroughTokens"",""disableAcceptingTenantedPassthroughTokens"",""disableLegacyUserImpersonationResource""]","AppId: 2832473f-ec63-45fb-976f-5d45a7d4bb91; AppOwnerOrganizationId: f8cdef31-a31e-4b4a-93e4-5f571e91255a; ServicePrincipalProvisioningType: Other",""
"2026-08-12T18:53:32.4615182Z","Add service principal","Directory_91955e0d-f713-4ffd-853b-8154d27d7f72_HVKWF_17631074","Partner Customer Delegated Administration","ApplicationManagement","91955e0d-f713-4ffd-853b-8154d27d7f72","Core Directory","Add","failure","2d8b9c13-4724-4937-9312-f59c90cc9d6b","Partner Customer Delegated Administration","ServicePrincipal",,"Included Updated Properties",,"""AccountEnabled, AppAddress, AppPrincipalId, DisplayName, ServicePrincipalName, Credential, ServicePrincipalTag""","AppId: 2832473f-ec63-45fb-976f-5d45a7d4bb91; AppOwnerOrganizationId: f8cdef31-a31e-4b4a-93e4-5f571e91255a; ServicePrincipalProvisioningType: Other",""
"2026-08-12T18:53:32.4615182Z","Add service principal","Directory_91955e0d-f713-4ffd-853b-8154d27d7f72_HVKWF_17631074","Partner Customer Delegated Administration","ApplicationManagement","91955e0d-f713-4ffd-853b-8154d27d7f72","Core Directory","Add","failure","2d8b9c13-4724-4937-9312-f59c90cc9d6b","Partner Customer Delegated Administration","ServicePrincipal",,"MethodExecutionResult.",,"""Microsoft.Online.Workflows.SpnValidationException""","AppId: 2832473f-ec63-45fb-976f-5d45a7d4bb91; AppOwnerOrganizationId: f8cdef31-a31e-4b4a-93e4-5f571e91255a; ServicePrincipalProvisioningType: Other",""
"2026-08-12T18:53:32.3820776Z","Add service principal","Directory_86426cf2-f3f0-4d2b-a2b7-2b936db82d36_P0AHU_18035345","Partner Customer Delegated Administration","ApplicationManagement","86426cf2-f3f0-4d2b-a2b7-2b936db82d36","Core Directory","Add","failure","90544a31-dac2-4e25-b482-4f5ae9636500","Partner Customer Delegated Admin Offline Processor","ServicePrincipal",,"AccountEnabled","[]","[true]","AppId: a3475900-ccec-4a69-98f5-a65cd5dc5306; AppOwnerOrganizationId: f8cdef31-a31e-4b4a-93e4-5f571e91255a; ServicePrincipalProvisioningType: Other",""
"2026-08-12T18:53:32.3820776Z","Add service principal","Directory_86426cf2-f3f0-4d2b-a2b7-2b936db82d36_P0AHU_18035345","Partner Customer Delegated Administration","ApplicationManagement","86426cf2-f3f0-4d2b-a2b7-2b936db82d36","Core Directory","Add","failure","90544a31-dac2-4e25-b482-4f5ae9636500","Partner Customer Delegated Admin Offline Processor","ServicePrincipal",,"AppAddress","[]","[{""AddressType"":4,""Address"":""https://partnercustomersvcadminofflineprocessor.microsoft.com"",""ReplyAddressClientType"":0,""ReplyAddressIndex"":null,""IsReplyAddressDefault"":false}]","AppId: a3475900-ccec-4a69-98f5-a65cd5dc5306; AppOwnerOrganizationId: f8cdef31-a31e-4b4a-93e4-5f571e91255a; ServicePrincipalProvisioningType: Other",""
"2026-08-12T18:53:32.3820776Z","Add service principal","Directory_86426cf2-f3f0-4d2b-a2b7-2b936db82d36_P0AHU_18035345","Partner Customer Delegated Administration","ApplicationManagement","86426cf2-f3f0-4d2b-a2b7-2b936db82d36","Core Directory","Add","failure","90544a31-dac2-4e25-b482-4f5ae9636500","Partner Customer Delegated Admin Offline Processor","ServicePrincipal",,"AppPrincipalId","[]","[""a3475900-ccec-4a69-98f5-a65cd5dc5306""]","AppId: a3475900-ccec-4a69-98f5-a65cd5dc5306; AppOwnerOrganizationId: f8cdef31-a31e-4b4a-93e4-5f571e91255a; ServicePrincipalProvisioningType: Other",""
"2026-08-12T18:53:32.3820776Z","Add service principal","Directory_86426cf2-f3f0-4d2b-a2b7-2b936db82d36_P0AHU_18035345","Partner Customer Delegated Administration","ApplicationManagement","86426cf2-f3f0-4d2b-a2b7-2b936db82d36","Core Directory","Add","failure","90544a31-dac2-4e25-b482-4f5ae9636500","Partner Customer Delegated Admin Offline Processor","ServicePrincipal",,"DisplayName","[]","[""Partner Customer Delegated Admin Offline Processor""]","AppId: a3475900-ccec-4a69-98f5-a65cd5dc5306; AppOwnerOrganizationId: f8cdef31-a31e-4b4a-93e4-5f571e91255a; ServicePrincipalProvisioningType: Other",""
"2026-08-12T18:53:32.3820776Z","Add service principal","Directory_86426cf2-f3f0-4d2b-a2b7-2b936db82d36_P0AHU_18035345","Partner Customer Delegated Administration","ApplicationManagement","86426cf2-f3f0-4d2b-a2b7-2b936db82d36","Core Directory","Add","failure","90544a31-dac2-4e25-b482-4f5ae9636500","Partner Customer Delegated Admin Offline Processor","ServicePrincipal",,"ServicePrincipalName","[]","[""a3475900-ccec-4a69-98f5-a65cd5dc5306""]","AppId: a3475900-ccec-4a69-98f5-a65cd5dc5306; AppOwnerOrganizationId: f8cdef31-a31e-4b4a-93e4-5f571e91255a; ServicePrincipalProvisioningType: Other",""
"2026-08-12T18:53:32.3820776Z","Add service principal","Directory_86426cf2-f3f0-4d2b-a2b7-2b936db82d36_P0AHU_18035345","Partner Customer Delegated Administration","ApplicationManagement","86426cf2-f3f0-4d2b-a2b7-2b936db82d36","Core Directory","Add","failure","90544a31-dac2-4e25-b482-4f5ae9636500","Partner Customer Delegated Admin Offline Processor","ServicePrincipal",,"Credential","[]","[{""CredentialType"":2,""KeyStoreId"":""291154f0-a9f5-45bb-87be-9c8ee5b6d62c"",""KeyGroupId"":""0511ce46-e0ff-4014-89c2-c987474ceca7""}]","AppId: a3475900-ccec-4a69-98f5-a65cd5dc5306; AppOwnerOrganizationId: f8cdef31-a31e-4b4a-93e4-5f571e91255a; ServicePrincipalProvisioningType: Other",""
"2026-08-12T18:53:32.3820776Z","Add service principal","Directory_86426cf2-f3f0-4d2b-a2b7-2b936db82d36_P0AHU_18035345","Partner Customer Delegated Administration","ApplicationManagement","86426cf2-f3f0-4d2b-a2b7-2b936db82d36","Core Directory","Add","failure","90544a31-dac2-4e25-b482-4f5ae9636500","Partner Customer Delegated Admin Offline Processor","ServicePrincipal",,"Included Updated Properties",,"""AccountEnabled, AppAddress, AppPrincipalId, DisplayName, ServicePrincipalName, Credential""","AppId: a3475900-ccec-4a69-98f5-a65cd5dc5306; AppOwnerOrganizationId: f8cdef31-a31e-4b4a-93e4-5f571e91255a; ServicePrincipalProvisioningType: Other",""
"2026-08-12T18:53:32.3820776Z","Add service principal","Directory_86426cf2-f3f0-4d2b-a2b7-2b936db82d36_P0AHU_18035345","Partner Customer Delegated Administration","ApplicationManagement","86426cf2-f3f0-4d2b-a2b7-2b936db82d36","Core Directory","Add","failure","90544a31-dac2-4e25-b482-4f5ae9636500","Partner Customer Delegated Admin Offline Processor","ServicePrincipal",,"MethodExecutionResult.",,"""Microsoft.Online.Workflows.SpnValidationException""","AppId: a3475900-ccec-4a69-98f5-a65cd5dc5306; AppOwnerOrganizationId: f8cdef31-a31e-4b4a-93e4-5f571e91255a; ServicePrincipalProvisioningType: Other",""
"2026-08-12T18:43:14.1583184Z","Update user","Directory_189865fb-99b0-4efc-939a-436b3844929f_MMNDZ_229570277","Microsoft Substrate Management","UserManagement","189865fb-99b0-4efc-939a-436b3844929f","Core Directory","Update","success","18b987bf-cb6f-4a88-9f1a-57431d53e11d",,"User","bkatz@katzcapital.com","Included Updated Properties",,"""""","UserType: Member",""
"2026-08-12T18:43:14.1583184Z","Update user","Directory_189865fb-99b0-4efc-939a-436b3844929f_MMNDZ_229570277","Microsoft Substrate Management","UserManagement","189865fb-99b0-4efc-939a-436b3844929f","Core Directory","Update","success","18b987bf-cb6f-4a88-9f1a-57431d53e11d",,"User","bkatz@katzcapital.com","TargetId.UserType",,"""Member""","UserType: Member",""
"2026-08-12T18:43:14.1583184Z","Update user","Directory_189865fb-99b0-4efc-939a-436b3844929f_MMNDZ_229570277","Microsoft Substrate Management","UserManagement","189865fb-99b0-4efc-939a-436b3844929f","Core Directory","Update","success","18b987bf-cb6f-4a88-9f1a-57431d53e11d",,"User","bkatz@katzcapital.com","ActorId.ServicePrincipalNames",,"""98db8bd6-0cc0-4e67-9de5-f187f1cd1b41""","UserType: Member",""
"2026-08-12T18:43:14.1583184Z","Update user","Directory_189865fb-99b0-4efc-939a-436b3844929f_MMNDZ_229570277","Microsoft Substrate Management","UserManagement","189865fb-99b0-4efc-939a-436b3844929f","Core Directory","Update","success","18b987bf-cb6f-4a88-9f1a-57431d53e11d",,"User","bkatz@katzcapital.com","SPN",,"""98db8bd6-0cc0-4e67-9de5-f187f1cd1b41""","UserType: Member",""
"2026-08-12T18:15:18.6837061Z","Update device","Directory_8429c237-5de3-4eb5-ab21-d57d7a9acc5b_CCLQ4_459449694","Device Registration Service","Device","8429c237-5de3-4eb5-ab21-d57d7a9acc5b","Core Directory","Update","success","ef1f4ed7-2d56-4dc1-9aed-7dcfd023ac88","DESKTOP-2U3D8MI","Device",,"Included Updated Properties",,"""""","DeviceId: 55bef13f-fa0e-4870-ba25-55b1c3420f6f; DeviceOSType: Windows; DeviceTrustType: Workplace",""
"2026-08-12T18:15:18.6837061Z","Update device","Directory_8429c237-5de3-4eb5-ab21-d57d7a9acc5b_CCLQ4_459449694","Device Registration Service","Device","8429c237-5de3-4eb5-ab21-d57d7a9acc5b","Core Directory","Update","success","ef1f4ed7-2d56-4dc1-9aed-7dcfd023ac88","DESKTOP-2U3D8MI","Device",,"TargetId.DeviceId",,"""55bef13f-fa0e-4870-ba25-55b1c3420f6f""","DeviceId: 55bef13f-fa0e-4870-ba25-55b1c3420f6f; DeviceOSType: Windows; DeviceTrustType: Workplace",""
"2026-08-12T18:15:18.6837061Z","Update device","Directory_8429c237-5de3-4eb5-ab21-d57d7a9acc5b_CCLQ4_459449694","Device Registration Service","Device","8429c237-5de3-4eb5-ab21-d57d7a9acc5b","Core Directory","Update","success","ef1f4ed7-2d56-4dc1-9aed-7dcfd023ac88","DESKTOP-2U3D8MI","Device",,"TargetId.DeviceOSType",,"""Windows""","DeviceId: 55bef13f-fa0e-4870-ba25-55b1c3420f6f; DeviceOSType: Windows; DeviceTrustType: Workplace",""
"2026-08-12T18:15:18.6837061Z","Update device","Directory_8429c237-5de3-4eb5-ab21-d57d7a9acc5b_CCLQ4_459449694","Device Registration Service","Device","8429c237-5de3-4eb5-ab21-d57d7a9acc5b","Core Directory","Update","success","ef1f4ed7-2d56-4dc1-9aed-7dcfd023ac88","DESKTOP-2U3D8MI","Device",,"TargetId.DeviceTrustType",,"""Workplace""","DeviceId: 55bef13f-fa0e-4870-ba25-55b1c3420f6f; DeviceOSType: Windows; DeviceTrustType: Workplace",""
"2026-08-12T11:25:44.6981838Z","Update device","Directory_2ecedb78-335c-426a-b024-c850e634ab4f_PXD59_396651219","Device Registration Service","Device","2ecedb78-335c-426a-b024-c850e634ab4f","Core Directory","Update","success","7709898f-1bd3-45ba-a80f-c20eb4036687","PWD-L-22-02","Device",,"Included Updated Properties",,"""""","DeviceId: 96b5d6dc-e36d-480c-9d95-ea47db6fb789; DeviceOSType: Windows; DeviceTrustType: AzureAd",""
"2026-08-12T11:25:44.6981838Z","Update device","Directory_2ecedb78-335c-426a-b024-c850e634ab4f_PXD59_396651219","Device Registration Service","Device","2ecedb78-335c-426a-b024-c850e634ab4f","Core Directory","Update","success","7709898f-1bd3-45ba-a80f-c20eb4036687","PWD-L-22-02","Device",,"TargetId.DeviceId",,"""96b5d6dc-e36d-480c-9d95-ea47db6fb789""","DeviceId: 96b5d6dc-e36d-480c-9d95-ea47db6fb789; DeviceOSType: Windows; DeviceTrustType: AzureAd",""
"2026-08-12T11:25:44.6981838Z","Update device","Directory_2ecedb78-335c-426a-b024-c850e634ab4f_PXD59_396651219","Device Registration Service","Device","2ecedb78-335c-426a-b024-c850e634ab4f","Core Directory","Update","success","7709898f-1bd3-45ba-a80f-c20eb4036687","PWD-L-22-02","Device",,"TargetId.DeviceOSType",,"""Windows""","DeviceId: 96b5d6dc-e36d-480c-9d95-ea47db6fb789; DeviceOSType: Windows; DeviceTrustType: AzureAd",""
"2026-08-12T11:25:44.6981838Z","Update device","Directory_2ecedb78-335c-426a-b024-c850e634ab4f_PXD59_396651219","Device Registration Service","Device","2ecedb78-335c-426a-b024-c850e634ab4f","Core Directory","Update","success","7709898f-1bd3-45ba-a80f-c20eb4036687","PWD-L-22-02","Device",,"TargetId.DeviceTrustType",,"""AzureAd""","DeviceId: 96b5d6dc-e36d-480c-9d95-ea47db6fb789; DeviceOSType: Windows; DeviceTrustType: AzureAd",""
"2026-08-12T00:05:48.513837Z","Update device","Directory_7388ae92-4661-4c4b-8760-5428cc47940e_Z3R4U_364259173","Device Registration Service","Device","7388ae92-4661-4c4b-8760-5428cc47940e","Core Directory","Update","success","998e4e1c-2760-4cf6-863e-3e430729f2fc","DESKTOP-5PA8O0T","Device",,"Included Updated Properties",,"""""","DeviceId: 9091e03b-0053-4041-9126-4377a81c8406; DeviceOSType: Windows; DeviceTrustType: Workplace",""
"2026-08-12T00:05:48.513837Z","Update device","Directory_7388ae92-4661-4c4b-8760-5428cc47940e_Z3R4U_364259173","Device Registration Service","Device","7388ae92-4661-4c4b-8760-5428cc47940e","Core Directory","Update","success","998e4e1c-2760-4cf6-863e-3e430729f2fc","DESKTOP-5PA8O0T","Device",,"TargetId.DeviceId",,"""9091e03b-0053-4041-9126-4377a81c8406""","DeviceId: 9091e03b-0053-4041-9126-4377a81c8406; DeviceOSType: Windows; DeviceTrustType: Workplace",""
"2026-08-12T00:05:48.513837Z","Update device","Directory_7388ae92-4661-4c4b-8760-5428cc47940e_Z3R4U_364259173","Device Registration Service","Device","7388ae92-4661-4c4b-8760-5428cc47940e","Core Directory","Update","success","998e4e1c-2760-4cf6-863e-3e430729f2fc","DESKTOP-5PA8O0T","Device",,"TargetId.DeviceOSType",,"""Windows""","DeviceId: 9091e03b-0053-4041-9126-4377a81c8406; DeviceOSType: Windows; DeviceTrustType: Workplace",""
"2026-08-12T00:05:48.513837Z","Update device","Directory_7388ae92-4661-4c4b-8760-5428cc47940e_Z3R4U_364259173","Device Registration Service","Device","7388ae92-4661-4c4b-8760-5428cc47940e","Core Directory","Update","success","998e4e1c-2760-4cf6-863e-3e430729f2fc","DESKTOP-5PA8O0T","Device",,"TargetId.DeviceTrustType",,"""Workplace""","DeviceId: 9091e03b-0053-4041-9126-4377a81c8406; DeviceOSType: Windows; DeviceTrustType: Workplace",""
"2026-08-11T23:37:13.998304Z","Consent to application","Directory_4cefe8d3-5a6e-4606-91f9-9b2bab1ebd8d_P1RCV_11445082","Microsoft_AAD_RegisteredApps","ApplicationManagement","4cefe8d3-5a6e-4606-91f9-9b2bab1ebd8d","Core Directory","Assign","success","2a2f7a01-589d-4a26-897f-9cc6481fe06b","Microsoft Graph (Read Only)","ServicePrincipal",,"ConsentContext.IsAdminConsent",,"""True""","User-Agent: Mozilla/5.0 (Windows NT 10.0; Win64; x64) AppleWebKit/537.36 (KHTML, like Gecko) Chrome/151.0.0.0 Safari/537.36; AppId: 0999ac65-c471-4666-b1cc-3bcabf43812c; ServicePrincipalProvisioningType: Other",""
"2026-08-11T23:37:13.998304Z","Consent to application","Directory_4cefe8d3-5a6e-4606-91f9-9b2bab1ebd8d_P1RCV_11445082","Microsoft_AAD_RegisteredApps","ApplicationManagement","4cefe8d3-5a6e-4606-91f9-9b2bab1ebd8d","Core Directory","Assign","success","2a2f7a01-589d-4a26-897f-9cc6481fe06b","Microsoft Graph (Read Only)","ServicePrincipal",,"ConsentContext.IsAppOnly",,"""False""","User-Agent: Mozilla/5.0 (Windows NT 10.0; Win64; x64) AppleWebKit/537.36 (KHTML, like Gecko) Chrome/151.0.0.0 Safari/537.36; AppId: 0999ac65-c471-4666-b1cc-3bcabf43812c; ServicePrincipalProvisioningType: Other",""
"2026-08-11T23:37:13.998304Z","Consent to application","Directory_4cefe8d3-5a6e-4606-91f9-9b2bab1ebd8d_P1RCV_11445082","Microsoft_AAD_RegisteredApps","ApplicationManagement","4cefe8d3-5a6e-4606-91f9-9b2bab1ebd8d","Core Directory","Assign","success","2a2f7a01-589d-4a26-897f-9cc6481fe06b","Microsoft Graph (Read Only)","ServicePrincipal",,"ConsentContext.OnBehalfOfAll",,"""True""","User-Agent: Mozilla/5.0 (Windows NT 10.0; Win64; x64) AppleWebKit/537.36 (KHTML, like Gecko) Chrome/151.0.0.0 Safari/537.36; AppId: 0999ac65-c471-4666-b1cc-3bcabf43812c; ServicePrincipalProvisioningType: Other",""
"2026-08-11T23:37:13.998304Z","Consent to application","Directory_4cefe8d3-5a6e-4606-91f9-9b2bab1ebd8d_P1RCV_11445082","Microsoft_AAD_RegisteredApps","ApplicationManagement","4cefe8d3-5a6e-4606-91f9-9b2bab1ebd8d","Core Directory","Assign","success","2a2f7a01-589d-4a26-897f-9cc6481fe06b","Microsoft Graph (Read Only)","ServicePrincipal",,"ConsentContext.Tags",,"""""","User-Agent: Mozilla/5.0 (Windows NT 10.0; Win64; x64) AppleWebKit/537.36 (KHTML, like Gecko) Chrome/151.0.0.0 Safari/537.36; AppId: 0999ac65-c471-4666-b1cc-3bcabf43812c; ServicePrincipalProvisioningType: Other",""
"2026-08-11T23:37:13.998304Z","Consent to application","Directory_4cefe8d3-5a6e-4606-91f9-9b2bab1ebd8d_P1RCV_11445082","Microsoft_AAD_RegisteredApps","ApplicationManagement","4cefe8d3-5a6e-4606-91f9-9b2bab1ebd8d","Core Directory","Assign","success","2a2f7a01-589d-4a26-897f-9cc6481fe06b","Microsoft Graph (Read Only)","ServicePrincipal",,"ConsentAction.Permissions",,"""[] => []; ""","User-Agent: Mozilla/5.0 (Windows NT 10.0; Win64; x64) AppleWebKit/537.36 (KHTML, like Gecko) Chrome/151.0.0.0 Safari/537.36; AppId: 0999ac65-c471-4666-b1cc-3bcabf43812c; ServicePrincipalProvisioningType: Other",""
"2026-08-11T23:37:13.9973119Z","Add app role assignment grant to user","Directory_4cefe8d3-5a6e-4606-91f9-9b2bab1ebd8d_P1RCV_11445076","Microsoft_AAD_RegisteredApps","UserManagement","4cefe8d3-5a6e-4606-91f9-9b2bab1ebd8d","Core Directory","Assign","success","2a2f7a01-589d-4a26-897f-9cc6481fe06b","Microsoft Graph (Read Only)","ServicePrincipal",,"AppRole.Id",,"""00000000-0000-0000-0000-000000000000""","User-Agent: Mozilla/5.0 (Windows NT 10.0; Win64; x64) AppleWebKit/537.36 (KHTML, like Gecko) Chrome/151.0.0.0 Safari/537.36; AppId: 0999ac65-c471-4666-b1cc-3bcabf43812c; ServicePrincipalProvisioningType: Other",""
"2026-08-11T23:37:13.9973119Z","Add app role assignment grant to user","Directory_4cefe8d3-5a6e-4606-91f9-9b2bab1ebd8d_P1RCV_11445076","Microsoft_AAD_RegisteredApps","UserManagement","4cefe8d3-5a6e-4606-91f9-9b2bab1ebd8d","Core Directory","Assign","success","2a2f7a01-589d-4a26-897f-9cc6481fe06b","Microsoft Graph (Read Only)","ServicePrincipal",,"AppRole.Value",,"""""","User-Agent: Mozilla/5.0 (Windows NT 10.0; Win64; x64) AppleWebKit/537.36 (KHTML, like Gecko) Chrome/151.0.0.0 Safari/537.36; AppId: 0999ac65-c471-4666-b1cc-3bcabf43812c; ServicePrincipalProvisioningType: Other",""
"2026-08-11T23:37:13.9973119Z","Add app role assignment grant to user","Directory_4cefe8d3-5a6e-4606-91f9-9b2bab1ebd8d_P1RCV_11445076","Microsoft_AAD_RegisteredApps","UserManagement","4cefe8d3-5a6e-4606-91f9-9b2bab1ebd8d","Core Directory","Assign","success","2a2f7a01-589d-4a26-897f-9cc6481fe06b","Microsoft Graph (Read Only)","ServicePrincipal",,"AppRole.DisplayName",,"""""","User-Agent: Mozilla/5.0 (Windows NT 10.0; Win64; x64) AppleWebKit/537.36 (KHTML, like Gecko) Chrome/151.0.0.0 Safari/537.36; AppId: 0999ac65-c471-4666-b1cc-3bcabf43812c; ServicePrincipalProvisioningType: Other",""
"2026-08-11T23:37:13.9973119Z","Add app role assignment grant to user","Directory_4cefe8d3-5a6e-4606-91f9-9b2bab1ebd8d_P1RCV_11445076","Microsoft_AAD_RegisteredApps","UserManagement","4cefe8d3-5a6e-4606-91f9-9b2bab1ebd8d","Core Directory","Assign","success","2a2f7a01-589d-4a26-897f-9cc6481fe06b","Microsoft Graph (Read Only)","ServicePrincipal",,"AppRoleAssignment.CreatedDateTime",,"""2026-08-11T23:37:13.9143074Z""","User-Agent: Mozilla/5.0 (Windows NT 10.0; Win64; x64) AppleWebKit/537.36 (KHTML, like Gecko) Chrome/151.0.0.0 Safari/537.36; AppId: 0999ac65-c471-4666-b1cc-3bcabf43812c; ServicePrincipalProvisioningType: Other",""
"2026-08-11T23:37:13.9973119Z","Add app role assignment grant to user","Directory_4cefe8d3-5a6e-4606-91f9-9b2bab1ebd8d_P1RCV_11445076","Microsoft_AAD_RegisteredApps","UserManagement","4cefe8d3-5a6e-4606-91f9-9b2bab1ebd8d","Core Directory","Assign","success","2a2f7a01-589d-4a26-897f-9cc6481fe06b","Microsoft Graph (Read Only)","ServicePrincipal",,"AppRoleAssignment.LastModifiedDateTime",,"""2026-08-11T23:37:13.9143074Z""","User-Agent: Mozilla/5.0 (Windows NT 10.0; Win64; x64) AppleWebKit/537.36 (KHTML, like Gecko) Chrome/151.0.0.0 Safari/537.36; AppId: 0999ac65-c471-4666-b1cc-3bcabf43812c; ServicePrincipalProvisioningType: Other",""
"2026-08-11T23:37:13.9973119Z","Add app role assignment grant to user","Directory_4cefe8d3-5a6e-4606-91f9-9b2bab1ebd8d_P1RCV_11445076","Microsoft_AAD_RegisteredApps","UserManagement","4cefe8d3-5a6e-4606-91f9-9b2bab1ebd8d","Core Directory","Assign","success","2a2f7a01-589d-4a26-897f-9cc6481fe06b","Microsoft Graph (Read Only)","ServicePrincipal",,"User.ObjectID",,"""5905a196-4754-406b-a004-f6597c185533""","User-Agent: Mozilla/5.0 (Windows NT 10.0; Win64; x64) AppleWebKit/537.36 (KHTML, like Gecko) Chrome/151.0.0.0 Safari/537.36; AppId: 0999ac65-c471-4666-b1cc-3bcabf43812c; ServicePrincipalProvisioningType: Other",""
"2026-08-11T23:37:13.9973119Z","Add app role assignment grant to user","Directory_4cefe8d3-5a6e-4606-91f9-9b2bab1ebd8d_P1RCV_11445076","Microsoft_AAD_RegisteredApps","UserManagement","4cefe8d3-5a6e-4606-91f9-9b2bab1ebd8d","Core Directory","Assign","success","2a2f7a01-589d-4a26-897f-9cc6481fe06b","Microsoft Graph (Read Only)","ServicePrincipal",,"User.UPN",,"""ServIT@pineywoodsfl.onmicrosoft.com""","User-Agent: Mozilla/5.0 (Windows NT 10.0; Win64; x64) AppleWebKit/537.36 (KHTML, like Gecko) Chrome/151.0.0.0 Safari/537.36; AppId: 0999ac65-c471-4666-b1cc-3bcabf43812c; ServicePrincipalProvisioningType: Other",""
"2026-08-11T23:37:13.9973119Z","Add app role assignment grant to user","Directory_4cefe8d3-5a6e-4606-91f9-9b2bab1ebd8d_P1RCV_11445076","Microsoft_AAD_RegisteredApps","UserManagement","4cefe8d3-5a6e-4606-91f9-9b2bab1ebd8d","Core Directory","Assign","success","2a2f7a01-589d-4a26-897f-9cc6481fe06b","Microsoft Graph (Read Only)","ServicePrincipal",,"User.PUID",,"""100320061E214891""","User-Agent: Mozilla/5.0 (Windows NT 10.0; Win64; x64) AppleWebKit/537.36 (KHTML, like Gecko) Chrome/151.0.0.0 Safari/537.36; AppId: 0999ac65-c471-4666-b1cc-3bcabf43812c; ServicePrincipalProvisioningType: Other",""
"2026-08-11T23:37:13.9973119Z","Add app role assignment grant to user","Directory_4cefe8d3-5a6e-4606-91f9-9b2bab1ebd8d_P1RCV_11445076","Microsoft_AAD_RegisteredApps","UserManagement","4cefe8d3-5a6e-4606-91f9-9b2bab1ebd8d","Core Directory","Assign","success","2a2f7a01-589d-4a26-897f-9cc6481fe06b","Microsoft Graph (Read Only)","ServicePrincipal",,"TargetId.ServicePrincipalNames",,"""0999ac65-c471-4666-b1cc-3bcabf43812c""","User-Agent: Mozilla/5.0 (Windows NT 10.0; Win64; x64) AppleWebKit/537.36 (KHTML, like Gecko) Chrome/151.0.0.0 Safari/537.36; AppId: 0999ac65-c471-4666-b1cc-3bcabf43812c; ServicePrincipalProvisioningType: Other",""
"2026-08-11T23:37:13.9973119Z","Add app role assignment grant to user","Directory_4cefe8d3-5a6e-4606-91f9-9b2bab1ebd8d_P1RCV_11445076","Microsoft_AAD_RegisteredApps","UserManagement","4cefe8d3-5a6e-4606-91f9-9b2bab1ebd8d","Core Directory","Assign","success","5905a196-4754-406b-a004-f6597c185533",,"User","ServIT@pineywoodsfl.onmicrosoft.com",,,,"User-Agent: Mozilla/5.0 (Windows NT 10.0; Win64; x64) AppleWebKit/537.36 (KHTML, like Gecko) Chrome/151.0.0.0 Safari/537.36; AppId: 0999ac65-c471-4666-b1cc-3bcabf43812c; ServicePrincipalProvisioningType: Other",""
"2026-08-11T23:37:13.9053061Z","Add app role assignment to service principal","Directory_4cefe8d3-5a6e-4606-91f9-9b2bab1ebd8d_P1RCV_11445056","Microsoft_AAD_RegisteredApps","ApplicationManagement","4cefe8d3-5a6e-4606-91f9-9b2bab1ebd8d","Core Directory","Assign","success","e1359286-d6c0-418b-9c27-8a84d6690331","Microsoft Graph","ServicePrincipal",,"AppRole.Id",,"""df021288-bdef-4463-88db-98f22de89214""","User-Agent: Mozilla/5.0 (Windows NT 10.0; Win64; x64) AppleWebKit/537.36 (KHTML, like Gecko) Chrome/151.0.0.0 Safari/537.36; AppId: 00000003-0000-0000-c000-000000000000; ServicePrincipalProvisioningType: Other",""
"2026-08-11T23:37:13.9053061Z","Add app role assignment to service principal","Directory_4cefe8d3-5a6e-4606-91f9-9b2bab1ebd8d_P1RCV_11445056","Microsoft_AAD_RegisteredApps","ApplicationManagement","4cefe8d3-5a6e-4606-91f9-9b2bab1ebd8d","Core Directory","Assign","success","e1359286-d6c0-418b-9c27-8a84d6690331","Microsoft Graph","ServicePrincipal",,"AppRole.Value",,"""User.Read.All""","User-Agent: Mozilla/5.0 (Windows NT 10.0; Win64; x64) AppleWebKit/537.36 (KHTML, like Gecko) Chrome/151.0.0.0 Safari/537.36; AppId: 00000003-0000-0000-c000-000000000000; ServicePrincipalProvisioningType: Other",""
"2026-08-11T23:37:13.9053061Z","Add app role assignment to service principal","Directory_4cefe8d3-5a6e-4606-91f9-9b2bab1ebd8d_P1RCV_11445056","Microsoft_AAD_RegisteredApps","ApplicationManagement","4cefe8d3-5a6e-4606-91f9-9b2bab1ebd8d","Core Directory","Assign","success","e1359286-d6c0-418b-9c27-8a84d6690331","Microsoft Graph","ServicePrincipal",,"AppRole.DisplayName",,"""Read all users' full profiles""","User-Agent: Mozilla/5.0 (Windows NT 10.0; Win64; x64) AppleWebKit/537.36 (KHTML, like Gecko) Chrome/151.0.0.0 Safari/537.36; AppId: 00000003-0000-0000-c000-000000000000; ServicePrincipalProvisioningType: Other",""
"2026-08-11T23:37:13.9053061Z","Add app role assignment to service principal","Directory_4cefe8d3-5a6e-4606-91f9-9b2bab1ebd8d_P1RCV_11445056","Microsoft_AAD_RegisteredApps","ApplicationManagement","4cefe8d3-5a6e-4606-91f9-9b2bab1ebd8d","Core Directory","Assign","success","e1359286-d6c0-418b-9c27-8a84d6690331","Microsoft Graph","ServicePrincipal",,"AppRoleAssignment.CreatedDateTime",,"""2026-08-11T23:37:13.8243013Z""","User-Agent: Mozilla/5.0 (Windows NT 10.0; Win64; x64) AppleWebKit/537.36 (KHTML, like Gecko) Chrome/151.0.0.0 Safari/537.36; AppId: 00000003-0000-0000-c000-000000000000; ServicePrincipalProvisioningType: Other",""
"2026-08-11T23:37:13.9053061Z","Add app role assignment to service principal","Directory_4cefe8d3-5a6e-4606-91f9-9b2bab1ebd8d_P1RCV_11445056","Microsoft_AAD_RegisteredApps","ApplicationManagement","4cefe8d3-5a6e-4606-91f9-9b2bab1ebd8d","Core Directory","Assign","success","e1359286-d6c0-418b-9c27-8a84d6690331","Microsoft Graph","ServicePrincipal",,"AppRoleAssignment.LastModifiedDateTime",,"""2026-08-11T23:37:13.8243013Z""","User-Agent: Mozilla/5.0 (Windows NT 10.0; Win64; x64) AppleWebKit/537.36 (KHTML, like Gecko) Chrome/151.0.0.0 Safari/537.36; AppId: 00000003-0000-0000-c000-000000000000; ServicePrincipalProvisioningType: Other",""
"2026-08-11T23:37:13.9053061Z","Add app role assignment to service principal","Directory_4cefe8d3-5a6e-4606-91f9-9b2bab1ebd8d_P1RCV_11445056","Microsoft_AAD_RegisteredApps","ApplicationManagement","4cefe8d3-5a6e-4606-91f9-9b2bab1ebd8d","Core Directory","Assign","success","e1359286-d6c0-418b-9c27-8a84d6690331","Microsoft Graph","ServicePrincipal",,"ServicePrincipal.ObjectID",,"""2a2f7a01-589d-4a26-897f-9cc6481fe06b""","User-Agent: Mozilla/5.0 (Windows NT 10.0; Win64; x64) AppleWebKit/537.36 (KHTML, like Gecko) Chrome/151.0.0.0 Safari/537.36; AppId: 00000003-0000-0000-c000-000000000000; ServicePrincipalProvisioningType: Other",""
"2026-08-11T23:37:13.9053061Z","Add app role assignment to service principal","Directory_4cefe8d3-5a6e-4606-91f9-9b2bab1ebd8d_P1RCV_11445056","Microsoft_AAD_RegisteredApps","ApplicationManagement","4cefe8d3-5a6e-4606-91f9-9b2bab1ebd8d","Core Directory","Assign","success","e1359286-d6c0-418b-9c27-8a84d6690331","Microsoft Graph","ServicePrincipal",,"ServicePrincipal.DisplayName",,"""Microsoft Graph (Read Only)""","User-Agent: Mozilla/5.0 (Windows NT 10.0; Win64; x64) AppleWebKit/537.36 (KHTML, like Gecko) Chrome/151.0.0.0 Safari/537.36; AppId: 00000003-0000-0000-c000-000000000000; ServicePrincipalProvisioningType: Other",""
"2026-08-11T23:37:13.9053061Z","Add app role assignment to service principal","Directory_4cefe8d3-5a6e-4606-91f9-9b2bab1ebd8d_P1RCV_11445056","Microsoft_AAD_RegisteredApps","ApplicationManagement","4cefe8d3-5a6e-4606-91f9-9b2bab1ebd8d","Core Directory","Assign","success","e1359286-d6c0-418b-9c27-8a84d6690331","Microsoft Graph","ServicePrincipal",,"ServicePrincipal.AppId",,"""0999ac65-c471-4666-b1cc-3bcabf43812c""","User-Agent: Mozilla/5.0 (Windows NT 10.0; Win64; x64) AppleWebKit/537.36 (KHTML, like Gecko) Chrome/151.0.0.0 Safari/537.36; AppId: 00000003-0000-0000-c000-000000000000; ServicePrincipalProvisioningType: Other",""
"2026-08-11T23:37:13.9053061Z","Add app role assignment to service principal","Directory_4cefe8d3-5a6e-4606-91f9-9b2bab1ebd8d_P1RCV_11445056","Microsoft_AAD_RegisteredApps","ApplicationManagement","4cefe8d3-5a6e-4606-91f9-9b2bab1ebd8d","Core Directory","Assign","success","e1359286-d6c0-418b-9c27-8a84d6690331","Microsoft Graph","ServicePrincipal",,"ServicePrincipal.Name",,"""0999ac65-c471-4666-b1cc-3bcabf43812c""","User-Agent: Mozilla/5.0 (Windows NT 10.0; Win64; x64) AppleWebKit/537.36 (KHTML, like Gecko) Chrome/151.0.0.0 Safari/537.36; AppId: 00000003-0000-0000-c000-000000000000; ServicePrincipalProvisioningType: Other",""
"2026-08-11T23:37:13.9053061Z","Add app role assignment to service principal","Directory_4cefe8d3-5a6e-4606-91f9-9b2bab1ebd8d_P1RCV_11445056","Microsoft_AAD_RegisteredApps","ApplicationManagement","4cefe8d3-5a6e-4606-91f9-9b2bab1ebd8d","Core Directory","Assign","success","e1359286-d6c0-418b-9c27-8a84d6690331","Microsoft Graph","ServicePrincipal",,"TargetId.ServicePrincipalNames",,"""00000003-0000-0000-c000-000000000000;00000003-0000-0000-c000-000000000000/ags.windows.net;https://ags.windows.net;https://graph.microsoft.us;https://graph.microsoft.com;https://canary.graph.microsoft.com;https://graph.microsoft.com/;https://dod-graph.microsoft.us;https://dod-graph.microsoft.us/;https://graph.microsoft.us/;https://canary.graph.microsoft.com/""","User-Agent: Mozilla/5.0 (Windows NT 10.0; Win64; x64) AppleWebKit/537.36 (KHTML, like Gecko) Chrome/151.0.0.0 Safari/537.36; AppId: 00000003-0000-0000-c000-000000000000; ServicePrincipalProvisioningType: Other",""
"2026-08-11T23:37:13.9053061Z","Add app role assignment to service principal","Directory_4cefe8d3-5a6e-4606-91f9-9b2bab1ebd8d_P1RCV_11445056","Microsoft_AAD_RegisteredApps","ApplicationManagement","4cefe8d3-5a6e-4606-91f9-9b2bab1ebd8d","Core Directory","Assign","success","2a2f7a01-589d-4a26-897f-9cc6481fe06b","0999ac65-c471-4666-b1cc-3bcabf43812c","ServicePrincipal",,,,,"User-Agent: Mozilla/5.0 (Windows NT 10.0; Win64; x64) AppleWebKit/537.36 (KHTML, like Gecko) Chrome/151.0.0.0 Safari/537.36; AppId: 00000003-0000-0000-c000-000000000000; ServicePrincipalProvisioningType: Other",""
"2026-08-11T23:37:13.7953061Z","Add app role assignment to service principal","Directory_4cefe8d3-5a6e-4606-91f9-9b2bab1ebd8d_P1RCV_11445036","Microsoft_AAD_RegisteredApps","ApplicationManagement","4cefe8d3-5a6e-4606-91f9-9b2bab1ebd8d","Core Directory","Assign","success","e1359286-d6c0-418b-9c27-8a84d6690331","Microsoft Graph","ServicePrincipal",,"AppRole.Id",,"""332a536c-c7ef-4017-ab91-336970924f0d""","User-Agent: Mozilla/5.0 (Windows NT 10.0; Win64; x64) AppleWebKit/537.36 (KHTML, like Gecko) Chrome/151.0.0.0 Safari/537.36; AppId: 00000003-0000-0000-c000-000000000000; ServicePrincipalProvisioningType: Other",""
"2026-08-11T23:37:13.7953061Z","Add app role assignment to service principal","Directory_4cefe8d3-5a6e-4606-91f9-9b2bab1ebd8d_P1RCV_11445036","Microsoft_AAD_RegisteredApps","ApplicationManagement","4cefe8d3-5a6e-4606-91f9-9b2bab1ebd8d","Core Directory","Assign","success","e1359286-d6c0-418b-9c27-8a84d6690331","Microsoft Graph","ServicePrincipal",,"AppRole.Value",,"""Sites.Read.All""","User-Agent: Mozilla/5.0 (Windows NT 10.0; Win64; x64) AppleWebKit/537.36 (KHTML, like Gecko) Chrome/151.0.0.0 Safari/537.36; AppId: 00000003-0000-0000-c000-000000000000; ServicePrincipalProvisioningType: Other",""
"2026-08-11T23:37:13.7953061Z","Add app role assignment to service principal","Directory_4cefe8d3-5a6e-4606-91f9-9b2bab1ebd8d_P1RCV_11445036","Microsoft_AAD_RegisteredApps","ApplicationManagement","4cefe8d3-5a6e-4606-91f9-9b2bab1ebd8d","Core Directory","Assign","success","e1359286-d6c0-418b-9c27-8a84d6690331","Microsoft Graph","ServicePrincipal",,"AppRole.DisplayName",,"""Read items in all site collections ""","User-Agent: Mozilla/5.0 (Windows NT 10.0; Win64; x64) AppleWebKit/537.36 (KHTML, like Gecko) Chrome/151.0.0.0 Safari/537.36; AppId: 00000003-0000-0000-c000-000000000000; ServicePrincipalProvisioningType: Other",""
"2026-08-11T23:37:13.7953061Z","Add app role assignment to service principal","Directory_4cefe8d3-5a6e-4606-91f9-9b2bab1ebd8d_P1RCV_11445036","Microsoft_AAD_RegisteredApps","ApplicationManagement","4cefe8d3-5a6e-4606-91f9-9b2bab1ebd8d","Core Directory","Assign","success","e1359286-d6c0-418b-9c27-8a84d6690331","Microsoft Graph","ServicePrincipal",,"AppRoleAssignment.CreatedDateTime",,"""2026-08-11T23:37:13.7133056Z""","User-Agent: Mozilla/5.0 (Windows NT 10.0; Win64; x64) AppleWebKit/537.36 (KHTML, like Gecko) Chrome/151.0.0.0 Safari/537.36; AppId: 00000003-0000-0000-c000-000000000000; ServicePrincipalProvisioningType: Other",""
"2026-08-11T23:37:13.7953061Z","Add app role assignment to service principal","Directory_4cefe8d3-5a6e-4606-91f9-9b2bab1ebd8d_P1RCV_11445036","Microsoft_AAD_RegisteredApps","ApplicationManagement","4cefe8d3-5a6e-4606-91f9-9b2bab1ebd8d","Core Directory","Assign","success","e1359286-d6c0-418b-9c27-8a84d6690331","Microsoft Graph","ServicePrincipal",,"AppRoleAssignment.LastModifiedDateTime",,"""2026-08-11T23:37:13.7133056Z""","User-Agent: Mozilla/5.0 (Windows NT 10.0; Win64; x64) AppleWebKit/537.36 (KHTML, like Gecko) Chrome/151.0.0.0 Safari/537.36; AppId: 00000003-0000-0000-c000-000000000000; ServicePrincipalProvisioningType: Other",""
"2026-08-11T23:37:13.7953061Z","Add app role assignment to service principal","Directory_4cefe8d3-5a6e-4606-91f9-9b2bab1ebd8d_P1RCV_11445036","Microsoft_AAD_RegisteredApps","ApplicationManagement","4cefe8d3-5a6e-4606-91f9-9b2bab1ebd8d","Core Directory","Assign","success","e1359286-d6c0-418b-9c27-8a84d6690331","Microsoft Graph","ServicePrincipal",,"ServicePrincipal.ObjectID",,"""2a2f7a01-589d-4a26-897f-9cc6481fe06b""","User-Agent: Mozilla/5.0 (Windows NT 10.0; Win64; x64) AppleWebKit/537.36 (KHTML, like Gecko) Chrome/151.0.0.0 Safari/537.36; AppId: 00000003-0000-0000-c000-000000000000; ServicePrincipalProvisioningType: Other",""
"2026-08-11T23:37:13.7953061Z","Add app role assignment to service principal","Directory_4cefe8d3-5a6e-4606-91f9-9b2bab1ebd8d_P1RCV_11445036","Microsoft_AAD_RegisteredApps","ApplicationManagement","4cefe8d3-5a6e-4606-91f9-9b2bab1ebd8d","Core Directory","Assign","success","e1359286-d6c0-418b-9c27-8a84d6690331","Microsoft Graph","ServicePrincipal",,"ServicePrincipal.DisplayName",,"""Microsoft Graph (Read Only)""","User-Agent: Mozilla/5.0 (Windows NT 10.0; Win64; x64) AppleWebKit/537.36 (KHTML, like Gecko) Chrome/151.0.0.0 Safari/537.36; AppId: 00000003-0000-0000-c000-000000000000; ServicePrincipalProvisioningType: Other",""
"2026-08-11T23:37:13.7953061Z","Add app role assignment to service principal","Directory_4cefe8d3-5a6e-4606-91f9-9b2bab1ebd8d_P1RCV_11445036","Microsoft_AAD_RegisteredApps","ApplicationManagement","4cefe8d3-5a6e-4606-91f9-9b2bab1ebd8d","Core Directory","Assign","success","e1359286-d6c0-418b-9c27-8a84d6690331","Microsoft Graph","ServicePrincipal",,"ServicePrincipal.AppId",,"""0999ac65-c471-4666-b1cc-3bcabf43812c""","User-Agent: Mozilla/5.0 (Windows NT 10.0; Win64; x64) AppleWebKit/537.36 (KHTML, like Gecko) Chrome/151.0.0.0 Safari/537.36; AppId: 00000003-0000-0000-c000-000000000000; ServicePrincipalProvisioningType: Other",""
"2026-08-11T23:37:13.7953061Z","Add app role assignment to service principal","Directory_4cefe8d3-5a6e-4606-91f9-9b2bab1ebd8d_P1RCV_11445036","Microsoft_AAD_RegisteredApps","ApplicationManagement","4cefe8d3-5a6e-4606-91f9-9b2bab1ebd8d","Core Directory","Assign","success","e1359286-d6c0-418b-9c27-8a84d6690331","Microsoft Graph","ServicePrincipal",,"ServicePrincipal.Name",,"""0999ac65-c471-4666-b1cc-3bcabf43812c""","User-Agent: Mozilla/5.0 (Windows NT 10.0; Win64; x64) AppleWebKit/537.36 (KHTML, like Gecko) Chrome/151.0.0.0 Safari/537.36; AppId: 00000003-0000-0000-c000-000000000000; ServicePrincipalProvisioningType: Other",""
"2026-08-11T23:37:13.7953061Z","Add app role assignment to service principal","Directory_4cefe8d3-5a6e-4606-91f9-9b2bab1ebd8d_P1RCV_11445036","Microsoft_AAD_RegisteredApps","ApplicationManagement","4cefe8d3-5a6e-4606-91f9-9b2bab1ebd8d","Core Directory","Assign","success","e1359286-d6c0-418b-9c27-8a84d6690331","Microsoft Graph","ServicePrincipal",,"TargetId.ServicePrincipalNames",,"""00000003-0000-0000-c000-000000000000;00000003-0000-0000-c000-000000000000/ags.windows.net;https://ags.windows.net;https://graph.microsoft.us;https://graph.microsoft.com;https://canary.graph.microsoft.com;https://graph.microsoft.com/;https://dod-graph.microsoft.us;https://dod-graph.microsoft.us/;https://graph.microsoft.us/;https://canary.graph.microsoft.com/""","User-Agent: Mozilla/5.0 (Windows NT 10.0; Win64; x64) AppleWebKit/537.36 (KHTML, like Gecko) Chrome/151.0.0.0 Safari/537.36; AppId: 00000003-0000-0000-c000-000000000000; ServicePrincipalProvisioningType: Other",""
"2026-08-11T23:37:13.7953061Z","Add app role assignment to service principal","Directory_4cefe8d3-5a6e-4606-91f9-9b2bab1ebd8d_P1RCV_11445036","Microsoft_AAD_RegisteredApps","ApplicationManagement","4cefe8d3-5a6e-4606-91f9-9b2bab1ebd8d","Core Directory","Assign","success","2a2f7a01-589d-4a26-897f-9cc6481fe06b","0999ac65-c471-4666-b1cc-3bcabf43812c","ServicePrincipal",,,,,"User-Agent: Mozilla/5.0 (Windows NT 10.0; Win64; x64) AppleWebKit/537.36 (KHTML, like Gecko) Chrome/151.0.0.0 Safari/537.36; AppId: 00000003-0000-0000-c000-000000000000; ServicePrincipalProvisioningType: Other",""
"2026-08-11T23:37:13.6833061Z","Add app role assignment to service principal","Directory_4cefe8d3-5a6e-4606-91f9-9b2bab1ebd8d_P1RCV_11445016","Microsoft_AAD_RegisteredApps","ApplicationManagement","4cefe8d3-5a6e-4606-91f9-9b2bab1ebd8d","Core Directory","Assign","success","e1359286-d6c0-418b-9c27-8a84d6690331","Microsoft Graph","ServicePrincipal",,"AppRole.Id",,"""c7fbd983-d9aa-4fa7-84b8-17382c103bc4""","User-Agent: Mozilla/5.0 (Windows NT 10.0; Win64; x64) AppleWebKit/537.36 (KHTML, like Gecko) Chrome/151.0.0.0 Safari/537.36; AppId: 00000003-0000-0000-c000-000000000000; ServicePrincipalProvisioningType: Other",""
"2026-08-11T23:37:13.6833061Z","Add app role assignment to service principal","Directory_4cefe8d3-5a6e-4606-91f9-9b2bab1ebd8d_P1RCV_11445016","Microsoft_AAD_RegisteredApps","ApplicationManagement","4cefe8d3-5a6e-4606-91f9-9b2bab1ebd8d","Core Directory","Assign","success","e1359286-d6c0-418b-9c27-8a84d6690331","Microsoft Graph","ServicePrincipal",,"AppRole.Value",,"""RoleManagement.Read.All""","User-Agent: Mozilla/5.0 (Windows NT 10.0; Win64; x64) AppleWebKit/537.36 (KHTML, like Gecko) Chrome/151.0.0.0 Safari/537.36; AppId: 00000003-0000-0000-c000-000000000000; ServicePrincipalProvisioningType: Other",""
"2026-08-11T23:37:13.6833061Z","Add app role assignment to service principal","Directory_4cefe8d3-5a6e-4606-91f9-9b2bab1ebd8d_P1RCV_11445016","Microsoft_AAD_RegisteredApps","ApplicationManagement","4cefe8d3-5a6e-4606-91f9-9b2bab1ebd8d","Core Directory","Assign","success","e1359286-d6c0-418b-9c27-8a84d6690331","Microsoft Graph","ServicePrincipal",,"AppRole.DisplayName",,"""Read role management data for all RBAC providers""","User-Agent: Mozilla/5.0 (Windows NT 10.0; Win64; x64) AppleWebKit/537.36 (KHTML, like Gecko) Chrome/151.0.0.0 Safari/537.36; AppId: 00000003-0000-0000-c000-000000000000; ServicePrincipalProvisioningType: Other",""
"2026-08-11T23:37:13.6833061Z","Add app role assignment to service principal","Directory_4cefe8d3-5a6e-4606-91f9-9b2bab1ebd8d_P1RCV_11445016","Microsoft_AAD_RegisteredApps","ApplicationManagement","4cefe8d3-5a6e-4606-91f9-9b2bab1ebd8d","Core Directory","Assign","success","e1359286-d6c0-418b-9c27-8a84d6690331","Microsoft Graph","ServicePrincipal",,"AppRoleAssignment.CreatedDateTime",,"""2026-08-11T23:37:13.6023027Z""","User-Agent: Mozilla/5.0 (Windows NT 10.0; Win64; x64) AppleWebKit/537.36 (KHTML, like Gecko) Chrome/151.0.0.0 Safari/537.36; AppId: 00000003-0000-0000-c000-000000000000; ServicePrincipalProvisioningType: Other",""
"2026-08-11T23:37:13.6833061Z","Add app role assignment to service principal","Directory_4cefe8d3-5a6e-4606-91f9-9b2bab1ebd8d_P1RCV_11445016","Microsoft_AAD_RegisteredApps","ApplicationManagement","4cefe8d3-5a6e-4606-91f9-9b2bab1ebd8d","Core Directory","Assign","success","e1359286-d6c0-418b-9c27-8a84d6690331","Microsoft Graph","ServicePrincipal",,"AppRoleAssignment.LastModifiedDateTime",,"""2026-08-11T23:37:13.6023027Z""","User-Agent: Mozilla/5.0 (Windows NT 10.0; Win64; x64) AppleWebKit/537.36 (KHTML, like Gecko) Chrome/151.0.0.0 Safari/537.36; AppId: 00000003-0000-0000-c000-000000000000; ServicePrincipalProvisioningType: Other",""
"2026-08-11T23:37:13.6833061Z","Add app role assignment to service principal","Directory_4cefe8d3-5a6e-4606-91f9-9b2bab1ebd8d_P1RCV_11445016","Microsoft_AAD_RegisteredApps","ApplicationManagement","4cefe8d3-5a6e-4606-91f9-9b2bab1ebd8d","Core Directory","Assign","success","e1359286-d6c0-418b-9c27-8a84d6690331","Microsoft Graph","ServicePrincipal",,"ServicePrincipal.ObjectID",,"""2a2f7a01-589d-4a26-897f-9cc6481fe06b""","User-Agent: Mozilla/5.0 (Windows NT 10.0; Win64; x64) AppleWebKit/537.36 (KHTML, like Gecko) Chrome/151.0.0.0 Safari/537.36; AppId: 00000003-0000-0000-c000-000000000000; ServicePrincipalProvisioningType: Other",""
"2026-08-11T23:37:13.6833061Z","Add app role assignment to service principal","Directory_4cefe8d3-5a6e-4606-91f9-9b2bab1ebd8d_P1RCV_11445016","Microsoft_AAD_RegisteredApps","ApplicationManagement","4cefe8d3-5a6e-4606-91f9-9b2bab1ebd8d","Core Directory","Assign","success","e1359286-d6c0-418b-9c27-8a84d6690331","Microsoft Graph","ServicePrincipal",,"ServicePrincipal.DisplayName",,"""Microsoft Graph (Read Only)""","User-Agent: Mozilla/5.0 (Windows NT 10.0; Win64; x64) AppleWebKit/537.36 (KHTML, like Gecko) Chrome/151.0.0.0 Safari/537.36; AppId: 00000003-0000-0000-c000-000000000000; ServicePrincipalProvisioningType: Other",""
"2026-08-11T23:37:13.6833061Z","Add app role assignment to service principal","Directory_4cefe8d3-5a6e-4606-91f9-9b2bab1ebd8d_P1RCV_11445016","Microsoft_AAD_RegisteredApps","ApplicationManagement","4cefe8d3-5a6e-4606-91f9-9b2bab1ebd8d","Core Directory","Assign","success","e1359286-d6c0-418b-9c27-8a84d6690331","Microsoft Graph","ServicePrincipal",,"ServicePrincipal.AppId",,"""0999ac65-c471-4666-b1cc-3bcabf43812c""","User-Agent: Mozilla/5.0 (Windows NT 10.0; Win64; x64) AppleWebKit/537.36 (KHTML, like Gecko) Chrome/151.0.0.0 Safari/537.36; AppId: 00000003-0000-0000-c000-000000000000; ServicePrincipalProvisioningType: Other",""
"2026-08-11T23:37:13.6833061Z","Add app role assignment to service principal","Directory_4cefe8d3-5a6e-4606-91f9-9b2bab1ebd8d_P1RCV_11445016","Microsoft_AAD_RegisteredApps","ApplicationManagement","4cefe8d3-5a6e-4606-91f9-9b2bab1ebd8d","Core Directory","Assign","success","e1359286-d6c0-418b-9c27-8a84d6690331","Microsoft Graph","ServicePrincipal",,"ServicePrincipal.Name",,"""0999ac65-c471-4666-b1cc-3bcabf43812c""","User-Agent: Mozilla/5.0 (Windows NT 10.0; Win64; x64) AppleWebKit/537.36 (KHTML, like Gecko) Chrome/151.0.0.0 Safari/537.36; AppId: 00000003-0000-0000-c000-000000000000; ServicePrincipalProvisioningType: Other",""
"2026-08-11T23:37:13.6833061Z","Add app role assignment to service principal","Directory_4cefe8d3-5a6e-4606-91f9-9b2bab1ebd8d_P1RCV_11445016","Microsoft_AAD_RegisteredApps","ApplicationManagement","4cefe8d3-5a6e-4606-91f9-9b2bab1ebd8d","Core Directory","Assign","success","e1359286-d6c0-418b-9c27-8a84d6690331","Microsoft Graph","ServicePrincipal",,"TargetId.ServicePrincipalNames",,"""00000003-0000-0000-c000-000000000000;00000003-0000-0000-c000-000000000000/ags.windows.net;https://ags.windows.net;https://graph.microsoft.us;https://graph.microsoft.com;https://canary.graph.microsoft.com;https://graph.microsoft.com/;https://dod-graph.microsoft.us;https://dod-graph.microsoft.us/;https://graph.microsoft.us/;https://canary.graph.microsoft.com/""","User-Agent: Mozilla/5.0 (Windows NT 10.0; Win64; x64) AppleWebKit/537.36 (KHTML, like Gecko) Chrome/151.0.0.0 Safari/537.36; AppId: 00000003-0000-0000-c000-000000000000; ServicePrincipalProvisioningType: Other",""
"2026-08-11T23:37:13.6833061Z","Add app role assignment to service principal","Directory_4cefe8d3-5a6e-4606-91f9-9b2bab1ebd8d_P1RCV_11445016","Microsoft_AAD_RegisteredApps","ApplicationManagement","4cefe8d3-5a6e-4606-91f9-9b2bab1ebd8d","Core Directory","Assign","success","2a2f7a01-589d-4a26-897f-9cc6481fe06b","0999ac65-c471-4666-b1cc-3bcabf43812c","ServicePrincipal",,,,,"User-Agent: Mozilla/5.0 (Windows NT 10.0; Win64; x64) AppleWebKit/537.36 (KHTML, like Gecko) Chrome/151.0.0.0 Safari/537.36; AppId: 00000003-0000-0000-c000-000000000000; ServicePrincipalProvisioningType: Other",""
"2026-08-11T23:37:13.5734096Z","Add app role assignment to service principal","Directory_4cefe8d3-5a6e-4606-91f9-9b2bab1ebd8d_P1RCV_11444996","Microsoft_AAD_RegisteredApps","ApplicationManagement","4cefe8d3-5a6e-4606-91f9-9b2bab1ebd8d","Core Directory","Assign","success","e1359286-d6c0-418b-9c27-8a84d6690331","Microsoft Graph","ServicePrincipal",,"AppRole.Id",,"""230c1aed-a721-4c5d-9cb4-a90514e508ef""","User-Agent: Mozilla/5.0 (Windows NT 10.0; Win64; x64) AppleWebKit/537.36 (KHTML, like Gecko) Chrome/151.0.0.0 Safari/537.36; AppId: 00000003-0000-0000-c000-000000000000; ServicePrincipalProvisioningType: Other",""
"2026-08-11T23:37:13.5734096Z","Add app role assignment to service principal","Directory_4cefe8d3-5a6e-4606-91f9-9b2bab1ebd8d_P1RCV_11444996","Microsoft_AAD_RegisteredApps","ApplicationManagement","4cefe8d3-5a6e-4606-91f9-9b2bab1ebd8d","Core Directory","Assign","success","e1359286-d6c0-418b-9c27-8a84d6690331","Microsoft Graph","ServicePrincipal",,"AppRole.Value",,"""Reports.Read.All""","User-Agent: Mozilla/5.0 (Windows NT 10.0; Win64; x64) AppleWebKit/537.36 (KHTML, like Gecko) Chrome/151.0.0.0 Safari/537.36; AppId: 00000003-0000-0000-c000-000000000000; ServicePrincipalProvisioningType: Other",""
"2026-08-11T23:37:13.5734096Z","Add app role assignment to service principal","Directory_4cefe8d3-5a6e-4606-91f9-9b2bab1ebd8d_P1RCV_11444996","Microsoft_AAD_RegisteredApps","ApplicationManagement","4cefe8d3-5a6e-4606-91f9-9b2bab1ebd8d","Core Directory","Assign","success","e1359286-d6c0-418b-9c27-8a84d6690331","Microsoft Graph","ServicePrincipal",,"AppRole.DisplayName",,"""Read all usage reports""","User-Agent: Mozilla/5.0 (Windows NT 10.0; Win64; x64) AppleWebKit/537.36 (KHTML, like Gecko) Chrome/151.0.0.0 Safari/537.36; AppId: 00000003-0000-0000-c000-000000000000; ServicePrincipalProvisioningType: Other",""
"2026-08-11T23:37:13.5734096Z","Add app role assignment to service principal","Directory_4cefe8d3-5a6e-4606-91f9-9b2bab1ebd8d_P1RCV_11444996","Microsoft_AAD_RegisteredApps","ApplicationManagement","4cefe8d3-5a6e-4606-91f9-9b2bab1ebd8d","Core Directory","Assign","success","e1359286-d6c0-418b-9c27-8a84d6690331","Microsoft Graph","ServicePrincipal",,"AppRoleAssignment.CreatedDateTime",,"""2026-08-11T23:37:13.4893065Z""","User-Agent: Mozilla/5.0 (Windows NT 10.0; Win64; x64) AppleWebKit/537.36 (KHTML, like Gecko) Chrome/151.0.0.0 Safari/537.36; AppId: 00000003-0000-0000-c000-000000000000; ServicePrincipalProvisioningType: Other",""
"2026-08-11T23:37:13.5734096Z","Add app role assignment to service principal","Directory_4cefe8d3-5a6e-4606-91f9-9b2bab1ebd8d_P1RCV_11444996","Microsoft_AAD_RegisteredApps","ApplicationManagement","4cefe8d3-5a6e-4606-91f9-9b2bab1ebd8d","Core Directory","Assign","success","e1359286-d6c0-418b-9c27-8a84d6690331","Microsoft Graph","ServicePrincipal",,"AppRoleAssignment.LastModifiedDateTime",,"""2026-08-11T23:37:13.4893065Z""","User-Agent: Mozilla/5.0 (Windows NT 10.0; Win64; x64) AppleWebKit/537.36 (KHTML, like Gecko) Chrome/151.0.0.0 Safari/537.36; AppId: 00000003-0000-0000-c000-000000000000; ServicePrincipalProvisioningType: Other",""
"2026-08-11T23:37:13.5734096Z","Add app role assignment to service principal","Directory_4cefe8d3-5a6e-4606-91f9-9b2bab1ebd8d_P1RCV_11444996","Microsoft_AAD_RegisteredApps","ApplicationManagement","4cefe8d3-5a6e-4606-91f9-9b2bab1ebd8d","Core Directory","Assign","success","e1359286-d6c0-418b-9c27-8a84d6690331","Microsoft Graph","ServicePrincipal",,"ServicePrincipal.ObjectID",,"""2a2f7a01-589d-4a26-897f-9cc6481fe06b""","User-Agent: Mozilla/5.0 (Windows NT 10.0; Win64; x64) AppleWebKit/537.36 (KHTML, like Gecko) Chrome/151.0.0.0 Safari/537.36; AppId: 00000003-0000-0000-c000-000000000000; ServicePrincipalProvisioningType: Other",""
"2026-08-11T23:37:13.5734096Z","Add app role assignment to service principal","Directory_4cefe8d3-5a6e-4606-91f9-9b2bab1ebd8d_P1RCV_11444996","Microsoft_AAD_RegisteredApps","ApplicationManagement","4cefe8d3-5a6e-4606-91f9-9b2bab1ebd8d","Core Directory","Assign","success","e1359286-d6c0-418b-9c27-8a84d6690331","Microsoft Graph","ServicePrincipal",,"ServicePrincipal.DisplayName",,"""Microsoft Graph (Read Only)""","User-Agent: Mozilla/5.0 (Windows NT 10.0; Win64; x64) AppleWebKit/537.36 (KHTML, like Gecko) Chrome/151.0.0.0 Safari/537.36; AppId: 00000003-0000-0000-c000-000000000000; ServicePrincipalProvisioningType: Other",""
"2026-08-11T23:37:13.5734096Z","Add app role assignment to service principal","Directory_4cefe8d3-5a6e-4606-91f9-9b2bab1ebd8d_P1RCV_11444996","Microsoft_AAD_RegisteredApps","ApplicationManagement","4cefe8d3-5a6e-4606-91f9-9b2bab1ebd8d","Core Directory","Assign","success","e1359286-d6c0-418b-9c27-8a84d6690331","Microsoft Graph","ServicePrincipal",,"ServicePrincipal.AppId",,"""0999ac65-c471-4666-b1cc-3bcabf43812c""","User-Agent: Mozilla/5.0 (Windows NT 10.0; Win64; x64) AppleWebKit/537.36 (KHTML, like Gecko) Chrome/151.0.0.0 Safari/537.36; AppId: 00000003-0000-0000-c000-000000000000; ServicePrincipalProvisioningType: Other",""
"2026-08-11T23:37:13.5734096Z","Add app role assignment to service principal","Directory_4cefe8d3-5a6e-4606-91f9-9b2bab1ebd8d_P1RCV_11444996","Microsoft_AAD_RegisteredApps","ApplicationManagement","4cefe8d3-5a6e-4606-91f9-9b2bab1ebd8d","Core Directory","Assign","success","e1359286-d6c0-418b-9c27-8a84d6690331","Microsoft Graph","ServicePrincipal",,"ServicePrincipal.Name",,"""0999ac65-c471-4666-b1cc-3bcabf43812c""","User-Agent: Mozilla/5.0 (Windows NT 10.0; Win64; x64) AppleWebKit/537.36 (KHTML, like Gecko) Chrome/151.0.0.0 Safari/537.36; AppId: 00000003-0000-0000-c000-000000000000; ServicePrincipalProvisioningType: Other",""
"2026-08-11T23:37:13.5734096Z","Add app role assignment to service principal","Directory_4cefe8d3-5a6e-4606-91f9-9b2bab1ebd8d_P1RCV_11444996","Microsoft_AAD_RegisteredApps","ApplicationManagement","4cefe8d3-5a6e-4606-91f9-9b2bab1ebd8d","Core Directory","Assign","success","e1359286-d6c0-418b-9c27-8a84d6690331","Microsoft Graph","ServicePrincipal",,"TargetId.ServicePrincipalNames",,"""00000003-0000-0000-c000-000000000000;00000003-0000-0000-c000-000000000000/ags.windows.net;https://ags.windows.net;https://graph.microsoft.us;https://graph.microsoft.com;https://canary.graph.microsoft.com;https://graph.microsoft.com/;https://dod-graph.microsoft.us;https://dod-graph.microsoft.us/;https://graph.microsoft.us/;https://canary.graph.microsoft.com/""","User-Agent: Mozilla/5.0 (Windows NT 10.0; Win64; x64) AppleWebKit/537.36 (KHTML, like Gecko) Chrome/151.0.0.0 Safari/537.36; AppId: 00000003-0000-0000-c000-000000000000; ServicePrincipalProvisioningType: Other",""
"2026-08-11T23:37:13.5734096Z","Add app role assignment to service principal","Directory_4cefe8d3-5a6e-4606-91f9-9b2bab1ebd8d_P1RCV_11444996","Microsoft_AAD_RegisteredApps","ApplicationManagement","4cefe8d3-5a6e-4606-91f9-9b2bab1ebd8d","Core Directory","Assign","success","2a2f7a01-589d-4a26-897f-9cc6481fe06b","0999ac65-c471-4666-b1cc-3bcabf43812c","ServicePrincipal",,,,,"User-Agent: Mozilla/5.0 (Windows NT 10.0; Win64; x64) AppleWebKit/537.36 (KHTML, like Gecko) Chrome/151.0.0.0 Safari/537.36; AppId: 00000003-0000-0000-c000-000000000000; ServicePrincipalProvisioningType: Other",""
"2026-08-11T23:37:13.4593047Z","Add app role assignment to service principal","Directory_4cefe8d3-5a6e-4606-91f9-9b2bab1ebd8d_P1RCV_11444976","Microsoft_AAD_RegisteredApps","ApplicationManagement","4cefe8d3-5a6e-4606-91f9-9b2bab1ebd8d","Core Directory","Assign","success","e1359286-d6c0-418b-9c27-8a84d6690331","Microsoft Graph","ServicePrincipal",,"AppRole.Id",,"""246dd0d5-5bd0-4def-940b-0421030a5b68""","User-Agent: Mozilla/5.0 (Windows NT 10.0; Win64; x64) AppleWebKit/537.36 (KHTML, like Gecko) Chrome/151.0.0.0 Safari/537.36; AppId: 00000003-0000-0000-c000-000000000000; ServicePrincipalProvisioningType: Other",""
"2026-08-11T23:37:13.4593047Z","Add app role assignment to service principal","Directory_4cefe8d3-5a6e-4606-91f9-9b2bab1ebd8d_P1RCV_11444976","Microsoft_AAD_RegisteredApps","ApplicationManagement","4cefe8d3-5a6e-4606-91f9-9b2bab1ebd8d","Core Directory","Assign","success","e1359286-d6c0-418b-9c27-8a84d6690331","Microsoft Graph","ServicePrincipal",,"AppRole.Value",,"""Policy.Read.All""","User-Agent: Mozilla/5.0 (Windows NT 10.0; Win64; x64) AppleWebKit/537.36 (KHTML, like Gecko) Chrome/151.0.0.0 Safari/537.36; AppId: 00000003-0000-0000-c000-000000000000; ServicePrincipalProvisioningType: Other",""
"2026-08-11T23:37:13.4593047Z","Add app role assignment to service principal","Directory_4cefe8d3-5a6e-4606-91f9-9b2bab1ebd8d_P1RCV_11444976","Microsoft_AAD_RegisteredApps","ApplicationManagement","4cefe8d3-5a6e-4606-91f9-9b2bab1ebd8d","Core Directory","Assign","success","e1359286-d6c0-418b-9c27-8a84d6690331","Microsoft Graph","ServicePrincipal",,"AppRole.DisplayName",,"""Read your organization's policies""","User-Agent: Mozilla/5.0 (Windows NT 10.0; Win64; x64) AppleWebKit/537.36 (KHTML, like Gecko) Chrome/151.0.0.0 Safari/537.36; AppId: 00000003-0000-0000-c000-000000000000; ServicePrincipalProvisioningType: Other",""
"2026-08-11T23:37:13.4593047Z","Add app role assignment to service principal","Directory_4cefe8d3-5a6e-4606-91f9-9b2bab1ebd8d_P1RCV_11444976","Microsoft_AAD_RegisteredApps","ApplicationManagement","4cefe8d3-5a6e-4606-91f9-9b2bab1ebd8d","Core Directory","Assign","success","e1359286-d6c0-418b-9c27-8a84d6690331","Microsoft Graph","ServicePrincipal",,"AppRoleAssignment.CreatedDateTime",,"""2026-08-11T23:37:13.3773075Z""","User-Agent: Mozilla/5.0 (Windows NT 10.0; Win64; x64) AppleWebKit/537.36 (KHTML, like Gecko) Chrome/151.0.0.0 Safari/537.36; AppId: 00000003-0000-0000-c000-000000000000; ServicePrincipalProvisioningType: Other",""
"2026-08-11T23:37:13.4593047Z","Add app role assignment to service principal","Directory_4cefe8d3-5a6e-4606-91f9-9b2bab1ebd8d_P1RCV_11444976","Microsoft_AAD_RegisteredApps","ApplicationManagement","4cefe8d3-5a6e-4606-91f9-9b2bab1ebd8d","Core Directory","Assign","success","e1359286-d6c0-418b-9c27-8a84d6690331","Microsoft Graph","ServicePrincipal",,"AppRoleAssignment.LastModifiedDateTime",,"""2026-08-11T23:37:13.3773075Z""","User-Agent: Mozilla/5.0 (Windows NT 10.0; Win64; x64) AppleWebKit/537.36 (KHTML, like Gecko) Chrome/151.0.0.0 Safari/537.36; AppId: 00000003-0000-0000-c000-000000000000; ServicePrincipalProvisioningType: Other",""
"2026-08-11T23:37:13.4593047Z","Add app role assignment to service principal","Directory_4cefe8d3-5a6e-4606-91f9-9b2bab1ebd8d_P1RCV_11444976","Microsoft_AAD_RegisteredApps","ApplicationManagement","4cefe8d3-5a6e-4606-91f9-9b2bab1ebd8d","Core Directory","Assign","success","e1359286-d6c0-418b-9c27-8a84d6690331","Microsoft Graph","ServicePrincipal",,"ServicePrincipal.ObjectID",,"""2a2f7a01-589d-4a26-897f-9cc6481fe06b""","User-Agent: Mozilla/5.0 (Windows NT 10.0; Win64; x64) AppleWebKit/537.36 (KHTML, like Gecko) Chrome/151.0.0.0 Safari/537.36; AppId: 00000003-0000-0000-c000-000000000000; ServicePrincipalProvisioningType: Other",""
"2026-08-11T23:37:13.4593047Z","Add app role assignment to service principal","Directory_4cefe8d3-5a6e-4606-91f9-9b2bab1ebd8d_P1RCV_11444976","Microsoft_AAD_RegisteredApps","ApplicationManagement","4cefe8d3-5a6e-4606-91f9-9b2bab1ebd8d","Core Directory","Assign","success","e1359286-d6c0-418b-9c27-8a84d6690331","Microsoft Graph","ServicePrincipal",,"ServicePrincipal.DisplayName",,"""Microsoft Graph (Read Only)""","User-Agent: Mozilla/5.0 (Windows NT 10.0; Win64; x64) AppleWebKit/537.36 (KHTML, like Gecko) Chrome/151.0.0.0 Safari/537.36; AppId: 00000003-0000-0000-c000-000000000000; ServicePrincipalProvisioningType: Other",""
"2026-08-11T23:37:13.4593047Z","Add app role assignment to service principal","Directory_4cefe8d3-5a6e-4606-91f9-9b2bab1ebd8d_P1RCV_11444976","Microsoft_AAD_RegisteredApps","ApplicationManagement","4cefe8d3-5a6e-4606-91f9-9b2bab1ebd8d","Core Directory","Assign","success","e1359286-d6c0-418b-9c27-8a84d6690331","Microsoft Graph","ServicePrincipal",,"ServicePrincipal.AppId",,"""0999ac65-c471-4666-b1cc-3bcabf43812c""","User-Agent: Mozilla/5.0 (Windows NT 10.0; Win64; x64) AppleWebKit/537.36 (KHTML, like Gecko) Chrome/151.0.0.0 Safari/537.36; AppId: 00000003-0000-0000-c000-000000000000; ServicePrincipalProvisioningType: Other",""
"2026-08-11T23:37:13.4593047Z","Add app role assignment to service principal","Directory_4cefe8d3-5a6e-4606-91f9-9b2bab1ebd8d_P1RCV_11444976","Microsoft_AAD_RegisteredApps","ApplicationManagement","4cefe8d3-5a6e-4606-91f9-9b2bab1ebd8d","Core Directory","Assign","success","e1359286-d6c0-418b-9c27-8a84d6690331","Microsoft Graph","ServicePrincipal",,"ServicePrincipal.Name",,"""0999ac65-c471-4666-b1cc-3bcabf43812c""","User-Agent: Mozilla/5.0 (Windows NT 10.0; Win64; x64) AppleWebKit/537.36 (KHTML, like Gecko) Chrome/151.0.0.0 Safari/537.36; AppId: 00000003-0000-0000-c000-000000000000; ServicePrincipalProvisioningType: Other",""
"2026-08-11T23:37:13.4593047Z","Add app role assignment to service principal","Directory_4cefe8d3-5a6e-4606-91f9-9b2bab1ebd8d_P1RCV_11444976","Microsoft_AAD_RegisteredApps","ApplicationManagement","4cefe8d3-5a6e-4606-91f9-9b2bab1ebd8d","Core Directory","Assign","success","e1359286-d6c0-418b-9c27-8a84d6690331","Microsoft Graph","ServicePrincipal",,"TargetId.ServicePrincipalNames",,"""00000003-0000-0000-c000-000000000000;00000003-0000-0000-c000-000000000000/ags.windows.net;https://ags.windows.net;https://graph.microsoft.us;https://graph.microsoft.com;https://canary.graph.microsoft.com;https://graph.microsoft.com/;https://dod-graph.microsoft.us;https://dod-graph.microsoft.us/;https://graph.microsoft.us/;https://canary.graph.microsoft.com/""","User-Agent: Mozilla/5.0 (Windows NT 10.0; Win64; x64) AppleWebKit/537.36 (KHTML, like Gecko) Chrome/151.0.0.0 Safari/537.36; AppId: 00000003-0000-0000-c000-000000000000; ServicePrincipalProvisioningType: Other",""
"2026-08-11T23:37:13.4593047Z","Add app role assignment to service principal","Directory_4cefe8d3-5a6e-4606-91f9-9b2bab1ebd8d_P1RCV_11444976","Microsoft_AAD_RegisteredApps","ApplicationManagement","4cefe8d3-5a6e-4606-91f9-9b2bab1ebd8d","Core Directory","Assign","success","2a2f7a01-589d-4a26-897f-9cc6481fe06b","0999ac65-c471-4666-b1cc-3bcabf43812c","ServicePrincipal",,,,,"User-Agent: Mozilla/5.0 (Windows NT 10.0; Win64; x64) AppleWebKit/537.36 (KHTML, like Gecko) Chrome/151.0.0.0 Safari/537.36; AppId: 00000003-0000-0000-c000-000000000000; ServicePrincipalProvisioningType: Other",""
"2026-08-11T23:37:13.3473052Z","Add app role assignment to service principal","Directory_4cefe8d3-5a6e-4606-91f9-9b2bab1ebd8d_P1RCV_11444956","Microsoft_AAD_RegisteredApps","ApplicationManagement","4cefe8d3-5a6e-4606-91f9-9b2bab1ebd8d","Core Directory","Assign","success","e1359286-d6c0-418b-9c27-8a84d6690331","Microsoft Graph","ServicePrincipal",,"AppRole.Id",,"""40f97065-369a-49f4-947c-6a255697ae91""","User-Agent: Mozilla/5.0 (Windows NT 10.0; Win64; x64) AppleWebKit/537.36 (KHTML, like Gecko) Chrome/151.0.0.0 Safari/537.36; AppId: 00000003-0000-0000-c000-000000000000; ServicePrincipalProvisioningType: Other",""
"2026-08-11T23:37:13.3473052Z","Add app role assignment to service principal","Directory_4cefe8d3-5a6e-4606-91f9-9b2bab1ebd8d_P1RCV_11444956","Microsoft_AAD_RegisteredApps","ApplicationManagement","4cefe8d3-5a6e-4606-91f9-9b2bab1ebd8d","Core Directory","Assign","success","e1359286-d6c0-418b-9c27-8a84d6690331","Microsoft Graph","ServicePrincipal",,"AppRole.Value",,"""MailboxSettings.Read""","User-Agent: Mozilla/5.0 (Windows NT 10.0; Win64; x64) AppleWebKit/537.36 (KHTML, like Gecko) Chrome/151.0.0.0 Safari/537.36; AppId: 00000003-0000-0000-c000-000000000000; ServicePrincipalProvisioningType: Other",""
"2026-08-11T23:37:13.3473052Z","Add app role assignment to service principal","Directory_4cefe8d3-5a6e-4606-91f9-9b2bab1ebd8d_P1RCV_11444956","Microsoft_AAD_RegisteredApps","ApplicationManagement","4cefe8d3-5a6e-4606-91f9-9b2bab1ebd8d","Core Directory","Assign","success","e1359286-d6c0-418b-9c27-8a84d6690331","Microsoft Graph","ServicePrincipal",,"AppRole.DisplayName",,"""Read all user mailbox settings""","User-Agent: Mozilla/5.0 (Windows NT 10.0; Win64; x64) AppleWebKit/537.36 (KHTML, like Gecko) Chrome/151.0.0.0 Safari/537.36; AppId: 00000003-0000-0000-c000-000000000000; ServicePrincipalProvisioningType: Other",""
"2026-08-11T23:37:13.3473052Z","Add app role assignment to service principal","Directory_4cefe8d3-5a6e-4606-91f9-9b2bab1ebd8d_P1RCV_11444956","Microsoft_AAD_RegisteredApps","ApplicationManagement","4cefe8d3-5a6e-4606-91f9-9b2bab1ebd8d","Core Directory","Assign","success","e1359286-d6c0-418b-9c27-8a84d6690331","Microsoft Graph","ServicePrincipal",,"AppRoleAssignment.CreatedDateTime",,"""2026-08-11T23:37:13.2593041Z""","User-Agent: Mozilla/5.0 (Windows NT 10.0; Win64; x64) AppleWebKit/537.36 (KHTML, like Gecko) Chrome/151.0.0.0 Safari/537.36; AppId: 00000003-0000-0000-c000-000000000000; ServicePrincipalProvisioningType: Other",""
"2026-08-11T23:37:13.3473052Z","Add app role assignment to service principal","Directory_4cefe8d3-5a6e-4606-91f9-9b2bab1ebd8d_P1RCV_11444956","Microsoft_AAD_RegisteredApps","ApplicationManagement","4cefe8d3-5a6e-4606-91f9-9b2bab1ebd8d","Core Directory","Assign","success","e1359286-d6c0-418b-9c27-8a84d6690331","Microsoft Graph","ServicePrincipal",,"AppRoleAssignment.LastModifiedDateTime",,"""2026-08-11T23:37:13.2593041Z""","User-Agent: Mozilla/5.0 (Windows NT 10.0; Win64; x64) AppleWebKit/537.36 (KHTML, like Gecko) Chrome/151.0.0.0 Safari/537.36; AppId: 00000003-0000-0000-c000-000000000000; ServicePrincipalProvisioningType: Other",""
"2026-08-11T23:37:13.3473052Z","Add app role assignment to service principal","Directory_4cefe8d3-5a6e-4606-91f9-9b2bab1ebd8d_P1RCV_11444956","Microsoft_AAD_RegisteredApps","ApplicationManagement","4cefe8d3-5a6e-4606-91f9-9b2bab1ebd8d","Core Directory","Assign","success","e1359286-d6c0-418b-9c27-8a84d6690331","Microsoft Graph","ServicePrincipal",,"ServicePrincipal.ObjectID",,"""2a2f7a01-589d-4a26-897f-9cc6481fe06b""","User-Agent: Mozilla/5.0 (Windows NT 10.0; Win64; x64) AppleWebKit/537.36 (KHTML, like Gecko) Chrome/151.0.0.0 Safari/537.36; AppId: 00000003-0000-0000-c000-000000000000; ServicePrincipalProvisioningType: Other",""
"2026-08-11T23:37:13.3473052Z","Add app role assignment to service principal","Directory_4cefe8d3-5a6e-4606-91f9-9b2bab1ebd8d_P1RCV_11444956","Microsoft_AAD_RegisteredApps","ApplicationManagement","4cefe8d3-5a6e-4606-91f9-9b2bab1ebd8d","Core Directory","Assign","success","e1359286-d6c0-418b-9c27-8a84d6690331","Microsoft Graph","ServicePrincipal",,"ServicePrincipal.DisplayName",,"""Microsoft Graph (Read Only)""","User-Agent: Mozilla/5.0 (Windows NT 10.0; Win64; x64) AppleWebKit/537.36 (KHTML, like Gecko) Chrome/151.0.0.0 Safari/537.36; AppId: 00000003-0000-0000-c000-000000000000; ServicePrincipalProvisioningType: Other",""
"2026-08-11T23:37:13.3473052Z","Add app role assignment to service principal","Directory_4cefe8d3-5a6e-4606-91f9-9b2bab1ebd8d_P1RCV_11444956","Microsoft_AAD_RegisteredApps","ApplicationManagement","4cefe8d3-5a6e-4606-91f9-9b2bab1ebd8d","Core Directory","Assign","success","e1359286-d6c0-418b-9c27-8a84d6690331","Microsoft Graph","ServicePrincipal",,"ServicePrincipal.AppId",,"""0999ac65-c471-4666-b1cc-3bcabf43812c""","User-Agent: Mozilla/5.0 (Windows NT 10.0; Win64; x64) AppleWebKit/537.36 (KHTML, like Gecko) Chrome/151.0.0.0 Safari/537.36; AppId: 00000003-0000-0000-c000-000000000000; ServicePrincipalProvisioningType: Other",""
"2026-08-11T23:37:13.3473052Z","Add app role assignment to service principal","Directory_4cefe8d3-5a6e-4606-91f9-9b2bab1ebd8d_P1RCV_11444956","Microsoft_AAD_RegisteredApps","ApplicationManagement","4cefe8d3-5a6e-4606-91f9-9b2bab1ebd8d","Core Directory","Assign","success","e1359286-d6c0-418b-9c27-8a84d6690331","Microsoft Graph","ServicePrincipal",,"ServicePrincipal.Name",,"""0999ac65-c471-4666-b1cc-3bcabf43812c""","User-Agent: Mozilla/5.0 (Windows NT 10.0; Win64; x64) AppleWebKit/537.36 (KHTML, like Gecko) Chrome/151.0.0.0 Safari/537.36; AppId: 00000003-0000-0000-c000-000000000000; ServicePrincipalProvisioningType: Other",""
"2026-08-11T23:37:13.3473052Z","Add app role assignment to service principal","Directory_4cefe8d3-5a6e-4606-91f9-9b2bab1ebd8d_P1RCV_11444956","Microsoft_AAD_RegisteredApps","ApplicationManagement","4cefe8d3-5a6e-4606-91f9-9b2bab1ebd8d","Core Directory","Assign","success","e1359286-d6c0-418b-9c27-8a84d6690331","Microsoft Graph","ServicePrincipal",,"TargetId.ServicePrincipalNames",,"""00000003-0000-0000-c000-000000000000;00000003-0000-0000-c000-000000000000/ags.windows.net;https://ags.windows.net;https://graph.microsoft.us;https://graph.microsoft.com;https://canary.graph.microsoft.com;https://graph.microsoft.com/;https://dod-graph.microsoft.us;https://dod-graph.microsoft.us/;https://graph.microsoft.us/;https://canary.graph.microsoft.com/""","User-Agent: Mozilla/5.0 (Windows NT 10.0; Win64; x64) AppleWebKit/537.36 (KHTML, like Gecko) Chrome/151.0.0.0 Safari/537.36; AppId: 00000003-0000-0000-c000-000000000000; ServicePrincipalProvisioningType: Other",""
"2026-08-11T23:37:13.3473052Z","Add app role assignment to service principal","Directory_4cefe8d3-5a6e-4606-91f9-9b2bab1ebd8d_P1RCV_11444956","Microsoft_AAD_RegisteredApps","ApplicationManagement","4cefe8d3-5a6e-4606-91f9-9b2bab1ebd8d","Core Directory","Assign","success","2a2f7a01-589d-4a26-897f-9cc6481fe06b","0999ac65-c471-4666-b1cc-3bcabf43812c","ServicePrincipal",,,,,"User-Agent: Mozilla/5.0 (Windows NT 10.0; Win64; x64) AppleWebKit/537.36 (KHTML, like Gecko) Chrome/151.0.0.0 Safari/537.36; AppId: 00000003-0000-0000-c000-000000000000; ServicePrincipalProvisioningType: Other",""
"2026-08-11T23:37:13.2293055Z","Add app role assignment to service principal","Directory_4cefe8d3-5a6e-4606-91f9-9b2bab1ebd8d_P1RCV_11444936","Microsoft_AAD_RegisteredApps","ApplicationManagement","4cefe8d3-5a6e-4606-91f9-9b2bab1ebd8d","Core Directory","Assign","success","e1359286-d6c0-418b-9c27-8a84d6690331","Microsoft Graph","ServicePrincipal",,"AppRole.Id",,"""98830695-27a2-44f7-8c18-0c3ebc9698f6""","User-Agent: Mozilla/5.0 (Windows NT 10.0; Win64; x64) AppleWebKit/537.36 (KHTML, like Gecko) Chrome/151.0.0.0 Safari/537.36; AppId: 00000003-0000-0000-c000-000000000000; ServicePrincipalProvisioningType: Other",""
"2026-08-11T23:37:13.2293055Z","Add app role assignment to service principal","Directory_4cefe8d3-5a6e-4606-91f9-9b2bab1ebd8d_P1RCV_11444936","Microsoft_AAD_RegisteredApps","ApplicationManagement","4cefe8d3-5a6e-4606-91f9-9b2bab1ebd8d","Core Directory","Assign","success","e1359286-d6c0-418b-9c27-8a84d6690331","Microsoft Graph","ServicePrincipal",,"AppRole.Value",,"""GroupMember.Read.All""","User-Agent: Mozilla/5.0 (Windows NT 10.0; Win64; x64) AppleWebKit/537.36 (KHTML, like Gecko) Chrome/151.0.0.0 Safari/537.36; AppId: 00000003-0000-0000-c000-000000000000; ServicePrincipalProvisioningType: Other",""
"2026-08-11T23:37:13.2293055Z","Add app role assignment to service principal","Directory_4cefe8d3-5a6e-4606-91f9-9b2bab1ebd8d_P1RCV_11444936","Microsoft_AAD_RegisteredApps","ApplicationManagement","4cefe8d3-5a6e-4606-91f9-9b2bab1ebd8d","Core Directory","Assign","success","e1359286-d6c0-418b-9c27-8a84d6690331","Microsoft Graph","ServicePrincipal",,"AppRole.DisplayName",,"""Read all group memberships""","User-Agent: Mozilla/5.0 (Windows NT 10.0; Win64; x64) AppleWebKit/537.36 (KHTML, like Gecko) Chrome/151.0.0.0 Safari/537.36; AppId: 00000003-0000-0000-c000-000000000000; ServicePrincipalProvisioningType: Other",""
"2026-08-11T23:37:13.2293055Z","Add app role assignment to service principal","Directory_4cefe8d3-5a6e-4606-91f9-9b2bab1ebd8d_P1RCV_11444936","Microsoft_AAD_RegisteredApps","ApplicationManagement","4cefe8d3-5a6e-4606-91f9-9b2bab1ebd8d","Core Directory","Assign","success","e1359286-d6c0-418b-9c27-8a84d6690331","Microsoft Graph","ServicePrincipal",,"AppRoleAssignment.CreatedDateTime",,"""2026-08-11T23:37:13.1443055Z""","User-Agent: Mozilla/5.0 (Windows NT 10.0; Win64; x64) AppleWebKit/537.36 (KHTML, like Gecko) Chrome/151.0.0.0 Safari/537.36; AppId: 00000003-0000-0000-c000-000000000000; ServicePrincipalProvisioningType: Other",""
"2026-08-11T23:37:13.2293055Z","Add app role assignment to service principal","Directory_4cefe8d3-5a6e-4606-91f9-9b2bab1ebd8d_P1RCV_11444936","Microsoft_AAD_RegisteredApps","ApplicationManagement","4cefe8d3-5a6e-4606-91f9-9b2bab1ebd8d","Core Directory","Assign","success","e1359286-d6c0-418b-9c27-8a84d6690331","Microsoft Graph","ServicePrincipal",,"AppRoleAssignment.LastModifiedDateTime",,"""2026-08-11T23:37:13.1443055Z""","User-Agent: Mozilla/5.0 (Windows NT 10.0; Win64; x64) AppleWebKit/537.36 (KHTML, like Gecko) Chrome/151.0.0.0 Safari/537.36; AppId: 00000003-0000-0000-c000-000000000000; ServicePrincipalProvisioningType: Other",""
"2026-08-11T23:37:13.2293055Z","Add app role assignment to service principal","Directory_4cefe8d3-5a6e-4606-91f9-9b2bab1ebd8d_P1RCV_11444936","Microsoft_AAD_RegisteredApps","ApplicationManagement","4cefe8d3-5a6e-4606-91f9-9b2bab1ebd8d","Core Directory","Assign","success","e1359286-d6c0-418b-9c27-8a84d6690331","Microsoft Graph","ServicePrincipal",,"ServicePrincipal.ObjectID",,"""2a2f7a01-589d-4a26-897f-9cc6481fe06b""","User-Agent: Mozilla/5.0 (Windows NT 10.0; Win64; x64) AppleWebKit/537.36 (KHTML, like Gecko) Chrome/151.0.0.0 Safari/537.36; AppId: 00000003-0000-0000-c000-000000000000; ServicePrincipalProvisioningType: Other",""
"2026-08-11T23:37:13.2293055Z","Add app role assignment to service principal","Directory_4cefe8d3-5a6e-4606-91f9-9b2bab1ebd8d_P1RCV_11444936","Microsoft_AAD_RegisteredApps","ApplicationManagement","4cefe8d3-5a6e-4606-91f9-9b2bab1ebd8d","Core Directory","Assign","success","e1359286-d6c0-418b-9c27-8a84d6690331","Microsoft Graph","ServicePrincipal",,"ServicePrincipal.DisplayName",,"""Microsoft Graph (Read Only)""","User-Agent: Mozilla/5.0 (Windows NT 10.0; Win64; x64) AppleWebKit/537.36 (KHTML, like Gecko) Chrome/151.0.0.0 Safari/537.36; AppId: 00000003-0000-0000-c000-000000000000; ServicePrincipalProvisioningType: Other",""
"2026-08-11T23:37:13.2293055Z","Add app role assignment to service principal","Directory_4cefe8d3-5a6e-4606-91f9-9b2bab1ebd8d_P1RCV_11444936","Microsoft_AAD_RegisteredApps","ApplicationManagement","4cefe8d3-5a6e-4606-91f9-9b2bab1ebd8d","Core Directory","Assign","success","e1359286-d6c0-418b-9c27-8a84d6690331","Microsoft Graph","ServicePrincipal",,"ServicePrincipal.AppId",,"""0999ac65-c471-4666-b1cc-3bcabf43812c""","User-Agent: Mozilla/5.0 (Windows NT 10.0; Win64; x64) AppleWebKit/537.36 (KHTML, like Gecko) Chrome/151.0.0.0 Safari/537.36; AppId: 00000003-0000-0000-c000-000000000000; ServicePrincipalProvisioningType: Other",""
"2026-08-11T23:37:13.2293055Z","Add app role assignment to service principal","Directory_4cefe8d3-5a6e-4606-91f9-9b2bab1ebd8d_P1RCV_11444936","Microsoft_AAD_RegisteredApps","ApplicationManagement","4cefe8d3-5a6e-4606-91f9-9b2bab1ebd8d","Core Directory","Assign","success","e1359286-d6c0-418b-9c27-8a84d6690331","Microsoft Graph","ServicePrincipal",,"ServicePrincipal.Name",,"""0999ac65-c471-4666-b1cc-3bcabf43812c""","User-Agent: Mozilla/5.0 (Windows NT 10.0; Win64; x64) AppleWebKit/537.36 (KHTML, like Gecko) Chrome/151.0.0.0 Safari/537.36; AppId: 00000003-0000-0000-c000-000000000000; ServicePrincipalProvisioningType: Other",""
"2026-08-11T23:37:13.2293055Z","Add app role assignment to service principal","Directory_4cefe8d3-5a6e-4606-91f9-9b2bab1ebd8d_P1RCV_11444936","Microsoft_AAD_RegisteredApps","ApplicationManagement","4cefe8d3-5a6e-4606-91f9-9b2bab1ebd8d","Core Directory","Assign","success","e1359286-d6c0-418b-9c27-8a84d6690331","Microsoft Graph","ServicePrincipal",,"TargetId.ServicePrincipalNames",,"""00000003-0000-0000-c000-000000000000;00000003-0000-0000-c000-000000000000/ags.windows.net;https://ags.windows.net;https://graph.microsoft.us;https://graph.microsoft.com;https://canary.graph.microsoft.com;https://graph.microsoft.com/;https://dod-graph.microsoft.us;https://dod-graph.microsoft.us/;https://graph.microsoft.us/;https://canary.graph.microsoft.com/""","User-Agent: Mozilla/5.0 (Windows NT 10.0; Win64; x64) AppleWebKit/537.36 (KHTML, like Gecko) Chrome/151.0.0.0 Safari/537.36; AppId: 00000003-0000-0000-c000-000000000000; ServicePrincipalProvisioningType: Other",""
"2026-08-11T23:37:13.2293055Z","Add app role assignment to service principal","Directory_4cefe8d3-5a6e-4606-91f9-9b2bab1ebd8d_P1RCV_11444936","Microsoft_AAD_RegisteredApps","ApplicationManagement","4cefe8d3-5a6e-4606-91f9-9b2bab1ebd8d","Core Directory","Assign","success","2a2f7a01-589d-4a26-897f-9cc6481fe06b","0999ac65-c471-4666-b1cc-3bcabf43812c","ServicePrincipal",,,,,"User-Agent: Mozilla/5.0 (Windows NT 10.0; Win64; x64) AppleWebKit/537.36 (KHTML, like Gecko) Chrome/151.0.0.0 Safari/537.36; AppId: 00000003-0000-0000-c000-000000000000; ServicePrincipalProvisioningType: Other",""
"2026-08-11T23:37:13.1163071Z","Add app role assignment to service principal","Directory_4cefe8d3-5a6e-4606-91f9-9b2bab1ebd8d_P1RCV_11444873","Microsoft_AAD_RegisteredApps","ApplicationManagement","4cefe8d3-5a6e-4606-91f9-9b2bab1ebd8d","Core Directory","Assign","success","e1359286-d6c0-418b-9c27-8a84d6690331","Microsoft Graph","ServicePrincipal",,"AppRole.Id",,"""5b567255-7703-4780-807c-7be8301ae99b""","User-Agent: Mozilla/5.0 (Windows NT 10.0; Win64; x64) AppleWebKit/537.36 (KHTML, like Gecko) Chrome/151.0.0.0 Safari/537.36; AppId: 00000003-0000-0000-c000-000000000000; ServicePrincipalProvisioningType: Other",""
"2026-08-11T23:37:13.1163071Z","Add app role assignment to service principal","Directory_4cefe8d3-5a6e-4606-91f9-9b2bab1ebd8d_P1RCV_11444873","Microsoft_AAD_RegisteredApps","ApplicationManagement","4cefe8d3-5a6e-4606-91f9-9b2bab1ebd8d","Core Directory","Assign","success","e1359286-d6c0-418b-9c27-8a84d6690331","Microsoft Graph","ServicePrincipal",,"AppRole.Value",,"""Group.Read.All""","User-Agent: Mozilla/5.0 (Windows NT 10.0; Win64; x64) AppleWebKit/537.36 (KHTML, like Gecko) Chrome/151.0.0.0 Safari/537.36; AppId: 00000003-0000-0000-c000-000000000000; ServicePrincipalProvisioningType: Other",""
"2026-08-11T23:37:13.1163071Z","Add app role assignment to service principal","Directory_4cefe8d3-5a6e-4606-91f9-9b2bab1ebd8d_P1RCV_11444873","Microsoft_AAD_RegisteredApps","ApplicationManagement","4cefe8d3-5a6e-4606-91f9-9b2bab1ebd8d","Core Directory","Assign","success","e1359286-d6c0-418b-9c27-8a84d6690331","Microsoft Graph","ServicePrincipal",,"AppRole.DisplayName",,"""Read all groups""","User-Agent: Mozilla/5.0 (Windows NT 10.0; Win64; x64) AppleWebKit/537.36 (KHTML, like Gecko) Chrome/151.0.0.0 Safari/537.36; AppId: 00000003-0000-0000-c000-000000000000; ServicePrincipalProvisioningType: Other",""
"2026-08-11T23:37:13.1163071Z","Add app role assignment to service principal","Directory_4cefe8d3-5a6e-4606-91f9-9b2bab1ebd8d_P1RCV_11444873","Microsoft_AAD_RegisteredApps","ApplicationManagement","4cefe8d3-5a6e-4606-91f9-9b2bab1ebd8d","Core Directory","Assign","success","e1359286-d6c0-418b-9c27-8a84d6690331","Microsoft Graph","ServicePrincipal",,"AppRoleAssignment.CreatedDateTime",,"""2026-08-11T23:37:13.0243099Z""","User-Agent: Mozilla/5.0 (Windows NT 10.0; Win64; x64) AppleWebKit/537.36 (KHTML, like Gecko) Chrome/151.0.0.0 Safari/537.36; AppId: 00000003-0000-0000-c000-000000000000; ServicePrincipalProvisioningType: Other",""
"2026-08-11T23:37:13.1163071Z","Add app role assignment to service principal","Directory_4cefe8d3-5a6e-4606-91f9-9b2bab1ebd8d_P1RCV_11444873","Microsoft_AAD_RegisteredApps","ApplicationManagement","4cefe8d3-5a6e-4606-91f9-9b2bab1ebd8d","Core Directory","Assign","success","e1359286-d6c0-418b-9c27-8a84d6690331","Microsoft Graph","ServicePrincipal",,"AppRoleAssignment.LastModifiedDateTime",,"""2026-08-11T23:37:13.0243099Z""","User-Agent: Mozilla/5.0 (Windows NT 10.0; Win64; x64) AppleWebKit/537.36 (KHTML, like Gecko) Chrome/151.0.0.0 Safari/537.36; AppId: 00000003-0000-0000-c000-000000000000; ServicePrincipalProvisioningType: Other",""
"2026-08-11T23:37:13.1163071Z","Add app role assignment to service principal","Directory_4cefe8d3-5a6e-4606-91f9-9b2bab1ebd8d_P1RCV_11444873","Microsoft_AAD_RegisteredApps","ApplicationManagement","4cefe8d3-5a6e-4606-91f9-9b2bab1ebd8d","Core Directory","Assign","success","e1359286-d6c0-418b-9c27-8a84d6690331","Microsoft Graph","ServicePrincipal",,"ServicePrincipal.ObjectID",,"""2a2f7a01-589d-4a26-897f-9cc6481fe06b""","User-Agent: Mozilla/5.0 (Windows NT 10.0; Win64; x64) AppleWebKit/537.36 (KHTML, like Gecko) Chrome/151.0.0.0 Safari/537.36; AppId: 00000003-0000-0000-c000-000000000000; ServicePrincipalProvisioningType: Other",""
"2026-08-11T23:37:13.1163071Z","Add app role assignment to service principal","Directory_4cefe8d3-5a6e-4606-91f9-9b2bab1ebd8d_P1RCV_11444873","Microsoft_AAD_RegisteredApps","ApplicationManagement","4cefe8d3-5a6e-4606-91f9-9b2bab1ebd8d","Core Directory","Assign","success","e1359286-d6c0-418b-9c27-8a84d6690331","Microsoft Graph","ServicePrincipal",,"ServicePrincipal.DisplayName",,"""Microsoft Graph (Read Only)""","User-Agent: Mozilla/5.0 (Windows NT 10.0; Win64; x64) AppleWebKit/537.36 (KHTML, like Gecko) Chrome/151.0.0.0 Safari/537.36; AppId: 00000003-0000-0000-c000-000000000000; ServicePrincipalProvisioningType: Other",""
