"CreatedDateTime","UserDisplayName","UserPrincipalName","AppId","AppDisplayName","IpAddress","ClientApp","UserAgent","CorrelationId","IsInteractive","AuthenticationRequirement","EventStatus","DeviceDetail","Location","ConditionalAccessStatus","AppliedConditionalAccessPolicies","NetworkLocationDetails","AuthenticationDetails"
"2026-08-19T21:38:36Z","Patrick Kenny","pkenny@katzcapital.com","d7b530a4-7680-4c23-a8bf-c52c121d2e87","Microsoft Edge Enterprise New Tab Page","12.78.174.6","Browser","Mozilla/5.0 (Windows NT 10.0; Win64; x64) AppleWebKit/537.36 (KHTML, like Gecko) Chrome/151.0.0.0 Safari/537.36","6a862259-a474-4f8e-8475-a1ced37dc0ef","True","multiFactorAuthentication","errorCode: 0; failureReason: Other.; additionalDetails: MFA requirement satisfied by claim in the token","deviceId: ; displayName: ; operatingSystem: Windows10; browser: Chrome 151.0.0; isCompliant: False; isManaged: False; trustType: ","city: New York; state: New York; countryOrRegion: US; geoCoordinates: @{altitude=; latitude=40.70617; longitude=-74.0086}","success","ID: a08e9a43-c474-45ce-854f-67d0f7b3deec; DisplayName: Enable MFA - All Users; Result: success; ConditionsNotSatisfied: none; SessionControlsNotSatisfied: 
ID: b8e8a1ff-dfc9-4eff-8c45-e209f4e26e5b; DisplayName: KaztCap SSL VPN Access; Result: notApplied; ConditionsNotSatisfied: users; SessionControlsNotSatisfied: 
ID: c6569448-6b9b-4329-8356-6cdb035f7cf2; DisplayName: Enable MFA - bwadmin; Result: notApplied; ConditionsNotSatisfied: users; SessionControlsNotSatisfied: 
ID: 9dba74f8-0de6-406e-b38c-ba05ea657153; DisplayName: Microsoft-managed: Multifactor authentication for per-user multifactor authentication users; Result: notEnabled; ConditionsNotSatisfied: none; SessionControlsNotSatisfied: 
ID: 7249cafd-bd3b-4f0c-9f6a-de4933e0a484; DisplayName: Location Based Access - Block Outside US; Result: notApplied; ConditionsNotSatisfied: location,ipAddressSeenByAzureAD; SessionControlsNotSatisfied: 
ID: 2c6518a2-ced4-420b-99b2-7a01741512b8; DisplayName: Location Based Access - Allow Specific Countries; Result: notEnabled; ConditionsNotSatisfied: none; SessionControlsNotSatisfied: 
ID: e51298da-9965-4f54-be5a-a1bfa7391207; DisplayName: Microsoft-managed: Multifactor authentication and reauthentication for risky sign-ins; Result: notApplied; ConditionsNotSatisfied: users; SessionControlsNotSatisfied: 
ID: 3cc748c6-e739-4559-b56f-dc898b93b757; DisplayName: Brian Katz Travel Cayman - 12/21-12/28; Result: notEnabled; ConditionsNotSatisfied: none; SessionControlsNotSatisfied: 
ID: dbe24e2b-7971-4159-92e7-029febd9403a; DisplayName: Jeff Lenderman Travel BVI 3/13-3/19; Result: notEnabled; ConditionsNotSatisfied: none; SessionControlsNotSatisfied: 
ID: bda0d60a-c582-4d69-9d7e-f9166be26b08; DisplayName: Brian Katz - Costa Rica; Result: notEnabled; ConditionsNotSatisfied: none; SessionControlsNotSatisfied: 
ID: e4f6bd83-c762-4a93-9fb4-d77b558b5650; DisplayName: Devices - Enforce Device Compliance; Result: reportOnlyFailure; ConditionsNotSatisfied: none; SessionControlsNotSatisfied: 
ID: 46ddead8-098c-4325-bbeb-836e364f64b5; DisplayName: Sessions - Block Persistent Browser Sessions (Untrusted Locations); Result: reportOnlySuccess; ConditionsNotSatisfied: none; SessionControlsNotSatisfied: 
ID: 0149a225-4092-4a09-ab18-ae7c47c5deeb; DisplayName: Sessions - Enforce Sign-In Frequency; Result: reportOnlySuccess; ConditionsNotSatisfied: none; SessionControlsNotSatisfied: 
ID: 408cead8-caca-4de6-bf52-6f34130a6459; DisplayName: Microsoft-managed: Multifactor authentication for admins accessing Microsoft Admin Portals; Result: reportOnlyNotApplied; ConditionsNotSatisfied: application; SessionControlsNotSatisfied: 
ID: e00078dd-d389-4a8f-ba33-ac7b690a7ce3; DisplayName: Brian Katz Montreal 3/15 - 3/21; Result: reportOnlyNotApplied; ConditionsNotSatisfied: users; SessionControlsNotSatisfied: 
ID: da3712b4-2ee4-4d96-b702-9d73cb4e635a; DisplayName: Locations - Enforce Geo-IP Fencing; Result: reportOnlyNotApplied; ConditionsNotSatisfied: location,ipAddressSeenByAzureAD; SessionControlsNotSatisfied: 
ID: 7bd05172-0534-4c9a-a965-6e9370e281df; DisplayName: Protocols - Enforce Modern Authentication; Result: reportOnlyNotApplied; ConditionsNotSatisfied: clientType; SessionControlsNotSatisfied: 
ID: 6c493fe3-b17a-426e-af02-9f28f033239f; DisplayName: Sessions - Block Persistent Browser Sessions (Admins); Result: reportOnlyNotApplied; ConditionsNotSatisfied: users; SessionControlsNotSatisfied: 
ID: 77dbcd7f-566d-4b90-a928-edf2235d1c96; DisplayName: Users - Block Interactive Logins (Service Accounts); Result: reportOnlyNotApplied; ConditionsNotSatisfied: users; SessionControlsNotSatisfied: 
ID: 72f697df-0563-4339-8a40-3a0e56607bcb; DisplayName: Users - Restrict Admin Portal Access; Result: reportOnlyNotApplied; ConditionsNotSatisfied: application; SessionControlsNotSatisfied: ","networkType: namedNetwork; networkNames: Block Countries Per User Per Period","AuthenticationStepDateTime: 2026-08-19T21:38:36Z; AuthenticationMethod: Previously satisfied; AuthenticationMethodDetail: ; Succeeded: True; AuthenticationStepResultDetail: First factor requirement satisfied by claim in the token; AuthenticationStepRequirement: ;
AuthenticationStepDateTime: 2026-08-19T21:38:36Z; AuthenticationMethod: Previously satisfied; AuthenticationMethodDetail: ; Succeeded: True; AuthenticationStepResultDetail: MFA requirement satisfied by claim in the token; AuthenticationStepRequirement: ;"
"2026-08-19T21:34:57Z","Pineywoods Realty Admin","admin@pineywoodsrealtyfl.com","9199bf20-a13f-4107-85dc-02114787ef48","One Outlook Web","47.206.189.128","Browser","Mozilla/5.0 (Windows NT 10.0; Win64; x64) AppleWebKit/537.36 (KHTML, like Gecko) Chrome/150.0.0.0 Safari/537.36","f189665f-0327-f320-a101-d3b6fa39ba9f","True","multiFactorAuthentication","errorCode: 0; failureReason: Other.; additionalDetails: MFA requirement satisfied by claim in the token","deviceId: ; displayName: ; operatingSystem: Windows10; browser: Chrome 150.0.0; isCompliant: False; isManaged: False; trustType: ","city: Tampa; state: Florida; countryOrRegion: US; geoCoordinates: @{altitude=; latitude=27.94497; longitude=-82.44757}","success","ID: a08e9a43-c474-45ce-854f-67d0f7b3deec; DisplayName: Enable MFA - All Users; Result: success; ConditionsNotSatisfied: none; SessionControlsNotSatisfied: 
ID: b8e8a1ff-dfc9-4eff-8c45-e209f4e26e5b; DisplayName: KaztCap SSL VPN Access; Result: notApplied; ConditionsNotSatisfied: users; SessionControlsNotSatisfied: 
ID: 2c6518a2-ced4-420b-99b2-7a01741512b8; DisplayName: Location Based Access - Allow Specific Countries; Result: notEnabled; ConditionsNotSatisfied: none; SessionControlsNotSatisfied: 
ID: 9dba74f8-0de6-406e-b38c-ba05ea657153; DisplayName: Microsoft-managed: Multifactor authentication for per-user multifactor authentication users; Result: notEnabled; ConditionsNotSatisfied: none; SessionControlsNotSatisfied: 
ID: e51298da-9965-4f54-be5a-a1bfa7391207; DisplayName: Microsoft-managed: Multifactor authentication and reauthentication for risky sign-ins; Result: notApplied; ConditionsNotSatisfied: signInRisk; SessionControlsNotSatisfied: 
ID: c6569448-6b9b-4329-8356-6cdb035f7cf2; DisplayName: Enable MFA - bwadmin; Result: notApplied; ConditionsNotSatisfied: users; SessionControlsNotSatisfied: 
ID: 3cc748c6-e739-4559-b56f-dc898b93b757; DisplayName: Brian Katz Travel Cayman - 12/21-12/28; Result: notEnabled; ConditionsNotSatisfied: none; SessionControlsNotSatisfied: 
ID: 7249cafd-bd3b-4f0c-9f6a-de4933e0a484; DisplayName: Location Based Access - Block Outside US; Result: notApplied; ConditionsNotSatisfied: location,ipAddressSeenByAzureAD; SessionControlsNotSatisfied: 
ID: dbe24e2b-7971-4159-92e7-029febd9403a; DisplayName: Jeff Lenderman Travel BVI 3/13-3/19; Result: notEnabled; ConditionsNotSatisfied: none; SessionControlsNotSatisfied: 
ID: bda0d60a-c582-4d69-9d7e-f9166be26b08; DisplayName: Brian Katz - Costa Rica; Result: notEnabled; ConditionsNotSatisfied: none; SessionControlsNotSatisfied: 
ID: e4f6bd83-c762-4a93-9fb4-d77b558b5650; DisplayName: Devices - Enforce Device Compliance; Result: reportOnlyFailure; ConditionsNotSatisfied: none; SessionControlsNotSatisfied: 
ID: 46ddead8-098c-4325-bbeb-836e364f64b5; DisplayName: Sessions - Block Persistent Browser Sessions (Untrusted Locations); Result: reportOnlySuccess; ConditionsNotSatisfied: none; SessionControlsNotSatisfied: 
ID: 0149a225-4092-4a09-ab18-ae7c47c5deeb; DisplayName: Sessions - Enforce Sign-In Frequency; Result: reportOnlySuccess; ConditionsNotSatisfied: none; SessionControlsNotSatisfied: 
ID: 408cead8-caca-4de6-bf52-6f34130a6459; DisplayName: Microsoft-managed: Multifactor authentication for admins accessing Microsoft Admin Portals; Result: reportOnlyNotApplied; ConditionsNotSatisfied: application; SessionControlsNotSatisfied: 
ID: e00078dd-d389-4a8f-ba33-ac7b690a7ce3; DisplayName: Brian Katz Montreal 3/15 - 3/21; Result: reportOnlyNotApplied; ConditionsNotSatisfied: users; SessionControlsNotSatisfied: 
ID: da3712b4-2ee4-4d96-b702-9d73cb4e635a; DisplayName: Locations - Enforce Geo-IP Fencing; Result: reportOnlyNotApplied; ConditionsNotSatisfied: location,ipAddressSeenByAzureAD; SessionControlsNotSatisfied: 
ID: 7bd05172-0534-4c9a-a965-6e9370e281df; DisplayName: Protocols - Enforce Modern Authentication; Result: reportOnlyNotApplied; ConditionsNotSatisfied: clientType; SessionControlsNotSatisfied: 
ID: 6c493fe3-b17a-426e-af02-9f28f033239f; DisplayName: Sessions - Block Persistent Browser Sessions (Admins); Result: reportOnlyNotApplied; ConditionsNotSatisfied: users; SessionControlsNotSatisfied: 
ID: 77dbcd7f-566d-4b90-a928-edf2235d1c96; DisplayName: Users - Block Interactive Logins (Service Accounts); Result: reportOnlyNotApplied; ConditionsNotSatisfied: users; SessionControlsNotSatisfied: 
ID: 72f697df-0563-4339-8a40-3a0e56607bcb; DisplayName: Users - Restrict Admin Portal Access; Result: reportOnlyNotApplied; ConditionsNotSatisfied: application; SessionControlsNotSatisfied: ","networkType: namedNetwork; networkNames: Block Countries Per User Per Period","AuthenticationStepDateTime: 2026-08-19T21:34:57Z; AuthenticationMethod: Previously satisfied; AuthenticationMethodDetail: ; Succeeded: True; AuthenticationStepResultDetail: First factor requirement satisfied by claim in the token; AuthenticationStepRequirement: ;
AuthenticationStepDateTime: 2026-08-19T21:34:57Z; AuthenticationMethod: Previously satisfied; AuthenticationMethodDetail: ; Succeeded: True; AuthenticationStepResultDetail: MFA requirement satisfied by claim in the token; AuthenticationStepRequirement: ;"
"2026-08-19T20:55:57Z","Farida Spratley","fspratley@pineywoodstitle.com","38aa3b87-a06d-4817-b275-7a316988d93b","Windows Sign In","47.204.224.43","Mobile Apps and Desktop clients","Windows-AzureAD-Authentication-Provider/1.0","d037faea-1c5c-4775-be51-61315845ffbc","True","multiFactorAuthentication","errorCode: 0; failureReason: Other.; additionalDetails: MFA requirement satisfied by claim in the token","deviceId: cb159aae-1cbe-47ed-8062-6427f97dc4c6; displayName: PWT-L-21-03; operatingSystem: Windows; browser: ; isCompliant: False; isManaged: False; trustType: Azure AD joined","city: Lutz; state: Florida; countryOrRegion: US; geoCoordinates: @{altitude=; latitude=28.13759; longitude=-82.45674}","notApplied","","networkType: namedNetwork; networkNames: Block Countries Per User Per Period","AuthenticationStepDateTime: 2026-08-19T20:55:57Z; AuthenticationMethod: Windows Hello for Business; AuthenticationMethodDetail: ; Succeeded: True; AuthenticationStepResultDetail: User approved; AuthenticationStepRequirement: ;
AuthenticationStepDateTime: 2026-08-19T20:55:57Z; AuthenticationMethod: Previously satisfied; AuthenticationMethodDetail: ; Succeeded: True; AuthenticationStepResultDetail: MFA requirement satisfied by claim in the token; AuthenticationStepRequirement: ;"
"2026-08-19T20:54:13Z","Ashley Savala","asavala@pineywoodsrealtyfl.com","9199bf20-a13f-4107-85dc-02114787ef48","One Outlook Web","47.198.26.60","Browser","Mozilla/5.0 (Windows NT 10.0; Win64; x64) AppleWebKit/537.36 (KHTML, like Gecko) Chrome/151.0.0.0 Safari/537.36","090c994b-7ef4-7be1-afc5-b9c6c846045f","True","multiFactorAuthentication","errorCode: 0; failureReason: Other.; additionalDetails: MFA requirement satisfied by claim in the token","deviceId: ; displayName: ; operatingSystem: Windows10; browser: Chrome 151.0.0; isCompliant: False; isManaged: False; trustType: ","city: Odessa; state: Florida; countryOrRegion: US; geoCoordinates: @{altitude=; latitude=28.16365; longitude=-82.56719}","success","ID: a08e9a43-c474-45ce-854f-67d0f7b3deec; DisplayName: Enable MFA - All Users; Result: success; ConditionsNotSatisfied: none; SessionControlsNotSatisfied: 
ID: b8e8a1ff-dfc9-4eff-8c45-e209f4e26e5b; DisplayName: KaztCap SSL VPN Access; Result: notApplied; ConditionsNotSatisfied: users; SessionControlsNotSatisfied: 
ID: 2c6518a2-ced4-420b-99b2-7a01741512b8; DisplayName: Location Based Access - Allow Specific Countries; Result: notEnabled; ConditionsNotSatisfied: none; SessionControlsNotSatisfied: 
ID: 9dba74f8-0de6-406e-b38c-ba05ea657153; DisplayName: Microsoft-managed: Multifactor authentication for per-user multifactor authentication users; Result: notEnabled; ConditionsNotSatisfied: none; SessionControlsNotSatisfied: 
ID: e51298da-9965-4f54-be5a-a1bfa7391207; DisplayName: Microsoft-managed: Multifactor authentication and reauthentication for risky sign-ins; Result: notApplied; ConditionsNotSatisfied: signInRisk; SessionControlsNotSatisfied: 
ID: c6569448-6b9b-4329-8356-6cdb035f7cf2; DisplayName: Enable MFA - bwadmin; Result: notApplied; ConditionsNotSatisfied: users; SessionControlsNotSatisfied: 
ID: 3cc748c6-e739-4559-b56f-dc898b93b757; DisplayName: Brian Katz Travel Cayman - 12/21-12/28; Result: notEnabled; ConditionsNotSatisfied: none; SessionControlsNotSatisfied: 
ID: 7249cafd-bd3b-4f0c-9f6a-de4933e0a484; DisplayName: Location Based Access - Block Outside US; Result: notApplied; ConditionsNotSatisfied: location,ipAddressSeenByAzureAD; SessionControlsNotSatisfied: 
ID: dbe24e2b-7971-4159-92e7-029febd9403a; DisplayName: Jeff Lenderman Travel BVI 3/13-3/19; Result: notEnabled; ConditionsNotSatisfied: none; SessionControlsNotSatisfied: 
ID: bda0d60a-c582-4d69-9d7e-f9166be26b08; DisplayName: Brian Katz - Costa Rica; Result: notEnabled; ConditionsNotSatisfied: none; SessionControlsNotSatisfied: 
ID: e4f6bd83-c762-4a93-9fb4-d77b558b5650; DisplayName: Devices - Enforce Device Compliance; Result: reportOnlyFailure; ConditionsNotSatisfied: none; SessionControlsNotSatisfied: 
ID: 46ddead8-098c-4325-bbeb-836e364f64b5; DisplayName: Sessions - Block Persistent Browser Sessions (Untrusted Locations); Result: reportOnlySuccess; ConditionsNotSatisfied: none; SessionControlsNotSatisfied: 
ID: 0149a225-4092-4a09-ab18-ae7c47c5deeb; DisplayName: Sessions - Enforce Sign-In Frequency; Result: reportOnlySuccess; ConditionsNotSatisfied: none; SessionControlsNotSatisfied: 
ID: 408cead8-caca-4de6-bf52-6f34130a6459; DisplayName: Microsoft-managed: Multifactor authentication for admins accessing Microsoft Admin Portals; Result: reportOnlyNotApplied; ConditionsNotSatisfied: application; SessionControlsNotSatisfied: 
ID: e00078dd-d389-4a8f-ba33-ac7b690a7ce3; DisplayName: Brian Katz Montreal 3/15 - 3/21; Result: reportOnlyNotApplied; ConditionsNotSatisfied: users; SessionControlsNotSatisfied: 
ID: da3712b4-2ee4-4d96-b702-9d73cb4e635a; DisplayName: Locations - Enforce Geo-IP Fencing; Result: reportOnlyNotApplied; ConditionsNotSatisfied: location,ipAddressSeenByAzureAD; SessionControlsNotSatisfied: 
ID: 7bd05172-0534-4c9a-a965-6e9370e281df; DisplayName: Protocols - Enforce Modern Authentication; Result: reportOnlyNotApplied; ConditionsNotSatisfied: clientType; SessionControlsNotSatisfied: 
ID: 6c493fe3-b17a-426e-af02-9f28f033239f; DisplayName: Sessions - Block Persistent Browser Sessions (Admins); Result: reportOnlyNotApplied; ConditionsNotSatisfied: users; SessionControlsNotSatisfied: 
ID: 77dbcd7f-566d-4b90-a928-edf2235d1c96; DisplayName: Users - Block Interactive Logins (Service Accounts); Result: reportOnlyNotApplied; ConditionsNotSatisfied: users; SessionControlsNotSatisfied: 
ID: 72f697df-0563-4339-8a40-3a0e56607bcb; DisplayName: Users - Restrict Admin Portal Access; Result: reportOnlyNotApplied; ConditionsNotSatisfied: application; SessionControlsNotSatisfied: ","networkType: namedNetwork; networkNames: Block Countries Per User Per Period","AuthenticationStepDateTime: 2026-08-19T20:54:13Z; AuthenticationMethod: Previously satisfied; AuthenticationMethodDetail: ; Succeeded: True; AuthenticationStepResultDetail: First factor requirement satisfied by claim in the token; AuthenticationStepRequirement: ;
AuthenticationStepDateTime: 2026-08-19T20:54:13Z; AuthenticationMethod: Previously satisfied; AuthenticationMethodDetail: ; Succeeded: True; AuthenticationStepResultDetail: MFA requirement satisfied by claim in the token; AuthenticationStepRequirement: ;"
"2026-08-19T20:28:27Z","Eric Fischman","efischman@pineywoodsmortgage.com","38aa3b87-a06d-4817-b275-7a316988d93b","Windows Sign In","68.204.65.64","Mobile Apps and Desktop clients","Windows-AzureAD-Authentication-Provider/1.0","fd682ed9-da80-49a2-8ce2-82966542511a","True","singleFactorAuthentication","errorCode: 0; failureReason: Other.; additionalDetails: MFA requirement satisfied by claim in the token","deviceId: 67cf7947-db50-469b-a3d8-cbdbc3d193d4; displayName: PWC-L-25-01; operatingSystem: Windows; browser: ; isCompliant: False; isManaged: False; trustType: Azure AD joined","city: Tampa; state: Florida; countryOrRegion: US; geoCoordinates: @{altitude=; latitude=28.00153; longitude=-82.37678}","notApplied","","networkType: namedNetwork; networkNames: Block Countries Per User Per Period","AuthenticationStepDateTime: 2026-08-19T20:28:27Z; AuthenticationMethod: Windows Hello for Business; AuthenticationMethodDetail: ; Succeeded: True; AuthenticationStepResultDetail: User approved; AuthenticationStepRequirement: ;"
"2026-08-19T20:14:15Z","Kalise Sanger","frontdesk@pineywoodsrealtyfl.com","9199bf20-a13f-4107-85dc-02114787ef48","One Outlook Web","47.206.189.128","Browser","Mozilla/5.0 (Windows NT 10.0; Win64; x64) AppleWebKit/537.36 (KHTML, like Gecko) Chrome/151.0.0.0 Safari/537.36 Edg/151.0.0.0","109de147-37a2-d298-16b0-0d1e65667bc2","True","multiFactorAuthentication","errorCode: 0; failureReason: Other.; additionalDetails: MFA requirement satisfied by claim in the token","deviceId: c4b8e480-5cab-4820-9148-b154d9a19975; displayName: PWC-L-19-01; operatingSystem: Windows10; browser: Edge 151.0.0; isCompliant: False; isManaged: False; trustType: Azure AD joined","city: Tampa; state: Florida; countryOrRegion: US; geoCoordinates: @{altitude=; latitude=27.94497; longitude=-82.44757}","success","ID: a08e9a43-c474-45ce-854f-67d0f7b3deec; DisplayName: Enable MFA - All Users; Result: success; ConditionsNotSatisfied: none; SessionControlsNotSatisfied: 
ID: b8e8a1ff-dfc9-4eff-8c45-e209f4e26e5b; DisplayName: KaztCap SSL VPN Access; Result: notApplied; ConditionsNotSatisfied: users; SessionControlsNotSatisfied: 
ID: c6569448-6b9b-4329-8356-6cdb035f7cf2; DisplayName: Enable MFA - bwadmin; Result: notApplied; ConditionsNotSatisfied: users; SessionControlsNotSatisfied: 
ID: 9dba74f8-0de6-406e-b38c-ba05ea657153; DisplayName: Microsoft-managed: Multifactor authentication for per-user multifactor authentication users; Result: notEnabled; ConditionsNotSatisfied: none; SessionControlsNotSatisfied: 
ID: 7249cafd-bd3b-4f0c-9f6a-de4933e0a484; DisplayName: Location Based Access - Block Outside US; Result: notApplied; ConditionsNotSatisfied: location,ipAddressSeenByAzureAD; SessionControlsNotSatisfied: 
ID: 2c6518a2-ced4-420b-99b2-7a01741512b8; DisplayName: Location Based Access - Allow Specific Countries; Result: notEnabled; ConditionsNotSatisfied: none; SessionControlsNotSatisfied: 
ID: e51298da-9965-4f54-be5a-a1bfa7391207; DisplayName: Microsoft-managed: Multifactor authentication and reauthentication for risky sign-ins; Result: notApplied; ConditionsNotSatisfied: signInRisk; SessionControlsNotSatisfied: 
ID: 3cc748c6-e739-4559-b56f-dc898b93b757; DisplayName: Brian Katz Travel Cayman - 12/21-12/28; Result: notEnabled; ConditionsNotSatisfied: none; SessionControlsNotSatisfied: 
ID: dbe24e2b-7971-4159-92e7-029febd9403a; DisplayName: Jeff Lenderman Travel BVI 3/13-3/19; Result: notEnabled; ConditionsNotSatisfied: none; SessionControlsNotSatisfied: 
ID: bda0d60a-c582-4d69-9d7e-f9166be26b08; DisplayName: Brian Katz - Costa Rica; Result: notEnabled; ConditionsNotSatisfied: none; SessionControlsNotSatisfied: 
ID: 46ddead8-098c-4325-bbeb-836e364f64b5; DisplayName: Sessions - Block Persistent Browser Sessions (Untrusted Locations); Result: reportOnlySuccess; ConditionsNotSatisfied: none; SessionControlsNotSatisfied: 
ID: 0149a225-4092-4a09-ab18-ae7c47c5deeb; DisplayName: Sessions - Enforce Sign-In Frequency; Result: reportOnlySuccess; ConditionsNotSatisfied: none; SessionControlsNotSatisfied: 
ID: 408cead8-caca-4de6-bf52-6f34130a6459; DisplayName: Microsoft-managed: Multifactor authentication for admins accessing Microsoft Admin Portals; Result: reportOnlyNotApplied; ConditionsNotSatisfied: application; SessionControlsNotSatisfied: 
ID: e00078dd-d389-4a8f-ba33-ac7b690a7ce3; DisplayName: Brian Katz Montreal 3/15 - 3/21; Result: reportOnlyNotApplied; ConditionsNotSatisfied: users; SessionControlsNotSatisfied: 
ID: e4f6bd83-c762-4a93-9fb4-d77b558b5650; DisplayName: Devices - Enforce Device Compliance; Result: reportOnlyNotApplied; ConditionsNotSatisfied: deviceState; SessionControlsNotSatisfied: 
ID: da3712b4-2ee4-4d96-b702-9d73cb4e635a; DisplayName: Locations - Enforce Geo-IP Fencing; Result: reportOnlyNotApplied; ConditionsNotSatisfied: location,ipAddressSeenByAzureAD; SessionControlsNotSatisfied: 
ID: 7bd05172-0534-4c9a-a965-6e9370e281df; DisplayName: Protocols - Enforce Modern Authentication; Result: reportOnlyNotApplied; ConditionsNotSatisfied: clientType; SessionControlsNotSatisfied: 
ID: 6c493fe3-b17a-426e-af02-9f28f033239f; DisplayName: Sessions - Block Persistent Browser Sessions (Admins); Result: reportOnlyNotApplied; ConditionsNotSatisfied: users; SessionControlsNotSatisfied: 
ID: 77dbcd7f-566d-4b90-a928-edf2235d1c96; DisplayName: Users - Block Interactive Logins (Service Accounts); Result: reportOnlyNotApplied; ConditionsNotSatisfied: users; SessionControlsNotSatisfied: 
ID: 72f697df-0563-4339-8a40-3a0e56607bcb; DisplayName: Users - Restrict Admin Portal Access; Result: reportOnlyNotApplied; ConditionsNotSatisfied: application; SessionControlsNotSatisfied: ","networkType: namedNetwork; networkNames: Block Countries Per User Per Period","AuthenticationStepDateTime: 2026-08-19T20:14:15Z; AuthenticationMethod: Previously satisfied; AuthenticationMethodDetail: ; Succeeded: True; AuthenticationStepResultDetail: First factor requirement satisfied by claim in the token; AuthenticationStepRequirement: ;
AuthenticationStepDateTime: 2026-08-19T20:14:15Z; AuthenticationMethod: Previously satisfied; AuthenticationMethodDetail: ; Succeeded: True; AuthenticationStepResultDetail: MFA requirement satisfied by claim in the token; AuthenticationStepRequirement: ;"
"2026-08-19T19:24:28Z","Charles Cleveland","ccleveland@katzcapital.com","89bee1f7-5e6e-4d8a-9f3d-ecd601259da7","Office365 Shell WCSS-Client","71.46.218.18","Browser","Mozilla/5.0 (Windows NT 10.0; Win64; x64) AppleWebKit/537.36 (KHTML, like Gecko) Chrome/151.0.0.0 Safari/537.36 Edg/151.0.0.0","01a01b7b-66bd-7265-ad8b-d0ebdee074f2","True","multiFactorAuthentication","errorCode: 0; failureReason: Other.; additionalDetails: MFA requirement satisfied by claim in the token","deviceId: bc7374e3-f031-4efa-95c8-64485e11cc7c; displayName: PWC-L-23-01; operatingSystem: Windows10; browser: Edge 151.0.0; isCompliant: False; isManaged: False; trustType: Azure AD joined","city: Tampa; state: Florida; countryOrRegion: US; geoCoordinates: @{altitude=; latitude=28.00153; longitude=-82.37678}","success","ID: a08e9a43-c474-45ce-854f-67d0f7b3deec; DisplayName: Enable MFA - All Users; Result: success; ConditionsNotSatisfied: none; SessionControlsNotSatisfied: 
ID: b8e8a1ff-dfc9-4eff-8c45-e209f4e26e5b; DisplayName: KaztCap SSL VPN Access; Result: notApplied; ConditionsNotSatisfied: users; SessionControlsNotSatisfied: 
ID: 2c6518a2-ced4-420b-99b2-7a01741512b8; DisplayName: Location Based Access - Allow Specific Countries; Result: notEnabled; ConditionsNotSatisfied: none; SessionControlsNotSatisfied: 
ID: 9dba74f8-0de6-406e-b38c-ba05ea657153; DisplayName: Microsoft-managed: Multifactor authentication for per-user multifactor authentication users; Result: notEnabled; ConditionsNotSatisfied: none; SessionControlsNotSatisfied: 
ID: e51298da-9965-4f54-be5a-a1bfa7391207; DisplayName: Microsoft-managed: Multifactor authentication and reauthentication for risky sign-ins; Result: notApplied; ConditionsNotSatisfied: signInRisk; SessionControlsNotSatisfied: 
ID: c6569448-6b9b-4329-8356-6cdb035f7cf2; DisplayName: Enable MFA - bwadmin; Result: notApplied; ConditionsNotSatisfied: users; SessionControlsNotSatisfied: 
ID: 7249cafd-bd3b-4f0c-9f6a-de4933e0a484; DisplayName: Location Based Access - Block Outside US; Result: notApplied; ConditionsNotSatisfied: location,ipAddressSeenByAzureAD; SessionControlsNotSatisfied: 
ID: 3cc748c6-e739-4559-b56f-dc898b93b757; DisplayName: Brian Katz Travel Cayman - 12/21-12/28; Result: notEnabled; ConditionsNotSatisfied: none; SessionControlsNotSatisfied: 
ID: dbe24e2b-7971-4159-92e7-029febd9403a; DisplayName: Jeff Lenderman Travel BVI 3/13-3/19; Result: notEnabled; ConditionsNotSatisfied: none; SessionControlsNotSatisfied: 
ID: bda0d60a-c582-4d69-9d7e-f9166be26b08; DisplayName: Brian Katz - Costa Rica; Result: notEnabled; ConditionsNotSatisfied: none; SessionControlsNotSatisfied: 
ID: 46ddead8-098c-4325-bbeb-836e364f64b5; DisplayName: Sessions - Block Persistent Browser Sessions (Untrusted Locations); Result: reportOnlySuccess; ConditionsNotSatisfied: none; SessionControlsNotSatisfied: 
ID: 0149a225-4092-4a09-ab18-ae7c47c5deeb; DisplayName: Sessions - Enforce Sign-In Frequency; Result: reportOnlySuccess; ConditionsNotSatisfied: none; SessionControlsNotSatisfied: 
ID: 408cead8-caca-4de6-bf52-6f34130a6459; DisplayName: Microsoft-managed: Multifactor authentication for admins accessing Microsoft Admin Portals; Result: reportOnlyNotApplied; ConditionsNotSatisfied: application; SessionControlsNotSatisfied: 
ID: e00078dd-d389-4a8f-ba33-ac7b690a7ce3; DisplayName: Brian Katz Montreal 3/15 - 3/21; Result: reportOnlyNotApplied; ConditionsNotSatisfied: users; SessionControlsNotSatisfied: 
ID: e4f6bd83-c762-4a93-9fb4-d77b558b5650; DisplayName: Devices - Enforce Device Compliance; Result: reportOnlyNotApplied; ConditionsNotSatisfied: deviceState; SessionControlsNotSatisfied: 
ID: da3712b4-2ee4-4d96-b702-9d73cb4e635a; DisplayName: Locations - Enforce Geo-IP Fencing; Result: reportOnlyNotApplied; ConditionsNotSatisfied: location,ipAddressSeenByAzureAD; SessionControlsNotSatisfied: 
ID: 7bd05172-0534-4c9a-a965-6e9370e281df; DisplayName: Protocols - Enforce Modern Authentication; Result: reportOnlyNotApplied; ConditionsNotSatisfied: clientType; SessionControlsNotSatisfied: 
ID: 6c493fe3-b17a-426e-af02-9f28f033239f; DisplayName: Sessions - Block Persistent Browser Sessions (Admins); Result: reportOnlyNotApplied; ConditionsNotSatisfied: users; SessionControlsNotSatisfied: 
ID: 77dbcd7f-566d-4b90-a928-edf2235d1c96; DisplayName: Users - Block Interactive Logins (Service Accounts); Result: reportOnlyNotApplied; ConditionsNotSatisfied: users; SessionControlsNotSatisfied: 
ID: 72f697df-0563-4339-8a40-3a0e56607bcb; DisplayName: Users - Restrict Admin Portal Access; Result: reportOnlyNotApplied; ConditionsNotSatisfied: application; SessionControlsNotSatisfied: ","networkType: namedNetwork; networkNames: Block Countries Per User Per Period","AuthenticationStepDateTime: 2026-08-19T19:24:28Z; AuthenticationMethod: Previously satisfied; AuthenticationMethodDetail: ; Succeeded: True; AuthenticationStepResultDetail: First factor requirement satisfied by claim in the token; AuthenticationStepRequirement: ;
AuthenticationStepDateTime: 2026-08-19T19:24:28Z; AuthenticationMethod: Previously satisfied; AuthenticationMethodDetail: ; Succeeded: True; AuthenticationStepResultDetail: MFA requirement satisfied by claim in the token; AuthenticationStepRequirement: ;"
"2026-08-19T18:42:35Z","Garrett Thomas","gthomas@pineywoodscapital.com","38aa3b87-a06d-4817-b275-7a316988d93b","Windows Sign In","2603:9000:6901:2daa:e029:6a04:8640:ca57","Mobile Apps and Desktop clients","Windows-AzureAD-Authentication-Provider/1.0","a7fd4fe0-e7b9-473d-80b2-7b3e33986cf7","True","singleFactorAuthentication","errorCode: 0; failureReason: Other.; additionalDetails: MFA requirement satisfied by claim in the token","deviceId: dbf8ac27-e930-437b-8f1c-2fb1187de4ec; displayName: PWC-L-23-03; operatingSystem: Windows; browser: ; isCompliant: False; isManaged: False; trustType: Azure AD joined","city: Tampa; state: Florida; countryOrRegion: US; geoCoordinates: @{altitude=; latitude=28.001528; longitude=-82.37678}","notApplied","","networkType: namedNetwork; networkNames: Block Countries Per User Per Period","AuthenticationStepDateTime: 2026-08-19T18:42:35Z; AuthenticationMethod: Windows Hello for Business; AuthenticationMethodDetail: ; Succeeded: True; AuthenticationStepResultDetail: User approved; AuthenticationStepRequirement: ;"
"2026-08-19T18:26:40Z","ServIT","servit@pineywoodsfl.onmicrosoft.com","497effe9-df71-4043-a8bb-14cf78c4b63b","Exchange Admin Center","2600:1702:5790:7430:9895:1104:ffae:2f21","Browser","Mozilla/5.0 (Windows NT 10.0; Win64; x64) AppleWebKit/537.36 (KHTML, like Gecko) Chrome/151.0.0.0 Safari/537.36 Edg/151.0.0.0 OS/10.0.26200","0f59036c-7a64-406d-adc0-b70bf173dbef","True","multiFactorAuthentication","errorCode: 0; failureReason: Other.; additionalDetails: MFA requirement satisfied by claim in the token","deviceId: ; displayName: ; operatingSystem: Windows10; browser: Edge 151.0.0; isCompliant: False; isManaged: False; trustType: ","city: Tucker; state: Georgia; countryOrRegion: US; geoCoordinates: @{altitude=; latitude=33.84861; longitude=-84.2347}","success","ID: a08e9a43-c474-45ce-854f-67d0f7b3deec; DisplayName: Enable MFA - All Users; Result: success; ConditionsNotSatisfied: none; SessionControlsNotSatisfied: 
ID: c6569448-6b9b-4329-8356-6cdb035f7cf2; DisplayName: Enable MFA - bwadmin; Result: success; ConditionsNotSatisfied: none; SessionControlsNotSatisfied: 
ID: b8e8a1ff-dfc9-4eff-8c45-e209f4e26e5b; DisplayName: KaztCap SSL VPN Access; Result: notApplied; ConditionsNotSatisfied: users; SessionControlsNotSatisfied: 
ID: 2c6518a2-ced4-420b-99b2-7a01741512b8; DisplayName: Location Based Access - Allow Specific Countries; Result: notEnabled; ConditionsNotSatisfied: none; SessionControlsNotSatisfied: 
ID: 9dba74f8-0de6-406e-b38c-ba05ea657153; DisplayName: Microsoft-managed: Multifactor authentication for per-user multifactor authentication users; Result: notEnabled; ConditionsNotSatisfied: none; SessionControlsNotSatisfied: 
ID: e51298da-9965-4f54-be5a-a1bfa7391207; DisplayName: Microsoft-managed: Multifactor authentication and reauthentication for risky sign-ins; Result: notApplied; ConditionsNotSatisfied: users; SessionControlsNotSatisfied: 
ID: 7249cafd-bd3b-4f0c-9f6a-de4933e0a484; DisplayName: Location Based Access - Block Outside US; Result: notApplied; ConditionsNotSatisfied: location,ipAddressSeenByAzureAD; SessionControlsNotSatisfied: 
ID: 3cc748c6-e739-4559-b56f-dc898b93b757; DisplayName: Brian Katz Travel Cayman - 12/21-12/28; Result: notEnabled; ConditionsNotSatisfied: none; SessionControlsNotSatisfied: 
ID: dbe24e2b-7971-4159-92e7-029febd9403a; DisplayName: Jeff Lenderman Travel BVI 3/13-3/19; Result: notEnabled; ConditionsNotSatisfied: none; SessionControlsNotSatisfied: 
ID: bda0d60a-c582-4d69-9d7e-f9166be26b08; DisplayName: Brian Katz - Costa Rica; Result: notEnabled; ConditionsNotSatisfied: none; SessionControlsNotSatisfied: 
ID: 408cead8-caca-4de6-bf52-6f34130a6459; DisplayName: Microsoft-managed: Multifactor authentication for admins accessing Microsoft Admin Portals; Result: reportOnlySuccess; ConditionsNotSatisfied: none; SessionControlsNotSatisfied: 
ID: e4f6bd83-c762-4a93-9fb4-d77b558b5650; DisplayName: Devices - Enforce Device Compliance; Result: reportOnlyFailure; ConditionsNotSatisfied: none; SessionControlsNotSatisfied: 
ID: 6c493fe3-b17a-426e-af02-9f28f033239f; DisplayName: Sessions - Block Persistent Browser Sessions (Admins); Result: reportOnlySuccess; ConditionsNotSatisfied: none; SessionControlsNotSatisfied: 
ID: 46ddead8-098c-4325-bbeb-836e364f64b5; DisplayName: Sessions - Block Persistent Browser Sessions (Untrusted Locations); Result: reportOnlySuccess; ConditionsNotSatisfied: none; SessionControlsNotSatisfied: 
ID: 0149a225-4092-4a09-ab18-ae7c47c5deeb; DisplayName: Sessions - Enforce Sign-In Frequency; Result: reportOnlySuccess; ConditionsNotSatisfied: none; SessionControlsNotSatisfied: 
ID: e00078dd-d389-4a8f-ba33-ac7b690a7ce3; DisplayName: Brian Katz Montreal 3/15 - 3/21; Result: reportOnlyNotApplied; ConditionsNotSatisfied: users; SessionControlsNotSatisfied: 
ID: da3712b4-2ee4-4d96-b702-9d73cb4e635a; DisplayName: Locations - Enforce Geo-IP Fencing; Result: reportOnlyNotApplied; ConditionsNotSatisfied: location,ipAddressSeenByAzureAD; SessionControlsNotSatisfied: 
ID: 7bd05172-0534-4c9a-a965-6e9370e281df; DisplayName: Protocols - Enforce Modern Authentication; Result: reportOnlyNotApplied; ConditionsNotSatisfied: clientType; SessionControlsNotSatisfied: 
ID: 77dbcd7f-566d-4b90-a928-edf2235d1c96; DisplayName: Users - Block Interactive Logins (Service Accounts); Result: reportOnlyNotApplied; ConditionsNotSatisfied: users; SessionControlsNotSatisfied: 
ID: 72f697df-0563-4339-8a40-3a0e56607bcb; DisplayName: Users - Restrict Admin Portal Access; Result: reportOnlyNotApplied; ConditionsNotSatisfied: users; SessionControlsNotSatisfied: ","networkType: namedNetwork; networkNames: Block Countries Per User Per Period","AuthenticationStepDateTime: 2026-08-19T18:26:40Z; AuthenticationMethod: Previously satisfied; AuthenticationMethodDetail: ; Succeeded: True; AuthenticationStepResultDetail: First factor requirement satisfied by claim in the token; AuthenticationStepRequirement: ;
AuthenticationStepDateTime: 2026-08-19T18:26:40Z; AuthenticationMethod: Previously satisfied; AuthenticationMethodDetail: ; Succeeded: True; AuthenticationStepResultDetail: MFA requirement satisfied by claim in the token; AuthenticationStepRequirement: ;"
"2026-08-19T18:26:28Z","ServIT","servit@pineywoodsfl.onmicrosoft.com","618dd325-23f6-4b6f-8380-4df78026e39b","Microsoft 365 Admin portal","2600:1702:5790:7430:9895:1104:ffae:2f21","Browser","Mozilla/5.0 (Windows NT 10.0; Win64; x64) AppleWebKit/537.36 (KHTML, like Gecko) Chrome/151.0.0.0 Safari/537.36 Edg/151.0.0.0 OS/10.0.26200","5ab65a87-1d4a-4bd5-acb2-dc37b0515c13","True","multiFactorAuthentication","errorCode: 0; failureReason: Other.; additionalDetails: MFA requirement satisfied by claim in the token","deviceId: ; displayName: ; operatingSystem: Windows10; browser: Edge 151.0.0; isCompliant: False; isManaged: False; trustType: ","city: Tucker; state: Georgia; countryOrRegion: US; geoCoordinates: @{altitude=; latitude=33.84861; longitude=-84.2347}","success","ID: a08e9a43-c474-45ce-854f-67d0f7b3deec; DisplayName: Enable MFA - All Users; Result: success; ConditionsNotSatisfied: none; SessionControlsNotSatisfied: 
ID: c6569448-6b9b-4329-8356-6cdb035f7cf2; DisplayName: Enable MFA - bwadmin; Result: success; ConditionsNotSatisfied: none; SessionControlsNotSatisfied: 
ID: b8e8a1ff-dfc9-4eff-8c45-e209f4e26e5b; DisplayName: KaztCap SSL VPN Access; Result: notApplied; ConditionsNotSatisfied: users; SessionControlsNotSatisfied: 
ID: 2c6518a2-ced4-420b-99b2-7a01741512b8; DisplayName: Location Based Access - Allow Specific Countries; Result: notEnabled; ConditionsNotSatisfied: none; SessionControlsNotSatisfied: 
ID: 9dba74f8-0de6-406e-b38c-ba05ea657153; DisplayName: Microsoft-managed: Multifactor authentication for per-user multifactor authentication users; Result: notEnabled; ConditionsNotSatisfied: none; SessionControlsNotSatisfied: 
ID: e51298da-9965-4f54-be5a-a1bfa7391207; DisplayName: Microsoft-managed: Multifactor authentication and reauthentication for risky sign-ins; Result: notApplied; ConditionsNotSatisfied: users; SessionControlsNotSatisfied: 
ID: 3cc748c6-e739-4559-b56f-dc898b93b757; DisplayName: Brian Katz Travel Cayman - 12/21-12/28; Result: notEnabled; ConditionsNotSatisfied: none; SessionControlsNotSatisfied: 
ID: 7249cafd-bd3b-4f0c-9f6a-de4933e0a484; DisplayName: Location Based Access - Block Outside US; Result: notApplied; ConditionsNotSatisfied: location,ipAddressSeenByAzureAD; SessionControlsNotSatisfied: 
ID: dbe24e2b-7971-4159-92e7-029febd9403a; DisplayName: Jeff Lenderman Travel BVI 3/13-3/19; Result: notEnabled; ConditionsNotSatisfied: none; SessionControlsNotSatisfied: 
ID: bda0d60a-c582-4d69-9d7e-f9166be26b08; DisplayName: Brian Katz - Costa Rica; Result: notEnabled; ConditionsNotSatisfied: none; SessionControlsNotSatisfied: 
ID: e4f6bd83-c762-4a93-9fb4-d77b558b5650; DisplayName: Devices - Enforce Device Compliance; Result: reportOnlyFailure; ConditionsNotSatisfied: none; SessionControlsNotSatisfied: 
ID: 6c493fe3-b17a-426e-af02-9f28f033239f; DisplayName: Sessions - Block Persistent Browser Sessions (Admins); Result: reportOnlySuccess; ConditionsNotSatisfied: none; SessionControlsNotSatisfied: 
ID: 46ddead8-098c-4325-bbeb-836e364f64b5; DisplayName: Sessions - Block Persistent Browser Sessions (Untrusted Locations); Result: reportOnlySuccess; ConditionsNotSatisfied: none; SessionControlsNotSatisfied: 
ID: 0149a225-4092-4a09-ab18-ae7c47c5deeb; DisplayName: Sessions - Enforce Sign-In Frequency; Result: reportOnlySuccess; ConditionsNotSatisfied: none; SessionControlsNotSatisfied: 
ID: 408cead8-caca-4de6-bf52-6f34130a6459; DisplayName: Microsoft-managed: Multifactor authentication for admins accessing Microsoft Admin Portals; Result: reportOnlyNotApplied; ConditionsNotSatisfied: application; SessionControlsNotSatisfied: 
ID: e00078dd-d389-4a8f-ba33-ac7b690a7ce3; DisplayName: Brian Katz Montreal 3/15 - 3/21; Result: reportOnlyNotApplied; ConditionsNotSatisfied: users; SessionControlsNotSatisfied: 
ID: da3712b4-2ee4-4d96-b702-9d73cb4e635a; DisplayName: Locations - Enforce Geo-IP Fencing; Result: reportOnlyNotApplied; ConditionsNotSatisfied: location,ipAddressSeenByAzureAD; SessionControlsNotSatisfied: 
ID: 7bd05172-0534-4c9a-a965-6e9370e281df; DisplayName: Protocols - Enforce Modern Authentication; Result: reportOnlyNotApplied; ConditionsNotSatisfied: clientType; SessionControlsNotSatisfied: 
ID: 77dbcd7f-566d-4b90-a928-edf2235d1c96; DisplayName: Users - Block Interactive Logins (Service Accounts); Result: reportOnlyNotApplied; ConditionsNotSatisfied: users; SessionControlsNotSatisfied: 
ID: 72f697df-0563-4339-8a40-3a0e56607bcb; DisplayName: Users - Restrict Admin Portal Access; Result: reportOnlyNotApplied; ConditionsNotSatisfied: application; SessionControlsNotSatisfied: ","networkType: namedNetwork; networkNames: Block Countries Per User Per Period","AuthenticationStepDateTime: 2026-08-19T18:26:28Z; AuthenticationMethod: Previously satisfied; AuthenticationMethodDetail: ; Succeeded: True; AuthenticationStepResultDetail: First factor requirement satisfied by claim in the token; AuthenticationStepRequirement: ;
AuthenticationStepDateTime: 2026-08-19T18:26:28Z; AuthenticationMethod: Previously satisfied; AuthenticationMethodDetail: ; Succeeded: True; AuthenticationStepResultDetail: MFA requirement satisfied by claim in the token; AuthenticationStepRequirement: ;"
"2026-08-19T18:26:22Z","ServIT","servit@pineywoodsfl.onmicrosoft.com","00000006-0000-0ff1-ce00-000000000000","Microsoft Office 365 Portal","2600:1702:5790:7430:9895:1104:ffae:2f21","Browser","Mozilla/5.0 (Windows NT 10.0; Win64; x64) AppleWebKit/537.36 (KHTML, like Gecko) Chrome/151.0.0.0 Safari/537.36 Edg/151.0.0.0 OS/10.0.26200","c591a0d8-7815-41cd-b74e-a2f8822299c3","True","multiFactorAuthentication","errorCode: 0; failureReason: Other.; additionalDetails: MFA requirement satisfied by claim in the token","deviceId: ; displayName: ; operatingSystem: Windows10; browser: Edge 151.0.0; isCompliant: False; isManaged: False; trustType: ","city: Tucker; state: Georgia; countryOrRegion: US; geoCoordinates: @{altitude=; latitude=33.84861; longitude=-84.2347}","success","ID: c6569448-6b9b-4329-8356-6cdb035f7cf2; DisplayName: Enable MFA - bwadmin; Result: success; ConditionsNotSatisfied: none; SessionControlsNotSatisfied: 
ID: a08e9a43-c474-45ce-854f-67d0f7b3deec; DisplayName: Enable MFA - All Users; Result: success; ConditionsNotSatisfied: none; SessionControlsNotSatisfied: 
ID: b8e8a1ff-dfc9-4eff-8c45-e209f4e26e5b; DisplayName: KaztCap SSL VPN Access; Result: notApplied; ConditionsNotSatisfied: users; SessionControlsNotSatisfied: 
ID: 2c6518a2-ced4-420b-99b2-7a01741512b8; DisplayName: Location Based Access - Allow Specific Countries; Result: notEnabled; ConditionsNotSatisfied: none; SessionControlsNotSatisfied: 
ID: 9dba74f8-0de6-406e-b38c-ba05ea657153; DisplayName: Microsoft-managed: Multifactor authentication for per-user multifactor authentication users; Result: notEnabled; ConditionsNotSatisfied: none; SessionControlsNotSatisfied: 
ID: 7249cafd-bd3b-4f0c-9f6a-de4933e0a484; DisplayName: Location Based Access - Block Outside US; Result: notApplied; ConditionsNotSatisfied: location,ipAddressSeenByAzureAD; SessionControlsNotSatisfied: 
ID: e51298da-9965-4f54-be5a-a1bfa7391207; DisplayName: Microsoft-managed: Multifactor authentication and reauthentication for risky sign-ins; Result: notApplied; ConditionsNotSatisfied: users; SessionControlsNotSatisfied: 
ID: 3cc748c6-e739-4559-b56f-dc898b93b757; DisplayName: Brian Katz Travel Cayman - 12/21-12/28; Result: notEnabled; ConditionsNotSatisfied: none; SessionControlsNotSatisfied: 
ID: dbe24e2b-7971-4159-92e7-029febd9403a; DisplayName: Jeff Lenderman Travel BVI 3/13-3/19; Result: notEnabled; ConditionsNotSatisfied: none; SessionControlsNotSatisfied: 
ID: bda0d60a-c582-4d69-9d7e-f9166be26b08; DisplayName: Brian Katz - Costa Rica; Result: notEnabled; ConditionsNotSatisfied: none; SessionControlsNotSatisfied: 
ID: 408cead8-caca-4de6-bf52-6f34130a6459; DisplayName: Microsoft-managed: Multifactor authentication for admins accessing Microsoft Admin Portals; Result: reportOnlySuccess; ConditionsNotSatisfied: none; SessionControlsNotSatisfied: 
ID: e4f6bd83-c762-4a93-9fb4-d77b558b5650; DisplayName: Devices - Enforce Device Compliance; Result: reportOnlyFailure; ConditionsNotSatisfied: none; SessionControlsNotSatisfied: 
ID: 6c493fe3-b17a-426e-af02-9f28f033239f; DisplayName: Sessions - Block Persistent Browser Sessions (Admins); Result: reportOnlySuccess; ConditionsNotSatisfied: none; SessionControlsNotSatisfied: 
ID: 46ddead8-098c-4325-bbeb-836e364f64b5; DisplayName: Sessions - Block Persistent Browser Sessions (Untrusted Locations); Result: reportOnlySuccess; ConditionsNotSatisfied: none; SessionControlsNotSatisfied: 
ID: 0149a225-4092-4a09-ab18-ae7c47c5deeb; DisplayName: Sessions - Enforce Sign-In Frequency; Result: reportOnlySuccess; ConditionsNotSatisfied: none; SessionControlsNotSatisfied: 
ID: e00078dd-d389-4a8f-ba33-ac7b690a7ce3; DisplayName: Brian Katz Montreal 3/15 - 3/21; Result: reportOnlyNotApplied; ConditionsNotSatisfied: users; SessionControlsNotSatisfied: 
ID: da3712b4-2ee4-4d96-b702-9d73cb4e635a; DisplayName: Locations - Enforce Geo-IP Fencing; Result: reportOnlyNotApplied; ConditionsNotSatisfied: location,ipAddressSeenByAzureAD; SessionControlsNotSatisfied: 
ID: 7bd05172-0534-4c9a-a965-6e9370e281df; DisplayName: Protocols - Enforce Modern Authentication; Result: reportOnlyNotApplied; ConditionsNotSatisfied: clientType; SessionControlsNotSatisfied: 
ID: 77dbcd7f-566d-4b90-a928-edf2235d1c96; DisplayName: Users - Block Interactive Logins (Service Accounts); Result: reportOnlyNotApplied; ConditionsNotSatisfied: users; SessionControlsNotSatisfied: 
ID: 72f697df-0563-4339-8a40-3a0e56607bcb; DisplayName: Users - Restrict Admin Portal Access; Result: reportOnlyNotApplied; ConditionsNotSatisfied: users; SessionControlsNotSatisfied: ","networkType: namedNetwork; networkNames: Block Countries Per User Per Period","AuthenticationStepDateTime: 2026-08-19T18:26:22Z; AuthenticationMethod: Previously satisfied; AuthenticationMethodDetail: ; Succeeded: True; AuthenticationStepResultDetail: First factor requirement satisfied by claim in the token; AuthenticationStepRequirement: ;
AuthenticationStepDateTime: 2026-08-19T18:26:22Z; AuthenticationMethod: Previously satisfied; AuthenticationMethodDetail: ; Succeeded: True; AuthenticationStepResultDetail: MFA requirement satisfied by claim in the token; AuthenticationStepRequirement: ;"
"2026-08-19T18:26:16Z","ServIT","servit@pineywoodsfl.onmicrosoft.com","4765445b-32c6-49b0-83e6-1d93765276ca","OfficeHome","2600:1702:5790:7430:9895:1104:ffae:2f21","Browser","Mozilla/5.0 (Windows NT 10.0; Win64; x64) AppleWebKit/537.36 (KHTML, like Gecko) Chrome/151.0.0.0 Safari/537.36 Edg/151.0.0.0 OS/10.0.26200","1b2902ba-7fc3-4b80-957d-d63e2a60a090","True","multiFactorAuthentication","errorCode: 0; failureReason: Other.; additionalDetails: MFA completed in Azure AD","deviceId: ; displayName: ; operatingSystem: Windows10; browser: Edge 151.0.0; isCompliant: False; isManaged: False; trustType: ","city: Tucker; state: Georgia; countryOrRegion: US; geoCoordinates: @{altitude=; latitude=33.84861; longitude=-84.2347}","success","ID: a08e9a43-c474-45ce-854f-67d0f7b3deec; DisplayName: Enable MFA - All Users; Result: success; ConditionsNotSatisfied: none; SessionControlsNotSatisfied: 
ID: c6569448-6b9b-4329-8356-6cdb035f7cf2; DisplayName: Enable MFA - bwadmin; Result: success; ConditionsNotSatisfied: none; SessionControlsNotSatisfied: 
ID: b8e8a1ff-dfc9-4eff-8c45-e209f4e26e5b; DisplayName: KaztCap SSL VPN Access; Result: notApplied; ConditionsNotSatisfied: users; SessionControlsNotSatisfied: 
ID: 2c6518a2-ced4-420b-99b2-7a01741512b8; DisplayName: Location Based Access - Allow Specific Countries; Result: notEnabled; ConditionsNotSatisfied: none; SessionControlsNotSatisfied: 
ID: 9dba74f8-0de6-406e-b38c-ba05ea657153; DisplayName: Microsoft-managed: Multifactor authentication for per-user multifactor authentication users; Result: notEnabled; ConditionsNotSatisfied: none; SessionControlsNotSatisfied: 
ID: e51298da-9965-4f54-be5a-a1bfa7391207; DisplayName: Microsoft-managed: Multifactor authentication and reauthentication for risky sign-ins; Result: notApplied; ConditionsNotSatisfied: users; SessionControlsNotSatisfied: 
ID: 7249cafd-bd3b-4f0c-9f6a-de4933e0a484; DisplayName: Location Based Access - Block Outside US; Result: notApplied; ConditionsNotSatisfied: location,ipAddressSeenByAzureAD; SessionControlsNotSatisfied: 
ID: 3cc748c6-e739-4559-b56f-dc898b93b757; DisplayName: Brian Katz Travel Cayman - 12/21-12/28; Result: notEnabled; ConditionsNotSatisfied: none; SessionControlsNotSatisfied: 
ID: dbe24e2b-7971-4159-92e7-029febd9403a; DisplayName: Jeff Lenderman Travel BVI 3/13-3/19; Result: notEnabled; ConditionsNotSatisfied: none; SessionControlsNotSatisfied: 
ID: bda0d60a-c582-4d69-9d7e-f9166be26b08; DisplayName: Brian Katz - Costa Rica; Result: notEnabled; ConditionsNotSatisfied: none; SessionControlsNotSatisfied: 
ID: e4f6bd83-c762-4a93-9fb4-d77b558b5650; DisplayName: Devices - Enforce Device Compliance; Result: reportOnlyFailure; ConditionsNotSatisfied: none; SessionControlsNotSatisfied: 
ID: 6c493fe3-b17a-426e-af02-9f28f033239f; DisplayName: Sessions - Block Persistent Browser Sessions (Admins); Result: reportOnlySuccess; ConditionsNotSatisfied: none; SessionControlsNotSatisfied: 
ID: 46ddead8-098c-4325-bbeb-836e364f64b5; DisplayName: Sessions - Block Persistent Browser Sessions (Untrusted Locations); Result: reportOnlySuccess; ConditionsNotSatisfied: none; SessionControlsNotSatisfied: 
ID: 0149a225-4092-4a09-ab18-ae7c47c5deeb; DisplayName: Sessions - Enforce Sign-In Frequency; Result: reportOnlySuccess; ConditionsNotSatisfied: none; SessionControlsNotSatisfied: 
ID: 408cead8-caca-4de6-bf52-6f34130a6459; DisplayName: Microsoft-managed: Multifactor authentication for admins accessing Microsoft Admin Portals; Result: reportOnlyNotApplied; ConditionsNotSatisfied: application; SessionControlsNotSatisfied: 
ID: e00078dd-d389-4a8f-ba33-ac7b690a7ce3; DisplayName: Brian Katz Montreal 3/15 - 3/21; Result: reportOnlyNotApplied; ConditionsNotSatisfied: users; SessionControlsNotSatisfied: 
ID: da3712b4-2ee4-4d96-b702-9d73cb4e635a; DisplayName: Locations - Enforce Geo-IP Fencing; Result: reportOnlyNotApplied; ConditionsNotSatisfied: location,ipAddressSeenByAzureAD; SessionControlsNotSatisfied: 
ID: 7bd05172-0534-4c9a-a965-6e9370e281df; DisplayName: Protocols - Enforce Modern Authentication; Result: reportOnlyNotApplied; ConditionsNotSatisfied: clientType; SessionControlsNotSatisfied: 
ID: 77dbcd7f-566d-4b90-a928-edf2235d1c96; DisplayName: Users - Block Interactive Logins (Service Accounts); Result: reportOnlyNotApplied; ConditionsNotSatisfied: users; SessionControlsNotSatisfied: 
ID: 72f697df-0563-4339-8a40-3a0e56607bcb; DisplayName: Users - Restrict Admin Portal Access; Result: reportOnlyNotApplied; ConditionsNotSatisfied: application; SessionControlsNotSatisfied: ","networkType: namedNetwork; networkNames: Block Countries Per User Per Period","AuthenticationStepDateTime: 2026-08-19T18:26:16Z; AuthenticationMethod: Password; AuthenticationMethodDetail: Password in the cloud; Succeeded: True; AuthenticationStepResultDetail: Correct password; AuthenticationStepRequirement: ;
AuthenticationStepDateTime: 2026-08-19T18:26:16Z; AuthenticationMethod: OATH verification code; AuthenticationMethodDetail: ; Succeeded: True; AuthenticationStepResultDetail: MFA completed in Azure AD; AuthenticationStepRequirement: ;"
"2026-08-19T17:53:47Z","Patrick Kenny","pkenny@katzcapital.com","38aa3b87-a06d-4817-b275-7a316988d93b","Windows Sign In","174.47.44.231","Mobile Apps and Desktop clients","Windows-AzureAD-Authentication-Provider/1.0","484a8c0b-7e69-4fd4-a5eb-6e356e9bd59a","True","singleFactorAuthentication","errorCode: 0; failureReason: Other.; additionalDetails: MFA requirement satisfied by claim in the token","deviceId: 16c6fa36-c0b1-49fe-8eaa-8f8d987918df; displayName: PWC-L-25-02; operatingSystem: Windows; browser: ; isCompliant: False; isManaged: False; trustType: Azure AD joined","city: Tampa; state: Florida; countryOrRegion: US; geoCoordinates: @{altitude=; latitude=27.98937; longitude=-82.53427}","notApplied","","networkType: namedNetwork; networkNames: Block Countries Per User Per Period","AuthenticationStepDateTime: 2026-08-19T17:53:47Z; AuthenticationMethod: Windows Hello for Business; AuthenticationMethodDetail: ; Succeeded: True; AuthenticationStepResultDetail: User approved; AuthenticationStepRequirement: ;"
"2026-08-19T17:37:40Z","Charles Cleveland","ccleveland@katzcapital.com","89bee1f7-5e6e-4d8a-9f3d-ecd601259da7","Office365 Shell WCSS-Client","71.46.218.18","Browser","Mozilla/5.0 (Windows NT 10.0; Win64; x64) AppleWebKit/537.36 (KHTML, like Gecko) Chrome/151.0.0.0 Safari/537.36 Edg/151.0.0.0","01a01b19-9fc6-783a-9459-09a3cd90abb5","True","multiFactorAuthentication","errorCode: 0; failureReason: Other.; additionalDetails: MFA requirement satisfied by claim in the token","deviceId: bc7374e3-f031-4efa-95c8-64485e11cc7c; displayName: PWC-L-23-01; operatingSystem: Windows10; browser: Edge 151.0.0; isCompliant: False; isManaged: False; trustType: Azure AD joined","city: Tampa; state: Florida; countryOrRegion: US; geoCoordinates: @{altitude=; latitude=28.00153; longitude=-82.37678}","success","ID: a08e9a43-c474-45ce-854f-67d0f7b3deec; DisplayName: Enable MFA - All Users; Result: success; ConditionsNotSatisfied: none; SessionControlsNotSatisfied: 
ID: b8e8a1ff-dfc9-4eff-8c45-e209f4e26e5b; DisplayName: KaztCap SSL VPN Access; Result: notApplied; ConditionsNotSatisfied: users; SessionControlsNotSatisfied: 
ID: c6569448-6b9b-4329-8356-6cdb035f7cf2; DisplayName: Enable MFA - bwadmin; Result: notApplied; ConditionsNotSatisfied: users; SessionControlsNotSatisfied: 
ID: 9dba74f8-0de6-406e-b38c-ba05ea657153; DisplayName: Microsoft-managed: Multifactor authentication for per-user multifactor authentication users; Result: notEnabled; ConditionsNotSatisfied: none; SessionControlsNotSatisfied: 
ID: 7249cafd-bd3b-4f0c-9f6a-de4933e0a484; DisplayName: Location Based Access - Block Outside US; Result: notApplied; ConditionsNotSatisfied: location,ipAddressSeenByAzureAD; SessionControlsNotSatisfied: 
ID: 2c6518a2-ced4-420b-99b2-7a01741512b8; DisplayName: Location Based Access - Allow Specific Countries; Result: notEnabled; ConditionsNotSatisfied: none; SessionControlsNotSatisfied: 
ID: e51298da-9965-4f54-be5a-a1bfa7391207; DisplayName: Microsoft-managed: Multifactor authentication and reauthentication for risky sign-ins; Result: notApplied; ConditionsNotSatisfied: signInRisk; SessionControlsNotSatisfied: 
ID: 3cc748c6-e739-4559-b56f-dc898b93b757; DisplayName: Brian Katz Travel Cayman - 12/21-12/28; Result: notEnabled; ConditionsNotSatisfied: none; SessionControlsNotSatisfied: 
ID: dbe24e2b-7971-4159-92e7-029febd9403a; DisplayName: Jeff Lenderman Travel BVI 3/13-3/19; Result: notEnabled; ConditionsNotSatisfied: none; SessionControlsNotSatisfied: 
ID: bda0d60a-c582-4d69-9d7e-f9166be26b08; DisplayName: Brian Katz - Costa Rica; Result: notEnabled; ConditionsNotSatisfied: none; SessionControlsNotSatisfied: 
ID: 46ddead8-098c-4325-bbeb-836e364f64b5; DisplayName: Sessions - Block Persistent Browser Sessions (Untrusted Locations); Result: reportOnlySuccess; ConditionsNotSatisfied: none; SessionControlsNotSatisfied: 
ID: 0149a225-4092-4a09-ab18-ae7c47c5deeb; DisplayName: Sessions - Enforce Sign-In Frequency; Result: reportOnlySuccess; ConditionsNotSatisfied: none; SessionControlsNotSatisfied: 
ID: 408cead8-caca-4de6-bf52-6f34130a6459; DisplayName: Microsoft-managed: Multifactor authentication for admins accessing Microsoft Admin Portals; Result: reportOnlyNotApplied; ConditionsNotSatisfied: application; SessionControlsNotSatisfied: 
ID: e00078dd-d389-4a8f-ba33-ac7b690a7ce3; DisplayName: Brian Katz Montreal 3/15 - 3/21; Result: reportOnlyNotApplied; ConditionsNotSatisfied: users; SessionControlsNotSatisfied: 
ID: e4f6bd83-c762-4a93-9fb4-d77b558b5650; DisplayName: Devices - Enforce Device Compliance; Result: reportOnlyNotApplied; ConditionsNotSatisfied: deviceState; SessionControlsNotSatisfied: 
ID: da3712b4-2ee4-4d96-b702-9d73cb4e635a; DisplayName: Locations - Enforce Geo-IP Fencing; Result: reportOnlyNotApplied; ConditionsNotSatisfied: location,ipAddressSeenByAzureAD; SessionControlsNotSatisfied: 
ID: 7bd05172-0534-4c9a-a965-6e9370e281df; DisplayName: Protocols - Enforce Modern Authentication; Result: reportOnlyNotApplied; ConditionsNotSatisfied: clientType; SessionControlsNotSatisfied: 
ID: 6c493fe3-b17a-426e-af02-9f28f033239f; DisplayName: Sessions - Block Persistent Browser Sessions (Admins); Result: reportOnlyNotApplied; ConditionsNotSatisfied: users; SessionControlsNotSatisfied: 
ID: 77dbcd7f-566d-4b90-a928-edf2235d1c96; DisplayName: Users - Block Interactive Logins (Service Accounts); Result: reportOnlyNotApplied; ConditionsNotSatisfied: users; SessionControlsNotSatisfied: 
ID: 72f697df-0563-4339-8a40-3a0e56607bcb; DisplayName: Users - Restrict Admin Portal Access; Result: reportOnlyNotApplied; ConditionsNotSatisfied: application; SessionControlsNotSatisfied: ","networkType: namedNetwork; networkNames: Block Countries Per User Per Period","AuthenticationStepDateTime: 2026-08-19T17:37:40Z; AuthenticationMethod: Previously satisfied; AuthenticationMethodDetail: ; Succeeded: True; AuthenticationStepResultDetail: First factor requirement satisfied by claim in the token; AuthenticationStepRequirement: ;
AuthenticationStepDateTime: 2026-08-19T17:37:40Z; AuthenticationMethod: Previously satisfied; AuthenticationMethodDetail: ; Succeeded: True; AuthenticationStepResultDetail: MFA requirement satisfied by claim in the token; AuthenticationStepRequirement: ;"
"2026-08-19T17:32:57Z","Pineywoods Realty Admin","admin@pineywoodsrealtyfl.com","9199bf20-a13f-4107-85dc-02114787ef48","One Outlook Web","47.206.189.128","Browser","Mozilla/5.0 (Windows NT 10.0; Win64; x64) AppleWebKit/537.36 (KHTML, like Gecko) Chrome/150.0.0.0 Safari/537.36","3a729efe-a1ef-7661-c7d5-cb9fe48754ec","True","multiFactorAuthentication","errorCode: 0; failureReason: Other.; additionalDetails: MFA requirement satisfied by claim in the token","deviceId: ; displayName: ; operatingSystem: Windows10; browser: Chrome 150.0.0; isCompliant: False; isManaged: False; trustType: ","city: Tampa; state: Florida; countryOrRegion: US; geoCoordinates: @{altitude=; latitude=27.94497; longitude=-82.44757}","success","ID: a08e9a43-c474-45ce-854f-67d0f7b3deec; DisplayName: Enable MFA - All Users; Result: success; ConditionsNotSatisfied: none; SessionControlsNotSatisfied: 
ID: b8e8a1ff-dfc9-4eff-8c45-e209f4e26e5b; DisplayName: KaztCap SSL VPN Access; Result: notApplied; ConditionsNotSatisfied: users; SessionControlsNotSatisfied: 
ID: 2c6518a2-ced4-420b-99b2-7a01741512b8; DisplayName: Location Based Access - Allow Specific Countries; Result: notEnabled; ConditionsNotSatisfied: none; SessionControlsNotSatisfied: 
ID: 9dba74f8-0de6-406e-b38c-ba05ea657153; DisplayName: Microsoft-managed: Multifactor authentication for per-user multifactor authentication users; Result: notEnabled; ConditionsNotSatisfied: none; SessionControlsNotSatisfied: 
ID: e51298da-9965-4f54-be5a-a1bfa7391207; DisplayName: Microsoft-managed: Multifactor authentication and reauthentication for risky sign-ins; Result: notApplied; ConditionsNotSatisfied: signInRisk; SessionControlsNotSatisfied: 
ID: c6569448-6b9b-4329-8356-6cdb035f7cf2; DisplayName: Enable MFA - bwadmin; Result: notApplied; ConditionsNotSatisfied: users; SessionControlsNotSatisfied: 
ID: 3cc748c6-e739-4559-b56f-dc898b93b757; DisplayName: Brian Katz Travel Cayman - 12/21-12/28; Result: notEnabled; ConditionsNotSatisfied: none; SessionControlsNotSatisfied: 
ID: 7249cafd-bd3b-4f0c-9f6a-de4933e0a484; DisplayName: Location Based Access - Block Outside US; Result: notApplied; ConditionsNotSatisfied: location,ipAddressSeenByAzureAD; SessionControlsNotSatisfied: 
ID: dbe24e2b-7971-4159-92e7-029febd9403a; DisplayName: Jeff Lenderman Travel BVI 3/13-3/19; Result: notEnabled; ConditionsNotSatisfied: none; SessionControlsNotSatisfied: 
ID: bda0d60a-c582-4d69-9d7e-f9166be26b08; DisplayName: Brian Katz - Costa Rica; Result: notEnabled; ConditionsNotSatisfied: none; SessionControlsNotSatisfied: 
ID: e4f6bd83-c762-4a93-9fb4-d77b558b5650; DisplayName: Devices - Enforce Device Compliance; Result: reportOnlyFailure; ConditionsNotSatisfied: none; SessionControlsNotSatisfied: 
ID: 46ddead8-098c-4325-bbeb-836e364f64b5; DisplayName: Sessions - Block Persistent Browser Sessions (Untrusted Locations); Result: reportOnlySuccess; ConditionsNotSatisfied: none; SessionControlsNotSatisfied: 
ID: 0149a225-4092-4a09-ab18-ae7c47c5deeb; DisplayName: Sessions - Enforce Sign-In Frequency; Result: reportOnlySuccess; ConditionsNotSatisfied: none; SessionControlsNotSatisfied: 
ID: 408cead8-caca-4de6-bf52-6f34130a6459; DisplayName: Microsoft-managed: Multifactor authentication for admins accessing Microsoft Admin Portals; Result: reportOnlyNotApplied; ConditionsNotSatisfied: application; SessionControlsNotSatisfied: 
ID: e00078dd-d389-4a8f-ba33-ac7b690a7ce3; DisplayName: Brian Katz Montreal 3/15 - 3/21; Result: reportOnlyNotApplied; ConditionsNotSatisfied: users; SessionControlsNotSatisfied: 
ID: da3712b4-2ee4-4d96-b702-9d73cb4e635a; DisplayName: Locations - Enforce Geo-IP Fencing; Result: reportOnlyNotApplied; ConditionsNotSatisfied: location,ipAddressSeenByAzureAD; SessionControlsNotSatisfied: 
ID: 7bd05172-0534-4c9a-a965-6e9370e281df; DisplayName: Protocols - Enforce Modern Authentication; Result: reportOnlyNotApplied; ConditionsNotSatisfied: clientType; SessionControlsNotSatisfied: 
ID: 6c493fe3-b17a-426e-af02-9f28f033239f; DisplayName: Sessions - Block Persistent Browser Sessions (Admins); Result: reportOnlyNotApplied; ConditionsNotSatisfied: users; SessionControlsNotSatisfied: 
ID: 77dbcd7f-566d-4b90-a928-edf2235d1c96; DisplayName: Users - Block Interactive Logins (Service Accounts); Result: reportOnlyNotApplied; ConditionsNotSatisfied: users; SessionControlsNotSatisfied: 
ID: 72f697df-0563-4339-8a40-3a0e56607bcb; DisplayName: Users - Restrict Admin Portal Access; Result: reportOnlyNotApplied; ConditionsNotSatisfied: application; SessionControlsNotSatisfied: ","networkType: namedNetwork; networkNames: Block Countries Per User Per Period","AuthenticationStepDateTime: 2026-08-19T17:32:57Z; AuthenticationMethod: Previously satisfied; AuthenticationMethodDetail: ; Succeeded: True; AuthenticationStepResultDetail: First factor requirement satisfied by claim in the token; AuthenticationStepRequirement: ;
AuthenticationStepDateTime: 2026-08-19T17:32:57Z; AuthenticationMethod: Previously satisfied; AuthenticationMethodDetail: ; Succeeded: True; AuthenticationStepResultDetail: MFA requirement satisfied by claim in the token; AuthenticationStepRequirement: ;"
"2026-08-19T17:14:06Z","Vic Pellegrino","vpellegrino@katzcapital.com","38aa3b87-a06d-4817-b275-7a316988d93b","Windows Sign In","71.46.218.18","Mobile Apps and Desktop clients","Windows-AzureAD-Authentication-Provider/1.0","8f305740-4fe6-4bd2-8e89-d35d98e505d2","True","singleFactorAuthentication","errorCode: 0; failureReason: Other.; additionalDetails: MFA requirement satisfied by claim in the token","deviceId: 1f32f206-823d-4edb-8433-42eb108dd013; displayName: PWC-L-26-01; operatingSystem: Windows; browser: ; isCompliant: False; isManaged: False; trustType: Azure AD joined","city: Tampa; state: Florida; countryOrRegion: US; geoCoordinates: @{altitude=; latitude=28.00153; longitude=-82.37678}","notApplied","","networkType: namedNetwork; networkNames: Block Countries Per User Per Period","AuthenticationStepDateTime: 2026-08-19T17:14:06Z; AuthenticationMethod: Windows Hello for Business; AuthenticationMethodDetail: ; Succeeded: True; AuthenticationStepResultDetail: User approved; AuthenticationStepRequirement: ;"
"2026-08-19T17:05:41Z","Kalise Sanger","frontdesk@pineywoodsrealtyfl.com","9199bf20-a13f-4107-85dc-02114787ef48","One Outlook Web","47.206.189.128","Browser","Mozilla/5.0 (Windows NT 10.0; Win64; x64) AppleWebKit/537.36 (KHTML, like Gecko) Chrome/151.0.0.0 Safari/537.36 Edg/151.0.0.0","77477213-385f-ce7e-24d1-a4d16b949eed","True","multiFactorAuthentication","errorCode: 0; failureReason: Other.; additionalDetails: MFA requirement satisfied by claim in the token","deviceId: c4b8e480-5cab-4820-9148-b154d9a19975; displayName: PWC-L-19-01; operatingSystem: Windows10; browser: Edge 151.0.0; isCompliant: False; isManaged: False; trustType: Azure AD joined","city: Tampa; state: Florida; countryOrRegion: US; geoCoordinates: @{altitude=; latitude=27.94497; longitude=-82.44757}","success","ID: a08e9a43-c474-45ce-854f-67d0f7b3deec; DisplayName: Enable MFA - All Users; Result: success; ConditionsNotSatisfied: none; SessionControlsNotSatisfied: 
ID: b8e8a1ff-dfc9-4eff-8c45-e209f4e26e5b; DisplayName: KaztCap SSL VPN Access; Result: notApplied; ConditionsNotSatisfied: users; SessionControlsNotSatisfied: 
ID: 2c6518a2-ced4-420b-99b2-7a01741512b8; DisplayName: Location Based Access - Allow Specific Countries; Result: notEnabled; ConditionsNotSatisfied: none; SessionControlsNotSatisfied: 
ID: 9dba74f8-0de6-406e-b38c-ba05ea657153; DisplayName: Microsoft-managed: Multifactor authentication for per-user multifactor authentication users; Result: notEnabled; ConditionsNotSatisfied: none; SessionControlsNotSatisfied: 
ID: e51298da-9965-4f54-be5a-a1bfa7391207; DisplayName: Microsoft-managed: Multifactor authentication and reauthentication for risky sign-ins; Result: notApplied; ConditionsNotSatisfied: signInRisk; SessionControlsNotSatisfied: 
ID: c6569448-6b9b-4329-8356-6cdb035f7cf2; DisplayName: Enable MFA - bwadmin; Result: notApplied; ConditionsNotSatisfied: users; SessionControlsNotSatisfied: 
ID: 3cc748c6-e739-4559-b56f-dc898b93b757; DisplayName: Brian Katz Travel Cayman - 12/21-12/28; Result: notEnabled; ConditionsNotSatisfied: none; SessionControlsNotSatisfied: 
ID: 7249cafd-bd3b-4f0c-9f6a-de4933e0a484; DisplayName: Location Based Access - Block Outside US; Result: notApplied; ConditionsNotSatisfied: location,ipAddressSeenByAzureAD; SessionControlsNotSatisfied: 
ID: dbe24e2b-7971-4159-92e7-029febd9403a; DisplayName: Jeff Lenderman Travel BVI 3/13-3/19; Result: notEnabled; ConditionsNotSatisfied: none; SessionControlsNotSatisfied: 
ID: bda0d60a-c582-4d69-9d7e-f9166be26b08; DisplayName: Brian Katz - Costa Rica; Result: notEnabled; ConditionsNotSatisfied: none; SessionControlsNotSatisfied: 
ID: 46ddead8-098c-4325-bbeb-836e364f64b5; DisplayName: Sessions - Block Persistent Browser Sessions (Untrusted Locations); Result: reportOnlySuccess; ConditionsNotSatisfied: none; SessionControlsNotSatisfied: 
ID: 0149a225-4092-4a09-ab18-ae7c47c5deeb; DisplayName: Sessions - Enforce Sign-In Frequency; Result: reportOnlySuccess; ConditionsNotSatisfied: none; SessionControlsNotSatisfied: 
ID: 408cead8-caca-4de6-bf52-6f34130a6459; DisplayName: Microsoft-managed: Multifactor authentication for admins accessing Microsoft Admin Portals; Result: reportOnlyNotApplied; ConditionsNotSatisfied: application; SessionControlsNotSatisfied: 
ID: e00078dd-d389-4a8f-ba33-ac7b690a7ce3; DisplayName: Brian Katz Montreal 3/15 - 3/21; Result: reportOnlyNotApplied; ConditionsNotSatisfied: users; SessionControlsNotSatisfied: 
ID: e4f6bd83-c762-4a93-9fb4-d77b558b5650; DisplayName: Devices - Enforce Device Compliance; Result: reportOnlyNotApplied; ConditionsNotSatisfied: deviceState; SessionControlsNotSatisfied: 
ID: da3712b4-2ee4-4d96-b702-9d73cb4e635a; DisplayName: Locations - Enforce Geo-IP Fencing; Result: reportOnlyNotApplied; ConditionsNotSatisfied: location,ipAddressSeenByAzureAD; SessionControlsNotSatisfied: 
ID: 7bd05172-0534-4c9a-a965-6e9370e281df; DisplayName: Protocols - Enforce Modern Authentication; Result: reportOnlyNotApplied; ConditionsNotSatisfied: clientType; SessionControlsNotSatisfied: 
ID: 6c493fe3-b17a-426e-af02-9f28f033239f; DisplayName: Sessions - Block Persistent Browser Sessions (Admins); Result: reportOnlyNotApplied; ConditionsNotSatisfied: users; SessionControlsNotSatisfied: 
ID: 77dbcd7f-566d-4b90-a928-edf2235d1c96; DisplayName: Users - Block Interactive Logins (Service Accounts); Result: reportOnlyNotApplied; ConditionsNotSatisfied: users; SessionControlsNotSatisfied: 
ID: 72f697df-0563-4339-8a40-3a0e56607bcb; DisplayName: Users - Restrict Admin Portal Access; Result: reportOnlyNotApplied; ConditionsNotSatisfied: application; SessionControlsNotSatisfied: ","networkType: namedNetwork; networkNames: Block Countries Per User Per Period","AuthenticationStepDateTime: 2026-08-19T17:05:41Z; AuthenticationMethod: Previously satisfied; AuthenticationMethodDetail: ; Succeeded: True; AuthenticationStepResultDetail: First factor requirement satisfied by claim in the token; AuthenticationStepRequirement: ;
AuthenticationStepDateTime: 2026-08-19T17:05:41Z; AuthenticationMethod: Previously satisfied; AuthenticationMethodDetail: ; Succeeded: True; AuthenticationStepResultDetail: MFA requirement satisfied by claim in the token; AuthenticationStepRequirement: ;"
"2026-08-19T17:00:30Z","Brian Katz","bkatz@katzcapital.com","38aa3b87-a06d-4817-b275-7a316988d93b","Windows Sign In","71.46.218.18","Mobile Apps and Desktop clients","Windows-AzureAD-Authentication-Provider/1.0","4f2c9183-623c-4a40-ab3b-a32695646388","True","singleFactorAuthentication","errorCode: 0; failureReason: Other.; additionalDetails: MFA requirement satisfied by claim in the token","deviceId: 96b5d6dc-e36d-480c-9d95-ea47db6fb789; displayName: PWD-L-22-02; operatingSystem: Windows; browser: ; isCompliant: False; isManaged: False; trustType: Azure AD joined","city: Tampa; state: Florida; countryOrRegion: US; geoCoordinates: @{altitude=; latitude=28.00153; longitude=-82.37678}","notApplied","","networkType: namedNetwork; networkNames: Block Countries Per User Per Period","AuthenticationStepDateTime: 2026-08-19T17:00:30Z; AuthenticationMethod: Windows Hello for Business; AuthenticationMethodDetail: ; Succeeded: True; AuthenticationStepResultDetail: User approved; AuthenticationStepRequirement: ;"
"2026-08-19T16:45:13Z","Ashley Savala","asavala@pineywoodsrealtyfl.com","9199bf20-a13f-4107-85dc-02114787ef48","One Outlook Web","47.198.26.60","Browser","Mozilla/5.0 (Windows NT 10.0; Win64; x64) AppleWebKit/537.36 (KHTML, like Gecko) Chrome/151.0.0.0 Safari/537.36","f7c27860-8146-71e9-3276-7b225137ddc7","True","multiFactorAuthentication","errorCode: 0; failureReason: Other.; additionalDetails: MFA requirement satisfied by claim in the token","deviceId: ; displayName: ; operatingSystem: Windows10; browser: Chrome 151.0.0; isCompliant: False; isManaged: False; trustType: ","city: Odessa; state: Florida; countryOrRegion: US; geoCoordinates: @{altitude=; latitude=28.16365; longitude=-82.56719}","success","ID: a08e9a43-c474-45ce-854f-67d0f7b3deec; DisplayName: Enable MFA - All Users; Result: success; ConditionsNotSatisfied: none; SessionControlsNotSatisfied: 
ID: b8e8a1ff-dfc9-4eff-8c45-e209f4e26e5b; DisplayName: KaztCap SSL VPN Access; Result: notApplied; ConditionsNotSatisfied: users; SessionControlsNotSatisfied: 
ID: c6569448-6b9b-4329-8356-6cdb035f7cf2; DisplayName: Enable MFA - bwadmin; Result: notApplied; ConditionsNotSatisfied: users; SessionControlsNotSatisfied: 
ID: 2c6518a2-ced4-420b-99b2-7a01741512b8; DisplayName: Location Based Access - Allow Specific Countries; Result: notEnabled; ConditionsNotSatisfied: none; SessionControlsNotSatisfied: 
ID: 9dba74f8-0de6-406e-b38c-ba05ea657153; DisplayName: Microsoft-managed: Multifactor authentication for per-user multifactor authentication users; Result: notEnabled; ConditionsNotSatisfied: none; SessionControlsNotSatisfied: 
ID: 7249cafd-bd3b-4f0c-9f6a-de4933e0a484; DisplayName: Location Based Access - Block Outside US; Result: notApplied; ConditionsNotSatisfied: location,ipAddressSeenByAzureAD; SessionControlsNotSatisfied: 
ID: e51298da-9965-4f54-be5a-a1bfa7391207; DisplayName: Microsoft-managed: Multifactor authentication and reauthentication for risky sign-ins; Result: notApplied; ConditionsNotSatisfied: signInRisk; SessionControlsNotSatisfied: 
ID: 3cc748c6-e739-4559-b56f-dc898b93b757; DisplayName: Brian Katz Travel Cayman - 12/21-12/28; Result: notEnabled; ConditionsNotSatisfied: none; SessionControlsNotSatisfied: 
ID: dbe24e2b-7971-4159-92e7-029febd9403a; DisplayName: Jeff Lenderman Travel BVI 3/13-3/19; Result: notEnabled; ConditionsNotSatisfied: none; SessionControlsNotSatisfied: 
ID: bda0d60a-c582-4d69-9d7e-f9166be26b08; DisplayName: Brian Katz - Costa Rica; Result: notEnabled; ConditionsNotSatisfied: none; SessionControlsNotSatisfied: 
ID: e4f6bd83-c762-4a93-9fb4-d77b558b5650; DisplayName: Devices - Enforce Device Compliance; Result: reportOnlyFailure; ConditionsNotSatisfied: none; SessionControlsNotSatisfied: 
ID: 46ddead8-098c-4325-bbeb-836e364f64b5; DisplayName: Sessions - Block Persistent Browser Sessions (Untrusted Locations); Result: reportOnlySuccess; ConditionsNotSatisfied: none; SessionControlsNotSatisfied: 
ID: 0149a225-4092-4a09-ab18-ae7c47c5deeb; DisplayName: Sessions - Enforce Sign-In Frequency; Result: reportOnlySuccess; ConditionsNotSatisfied: none; SessionControlsNotSatisfied: 
ID: 408cead8-caca-4de6-bf52-6f34130a6459; DisplayName: Microsoft-managed: Multifactor authentication for admins accessing Microsoft Admin Portals; Result: reportOnlyNotApplied; ConditionsNotSatisfied: application; SessionControlsNotSatisfied: 
ID: e00078dd-d389-4a8f-ba33-ac7b690a7ce3; DisplayName: Brian Katz Montreal 3/15 - 3/21; Result: reportOnlyNotApplied; ConditionsNotSatisfied: users; SessionControlsNotSatisfied: 
ID: da3712b4-2ee4-4d96-b702-9d73cb4e635a; DisplayName: Locations - Enforce Geo-IP Fencing; Result: reportOnlyNotApplied; ConditionsNotSatisfied: location,ipAddressSeenByAzureAD; SessionControlsNotSatisfied: 
ID: 7bd05172-0534-4c9a-a965-6e9370e281df; DisplayName: Protocols - Enforce Modern Authentication; Result: reportOnlyNotApplied; ConditionsNotSatisfied: clientType; SessionControlsNotSatisfied: 
ID: 6c493fe3-b17a-426e-af02-9f28f033239f; DisplayName: Sessions - Block Persistent Browser Sessions (Admins); Result: reportOnlyNotApplied; ConditionsNotSatisfied: users; SessionControlsNotSatisfied: 
ID: 77dbcd7f-566d-4b90-a928-edf2235d1c96; DisplayName: Users - Block Interactive Logins (Service Accounts); Result: reportOnlyNotApplied; ConditionsNotSatisfied: users; SessionControlsNotSatisfied: 
ID: 72f697df-0563-4339-8a40-3a0e56607bcb; DisplayName: Users - Restrict Admin Portal Access; Result: reportOnlyNotApplied; ConditionsNotSatisfied: application; SessionControlsNotSatisfied: ","networkType: namedNetwork; networkNames: Block Countries Per User Per Period","AuthenticationStepDateTime: 2026-08-19T16:45:13Z; AuthenticationMethod: Previously satisfied; AuthenticationMethodDetail: ; Succeeded: True; AuthenticationStepResultDetail: First factor requirement satisfied by claim in the token; AuthenticationStepRequirement: ;
AuthenticationStepDateTime: 2026-08-19T16:45:13Z; AuthenticationMethod: Previously satisfied; AuthenticationMethodDetail: ; Succeeded: True; AuthenticationStepResultDetail: MFA requirement satisfied by claim in the token; AuthenticationStepRequirement: ;"
"2026-08-19T16:02:51Z","Maxine Barnett","mbarnett@pineywoodscapital.com","89bee1f7-5e6e-4d8a-9f3d-ecd601259da7","Office365 Shell WCSS-Client","2603:9000:6901:2bc5:40f3:d14b:b4c3:87d9","Browser","Mozilla/5.0 (Windows NT 10.0; Win64; x64) AppleWebKit/537.36 (KHTML, like Gecko) Chrome/151.0.0.0 Safari/537.36 Edg/151.0.0.0","01a01ac2-ccae-77cb-8c15-f5622bd2c061","True","multiFactorAuthentication","errorCode: 0; failureReason: Other.; additionalDetails: MFA requirement satisfied by claim in the token","deviceId: ef195eb1-1b92-4508-9244-131a41ab85fc; displayName: LAPTOP-3N51BPAV; operatingSystem: Windows10; browser: Edge 151.0.0; isCompliant: False; isManaged: False; trustType: Azure AD registered","city: Tampa; state: Florida; countryOrRegion: US; geoCoordinates: @{altitude=; latitude=28.001528; longitude=-82.37678}","success","ID: a08e9a43-c474-45ce-854f-67d0f7b3deec; DisplayName: Enable MFA - All Users; Result: success; ConditionsNotSatisfied: none; SessionControlsNotSatisfied: 
ID: b8e8a1ff-dfc9-4eff-8c45-e209f4e26e5b; DisplayName: KaztCap SSL VPN Access; Result: notApplied; ConditionsNotSatisfied: users; SessionControlsNotSatisfied: 
ID: c6569448-6b9b-4329-8356-6cdb035f7cf2; DisplayName: Enable MFA - bwadmin; Result: notApplied; ConditionsNotSatisfied: users; SessionControlsNotSatisfied: 
ID: 2c6518a2-ced4-420b-99b2-7a01741512b8; DisplayName: Location Based Access - Allow Specific Countries; Result: notEnabled; ConditionsNotSatisfied: none; SessionControlsNotSatisfied: 
ID: 9dba74f8-0de6-406e-b38c-ba05ea657153; DisplayName: Microsoft-managed: Multifactor authentication for per-user multifactor authentication users; Result: notEnabled; ConditionsNotSatisfied: none; SessionControlsNotSatisfied: 
ID: 7249cafd-bd3b-4f0c-9f6a-de4933e0a484; DisplayName: Location Based Access - Block Outside US; Result: notApplied; ConditionsNotSatisfied: location,ipAddressSeenByAzureAD; SessionControlsNotSatisfied: 
ID: e51298da-9965-4f54-be5a-a1bfa7391207; DisplayName: Microsoft-managed: Multifactor authentication and reauthentication for risky sign-ins; Result: notApplied; ConditionsNotSatisfied: signInRisk; SessionControlsNotSatisfied: 
ID: 3cc748c6-e739-4559-b56f-dc898b93b757; DisplayName: Brian Katz Travel Cayman - 12/21-12/28; Result: notEnabled; ConditionsNotSatisfied: none; SessionControlsNotSatisfied: 
ID: dbe24e2b-7971-4159-92e7-029febd9403a; DisplayName: Jeff Lenderman Travel BVI 3/13-3/19; Result: notEnabled; ConditionsNotSatisfied: none; SessionControlsNotSatisfied: 
ID: bda0d60a-c582-4d69-9d7e-f9166be26b08; DisplayName: Brian Katz - Costa Rica; Result: notEnabled; ConditionsNotSatisfied: none; SessionControlsNotSatisfied: 
ID: 46ddead8-098c-4325-bbeb-836e364f64b5; DisplayName: Sessions - Block Persistent Browser Sessions (Untrusted Locations); Result: reportOnlySuccess; ConditionsNotSatisfied: none; SessionControlsNotSatisfied: 
ID: 0149a225-4092-4a09-ab18-ae7c47c5deeb; DisplayName: Sessions - Enforce Sign-In Frequency; Result: reportOnlySuccess; ConditionsNotSatisfied: none; SessionControlsNotSatisfied: 
ID: 408cead8-caca-4de6-bf52-6f34130a6459; DisplayName: Microsoft-managed: Multifactor authentication for admins accessing Microsoft Admin Portals; Result: reportOnlyNotApplied; ConditionsNotSatisfied: application; SessionControlsNotSatisfied: 
ID: e00078dd-d389-4a8f-ba33-ac7b690a7ce3; DisplayName: Brian Katz Montreal 3/15 - 3/21; Result: reportOnlyNotApplied; ConditionsNotSatisfied: users; SessionControlsNotSatisfied: 
ID: e4f6bd83-c762-4a93-9fb4-d77b558b5650; DisplayName: Devices - Enforce Device Compliance; Result: reportOnlyNotApplied; ConditionsNotSatisfied: deviceState; SessionControlsNotSatisfied: 
ID: da3712b4-2ee4-4d96-b702-9d73cb4e635a; DisplayName: Locations - Enforce Geo-IP Fencing; Result: reportOnlyNotApplied; ConditionsNotSatisfied: location,ipAddressSeenByAzureAD; SessionControlsNotSatisfied: 
ID: 7bd05172-0534-4c9a-a965-6e9370e281df; DisplayName: Protocols - Enforce Modern Authentication; Result: reportOnlyNotApplied; ConditionsNotSatisfied: clientType; SessionControlsNotSatisfied: 
ID: 6c493fe3-b17a-426e-af02-9f28f033239f; DisplayName: Sessions - Block Persistent Browser Sessions (Admins); Result: reportOnlyNotApplied; ConditionsNotSatisfied: users; SessionControlsNotSatisfied: 
ID: 77dbcd7f-566d-4b90-a928-edf2235d1c96; DisplayName: Users - Block Interactive Logins (Service Accounts); Result: reportOnlyNotApplied; ConditionsNotSatisfied: users; SessionControlsNotSatisfied: 
ID: 72f697df-0563-4339-8a40-3a0e56607bcb; DisplayName: Users - Restrict Admin Portal Access; Result: reportOnlyNotApplied; ConditionsNotSatisfied: application; SessionControlsNotSatisfied: ","networkType: namedNetwork; networkNames: Block Countries Per User Per Period","AuthenticationStepDateTime: 2026-08-19T16:02:51Z; AuthenticationMethod: Previously satisfied; AuthenticationMethodDetail: ; Succeeded: True; AuthenticationStepResultDetail: First factor requirement satisfied by claim in the token; AuthenticationStepRequirement: ;
AuthenticationStepDateTime: 2026-08-19T16:02:51Z; AuthenticationMethod: Previously satisfied; AuthenticationMethodDetail: ; Succeeded: True; AuthenticationStepResultDetail: MFA requirement satisfied by claim in the token; AuthenticationStepRequirement: ;"
"2026-08-19T15:29:53Z","Pineywoods Realty Admin","admin@pineywoodsrealtyfl.com","89bee1f7-5e6e-4d8a-9f3d-ecd601259da7","Office365 Shell WCSS-Client","47.206.189.128","Browser","Mozilla/5.0 (Windows NT 10.0; Win64; x64) AppleWebKit/537.36 (KHTML, like Gecko) Chrome/150.0.0.0 Safari/537.36","01a01aa4-a18e-7d1b-96ba-12f0bd9b83cd","True","multiFactorAuthentication","errorCode: 0; failureReason: Other.; additionalDetails: MFA requirement satisfied by claim in the token","deviceId: ; displayName: ; operatingSystem: Windows10; browser: Chrome 150.0.0; isCompliant: False; isManaged: False; trustType: ","city: Tampa; state: Florida; countryOrRegion: US; geoCoordinates: @{altitude=; latitude=27.94497; longitude=-82.44757}","success","ID: a08e9a43-c474-45ce-854f-67d0f7b3deec; DisplayName: Enable MFA - All Users; Result: success; ConditionsNotSatisfied: none; SessionControlsNotSatisfied: 
ID: b8e8a1ff-dfc9-4eff-8c45-e209f4e26e5b; DisplayName: KaztCap SSL VPN Access; Result: notApplied; ConditionsNotSatisfied: users; SessionControlsNotSatisfied: 
ID: c6569448-6b9b-4329-8356-6cdb035f7cf2; DisplayName: Enable MFA - bwadmin; Result: notApplied; ConditionsNotSatisfied: users; SessionControlsNotSatisfied: 
ID: 9dba74f8-0de6-406e-b38c-ba05ea657153; DisplayName: Microsoft-managed: Multifactor authentication for per-user multifactor authentication users; Result: notEnabled; ConditionsNotSatisfied: none; SessionControlsNotSatisfied: 
ID: 7249cafd-bd3b-4f0c-9f6a-de4933e0a484; DisplayName: Location Based Access - Block Outside US; Result: notApplied; ConditionsNotSatisfied: location,ipAddressSeenByAzureAD; SessionControlsNotSatisfied: 
ID: 2c6518a2-ced4-420b-99b2-7a01741512b8; DisplayName: Location Based Access - Allow Specific Countries; Result: notEnabled; ConditionsNotSatisfied: none; SessionControlsNotSatisfied: 
ID: e51298da-9965-4f54-be5a-a1bfa7391207; DisplayName: Microsoft-managed: Multifactor authentication and reauthentication for risky sign-ins; Result: notApplied; ConditionsNotSatisfied: signInRisk; SessionControlsNotSatisfied: 
ID: 3cc748c6-e739-4559-b56f-dc898b93b757; DisplayName: Brian Katz Travel Cayman - 12/21-12/28; Result: notEnabled; ConditionsNotSatisfied: none; SessionControlsNotSatisfied: 
ID: dbe24e2b-7971-4159-92e7-029febd9403a; DisplayName: Jeff Lenderman Travel BVI 3/13-3/19; Result: notEnabled; ConditionsNotSatisfied: none; SessionControlsNotSatisfied: 
ID: bda0d60a-c582-4d69-9d7e-f9166be26b08; DisplayName: Brian Katz - Costa Rica; Result: notEnabled; ConditionsNotSatisfied: none; SessionControlsNotSatisfied: 
ID: e4f6bd83-c762-4a93-9fb4-d77b558b5650; DisplayName: Devices - Enforce Device Compliance; Result: reportOnlyFailure; ConditionsNotSatisfied: none; SessionControlsNotSatisfied: 
ID: 46ddead8-098c-4325-bbeb-836e364f64b5; DisplayName: Sessions - Block Persistent Browser Sessions (Untrusted Locations); Result: reportOnlySuccess; ConditionsNotSatisfied: none; SessionControlsNotSatisfied: 
ID: 0149a225-4092-4a09-ab18-ae7c47c5deeb; DisplayName: Sessions - Enforce Sign-In Frequency; Result: reportOnlySuccess; ConditionsNotSatisfied: none; SessionControlsNotSatisfied: 
ID: 408cead8-caca-4de6-bf52-6f34130a6459; DisplayName: Microsoft-managed: Multifactor authentication for admins accessing Microsoft Admin Portals; Result: reportOnlyNotApplied; ConditionsNotSatisfied: application; SessionControlsNotSatisfied: 
ID: e00078dd-d389-4a8f-ba33-ac7b690a7ce3; DisplayName: Brian Katz Montreal 3/15 - 3/21; Result: reportOnlyNotApplied; ConditionsNotSatisfied: users; SessionControlsNotSatisfied: 
ID: da3712b4-2ee4-4d96-b702-9d73cb4e635a; DisplayName: Locations - Enforce Geo-IP Fencing; Result: reportOnlyNotApplied; ConditionsNotSatisfied: location,ipAddressSeenByAzureAD; SessionControlsNotSatisfied: 
ID: 7bd05172-0534-4c9a-a965-6e9370e281df; DisplayName: Protocols - Enforce Modern Authentication; Result: reportOnlyNotApplied; ConditionsNotSatisfied: clientType; SessionControlsNotSatisfied: 
ID: 6c493fe3-b17a-426e-af02-9f28f033239f; DisplayName: Sessions - Block Persistent Browser Sessions (Admins); Result: reportOnlyNotApplied; ConditionsNotSatisfied: users; SessionControlsNotSatisfied: 
ID: 77dbcd7f-566d-4b90-a928-edf2235d1c96; DisplayName: Users - Block Interactive Logins (Service Accounts); Result: reportOnlyNotApplied; ConditionsNotSatisfied: users; SessionControlsNotSatisfied: 
ID: 72f697df-0563-4339-8a40-3a0e56607bcb; DisplayName: Users - Restrict Admin Portal Access; Result: reportOnlyNotApplied; ConditionsNotSatisfied: application; SessionControlsNotSatisfied: ","networkType: namedNetwork; networkNames: Block Countries Per User Per Period","AuthenticationStepDateTime: 2026-08-19T15:29:53Z; AuthenticationMethod: Previously satisfied; AuthenticationMethodDetail: ; Succeeded: True; AuthenticationStepResultDetail: First factor requirement satisfied by claim in the token; AuthenticationStepRequirement: ;
AuthenticationStepDateTime: 2026-08-19T15:29:53Z; AuthenticationMethod: Previously satisfied; AuthenticationMethodDetail: ; Succeeded: True; AuthenticationStepResultDetail: MFA requirement satisfied by claim in the token; AuthenticationStepRequirement: ;"
"2026-08-19T15:18:02Z","Pineywoods Realty Admin","admin@pineywoodsrealtyfl.com","38aa3b87-a06d-4817-b275-7a316988d93b","Windows Sign In","47.206.189.128","Mobile Apps and Desktop clients","Windows-AzureAD-Authentication-Provider/1.0","45c17562-2fec-4d19-9adc-d6efbef2a277","True","singleFactorAuthentication","errorCode: 0; failureReason: Other.; additionalDetails: MFA requirement satisfied by claim in the token","deviceId: 34edd6b9-1fb6-460d-a178-29d5e3d3c040; displayName: PWR-L-25-01; operatingSystem: Windows; browser: ; isCompliant: False; isManaged: False; trustType: Azure AD joined","city: Tampa; state: Florida; countryOrRegion: US; geoCoordinates: @{altitude=; latitude=27.94497; longitude=-82.44757}","notApplied","","networkType: namedNetwork; networkNames: Block Countries Per User Per Period","AuthenticationStepDateTime: 2026-08-19T15:18:02Z; AuthenticationMethod: Windows Hello for Business; AuthenticationMethodDetail: ; Succeeded: True; AuthenticationStepResultDetail: User approved; AuthenticationStepRequirement: ;"
"2026-08-19T14:41:17Z","Eric Fischman","efischman@pineywoodsmortgage.com","38aa3b87-a06d-4817-b275-7a316988d93b","Windows Sign In","68.204.65.64","Mobile Apps and Desktop clients","Windows-AzureAD-Authentication-Provider/1.0","7d10cb77-9e4d-4625-b4df-c801394a2348","True","singleFactorAuthentication","errorCode: 0; failureReason: Other.; additionalDetails: MFA requirement satisfied by claim in the token","deviceId: 67cf7947-db50-469b-a3d8-cbdbc3d193d4; displayName: PWC-L-25-01; operatingSystem: Windows; browser: ; isCompliant: False; isManaged: False; trustType: Azure AD joined","city: Tampa; state: Florida; countryOrRegion: US; geoCoordinates: @{altitude=; latitude=28.00153; longitude=-82.37678}","notApplied","","networkType: namedNetwork; networkNames: Block Countries Per User Per Period","AuthenticationStepDateTime: 2026-08-19T14:41:17Z; AuthenticationMethod: Windows Hello for Business; AuthenticationMethodDetail: ; Succeeded: True; AuthenticationStepResultDetail: User approved; AuthenticationStepRequirement: ;"
"2026-08-19T14:28:56Z","Garrett Thomas","gthomas@pineywoodscapital.com","38aa3b87-a06d-4817-b275-7a316988d93b","Windows Sign In","2603:9000:6901:2daa:e029:6a04:8640:ca57","Mobile Apps and Desktop clients","Windows-AzureAD-Authentication-Provider/1.0","58d8d64e-7f4a-4e68-9137-c194ad31de9d","True","singleFactorAuthentication","errorCode: 0; failureReason: Other.; additionalDetails: MFA requirement satisfied by claim in the token","deviceId: dbf8ac27-e930-437b-8f1c-2fb1187de4ec; displayName: PWC-L-23-03; operatingSystem: Windows; browser: ; isCompliant: False; isManaged: False; trustType: Azure AD joined","city: Tampa; state: Florida; countryOrRegion: US; geoCoordinates: @{altitude=; latitude=28.001528; longitude=-82.37678}","notApplied","","networkType: namedNetwork; networkNames: Block Countries Per User Per Period","AuthenticationStepDateTime: 2026-08-19T14:28:56Z; AuthenticationMethod: Windows Hello for Business; AuthenticationMethodDetail: ; Succeeded: True; AuthenticationStepResultDetail: User approved; AuthenticationStepRequirement: ;"
"2026-08-19T13:52:35Z","Ryan Chamblee","rchamblee@pineywoodsrealtyfl.com","9199bf20-a13f-4107-85dc-02114787ef48","One Outlook Web","104.30.175.37","Browser","Mozilla/5.0 (X11; Linux x86_64) AppleWebKit/537.36 (KHTML, like Gecko) Chrome/151.0.0.0 Safari/537.36","d266f59e-33ed-5e4a-ffa9-90d1b0f3a017","True","multiFactorAuthentication","errorCode: 0; failureReason: Other.; additionalDetails: MFA requirement satisfied by claim in the token","deviceId: ; displayName: ; operatingSystem: Linux; browser: Chrome 151.0.0; isCompliant: False; isManaged: False; trustType: ","city: San Jose; state: California; countryOrRegion: US; geoCoordinates: @{altitude=; latitude=37.33053; longitude=-121.83823}","success","ID: a08e9a43-c474-45ce-854f-67d0f7b3deec; DisplayName: Enable MFA - All Users; Result: success; ConditionsNotSatisfied: none; SessionControlsNotSatisfied: 
ID: b8e8a1ff-dfc9-4eff-8c45-e209f4e26e5b; DisplayName: KaztCap SSL VPN Access; Result: notApplied; ConditionsNotSatisfied: users; SessionControlsNotSatisfied: 
ID: c6569448-6b9b-4329-8356-6cdb035f7cf2; DisplayName: Enable MFA - bwadmin; Result: notApplied; ConditionsNotSatisfied: users; SessionControlsNotSatisfied: 
ID: 2c6518a2-ced4-420b-99b2-7a01741512b8; DisplayName: Location Based Access - Allow Specific Countries; Result: notEnabled; ConditionsNotSatisfied: none; SessionControlsNotSatisfied: 
ID: 9dba74f8-0de6-406e-b38c-ba05ea657153; DisplayName: Microsoft-managed: Multifactor authentication for per-user multifactor authentication users; Result: notEnabled; ConditionsNotSatisfied: none; SessionControlsNotSatisfied: 
ID: 7249cafd-bd3b-4f0c-9f6a-de4933e0a484; DisplayName: Location Based Access - Block Outside US; Result: notApplied; ConditionsNotSatisfied: location,ipAddressSeenByAzureAD; SessionControlsNotSatisfied: 
ID: e51298da-9965-4f54-be5a-a1bfa7391207; DisplayName: Microsoft-managed: Multifactor authentication and reauthentication for risky sign-ins; Result: notApplied; ConditionsNotSatisfied: signInRisk; SessionControlsNotSatisfied: 
ID: 3cc748c6-e739-4559-b56f-dc898b93b757; DisplayName: Brian Katz Travel Cayman - 12/21-12/28; Result: notEnabled; ConditionsNotSatisfied: none; SessionControlsNotSatisfied: 
ID: dbe24e2b-7971-4159-92e7-029febd9403a; DisplayName: Jeff Lenderman Travel BVI 3/13-3/19; Result: notEnabled; ConditionsNotSatisfied: none; SessionControlsNotSatisfied: 
ID: bda0d60a-c582-4d69-9d7e-f9166be26b08; DisplayName: Brian Katz - Costa Rica; Result: notEnabled; ConditionsNotSatisfied: none; SessionControlsNotSatisfied: 
ID: e4f6bd83-c762-4a93-9fb4-d77b558b5650; DisplayName: Devices - Enforce Device Compliance; Result: reportOnlyFailure; ConditionsNotSatisfied: none; SessionControlsNotSatisfied: 
ID: 46ddead8-098c-4325-bbeb-836e364f64b5; DisplayName: Sessions - Block Persistent Browser Sessions (Untrusted Locations); Result: reportOnlySuccess; ConditionsNotSatisfied: none; SessionControlsNotSatisfied: 
ID: 408cead8-caca-4de6-bf52-6f34130a6459; DisplayName: Microsoft-managed: Multifactor authentication for admins accessing Microsoft Admin Portals; Result: reportOnlyNotApplied; ConditionsNotSatisfied: application; SessionControlsNotSatisfied: 
ID: e00078dd-d389-4a8f-ba33-ac7b690a7ce3; DisplayName: Brian Katz Montreal 3/15 - 3/21; Result: reportOnlyNotApplied; ConditionsNotSatisfied: users; SessionControlsNotSatisfied: 
ID: da3712b4-2ee4-4d96-b702-9d73cb4e635a; DisplayName: Locations - Enforce Geo-IP Fencing; Result: reportOnlyNotApplied; ConditionsNotSatisfied: location,ipAddressSeenByAzureAD; SessionControlsNotSatisfied: 
ID: 7bd05172-0534-4c9a-a965-6e9370e281df; DisplayName: Protocols - Enforce Modern Authentication; Result: reportOnlyNotApplied; ConditionsNotSatisfied: clientType; SessionControlsNotSatisfied: 
ID: 6c493fe3-b17a-426e-af02-9f28f033239f; DisplayName: Sessions - Block Persistent Browser Sessions (Admins); Result: reportOnlyNotApplied; ConditionsNotSatisfied: users; SessionControlsNotSatisfied: 
ID: 0149a225-4092-4a09-ab18-ae7c47c5deeb; DisplayName: Sessions - Enforce Sign-In Frequency; Result: reportOnlyNotApplied; ConditionsNotSatisfied: devicePlatform; SessionControlsNotSatisfied: 
ID: 77dbcd7f-566d-4b90-a928-edf2235d1c96; DisplayName: Users - Block Interactive Logins (Service Accounts); Result: reportOnlyNotApplied; ConditionsNotSatisfied: users; SessionControlsNotSatisfied: 
ID: 72f697df-0563-4339-8a40-3a0e56607bcb; DisplayName: Users - Restrict Admin Portal Access; Result: reportOnlyNotApplied; ConditionsNotSatisfied: application; SessionControlsNotSatisfied: ","networkType: namedNetwork; networkNames: Block Countries Per User Per Period","AuthenticationStepDateTime: 2026-08-19T13:52:35Z; AuthenticationMethod: Previously satisfied; AuthenticationMethodDetail: ; Succeeded: True; AuthenticationStepResultDetail: First factor requirement satisfied by claim in the token; AuthenticationStepRequirement: ;
AuthenticationStepDateTime: 2026-08-19T13:52:35Z; AuthenticationMethod: Previously satisfied; AuthenticationMethodDetail: ; Succeeded: True; AuthenticationStepResultDetail: MFA requirement satisfied by claim in the token; AuthenticationStepRequirement: ;"
"2026-08-19T13:34:55Z","Michael Fraska","mfraska@pineywoodstitle.com","38aa3b87-a06d-4817-b275-7a316988d93b","Windows Sign In","47.206.189.128","Mobile Apps and Desktop clients","Windows-AzureAD-Authentication-Provider/1.0","29e08b08-1cad-42ee-b2e4-4d69992ac538","True","singleFactorAuthentication","errorCode: 0; failureReason: Other.; additionalDetails: MFA requirement satisfied by claim in the token","deviceId: a8bc19e9-c2d8-433c-b864-0099328cc8de; displayName: DESKTOP-49S384O; operatingSystem: Windows; browser: ; isCompliant: False; isManaged: False; trustType: Azure AD joined","city: Tampa; state: Florida; countryOrRegion: US; geoCoordinates: @{altitude=; latitude=27.94497; longitude=-82.44757}","notApplied","","networkType: namedNetwork; networkNames: Block Countries Per User Per Period","AuthenticationStepDateTime: 2026-08-19T13:34:55Z; AuthenticationMethod: Windows Hello for Business; AuthenticationMethodDetail: ; Succeeded: True; AuthenticationStepResultDetail: User approved; AuthenticationStepRequirement: ;"
"2026-08-19T13:30:56Z","Pineywoods Realty Admin","admin@pineywoodsrealtyfl.com","9199bf20-a13f-4107-85dc-02114787ef48","One Outlook Web","47.206.189.128","Browser","Mozilla/5.0 (Windows NT 10.0; Win64; x64) AppleWebKit/537.36 (KHTML, like Gecko) Chrome/150.0.0.0 Safari/537.36","e285aa26-dbc4-d44b-1c19-524fd67c99fb","True","multiFactorAuthentication","errorCode: 0; failureReason: Other.; additionalDetails: MFA requirement satisfied by claim in the token","deviceId: ; displayName: ; operatingSystem: Windows10; browser: Chrome 150.0.0; isCompliant: False; isManaged: False; trustType: ","city: Tampa; state: Florida; countryOrRegion: US; geoCoordinates: @{altitude=; latitude=27.94497; longitude=-82.44757}","success","ID: a08e9a43-c474-45ce-854f-67d0f7b3deec; DisplayName: Enable MFA - All Users; Result: success; ConditionsNotSatisfied: none; SessionControlsNotSatisfied: 
ID: b8e8a1ff-dfc9-4eff-8c45-e209f4e26e5b; DisplayName: KaztCap SSL VPN Access; Result: notApplied; ConditionsNotSatisfied: users; SessionControlsNotSatisfied: 
ID: c6569448-6b9b-4329-8356-6cdb035f7cf2; DisplayName: Enable MFA - bwadmin; Result: notApplied; ConditionsNotSatisfied: users; SessionControlsNotSatisfied: 
ID: 9dba74f8-0de6-406e-b38c-ba05ea657153; DisplayName: Microsoft-managed: Multifactor authentication for per-user multifactor authentication users; Result: notEnabled; ConditionsNotSatisfied: none; SessionControlsNotSatisfied: 
ID: 7249cafd-bd3b-4f0c-9f6a-de4933e0a484; DisplayName: Location Based Access - Block Outside US; Result: notApplied; ConditionsNotSatisfied: location,ipAddressSeenByAzureAD; SessionControlsNotSatisfied: 
ID: 2c6518a2-ced4-420b-99b2-7a01741512b8; DisplayName: Location Based Access - Allow Specific Countries; Result: notEnabled; ConditionsNotSatisfied: none; SessionControlsNotSatisfied: 
ID: e51298da-9965-4f54-be5a-a1bfa7391207; DisplayName: Microsoft-managed: Multifactor authentication and reauthentication for risky sign-ins; Result: notApplied; ConditionsNotSatisfied: signInRisk; SessionControlsNotSatisfied: 
ID: 3cc748c6-e739-4559-b56f-dc898b93b757; DisplayName: Brian Katz Travel Cayman - 12/21-12/28; Result: notEnabled; ConditionsNotSatisfied: none; SessionControlsNotSatisfied: 
ID: dbe24e2b-7971-4159-92e7-029febd9403a; DisplayName: Jeff Lenderman Travel BVI 3/13-3/19; Result: notEnabled; ConditionsNotSatisfied: none; SessionControlsNotSatisfied: 
ID: bda0d60a-c582-4d69-9d7e-f9166be26b08; DisplayName: Brian Katz - Costa Rica; Result: notEnabled; ConditionsNotSatisfied: none; SessionControlsNotSatisfied: 
ID: e4f6bd83-c762-4a93-9fb4-d77b558b5650; DisplayName: Devices - Enforce Device Compliance; Result: reportOnlyFailure; ConditionsNotSatisfied: none; SessionControlsNotSatisfied: 
ID: 46ddead8-098c-4325-bbeb-836e364f64b5; DisplayName: Sessions - Block Persistent Browser Sessions (Untrusted Locations); Result: reportOnlySuccess; ConditionsNotSatisfied: none; SessionControlsNotSatisfied: 
ID: 0149a225-4092-4a09-ab18-ae7c47c5deeb; DisplayName: Sessions - Enforce Sign-In Frequency; Result: reportOnlySuccess; ConditionsNotSatisfied: none; SessionControlsNotSatisfied: 
ID: 408cead8-caca-4de6-bf52-6f34130a6459; DisplayName: Microsoft-managed: Multifactor authentication for admins accessing Microsoft Admin Portals; Result: reportOnlyNotApplied; ConditionsNotSatisfied: application; SessionControlsNotSatisfied: 
ID: e00078dd-d389-4a8f-ba33-ac7b690a7ce3; DisplayName: Brian Katz Montreal 3/15 - 3/21; Result: reportOnlyNotApplied; ConditionsNotSatisfied: users; SessionControlsNotSatisfied: 
ID: da3712b4-2ee4-4d96-b702-9d73cb4e635a; DisplayName: Locations - Enforce Geo-IP Fencing; Result: reportOnlyNotApplied; ConditionsNotSatisfied: location,ipAddressSeenByAzureAD; SessionControlsNotSatisfied: 
ID: 7bd05172-0534-4c9a-a965-6e9370e281df; DisplayName: Protocols - Enforce Modern Authentication; Result: reportOnlyNotApplied; ConditionsNotSatisfied: clientType; SessionControlsNotSatisfied: 
ID: 6c493fe3-b17a-426e-af02-9f28f033239f; DisplayName: Sessions - Block Persistent Browser Sessions (Admins); Result: reportOnlyNotApplied; ConditionsNotSatisfied: users; SessionControlsNotSatisfied: 
ID: 77dbcd7f-566d-4b90-a928-edf2235d1c96; DisplayName: Users - Block Interactive Logins (Service Accounts); Result: reportOnlyNotApplied; ConditionsNotSatisfied: users; SessionControlsNotSatisfied: 
ID: 72f697df-0563-4339-8a40-3a0e56607bcb; DisplayName: Users - Restrict Admin Portal Access; Result: reportOnlyNotApplied; ConditionsNotSatisfied: application; SessionControlsNotSatisfied: ","networkType: namedNetwork; networkNames: Block Countries Per User Per Period","AuthenticationStepDateTime: 2026-08-19T13:30:56Z; AuthenticationMethod: Previously satisfied; AuthenticationMethodDetail: ; Succeeded: True; AuthenticationStepResultDetail: First factor requirement satisfied by claim in the token; AuthenticationStepRequirement: ;
AuthenticationStepDateTime: 2026-08-19T13:30:56Z; AuthenticationMethod: Previously satisfied; AuthenticationMethodDetail: ; Succeeded: True; AuthenticationStepResultDetail: MFA requirement satisfied by claim in the token; AuthenticationStepRequirement: ;"
"2026-08-19T13:22:27Z","Gary Alderman","galderman@pineywoodstitle.com","38aa3b87-a06d-4817-b275-7a316988d93b","Windows Sign In","47.206.189.128","Mobile Apps and Desktop clients","Windows-AzureAD-Authentication-Provider/1.0","9c0d5ae0-c539-4f57-8858-5f11d140762e","True","singleFactorAuthentication","errorCode: 0; failureReason: Other.; additionalDetails: MFA requirement satisfied by claim in the token","deviceId: 3def13b5-3a33-41e0-ac8d-2408f1be14cf; displayName: PWT-5cg0378ctp-lt; operatingSystem: Windows; browser: ; isCompliant: False; isManaged: False; trustType: Azure AD joined","city: Tampa; state: Florida; countryOrRegion: US; geoCoordinates: @{altitude=; latitude=27.94497; longitude=-82.44757}","notApplied","","networkType: namedNetwork; networkNames: Block Countries Per User Per Period","AuthenticationStepDateTime: 2026-08-19T13:22:27Z; AuthenticationMethod: Windows Hello for Business; AuthenticationMethodDetail: ; Succeeded: True; AuthenticationStepResultDetail: User approved; AuthenticationStepRequirement: ;"
"2026-08-19T13:19:40Z","Vic Pellegrino","vpellegrino@katzcapital.com","7eadcef8-456d-4611-9480-4fff72b8b9e2","Microsoft Account Controls V2","71.46.218.18","Browser","Mozilla/5.0 (Windows NT 10.0; Win64; x64) AppleWebKit/537.36 (KHTML, like Gecko) Chrome/151.0.0.0 Safari/537.36 Edg/151.0.0.0","434628d6-73f0-49dc-b5a9-fc1223ae1e35","True","multiFactorAuthentication","errorCode: 0; failureReason: Other.; additionalDetails: MFA requirement satisfied by claim in the token","deviceId: 1f32f206-823d-4edb-8433-42eb108dd013; displayName: PWC-L-26-01; operatingSystem: Windows10; browser: Edge 151.0.0; isCompliant: False; isManaged: False; trustType: Azure AD joined","city: Tampa; state: Florida; countryOrRegion: US; geoCoordinates: @{altitude=; latitude=28.00153; longitude=-82.37678}","success","ID: a08e9a43-c474-45ce-854f-67d0f7b3deec; DisplayName: Enable MFA - All Users; Result: success; ConditionsNotSatisfied: none; SessionControlsNotSatisfied: 
ID: b8e8a1ff-dfc9-4eff-8c45-e209f4e26e5b; DisplayName: KaztCap SSL VPN Access; Result: notApplied; ConditionsNotSatisfied: users; SessionControlsNotSatisfied: 
ID: 2c6518a2-ced4-420b-99b2-7a01741512b8; DisplayName: Location Based Access - Allow Specific Countries; Result: notEnabled; ConditionsNotSatisfied: none; SessionControlsNotSatisfied: 
ID: 9dba74f8-0de6-406e-b38c-ba05ea657153; DisplayName: Microsoft-managed: Multifactor authentication for per-user multifactor authentication users; Result: notEnabled; ConditionsNotSatisfied: none; SessionControlsNotSatisfied: 
ID: e51298da-9965-4f54-be5a-a1bfa7391207; DisplayName: Microsoft-managed: Multifactor authentication and reauthentication for risky sign-ins; Result: notApplied; ConditionsNotSatisfied: users; SessionControlsNotSatisfied: 
ID: c6569448-6b9b-4329-8356-6cdb035f7cf2; DisplayName: Enable MFA - bwadmin; Result: notApplied; ConditionsNotSatisfied: users; SessionControlsNotSatisfied: 
ID: 3cc748c6-e739-4559-b56f-dc898b93b757; DisplayName: Brian Katz Travel Cayman - 12/21-12/28; Result: notEnabled; ConditionsNotSatisfied: none; SessionControlsNotSatisfied: 
ID: 7249cafd-bd3b-4f0c-9f6a-de4933e0a484; DisplayName: Location Based Access - Block Outside US; Result: notApplied; ConditionsNotSatisfied: location,ipAddressSeenByAzureAD; SessionControlsNotSatisfied: 
ID: dbe24e2b-7971-4159-92e7-029febd9403a; DisplayName: Jeff Lenderman Travel BVI 3/13-3/19; Result: notEnabled; ConditionsNotSatisfied: none; SessionControlsNotSatisfied: 
ID: bda0d60a-c582-4d69-9d7e-f9166be26b08; DisplayName: Brian Katz - Costa Rica; Result: notEnabled; ConditionsNotSatisfied: none; SessionControlsNotSatisfied: 
ID: 46ddead8-098c-4325-bbeb-836e364f64b5; DisplayName: Sessions - Block Persistent Browser Sessions (Untrusted Locations); Result: reportOnlySuccess; ConditionsNotSatisfied: none; SessionControlsNotSatisfied: 
ID: 0149a225-4092-4a09-ab18-ae7c47c5deeb; DisplayName: Sessions - Enforce Sign-In Frequency; Result: reportOnlySuccess; ConditionsNotSatisfied: none; SessionControlsNotSatisfied: 
ID: 408cead8-caca-4de6-bf52-6f34130a6459; DisplayName: Microsoft-managed: Multifactor authentication for admins accessing Microsoft Admin Portals; Result: reportOnlyNotApplied; ConditionsNotSatisfied: application; SessionControlsNotSatisfied: 
ID: e00078dd-d389-4a8f-ba33-ac7b690a7ce3; DisplayName: Brian Katz Montreal 3/15 - 3/21; Result: reportOnlyNotApplied; ConditionsNotSatisfied: users; SessionControlsNotSatisfied: 
ID: e4f6bd83-c762-4a93-9fb4-d77b558b5650; DisplayName: Devices - Enforce Device Compliance; Result: reportOnlyNotApplied; ConditionsNotSatisfied: deviceState; SessionControlsNotSatisfied: 
ID: da3712b4-2ee4-4d96-b702-9d73cb4e635a; DisplayName: Locations - Enforce Geo-IP Fencing; Result: reportOnlyNotApplied; ConditionsNotSatisfied: location,ipAddressSeenByAzureAD; SessionControlsNotSatisfied: 
ID: 7bd05172-0534-4c9a-a965-6e9370e281df; DisplayName: Protocols - Enforce Modern Authentication; Result: reportOnlyNotApplied; ConditionsNotSatisfied: clientType; SessionControlsNotSatisfied: 
ID: 6c493fe3-b17a-426e-af02-9f28f033239f; DisplayName: Sessions - Block Persistent Browser Sessions (Admins); Result: reportOnlyNotApplied; ConditionsNotSatisfied: users; SessionControlsNotSatisfied: 
ID: 77dbcd7f-566d-4b90-a928-edf2235d1c96; DisplayName: Users - Block Interactive Logins (Service Accounts); Result: reportOnlyNotApplied; ConditionsNotSatisfied: users; SessionControlsNotSatisfied: 
ID: 72f697df-0563-4339-8a40-3a0e56607bcb; DisplayName: Users - Restrict Admin Portal Access; Result: reportOnlyNotApplied; ConditionsNotSatisfied: application; SessionControlsNotSatisfied: ","networkType: namedNetwork; networkNames: Block Countries Per User Per Period","AuthenticationStepDateTime: 2026-08-19T13:19:40Z; AuthenticationMethod: Previously satisfied; AuthenticationMethodDetail: ; Succeeded: True; AuthenticationStepResultDetail: First factor requirement satisfied by claim in the token; AuthenticationStepRequirement: ;
AuthenticationStepDateTime: 2026-08-19T13:19:40Z; AuthenticationMethod: Previously satisfied; AuthenticationMethodDetail: ; Succeeded: True; AuthenticationStepResultDetail: MFA requirement satisfied by claim in the token; AuthenticationStepRequirement: ;"
"2026-08-19T13:19:39Z","Vic Pellegrino","vpellegrino@katzcapital.com","ee272b19-4411-433f-8f28-5c13cb6fd407","Microsoft 365 Support Service","71.46.218.18","Browser","Mozilla/5.0 (Windows NT 10.0; Win64; x64) AppleWebKit/537.36 (KHTML, like Gecko) Chrome/151.0.0.0 Safari/537.36 Edg/151.0.0.0","2f8a3278-2ddc-4c4f-99f3-f504384442b7","True","multiFactorAuthentication","errorCode: 0; failureReason: Other.; additionalDetails: MFA requirement satisfied by claim in the token","deviceId: 1f32f206-823d-4edb-8433-42eb108dd013; displayName: PWC-L-26-01; operatingSystem: Windows10; browser: Edge 151.0.0; isCompliant: False; isManaged: False; trustType: Azure AD joined","city: Tampa; state: Florida; countryOrRegion: US; geoCoordinates: @{altitude=; latitude=28.00153; longitude=-82.37678}","success","ID: a08e9a43-c474-45ce-854f-67d0f7b3deec; DisplayName: Enable MFA - All Users; Result: success; ConditionsNotSatisfied: none; SessionControlsNotSatisfied: 
ID: b8e8a1ff-dfc9-4eff-8c45-e209f4e26e5b; DisplayName: KaztCap SSL VPN Access; Result: notApplied; ConditionsNotSatisfied: users; SessionControlsNotSatisfied: 
ID: 2c6518a2-ced4-420b-99b2-7a01741512b8; DisplayName: Location Based Access - Allow Specific Countries; Result: notEnabled; ConditionsNotSatisfied: none; SessionControlsNotSatisfied: 
ID: 9dba74f8-0de6-406e-b38c-ba05ea657153; DisplayName: Microsoft-managed: Multifactor authentication for per-user multifactor authentication users; Result: notEnabled; ConditionsNotSatisfied: none; SessionControlsNotSatisfied: 
ID: e51298da-9965-4f54-be5a-a1bfa7391207; DisplayName: Microsoft-managed: Multifactor authentication and reauthentication for risky sign-ins; Result: notApplied; ConditionsNotSatisfied: users; SessionControlsNotSatisfied: 
ID: c6569448-6b9b-4329-8356-6cdb035f7cf2; DisplayName: Enable MFA - bwadmin; Result: notApplied; ConditionsNotSatisfied: users; SessionControlsNotSatisfied: 
ID: 7249cafd-bd3b-4f0c-9f6a-de4933e0a484; DisplayName: Location Based Access - Block Outside US; Result: notApplied; ConditionsNotSatisfied: location,ipAddressSeenByAzureAD; SessionControlsNotSatisfied: 
ID: 3cc748c6-e739-4559-b56f-dc898b93b757; DisplayName: Brian Katz Travel Cayman - 12/21-12/28; Result: notEnabled; ConditionsNotSatisfied: none; SessionControlsNotSatisfied: 
ID: dbe24e2b-7971-4159-92e7-029febd9403a; DisplayName: Jeff Lenderman Travel BVI 3/13-3/19; Result: notEnabled; ConditionsNotSatisfied: none; SessionControlsNotSatisfied: 
ID: bda0d60a-c582-4d69-9d7e-f9166be26b08; DisplayName: Brian Katz - Costa Rica; Result: notEnabled; ConditionsNotSatisfied: none; SessionControlsNotSatisfied: 
ID: 46ddead8-098c-4325-bbeb-836e364f64b5; DisplayName: Sessions - Block Persistent Browser Sessions (Untrusted Locations); Result: reportOnlySuccess; ConditionsNotSatisfied: none; SessionControlsNotSatisfied: 
ID: 0149a225-4092-4a09-ab18-ae7c47c5deeb; DisplayName: Sessions - Enforce Sign-In Frequency; Result: reportOnlySuccess; ConditionsNotSatisfied: none; SessionControlsNotSatisfied: 
ID: 408cead8-caca-4de6-bf52-6f34130a6459; DisplayName: Microsoft-managed: Multifactor authentication for admins accessing Microsoft Admin Portals; Result: reportOnlyNotApplied; ConditionsNotSatisfied: application; SessionControlsNotSatisfied: 
ID: e00078dd-d389-4a8f-ba33-ac7b690a7ce3; DisplayName: Brian Katz Montreal 3/15 - 3/21; Result: reportOnlyNotApplied; ConditionsNotSatisfied: users; SessionControlsNotSatisfied: 
ID: e4f6bd83-c762-4a93-9fb4-d77b558b5650; DisplayName: Devices - Enforce Device Compliance; Result: reportOnlyNotApplied; ConditionsNotSatisfied: deviceState; SessionControlsNotSatisfied: 
ID: da3712b4-2ee4-4d96-b702-9d73cb4e635a; DisplayName: Locations - Enforce Geo-IP Fencing; Result: reportOnlyNotApplied; ConditionsNotSatisfied: location,ipAddressSeenByAzureAD; SessionControlsNotSatisfied: 
ID: 7bd05172-0534-4c9a-a965-6e9370e281df; DisplayName: Protocols - Enforce Modern Authentication; Result: reportOnlyNotApplied; ConditionsNotSatisfied: clientType; SessionControlsNotSatisfied: 
ID: 6c493fe3-b17a-426e-af02-9f28f033239f; DisplayName: Sessions - Block Persistent Browser Sessions (Admins); Result: reportOnlyNotApplied; ConditionsNotSatisfied: users; SessionControlsNotSatisfied: 
ID: 77dbcd7f-566d-4b90-a928-edf2235d1c96; DisplayName: Users - Block Interactive Logins (Service Accounts); Result: reportOnlyNotApplied; ConditionsNotSatisfied: users; SessionControlsNotSatisfied: 
ID: 72f697df-0563-4339-8a40-3a0e56607bcb; DisplayName: Users - Restrict Admin Portal Access; Result: reportOnlyNotApplied; ConditionsNotSatisfied: application; SessionControlsNotSatisfied: ","networkType: namedNetwork; networkNames: Block Countries Per User Per Period","AuthenticationStepDateTime: 2026-08-19T13:19:39Z; AuthenticationMethod: Previously satisfied; AuthenticationMethodDetail: ; Succeeded: True; AuthenticationStepResultDetail: First factor requirement satisfied by claim in the token; AuthenticationStepRequirement: ;
AuthenticationStepDateTime: 2026-08-19T13:19:39Z; AuthenticationMethod: Previously satisfied; AuthenticationMethodDetail: ; Succeeded: True; AuthenticationStepResultDetail: MFA requirement satisfied by claim in the token; AuthenticationStepRequirement: ;"
"2026-08-19T13:05:01Z","Kalise Sanger","frontdesk@pineywoodsrealtyfl.com","9199bf20-a13f-4107-85dc-02114787ef48","One Outlook Web","47.206.189.128","Browser","Mozilla/5.0 (Windows NT 10.0; Win64; x64) AppleWebKit/537.36 (KHTML, like Gecko) Chrome/151.0.0.0 Safari/537.36 Edg/151.0.0.0","70c18a42-3cd8-1844-41d6-a4c234d6a9d0","True","multiFactorAuthentication","errorCode: 0; failureReason: Other.; additionalDetails: MFA requirement satisfied by claim in the token","deviceId: c4b8e480-5cab-4820-9148-b154d9a19975; displayName: PWC-L-19-01; operatingSystem: Windows10; browser: Edge 151.0.0; isCompliant: False; isManaged: False; trustType: Azure AD joined","city: Tampa; state: Florida; countryOrRegion: US; geoCoordinates: @{altitude=; latitude=27.94497; longitude=-82.44757}","success","ID: a08e9a43-c474-45ce-854f-67d0f7b3deec; DisplayName: Enable MFA - All Users; Result: success; ConditionsNotSatisfied: none; SessionControlsNotSatisfied: 
ID: b8e8a1ff-dfc9-4eff-8c45-e209f4e26e5b; DisplayName: KaztCap SSL VPN Access; Result: notApplied; ConditionsNotSatisfied: users; SessionControlsNotSatisfied: 
ID: c6569448-6b9b-4329-8356-6cdb035f7cf2; DisplayName: Enable MFA - bwadmin; Result: notApplied; ConditionsNotSatisfied: users; SessionControlsNotSatisfied: 
ID: 9dba74f8-0de6-406e-b38c-ba05ea657153; DisplayName: Microsoft-managed: Multifactor authentication for per-user multifactor authentication users; Result: notEnabled; ConditionsNotSatisfied: none; SessionControlsNotSatisfied: 
ID: 7249cafd-bd3b-4f0c-9f6a-de4933e0a484; DisplayName: Location Based Access - Block Outside US; Result: notApplied; ConditionsNotSatisfied: location,ipAddressSeenByAzureAD; SessionControlsNotSatisfied: 
ID: 2c6518a2-ced4-420b-99b2-7a01741512b8; DisplayName: Location Based Access - Allow Specific Countries; Result: notEnabled; ConditionsNotSatisfied: none; SessionControlsNotSatisfied: 
ID: e51298da-9965-4f54-be5a-a1bfa7391207; DisplayName: Microsoft-managed: Multifactor authentication and reauthentication for risky sign-ins; Result: notApplied; ConditionsNotSatisfied: signInRisk; SessionControlsNotSatisfied: 
ID: 3cc748c6-e739-4559-b56f-dc898b93b757; DisplayName: Brian Katz Travel Cayman - 12/21-12/28; Result: notEnabled; ConditionsNotSatisfied: none; SessionControlsNotSatisfied: 
ID: dbe24e2b-7971-4159-92e7-029febd9403a; DisplayName: Jeff Lenderman Travel BVI 3/13-3/19; Result: notEnabled; ConditionsNotSatisfied: none; SessionControlsNotSatisfied: 
ID: bda0d60a-c582-4d69-9d7e-f9166be26b08; DisplayName: Brian Katz - Costa Rica; Result: notEnabled; ConditionsNotSatisfied: none; SessionControlsNotSatisfied: 
ID: 46ddead8-098c-4325-bbeb-836e364f64b5; DisplayName: Sessions - Block Persistent Browser Sessions (Untrusted Locations); Result: reportOnlySuccess; ConditionsNotSatisfied: none; SessionControlsNotSatisfied: 
ID: 0149a225-4092-4a09-ab18-ae7c47c5deeb; DisplayName: Sessions - Enforce Sign-In Frequency; Result: reportOnlySuccess; ConditionsNotSatisfied: none; SessionControlsNotSatisfied: 
ID: 408cead8-caca-4de6-bf52-6f34130a6459; DisplayName: Microsoft-managed: Multifactor authentication for admins accessing Microsoft Admin Portals; Result: reportOnlyNotApplied; ConditionsNotSatisfied: application; SessionControlsNotSatisfied: 
ID: e00078dd-d389-4a8f-ba33-ac7b690a7ce3; DisplayName: Brian Katz Montreal 3/15 - 3/21; Result: reportOnlyNotApplied; ConditionsNotSatisfied: users; SessionControlsNotSatisfied: 
ID: e4f6bd83-c762-4a93-9fb4-d77b558b5650; DisplayName: Devices - Enforce Device Compliance; Result: reportOnlyNotApplied; ConditionsNotSatisfied: deviceState; SessionControlsNotSatisfied: 
ID: da3712b4-2ee4-4d96-b702-9d73cb4e635a; DisplayName: Locations - Enforce Geo-IP Fencing; Result: reportOnlyNotApplied; ConditionsNotSatisfied: location,ipAddressSeenByAzureAD; SessionControlsNotSatisfied: 
ID: 7bd05172-0534-4c9a-a965-6e9370e281df; DisplayName: Protocols - Enforce Modern Authentication; Result: reportOnlyNotApplied; ConditionsNotSatisfied: clientType; SessionControlsNotSatisfied: 
ID: 6c493fe3-b17a-426e-af02-9f28f033239f; DisplayName: Sessions - Block Persistent Browser Sessions (Admins); Result: reportOnlyNotApplied; ConditionsNotSatisfied: users; SessionControlsNotSatisfied: 
ID: 77dbcd7f-566d-4b90-a928-edf2235d1c96; DisplayName: Users - Block Interactive Logins (Service Accounts); Result: reportOnlyNotApplied; ConditionsNotSatisfied: users; SessionControlsNotSatisfied: 
ID: 72f697df-0563-4339-8a40-3a0e56607bcb; DisplayName: Users - Restrict Admin Portal Access; Result: reportOnlyNotApplied; ConditionsNotSatisfied: application; SessionControlsNotSatisfied: ","networkType: namedNetwork; networkNames: Block Countries Per User Per Period","AuthenticationStepDateTime: 2026-08-19T13:05:01Z; AuthenticationMethod: Previously satisfied; AuthenticationMethodDetail: ; Succeeded: True; AuthenticationStepResultDetail: First factor requirement satisfied by claim in the token; AuthenticationStepRequirement: ;
AuthenticationStepDateTime: 2026-08-19T13:05:01Z; AuthenticationMethod: Previously satisfied; AuthenticationMethodDetail: ; Succeeded: True; AuthenticationStepResultDetail: MFA requirement satisfied by claim in the token; AuthenticationStepRequirement: ;"
"2026-08-19T12:55:10Z","Maxine Barnett","mbarnett@pineywoodscapital.com","00000003-0000-0ff1-ce00-000000000000","Office 365 SharePoint Online","2603:9000:6901:2bc5:40f3:d14b:b4c3:87d9","Unknown","Mozilla/5.0 (Windows NT 10.0; Win64; x64) AppleWebKit/537.36 (KHTML, like Gecko) Chrome/151.0.0.0 Safari/537.36 Edg/151.0.0.0 OS/10.0.26200","3cc432a2-e040-9000-1090-0bcd02e47622","True","singleFactorAuthentication","errorCode: 16003; failureReason: The user account does not exist in the directory or the user hasn't been explicitly added to the tenant. To sign into this application, the account must be added to the directory.; additionalDetails: Invite the user to the tenant, or ignore this error if the user isn't supposed to be a member of the tenant. This can be the case when someone is sent to a login URL for your tenant without being a member, or picks the wrong user account.","deviceId: ef195eb1-1b92-4508-9244-131a41ab85fc; displayName: LAPTOP-3N51BPAV; operatingSystem: Windows10; browser: Edge 151.0.0; isCompliant: False; isManaged: False; trustType: Azure AD registered","city: Tampa; state: Florida; countryOrRegion: US; geoCoordinates: @{altitude=; latitude=28.001528; longitude=-82.37678}","notApplied","","",""
"2026-08-19T12:48:35Z","Patrick Kenny","pkenny@katzcapital.com","38aa3b87-a06d-4817-b275-7a316988d93b","Windows Sign In","71.46.218.18","Mobile Apps and Desktop clients","Windows-AzureAD-Authentication-Provider/1.0","00e2d3d1-c4e9-451f-b17b-feab873024c1","True","singleFactorAuthentication","errorCode: 0; failureReason: Other.; additionalDetails: MFA requirement satisfied by claim in the token","deviceId: 16c6fa36-c0b1-49fe-8eaa-8f8d987918df; displayName: PWC-L-25-02; operatingSystem: Windows; browser: ; isCompliant: False; isManaged: False; trustType: Azure AD joined","city: Tampa; state: Florida; countryOrRegion: US; geoCoordinates: @{altitude=; latitude=28.00153; longitude=-82.37678}","notApplied","","networkType: namedNetwork; networkNames: Block Countries Per User Per Period","AuthenticationStepDateTime: 2026-08-19T12:48:35Z; AuthenticationMethod: Windows Hello for Business; AuthenticationMethodDetail: ; Succeeded: True; AuthenticationStepResultDetail: User approved; AuthenticationStepRequirement: ;"
"2026-08-19T12:40:12Z","Brian Katz","bkatz@katzcapital.com","89bee1f7-5e6e-4d8a-9f3d-ecd601259da7","Office365 Shell WCSS-Client","71.46.218.18","Browser","Mozilla/5.0 (Windows NT 10.0; Win64; x64) AppleWebKit/537.36 (KHTML, like Gecko) Chrome/142.0.0.0 Safari/537.36","01a01a09-4ad2-7f90-9764-6938fa8d5dee","True","multiFactorAuthentication","errorCode: 0; failureReason: Other.; additionalDetails: MFA requirement satisfied by claim in the token","deviceId: ; displayName: ; operatingSystem: Windows10; browser: Chrome 142.0.0; isCompliant: False; isManaged: False; trustType: ","city: Tampa; state: Florida; countryOrRegion: US; geoCoordinates: @{altitude=; latitude=28.00153; longitude=-82.37678}","success","ID: b8e8a1ff-dfc9-4eff-8c45-e209f4e26e5b; DisplayName: KaztCap SSL VPN Access; Result: success; ConditionsNotSatisfied: none; SessionControlsNotSatisfied: 
ID: a08e9a43-c474-45ce-854f-67d0f7b3deec; DisplayName: Enable MFA - All Users; Result: success; ConditionsNotSatisfied: none; SessionControlsNotSatisfied: 
ID: c6569448-6b9b-4329-8356-6cdb035f7cf2; DisplayName: Enable MFA - bwadmin; Result: notApplied; ConditionsNotSatisfied: users; SessionControlsNotSatisfied: 
ID: 2c6518a2-ced4-420b-99b2-7a01741512b8; DisplayName: Location Based Access - Allow Specific Countries; Result: notEnabled; ConditionsNotSatisfied: none; SessionControlsNotSatisfied: 
ID: 9dba74f8-0de6-406e-b38c-ba05ea657153; DisplayName: Microsoft-managed: Multifactor authentication for per-user multifactor authentication users; Result: notEnabled; ConditionsNotSatisfied: none; SessionControlsNotSatisfied: 
ID: 7249cafd-bd3b-4f0c-9f6a-de4933e0a484; DisplayName: Location Based Access - Block Outside US; Result: notApplied; ConditionsNotSatisfied: location,ipAddressSeenByAzureAD; SessionControlsNotSatisfied: 
ID: e51298da-9965-4f54-be5a-a1bfa7391207; DisplayName: Microsoft-managed: Multifactor authentication and reauthentication for risky sign-ins; Result: notApplied; ConditionsNotSatisfied: signInRisk; SessionControlsNotSatisfied: 
ID: 3cc748c6-e739-4559-b56f-dc898b93b757; DisplayName: Brian Katz Travel Cayman - 12/21-12/28; Result: notEnabled; ConditionsNotSatisfied: none; SessionControlsNotSatisfied: 
ID: dbe24e2b-7971-4159-92e7-029febd9403a; DisplayName: Jeff Lenderman Travel BVI 3/13-3/19; Result: notEnabled; ConditionsNotSatisfied: none; SessionControlsNotSatisfied: 
ID: bda0d60a-c582-4d69-9d7e-f9166be26b08; DisplayName: Brian Katz - Costa Rica; Result: notEnabled; ConditionsNotSatisfied: none; SessionControlsNotSatisfied: 
ID: e4f6bd83-c762-4a93-9fb4-d77b558b5650; DisplayName: Devices - Enforce Device Compliance; Result: reportOnlyFailure; ConditionsNotSatisfied: none; SessionControlsNotSatisfied: 
ID: 46ddead8-098c-4325-bbeb-836e364f64b5; DisplayName: Sessions - Block Persistent Browser Sessions (Untrusted Locations); Result: reportOnlySuccess; ConditionsNotSatisfied: none; SessionControlsNotSatisfied: 
ID: 0149a225-4092-4a09-ab18-ae7c47c5deeb; DisplayName: Sessions - Enforce Sign-In Frequency; Result: reportOnlySuccess; ConditionsNotSatisfied: none; SessionControlsNotSatisfied: 
ID: 408cead8-caca-4de6-bf52-6f34130a6459; DisplayName: Microsoft-managed: Multifactor authentication for admins accessing Microsoft Admin Portals; Result: reportOnlyNotApplied; ConditionsNotSatisfied: application; SessionControlsNotSatisfied: 
ID: e00078dd-d389-4a8f-ba33-ac7b690a7ce3; DisplayName: Brian Katz Montreal 3/15 - 3/21; Result: reportOnlyNotApplied; ConditionsNotSatisfied: location,ipAddressSeenByAzureAD; SessionControlsNotSatisfied: 
ID: da3712b4-2ee4-4d96-b702-9d73cb4e635a; DisplayName: Locations - Enforce Geo-IP Fencing; Result: reportOnlyNotApplied; ConditionsNotSatisfied: location,ipAddressSeenByAzureAD; SessionControlsNotSatisfied: 
ID: 7bd05172-0534-4c9a-a965-6e9370e281df; DisplayName: Protocols - Enforce Modern Authentication; Result: reportOnlyNotApplied; ConditionsNotSatisfied: clientType; SessionControlsNotSatisfied: 
ID: 6c493fe3-b17a-426e-af02-9f28f033239f; DisplayName: Sessions - Block Persistent Browser Sessions (Admins); Result: reportOnlyNotApplied; ConditionsNotSatisfied: users; SessionControlsNotSatisfied: 
ID: 77dbcd7f-566d-4b90-a928-edf2235d1c96; DisplayName: Users - Block Interactive Logins (Service Accounts); Result: reportOnlyNotApplied; ConditionsNotSatisfied: users; SessionControlsNotSatisfied: 
ID: 72f697df-0563-4339-8a40-3a0e56607bcb; DisplayName: Users - Restrict Admin Portal Access; Result: reportOnlyNotApplied; ConditionsNotSatisfied: application; SessionControlsNotSatisfied: ","networkType: namedNetwork; networkNames: Block Countries Per User Per Period","AuthenticationStepDateTime: 2026-08-19T12:40:12Z; AuthenticationMethod: Previously satisfied; AuthenticationMethodDetail: ; Succeeded: True; AuthenticationStepResultDetail: First factor requirement satisfied by claim in the token; AuthenticationStepRequirement: ;
AuthenticationStepDateTime: 2026-08-19T12:40:12Z; AuthenticationMethod: Previously satisfied; AuthenticationMethodDetail: ; Succeeded: True; AuthenticationStepResultDetail: MFA requirement satisfied by claim in the token; AuthenticationStepRequirement: ;"
"2026-08-19T12:40:12Z","Brian Katz","bkatz@katzcapital.com","89bee1f7-5e6e-4d8a-9f3d-ecd601259da7","Office365 Shell WCSS-Client","71.46.218.18","Browser","Mozilla/5.0 (Windows NT 10.0; Win64; x64) AppleWebKit/537.36 (KHTML, like Gecko) Chrome/142.0.0.0 Safari/537.36","01a01a09-4ada-7352-ab5d-3445a8a4a686","True","multiFactorAuthentication","errorCode: 0; failureReason: Other.; additionalDetails: MFA requirement satisfied by claim in the token","deviceId: ; displayName: ; operatingSystem: Windows10; browser: Chrome 142.0.0; isCompliant: False; isManaged: False; trustType: ","city: Tampa; state: Florida; countryOrRegion: US; geoCoordinates: @{altitude=; latitude=28.00153; longitude=-82.37678}","success","ID: b8e8a1ff-dfc9-4eff-8c45-e209f4e26e5b; DisplayName: KaztCap SSL VPN Access; Result: success; ConditionsNotSatisfied: none; SessionControlsNotSatisfied: 
ID: a08e9a43-c474-45ce-854f-67d0f7b3deec; DisplayName: Enable MFA - All Users; Result: success; ConditionsNotSatisfied: none; SessionControlsNotSatisfied: 
ID: 2c6518a2-ced4-420b-99b2-7a01741512b8; DisplayName: Location Based Access - Allow Specific Countries; Result: notEnabled; ConditionsNotSatisfied: none; SessionControlsNotSatisfied: 
ID: 9dba74f8-0de6-406e-b38c-ba05ea657153; DisplayName: Microsoft-managed: Multifactor authentication for per-user multifactor authentication users; Result: notEnabled; ConditionsNotSatisfied: none; SessionControlsNotSatisfied: 
ID: e51298da-9965-4f54-be5a-a1bfa7391207; DisplayName: Microsoft-managed: Multifactor authentication and reauthentication for risky sign-ins; Result: notApplied; ConditionsNotSatisfied: signInRisk; SessionControlsNotSatisfied: 
ID: c6569448-6b9b-4329-8356-6cdb035f7cf2; DisplayName: Enable MFA - bwadmin; Result: notApplied; ConditionsNotSatisfied: users; SessionControlsNotSatisfied: 
ID: 7249cafd-bd3b-4f0c-9f6a-de4933e0a484; DisplayName: Location Based Access - Block Outside US; Result: notApplied; ConditionsNotSatisfied: location,ipAddressSeenByAzureAD; SessionControlsNotSatisfied: 
ID: 3cc748c6-e739-4559-b56f-dc898b93b757; DisplayName: Brian Katz Travel Cayman - 12/21-12/28; Result: notEnabled; ConditionsNotSatisfied: none; SessionControlsNotSatisfied: 
ID: dbe24e2b-7971-4159-92e7-029febd9403a; DisplayName: Jeff Lenderman Travel BVI 3/13-3/19; Result: notEnabled; ConditionsNotSatisfied: none; SessionControlsNotSatisfied: 
ID: bda0d60a-c582-4d69-9d7e-f9166be26b08; DisplayName: Brian Katz - Costa Rica; Result: notEnabled; ConditionsNotSatisfied: none; SessionControlsNotSatisfied: 
ID: e4f6bd83-c762-4a93-9fb4-d77b558b5650; DisplayName: Devices - Enforce Device Compliance; Result: reportOnlyFailure; ConditionsNotSatisfied: none; SessionControlsNotSatisfied: 
ID: 46ddead8-098c-4325-bbeb-836e364f64b5; DisplayName: Sessions - Block Persistent Browser Sessions (Untrusted Locations); Result: reportOnlySuccess; ConditionsNotSatisfied: none; SessionControlsNotSatisfied: 
ID: 0149a225-4092-4a09-ab18-ae7c47c5deeb; DisplayName: Sessions - Enforce Sign-In Frequency; Result: reportOnlySuccess; ConditionsNotSatisfied: none; SessionControlsNotSatisfied: 
ID: 408cead8-caca-4de6-bf52-6f34130a6459; DisplayName: Microsoft-managed: Multifactor authentication for admins accessing Microsoft Admin Portals; Result: reportOnlyNotApplied; ConditionsNotSatisfied: application; SessionControlsNotSatisfied: 
ID: e00078dd-d389-4a8f-ba33-ac7b690a7ce3; DisplayName: Brian Katz Montreal 3/15 - 3/21; Result: reportOnlyNotApplied; ConditionsNotSatisfied: location,ipAddressSeenByAzureAD; SessionControlsNotSatisfied: 
ID: da3712b4-2ee4-4d96-b702-9d73cb4e635a; DisplayName: Locations - Enforce Geo-IP Fencing; Result: reportOnlyNotApplied; ConditionsNotSatisfied: location,ipAddressSeenByAzureAD; SessionControlsNotSatisfied: 
ID: 7bd05172-0534-4c9a-a965-6e9370e281df; DisplayName: Protocols - Enforce Modern Authentication; Result: reportOnlyNotApplied; ConditionsNotSatisfied: clientType; SessionControlsNotSatisfied: 
ID: 6c493fe3-b17a-426e-af02-9f28f033239f; DisplayName: Sessions - Block Persistent Browser Sessions (Admins); Result: reportOnlyNotApplied; ConditionsNotSatisfied: users; SessionControlsNotSatisfied: 
ID: 77dbcd7f-566d-4b90-a928-edf2235d1c96; DisplayName: Users - Block Interactive Logins (Service Accounts); Result: reportOnlyNotApplied; ConditionsNotSatisfied: users; SessionControlsNotSatisfied: 
ID: 72f697df-0563-4339-8a40-3a0e56607bcb; DisplayName: Users - Restrict Admin Portal Access; Result: reportOnlyNotApplied; ConditionsNotSatisfied: application; SessionControlsNotSatisfied: ","networkType: namedNetwork; networkNames: Block Countries Per User Per Period","AuthenticationStepDateTime: 2026-08-19T12:40:12Z; AuthenticationMethod: Previously satisfied; AuthenticationMethodDetail: ; Succeeded: True; AuthenticationStepResultDetail: First factor requirement satisfied by claim in the token; AuthenticationStepRequirement: ;
AuthenticationStepDateTime: 2026-08-19T12:40:12Z; AuthenticationMethod: Previously satisfied; AuthenticationMethodDetail: ; Succeeded: True; AuthenticationStepResultDetail: MFA requirement satisfied by claim in the token; AuthenticationStepRequirement: ;"
"2026-08-19T12:40:12Z","Brian Katz","bkatz@katzcapital.com","89bee1f7-5e6e-4d8a-9f3d-ecd601259da7","Office365 Shell WCSS-Client","71.46.218.18","Browser","Mozilla/5.0 (Windows NT 10.0; Win64; x64) AppleWebKit/537.36 (KHTML, like Gecko) Chrome/142.0.0.0 Safari/537.36","01a01a09-4ae3-7851-b71d-f867d3c63ab3","True","multiFactorAuthentication","errorCode: 0; failureReason: Other.; additionalDetails: MFA requirement satisfied by claim in the token","deviceId: ; displayName: ; operatingSystem: Windows10; browser: Chrome 142.0.0; isCompliant: False; isManaged: False; trustType: ","city: Tampa; state: Florida; countryOrRegion: US; geoCoordinates: @{altitude=; latitude=28.00153; longitude=-82.37678}","success","ID: b8e8a1ff-dfc9-4eff-8c45-e209f4e26e5b; DisplayName: KaztCap SSL VPN Access; Result: success; ConditionsNotSatisfied: none; SessionControlsNotSatisfied: 
ID: a08e9a43-c474-45ce-854f-67d0f7b3deec; DisplayName: Enable MFA - All Users; Result: success; ConditionsNotSatisfied: none; SessionControlsNotSatisfied: 
ID: c6569448-6b9b-4329-8356-6cdb035f7cf2; DisplayName: Enable MFA - bwadmin; Result: notApplied; ConditionsNotSatisfied: users; SessionControlsNotSatisfied: 
ID: 9dba74f8-0de6-406e-b38c-ba05ea657153; DisplayName: Microsoft-managed: Multifactor authentication for per-user multifactor authentication users; Result: notEnabled; ConditionsNotSatisfied: none; SessionControlsNotSatisfied: 
ID: 7249cafd-bd3b-4f0c-9f6a-de4933e0a484; DisplayName: Location Based Access - Block Outside US; Result: notApplied; ConditionsNotSatisfied: location,ipAddressSeenByAzureAD; SessionControlsNotSatisfied: 
ID: 2c6518a2-ced4-420b-99b2-7a01741512b8; DisplayName: Location Based Access - Allow Specific Countries; Result: notEnabled; ConditionsNotSatisfied: none; SessionControlsNotSatisfied: 
ID: e51298da-9965-4f54-be5a-a1bfa7391207; DisplayName: Microsoft-managed: Multifactor authentication and reauthentication for risky sign-ins; Result: notApplied; ConditionsNotSatisfied: signInRisk; SessionControlsNotSatisfied: 
ID: 3cc748c6-e739-4559-b56f-dc898b93b757; DisplayName: Brian Katz Travel Cayman - 12/21-12/28; Result: notEnabled; ConditionsNotSatisfied: none; SessionControlsNotSatisfied: 
ID: dbe24e2b-7971-4159-92e7-029febd9403a; DisplayName: Jeff Lenderman Travel BVI 3/13-3/19; Result: notEnabled; ConditionsNotSatisfied: none; SessionControlsNotSatisfied: 
ID: bda0d60a-c582-4d69-9d7e-f9166be26b08; DisplayName: Brian Katz - Costa Rica; Result: notEnabled; ConditionsNotSatisfied: none; SessionControlsNotSatisfied: 
ID: e4f6bd83-c762-4a93-9fb4-d77b558b5650; DisplayName: Devices - Enforce Device Compliance; Result: reportOnlyFailure; ConditionsNotSatisfied: none; SessionControlsNotSatisfied: 
ID: 46ddead8-098c-4325-bbeb-836e364f64b5; DisplayName: Sessions - Block Persistent Browser Sessions (Untrusted Locations); Result: reportOnlySuccess; ConditionsNotSatisfied: none; SessionControlsNotSatisfied: 
ID: 0149a225-4092-4a09-ab18-ae7c47c5deeb; DisplayName: Sessions - Enforce Sign-In Frequency; Result: reportOnlySuccess; ConditionsNotSatisfied: none; SessionControlsNotSatisfied: 
ID: 408cead8-caca-4de6-bf52-6f34130a6459; DisplayName: Microsoft-managed: Multifactor authentication for admins accessing Microsoft Admin Portals; Result: reportOnlyNotApplied; ConditionsNotSatisfied: application; SessionControlsNotSatisfied: 
ID: e00078dd-d389-4a8f-ba33-ac7b690a7ce3; DisplayName: Brian Katz Montreal 3/15 - 3/21; Result: reportOnlyNotApplied; ConditionsNotSatisfied: location,ipAddressSeenByAzureAD; SessionControlsNotSatisfied: 
ID: da3712b4-2ee4-4d96-b702-9d73cb4e635a; DisplayName: Locations - Enforce Geo-IP Fencing; Result: reportOnlyNotApplied; ConditionsNotSatisfied: location,ipAddressSeenByAzureAD; SessionControlsNotSatisfied: 
ID: 7bd05172-0534-4c9a-a965-6e9370e281df; DisplayName: Protocols - Enforce Modern Authentication; Result: reportOnlyNotApplied; ConditionsNotSatisfied: clientType; SessionControlsNotSatisfied: 
ID: 6c493fe3-b17a-426e-af02-9f28f033239f; DisplayName: Sessions - Block Persistent Browser Sessions (Admins); Result: reportOnlyNotApplied; ConditionsNotSatisfied: users; SessionControlsNotSatisfied: 
ID: 77dbcd7f-566d-4b90-a928-edf2235d1c96; DisplayName: Users - Block Interactive Logins (Service Accounts); Result: reportOnlyNotApplied; ConditionsNotSatisfied: users; SessionControlsNotSatisfied: 
ID: 72f697df-0563-4339-8a40-3a0e56607bcb; DisplayName: Users - Restrict Admin Portal Access; Result: reportOnlyNotApplied; ConditionsNotSatisfied: application; SessionControlsNotSatisfied: ","networkType: namedNetwork; networkNames: Block Countries Per User Per Period","AuthenticationStepDateTime: 2026-08-19T12:40:12Z; AuthenticationMethod: Previously satisfied; AuthenticationMethodDetail: ; Succeeded: True; AuthenticationStepResultDetail: First factor requirement satisfied by claim in the token; AuthenticationStepRequirement: ;
AuthenticationStepDateTime: 2026-08-19T12:40:12Z; AuthenticationMethod: Previously satisfied; AuthenticationMethodDetail: ; Succeeded: True; AuthenticationStepResultDetail: MFA requirement satisfied by claim in the token; AuthenticationStepRequirement: ;"
"2026-08-19T12:35:13Z","Ashley Savala","asavala@pineywoodsrealtyfl.com","9199bf20-a13f-4107-85dc-02114787ef48","One Outlook Web","47.198.26.60","Browser","Mozilla/5.0 (Windows NT 10.0; Win64; x64) AppleWebKit/537.36 (KHTML, like Gecko) Chrome/151.0.0.0 Safari/537.36","5ee056a9-c020-bee5-a9a1-690e48a77c44","True","multiFactorAuthentication","errorCode: 0; failureReason: Other.; additionalDetails: MFA requirement satisfied by claim in the token","deviceId: ; displayName: ; operatingSystem: Windows10; browser: Chrome 151.0.0; isCompliant: False; isManaged: False; trustType: ","city: Odessa; state: Florida; countryOrRegion: US; geoCoordinates: @{altitude=; latitude=28.16365; longitude=-82.56719}","success","ID: a08e9a43-c474-45ce-854f-67d0f7b3deec; DisplayName: Enable MFA - All Users; Result: success; ConditionsNotSatisfied: none; SessionControlsNotSatisfied: 
ID: b8e8a1ff-dfc9-4eff-8c45-e209f4e26e5b; DisplayName: KaztCap SSL VPN Access; Result: notApplied; ConditionsNotSatisfied: users; SessionControlsNotSatisfied: 
ID: c6569448-6b9b-4329-8356-6cdb035f7cf2; DisplayName: Enable MFA - bwadmin; Result: notApplied; ConditionsNotSatisfied: users; SessionControlsNotSatisfied: 
ID: 9dba74f8-0de6-406e-b38c-ba05ea657153; DisplayName: Microsoft-managed: Multifactor authentication for per-user multifactor authentication users; Result: notEnabled; ConditionsNotSatisfied: none; SessionControlsNotSatisfied: 
ID: 7249cafd-bd3b-4f0c-9f6a-de4933e0a484; DisplayName: Location Based Access - Block Outside US; Result: notApplied; ConditionsNotSatisfied: location,ipAddressSeenByAzureAD; SessionControlsNotSatisfied: 
ID: 2c6518a2-ced4-420b-99b2-7a01741512b8; DisplayName: Location Based Access - Allow Specific Countries; Result: notEnabled; ConditionsNotSatisfied: none; SessionControlsNotSatisfied: 
ID: e51298da-9965-4f54-be5a-a1bfa7391207; DisplayName: Microsoft-managed: Multifactor authentication and reauthentication for risky sign-ins; Result: notApplied; ConditionsNotSatisfied: signInRisk; SessionControlsNotSatisfied: 
ID: 3cc748c6-e739-4559-b56f-dc898b93b757; DisplayName: Brian Katz Travel Cayman - 12/21-12/28; Result: notEnabled; ConditionsNotSatisfied: none; SessionControlsNotSatisfied: 
ID: dbe24e2b-7971-4159-92e7-029febd9403a; DisplayName: Jeff Lenderman Travel BVI 3/13-3/19; Result: notEnabled; ConditionsNotSatisfied: none; SessionControlsNotSatisfied: 
ID: bda0d60a-c582-4d69-9d7e-f9166be26b08; DisplayName: Brian Katz - Costa Rica; Result: notEnabled; ConditionsNotSatisfied: none; SessionControlsNotSatisfied: 
ID: e4f6bd83-c762-4a93-9fb4-d77b558b5650; DisplayName: Devices - Enforce Device Compliance; Result: reportOnlyFailure; ConditionsNotSatisfied: none; SessionControlsNotSatisfied: 
ID: 46ddead8-098c-4325-bbeb-836e364f64b5; DisplayName: Sessions - Block Persistent Browser Sessions (Untrusted Locations); Result: reportOnlySuccess; ConditionsNotSatisfied: none; SessionControlsNotSatisfied: 
ID: 0149a225-4092-4a09-ab18-ae7c47c5deeb; DisplayName: Sessions - Enforce Sign-In Frequency; Result: reportOnlySuccess; ConditionsNotSatisfied: none; SessionControlsNotSatisfied: 
ID: 408cead8-caca-4de6-bf52-6f34130a6459; DisplayName: Microsoft-managed: Multifactor authentication for admins accessing Microsoft Admin Portals; Result: reportOnlyNotApplied; ConditionsNotSatisfied: application; SessionControlsNotSatisfied: 
ID: e00078dd-d389-4a8f-ba33-ac7b690a7ce3; DisplayName: Brian Katz Montreal 3/15 - 3/21; Result: reportOnlyNotApplied; ConditionsNotSatisfied: users; SessionControlsNotSatisfied: 
ID: da3712b4-2ee4-4d96-b702-9d73cb4e635a; DisplayName: Locations - Enforce Geo-IP Fencing; Result: reportOnlyNotApplied; ConditionsNotSatisfied: location,ipAddressSeenByAzureAD; SessionControlsNotSatisfied: 
ID: 7bd05172-0534-4c9a-a965-6e9370e281df; DisplayName: Protocols - Enforce Modern Authentication; Result: reportOnlyNotApplied; ConditionsNotSatisfied: clientType; SessionControlsNotSatisfied: 
ID: 6c493fe3-b17a-426e-af02-9f28f033239f; DisplayName: Sessions - Block Persistent Browser Sessions (Admins); Result: reportOnlyNotApplied; ConditionsNotSatisfied: users; SessionControlsNotSatisfied: 
ID: 77dbcd7f-566d-4b90-a928-edf2235d1c96; DisplayName: Users - Block Interactive Logins (Service Accounts); Result: reportOnlyNotApplied; ConditionsNotSatisfied: users; SessionControlsNotSatisfied: 
ID: 72f697df-0563-4339-8a40-3a0e56607bcb; DisplayName: Users - Restrict Admin Portal Access; Result: reportOnlyNotApplied; ConditionsNotSatisfied: application; SessionControlsNotSatisfied: ","networkType: namedNetwork; networkNames: Block Countries Per User Per Period","AuthenticationStepDateTime: 2026-08-19T12:35:13Z; AuthenticationMethod: Previously satisfied; AuthenticationMethodDetail: ; Succeeded: True; AuthenticationStepResultDetail: First factor requirement satisfied by claim in the token; AuthenticationStepRequirement: ;
AuthenticationStepDateTime: 2026-08-19T12:35:13Z; AuthenticationMethod: Previously satisfied; AuthenticationMethodDetail: ; Succeeded: True; AuthenticationStepResultDetail: MFA requirement satisfied by claim in the token; AuthenticationStepRequirement: ;"
"2026-08-19T12:35:03Z","Ryan Chamblee","rchamblee@pineywoodsrealtyfl.com","9199bf20-a13f-4107-85dc-02114787ef48","One Outlook Web","104.30.175.37","Browser","Mozilla/5.0 (X11; Linux x86_64) AppleWebKit/537.36 (KHTML, like Gecko) Chrome/151.0.0.0 Safari/537.36","0c7bfb2e-0a23-c31e-5148-5cc13ccc8323","True","multiFactorAuthentication","errorCode: 0; failureReason: Other.; additionalDetails: MFA requirement satisfied by claim in the token","deviceId: ; displayName: ; operatingSystem: Linux; browser: Chrome 151.0.0; isCompliant: False; isManaged: False; trustType: ","city: San Jose; state: California; countryOrRegion: US; geoCoordinates: @{altitude=; latitude=37.33053; longitude=-121.83823}","success","ID: a08e9a43-c474-45ce-854f-67d0f7b3deec; DisplayName: Enable MFA - All Users; Result: success; ConditionsNotSatisfied: none; SessionControlsNotSatisfied: 
ID: b8e8a1ff-dfc9-4eff-8c45-e209f4e26e5b; DisplayName: KaztCap SSL VPN Access; Result: notApplied; ConditionsNotSatisfied: users; SessionControlsNotSatisfied: 
ID: c6569448-6b9b-4329-8356-6cdb035f7cf2; DisplayName: Enable MFA - bwadmin; Result: notApplied; ConditionsNotSatisfied: users; SessionControlsNotSatisfied: 
ID: 2c6518a2-ced4-420b-99b2-7a01741512b8; DisplayName: Location Based Access - Allow Specific Countries; Result: notEnabled; ConditionsNotSatisfied: none; SessionControlsNotSatisfied: 
ID: 9dba74f8-0de6-406e-b38c-ba05ea657153; DisplayName: Microsoft-managed: Multifactor authentication for per-user multifactor authentication users; Result: notEnabled; ConditionsNotSatisfied: none; SessionControlsNotSatisfied: 
ID: 7249cafd-bd3b-4f0c-9f6a-de4933e0a484; DisplayName: Location Based Access - Block Outside US; Result: notApplied; ConditionsNotSatisfied: location,ipAddressSeenByAzureAD; SessionControlsNotSatisfied: 
ID: e51298da-9965-4f54-be5a-a1bfa7391207; DisplayName: Microsoft-managed: Multifactor authentication and reauthentication for risky sign-ins; Result: notApplied; ConditionsNotSatisfied: signInRisk; SessionControlsNotSatisfied: 
ID: 3cc748c6-e739-4559-b56f-dc898b93b757; DisplayName: Brian Katz Travel Cayman - 12/21-12/28; Result: notEnabled; ConditionsNotSatisfied: none; SessionControlsNotSatisfied: 
ID: dbe24e2b-7971-4159-92e7-029febd9403a; DisplayName: Jeff Lenderman Travel BVI 3/13-3/19; Result: notEnabled; ConditionsNotSatisfied: none; SessionControlsNotSatisfied: 
ID: bda0d60a-c582-4d69-9d7e-f9166be26b08; DisplayName: Brian Katz - Costa Rica; Result: notEnabled; ConditionsNotSatisfied: none; SessionControlsNotSatisfied: 
ID: e4f6bd83-c762-4a93-9fb4-d77b558b5650; DisplayName: Devices - Enforce Device Compliance; Result: reportOnlyFailure; ConditionsNotSatisfied: none; SessionControlsNotSatisfied: 
ID: 46ddead8-098c-4325-bbeb-836e364f64b5; DisplayName: Sessions - Block Persistent Browser Sessions (Untrusted Locations); Result: reportOnlySuccess; ConditionsNotSatisfied: none; SessionControlsNotSatisfied: 
ID: 408cead8-caca-4de6-bf52-6f34130a6459; DisplayName: Microsoft-managed: Multifactor authentication for admins accessing Microsoft Admin Portals; Result: reportOnlyNotApplied; ConditionsNotSatisfied: application; SessionControlsNotSatisfied: 
ID: e00078dd-d389-4a8f-ba33-ac7b690a7ce3; DisplayName: Brian Katz Montreal 3/15 - 3/21; Result: reportOnlyNotApplied; ConditionsNotSatisfied: users; SessionControlsNotSatisfied: 
ID: da3712b4-2ee4-4d96-b702-9d73cb4e635a; DisplayName: Locations - Enforce Geo-IP Fencing; Result: reportOnlyNotApplied; ConditionsNotSatisfied: location,ipAddressSeenByAzureAD; SessionControlsNotSatisfied: 
ID: 7bd05172-0534-4c9a-a965-6e9370e281df; DisplayName: Protocols - Enforce Modern Authentication; Result: reportOnlyNotApplied; ConditionsNotSatisfied: clientType; SessionControlsNotSatisfied: 
ID: 6c493fe3-b17a-426e-af02-9f28f033239f; DisplayName: Sessions - Block Persistent Browser Sessions (Admins); Result: reportOnlyNotApplied; ConditionsNotSatisfied: users; SessionControlsNotSatisfied: 
ID: 0149a225-4092-4a09-ab18-ae7c47c5deeb; DisplayName: Sessions - Enforce Sign-In Frequency; Result: reportOnlyNotApplied; ConditionsNotSatisfied: devicePlatform; SessionControlsNotSatisfied: 
ID: 77dbcd7f-566d-4b90-a928-edf2235d1c96; DisplayName: Users - Block Interactive Logins (Service Accounts); Result: reportOnlyNotApplied; ConditionsNotSatisfied: users; SessionControlsNotSatisfied: 
ID: 72f697df-0563-4339-8a40-3a0e56607bcb; DisplayName: Users - Restrict Admin Portal Access; Result: reportOnlyNotApplied; ConditionsNotSatisfied: application; SessionControlsNotSatisfied: ","networkType: namedNetwork; networkNames: Block Countries Per User Per Period","AuthenticationStepDateTime: 2026-08-19T12:35:03Z; AuthenticationMethod: Previously satisfied; AuthenticationMethodDetail: ; Succeeded: True; AuthenticationStepResultDetail: First factor requirement satisfied by claim in the token; AuthenticationStepRequirement: ;
AuthenticationStepDateTime: 2026-08-19T12:35:03Z; AuthenticationMethod: Previously satisfied; AuthenticationMethodDetail: ; Succeeded: True; AuthenticationStepResultDetail: MFA requirement satisfied by claim in the token; AuthenticationStepRequirement: ;"
"2026-08-19T12:32:23Z","Charles Cleveland","ccleveland@katzcapital.com","38aa3b87-a06d-4817-b275-7a316988d93b","Windows Sign In","71.46.218.18","Mobile Apps and Desktop clients","Windows-AzureAD-Authentication-Provider/1.0","03f77d8e-2262-43e4-804b-13e4cb53e563","True","singleFactorAuthentication","errorCode: 0; failureReason: Other.; additionalDetails: MFA requirement satisfied by claim in the token","deviceId: bc7374e3-f031-4efa-95c8-64485e11cc7c; displayName: PWC-L-23-01; operatingSystem: Windows; browser: ; isCompliant: False; isManaged: False; trustType: Azure AD joined","city: Tampa; state: Florida; countryOrRegion: US; geoCoordinates: @{altitude=; latitude=28.00153; longitude=-82.37678}","notApplied","","networkType: namedNetwork; networkNames: Block Countries Per User Per Period","AuthenticationStepDateTime: 2026-08-19T12:32:23Z; AuthenticationMethod: Windows Hello for Business; AuthenticationMethodDetail: ; Succeeded: True; AuthenticationStepResultDetail: User approved; AuthenticationStepRequirement: ;"
"2026-08-19T12:21:12Z","Bill Preston","5b8afaae-5bef-40db-be28-4ff219041815@pineywoodsfl.onmicrosoft.com","38aa3b87-a06d-4817-b275-7a316988d93b","Windows Sign In","2600:6c42:8f0:180:c9aa:4b4:eada:f342","Mobile Apps and Desktop clients","Windows-AzureAD-Authentication-Provider/1.0","7d2c143a-5e9a-4641-82c0-eaa5fe9a769f","True","singleFactorAuthentication","errorCode: 0; failureReason: Other.; additionalDetails: MFA requirement satisfied by claim in the token","deviceId: 1a4d8387-66a7-4c94-86e5-a8eabc2bae81; displayName: 8351117533400; operatingSystem: Windows; browser: ; isCompliant: False; isManaged: False; trustType: Azure AD joined","city: Swansea; state: Illinois; countryOrRegion: US; geoCoordinates: @{altitude=; latitude=38.542; longitude=-89.987}","notApplied","","networkType: namedNetwork; networkNames: Block Countries Per User Per Period","AuthenticationStepDateTime: 2026-08-19T12:21:12Z; AuthenticationMethod: Windows Hello for Business; AuthenticationMethodDetail: ; Succeeded: True; AuthenticationStepResultDetail: User approved; AuthenticationStepRequirement: ;"
"2026-08-19T12:18:51Z","Ryan Chamblee","rchamblee@pineywoodsrealtyfl.com","9199bf20-a13f-4107-85dc-02114787ef48","One Outlook Web","104.30.175.37","Browser","Mozilla/5.0 (X11; Linux x86_64) AppleWebKit/537.36 (KHTML, like Gecko) Chrome/151.0.0.0 Safari/537.36","dbc1410e-877a-d296-3347-73a34bbc834d","True","multiFactorAuthentication","errorCode: 0; failureReason: Other.; additionalDetails: MFA requirement satisfied by claim in the token","deviceId: ; displayName: ; operatingSystem: Linux; browser: Chrome 151.0.0; isCompliant: False; isManaged: False; trustType: ","city: San Jose; state: California; countryOrRegion: US; geoCoordinates: @{altitude=; latitude=37.33053; longitude=-121.83823}","success","ID: a08e9a43-c474-45ce-854f-67d0f7b3deec; DisplayName: Enable MFA - All Users; Result: success; ConditionsNotSatisfied: none; SessionControlsNotSatisfied: 
ID: b8e8a1ff-dfc9-4eff-8c45-e209f4e26e5b; DisplayName: KaztCap SSL VPN Access; Result: notApplied; ConditionsNotSatisfied: users; SessionControlsNotSatisfied: 
ID: 2c6518a2-ced4-420b-99b2-7a01741512b8; DisplayName: Location Based Access - Allow Specific Countries; Result: notEnabled; ConditionsNotSatisfied: none; SessionControlsNotSatisfied: 
ID: 9dba74f8-0de6-406e-b38c-ba05ea657153; DisplayName: Microsoft-managed: Multifactor authentication for per-user multifactor authentication users; Result: notEnabled; ConditionsNotSatisfied: none; SessionControlsNotSatisfied: 
ID: e51298da-9965-4f54-be5a-a1bfa7391207; DisplayName: Microsoft-managed: Multifactor authentication and reauthentication for risky sign-ins; Result: notApplied; ConditionsNotSatisfied: signInRisk; SessionControlsNotSatisfied: 
ID: c6569448-6b9b-4329-8356-6cdb035f7cf2; DisplayName: Enable MFA - bwadmin; Result: notApplied; ConditionsNotSatisfied: users; SessionControlsNotSatisfied: 
ID: 7249cafd-bd3b-4f0c-9f6a-de4933e0a484; DisplayName: Location Based Access - Block Outside US; Result: notApplied; ConditionsNotSatisfied: location,ipAddressSeenByAzureAD; SessionControlsNotSatisfied: 
ID: 3cc748c6-e739-4559-b56f-dc898b93b757; DisplayName: Brian Katz Travel Cayman - 12/21-12/28; Result: notEnabled; ConditionsNotSatisfied: none; SessionControlsNotSatisfied: 
ID: dbe24e2b-7971-4159-92e7-029febd9403a; DisplayName: Jeff Lenderman Travel BVI 3/13-3/19; Result: notEnabled; ConditionsNotSatisfied: none; SessionControlsNotSatisfied: 
ID: bda0d60a-c582-4d69-9d7e-f9166be26b08; DisplayName: Brian Katz - Costa Rica; Result: notEnabled; ConditionsNotSatisfied: none; SessionControlsNotSatisfied: 
ID: e4f6bd83-c762-4a93-9fb4-d77b558b5650; DisplayName: Devices - Enforce Device Compliance; Result: reportOnlyFailure; ConditionsNotSatisfied: none; SessionControlsNotSatisfied: 
ID: 46ddead8-098c-4325-bbeb-836e364f64b5; DisplayName: Sessions - Block Persistent Browser Sessions (Untrusted Locations); Result: reportOnlySuccess; ConditionsNotSatisfied: none; SessionControlsNotSatisfied: 
ID: 408cead8-caca-4de6-bf52-6f34130a6459; DisplayName: Microsoft-managed: Multifactor authentication for admins accessing Microsoft Admin Portals; Result: reportOnlyNotApplied; ConditionsNotSatisfied: application; SessionControlsNotSatisfied: 
ID: e00078dd-d389-4a8f-ba33-ac7b690a7ce3; DisplayName: Brian Katz Montreal 3/15 - 3/21; Result: reportOnlyNotApplied; ConditionsNotSatisfied: users; SessionControlsNotSatisfied: 
ID: da3712b4-2ee4-4d96-b702-9d73cb4e635a; DisplayName: Locations - Enforce Geo-IP Fencing; Result: reportOnlyNotApplied; ConditionsNotSatisfied: location,ipAddressSeenByAzureAD; SessionControlsNotSatisfied: 
ID: 7bd05172-0534-4c9a-a965-6e9370e281df; DisplayName: Protocols - Enforce Modern Authentication; Result: reportOnlyNotApplied; ConditionsNotSatisfied: clientType; SessionControlsNotSatisfied: 
ID: 6c493fe3-b17a-426e-af02-9f28f033239f; DisplayName: Sessions - Block Persistent Browser Sessions (Admins); Result: reportOnlyNotApplied; ConditionsNotSatisfied: users; SessionControlsNotSatisfied: 
ID: 0149a225-4092-4a09-ab18-ae7c47c5deeb; DisplayName: Sessions - Enforce Sign-In Frequency; Result: reportOnlyNotApplied; ConditionsNotSatisfied: devicePlatform; SessionControlsNotSatisfied: 
ID: 77dbcd7f-566d-4b90-a928-edf2235d1c96; DisplayName: Users - Block Interactive Logins (Service Accounts); Result: reportOnlyNotApplied; ConditionsNotSatisfied: users; SessionControlsNotSatisfied: 
ID: 72f697df-0563-4339-8a40-3a0e56607bcb; DisplayName: Users - Restrict Admin Portal Access; Result: reportOnlyNotApplied; ConditionsNotSatisfied: application; SessionControlsNotSatisfied: ","networkType: namedNetwork; networkNames: Block Countries Per User Per Period","AuthenticationStepDateTime: 2026-08-19T12:18:51Z; AuthenticationMethod: Previously satisfied; AuthenticationMethodDetail: ; Succeeded: True; AuthenticationStepResultDetail: First factor requirement satisfied by claim in the token; AuthenticationStepRequirement: ;
AuthenticationStepDateTime: 2026-08-19T12:18:51Z; AuthenticationMethod: Previously satisfied; AuthenticationMethodDetail: ; Succeeded: True; AuthenticationStepResultDetail: MFA requirement satisfied by claim in the token; AuthenticationStepRequirement: ;"
"2026-08-19T11:34:50Z","Brian Katz","bkatz@katzcapital.com","89bee1f7-5e6e-4d8a-9f3d-ecd601259da7","Office365 Shell WCSS-Client","71.46.218.18","Browser","Mozilla/5.0 (Windows NT 10.0; Win64; x64) AppleWebKit/537.36 (KHTML, like Gecko) Chrome/142.0.0.0 Safari/537.36","01a019cd-6fab-7d7b-894c-eec0712d6a6a","True","multiFactorAuthentication","errorCode: 0; failureReason: Other.; additionalDetails: MFA requirement satisfied by claim in the token","deviceId: ; displayName: ; operatingSystem: Windows10; browser: Chrome 142.0.0; isCompliant: False; isManaged: False; trustType: ","city: Tampa; state: Florida; countryOrRegion: US; geoCoordinates: @{altitude=; latitude=28.00153; longitude=-82.37678}","success","ID: b8e8a1ff-dfc9-4eff-8c45-e209f4e26e5b; DisplayName: KaztCap SSL VPN Access; Result: success; ConditionsNotSatisfied: none; SessionControlsNotSatisfied: 
ID: a08e9a43-c474-45ce-854f-67d0f7b3deec; DisplayName: Enable MFA - All Users; Result: success; ConditionsNotSatisfied: none; SessionControlsNotSatisfied: 
ID: c6569448-6b9b-4329-8356-6cdb035f7cf2; DisplayName: Enable MFA - bwadmin; Result: notApplied; ConditionsNotSatisfied: users; SessionControlsNotSatisfied: 
ID: 2c6518a2-ced4-420b-99b2-7a01741512b8; DisplayName: Location Based Access - Allow Specific Countries; Result: notEnabled; ConditionsNotSatisfied: none; SessionControlsNotSatisfied: 
ID: 9dba74f8-0de6-406e-b38c-ba05ea657153; DisplayName: Microsoft-managed: Multifactor authentication for per-user multifactor authentication users; Result: notEnabled; ConditionsNotSatisfied: none; SessionControlsNotSatisfied: 
ID: 7249cafd-bd3b-4f0c-9f6a-de4933e0a484; DisplayName: Location Based Access - Block Outside US; Result: notApplied; ConditionsNotSatisfied: location,ipAddressSeenByAzureAD; SessionControlsNotSatisfied: 
ID: e51298da-9965-4f54-be5a-a1bfa7391207; DisplayName: Microsoft-managed: Multifactor authentication and reauthentication for risky sign-ins; Result: notApplied; ConditionsNotSatisfied: signInRisk; SessionControlsNotSatisfied: 
ID: 3cc748c6-e739-4559-b56f-dc898b93b757; DisplayName: Brian Katz Travel Cayman - 12/21-12/28; Result: notEnabled; ConditionsNotSatisfied: none; SessionControlsNotSatisfied: 
ID: dbe24e2b-7971-4159-92e7-029febd9403a; DisplayName: Jeff Lenderman Travel BVI 3/13-3/19; Result: notEnabled; ConditionsNotSatisfied: none; SessionControlsNotSatisfied: 
ID: bda0d60a-c582-4d69-9d7e-f9166be26b08; DisplayName: Brian Katz - Costa Rica; Result: notEnabled; ConditionsNotSatisfied: none; SessionControlsNotSatisfied: 
ID: e4f6bd83-c762-4a93-9fb4-d77b558b5650; DisplayName: Devices - Enforce Device Compliance; Result: reportOnlyFailure; ConditionsNotSatisfied: none; SessionControlsNotSatisfied: 
ID: 46ddead8-098c-4325-bbeb-836e364f64b5; DisplayName: Sessions - Block Persistent Browser Sessions (Untrusted Locations); Result: reportOnlySuccess; ConditionsNotSatisfied: none; SessionControlsNotSatisfied: 
ID: 0149a225-4092-4a09-ab18-ae7c47c5deeb; DisplayName: Sessions - Enforce Sign-In Frequency; Result: reportOnlySuccess; ConditionsNotSatisfied: none; SessionControlsNotSatisfied: 
ID: 408cead8-caca-4de6-bf52-6f34130a6459; DisplayName: Microsoft-managed: Multifactor authentication for admins accessing Microsoft Admin Portals; Result: reportOnlyNotApplied; ConditionsNotSatisfied: application; SessionControlsNotSatisfied: 
ID: e00078dd-d389-4a8f-ba33-ac7b690a7ce3; DisplayName: Brian Katz Montreal 3/15 - 3/21; Result: reportOnlyNotApplied; ConditionsNotSatisfied: location,ipAddressSeenByAzureAD; SessionControlsNotSatisfied: 
ID: da3712b4-2ee4-4d96-b702-9d73cb4e635a; DisplayName: Locations - Enforce Geo-IP Fencing; Result: reportOnlyNotApplied; ConditionsNotSatisfied: location,ipAddressSeenByAzureAD; SessionControlsNotSatisfied: 
ID: 7bd05172-0534-4c9a-a965-6e9370e281df; DisplayName: Protocols - Enforce Modern Authentication; Result: reportOnlyNotApplied; ConditionsNotSatisfied: clientType; SessionControlsNotSatisfied: 
ID: 6c493fe3-b17a-426e-af02-9f28f033239f; DisplayName: Sessions - Block Persistent Browser Sessions (Admins); Result: reportOnlyNotApplied; ConditionsNotSatisfied: users; SessionControlsNotSatisfied: 
ID: 77dbcd7f-566d-4b90-a928-edf2235d1c96; DisplayName: Users - Block Interactive Logins (Service Accounts); Result: reportOnlyNotApplied; ConditionsNotSatisfied: users; SessionControlsNotSatisfied: 
ID: 72f697df-0563-4339-8a40-3a0e56607bcb; DisplayName: Users - Restrict Admin Portal Access; Result: reportOnlyNotApplied; ConditionsNotSatisfied: application; SessionControlsNotSatisfied: ","networkType: namedNetwork; networkNames: Block Countries Per User Per Period","AuthenticationStepDateTime: 2026-08-19T11:34:50Z; AuthenticationMethod: Previously satisfied; AuthenticationMethodDetail: ; Succeeded: True; AuthenticationStepResultDetail: First factor requirement satisfied by claim in the token; AuthenticationStepRequirement: ;
AuthenticationStepDateTime: 2026-08-19T11:34:50Z; AuthenticationMethod: Previously satisfied; AuthenticationMethodDetail: ; Succeeded: True; AuthenticationStepResultDetail: MFA requirement satisfied by claim in the token; AuthenticationStepRequirement: ;"
"2026-08-19T11:34:50Z","Brian Katz","bkatz@katzcapital.com","89bee1f7-5e6e-4d8a-9f3d-ecd601259da7","Office365 Shell WCSS-Client","71.46.218.18","Browser","Mozilla/5.0 (Windows NT 10.0; Win64; x64) AppleWebKit/537.36 (KHTML, like Gecko) Chrome/142.0.0.0 Safari/537.36","01a019cd-6f73-77ec-a504-5324c5391da9","True","multiFactorAuthentication","errorCode: 0; failureReason: Other.; additionalDetails: MFA requirement satisfied by claim in the token","deviceId: ; displayName: ; operatingSystem: Windows10; browser: Chrome 142.0.0; isCompliant: False; isManaged: False; trustType: ","city: Tampa; state: Florida; countryOrRegion: US; geoCoordinates: @{altitude=; latitude=28.00153; longitude=-82.37678}","success","ID: b8e8a1ff-dfc9-4eff-8c45-e209f4e26e5b; DisplayName: KaztCap SSL VPN Access; Result: success; ConditionsNotSatisfied: none; SessionControlsNotSatisfied: 
ID: a08e9a43-c474-45ce-854f-67d0f7b3deec; DisplayName: Enable MFA - All Users; Result: success; ConditionsNotSatisfied: none; SessionControlsNotSatisfied: 
ID: 2c6518a2-ced4-420b-99b2-7a01741512b8; DisplayName: Location Based Access - Allow Specific Countries; Result: notEnabled; ConditionsNotSatisfied: none; SessionControlsNotSatisfied: 
ID: 9dba74f8-0de6-406e-b38c-ba05ea657153; DisplayName: Microsoft-managed: Multifactor authentication for per-user multifactor authentication users; Result: notEnabled; ConditionsNotSatisfied: none; SessionControlsNotSatisfied: 
ID: e51298da-9965-4f54-be5a-a1bfa7391207; DisplayName: Microsoft-managed: Multifactor authentication and reauthentication for risky sign-ins; Result: notApplied; ConditionsNotSatisfied: signInRisk; SessionControlsNotSatisfied: 
ID: c6569448-6b9b-4329-8356-6cdb035f7cf2; DisplayName: Enable MFA - bwadmin; Result: notApplied; ConditionsNotSatisfied: users; SessionControlsNotSatisfied: 
ID: 7249cafd-bd3b-4f0c-9f6a-de4933e0a484; DisplayName: Location Based Access - Block Outside US; Result: notApplied; ConditionsNotSatisfied: location,ipAddressSeenByAzureAD; SessionControlsNotSatisfied: 
ID: 3cc748c6-e739-4559-b56f-dc898b93b757; DisplayName: Brian Katz Travel Cayman - 12/21-12/28; Result: notEnabled; ConditionsNotSatisfied: none; SessionControlsNotSatisfied: 
ID: dbe24e2b-7971-4159-92e7-029febd9403a; DisplayName: Jeff Lenderman Travel BVI 3/13-3/19; Result: notEnabled; ConditionsNotSatisfied: none; SessionControlsNotSatisfied: 
ID: bda0d60a-c582-4d69-9d7e-f9166be26b08; DisplayName: Brian Katz - Costa Rica; Result: notEnabled; ConditionsNotSatisfied: none; SessionControlsNotSatisfied: 
ID: e4f6bd83-c762-4a93-9fb4-d77b558b5650; DisplayName: Devices - Enforce Device Compliance; Result: reportOnlyFailure; ConditionsNotSatisfied: none; SessionControlsNotSatisfied: 
ID: 46ddead8-098c-4325-bbeb-836e364f64b5; DisplayName: Sessions - Block Persistent Browser Sessions (Untrusted Locations); Result: reportOnlySuccess; ConditionsNotSatisfied: none; SessionControlsNotSatisfied: 
ID: 0149a225-4092-4a09-ab18-ae7c47c5deeb; DisplayName: Sessions - Enforce Sign-In Frequency; Result: reportOnlySuccess; ConditionsNotSatisfied: none; SessionControlsNotSatisfied: 
ID: 408cead8-caca-4de6-bf52-6f34130a6459; DisplayName: Microsoft-managed: Multifactor authentication for admins accessing Microsoft Admin Portals; Result: reportOnlyNotApplied; ConditionsNotSatisfied: application; SessionControlsNotSatisfied: 
ID: e00078dd-d389-4a8f-ba33-ac7b690a7ce3; DisplayName: Brian Katz Montreal 3/15 - 3/21; Result: reportOnlyNotApplied; ConditionsNotSatisfied: location,ipAddressSeenByAzureAD; SessionControlsNotSatisfied: 
ID: da3712b4-2ee4-4d96-b702-9d73cb4e635a; DisplayName: Locations - Enforce Geo-IP Fencing; Result: reportOnlyNotApplied; ConditionsNotSatisfied: location,ipAddressSeenByAzureAD; SessionControlsNotSatisfied: 
ID: 7bd05172-0534-4c9a-a965-6e9370e281df; DisplayName: Protocols - Enforce Modern Authentication; Result: reportOnlyNotApplied; ConditionsNotSatisfied: clientType; SessionControlsNotSatisfied: 
ID: 6c493fe3-b17a-426e-af02-9f28f033239f; DisplayName: Sessions - Block Persistent Browser Sessions (Admins); Result: reportOnlyNotApplied; ConditionsNotSatisfied: users; SessionControlsNotSatisfied: 
ID: 77dbcd7f-566d-4b90-a928-edf2235d1c96; DisplayName: Users - Block Interactive Logins (Service Accounts); Result: reportOnlyNotApplied; ConditionsNotSatisfied: users; SessionControlsNotSatisfied: 
ID: 72f697df-0563-4339-8a40-3a0e56607bcb; DisplayName: Users - Restrict Admin Portal Access; Result: reportOnlyNotApplied; ConditionsNotSatisfied: application; SessionControlsNotSatisfied: ","networkType: namedNetwork; networkNames: Block Countries Per User Per Period","AuthenticationStepDateTime: 2026-08-19T11:34:50Z; AuthenticationMethod: Previously satisfied; AuthenticationMethodDetail: ; Succeeded: True; AuthenticationStepResultDetail: First factor requirement satisfied by claim in the token; AuthenticationStepRequirement: ;
AuthenticationStepDateTime: 2026-08-19T11:34:50Z; AuthenticationMethod: Previously satisfied; AuthenticationMethodDetail: ; Succeeded: True; AuthenticationStepResultDetail: MFA requirement satisfied by claim in the token; AuthenticationStepRequirement: ;"
"2026-08-19T11:34:50Z","Brian Katz","bkatz@katzcapital.com","89bee1f7-5e6e-4d8a-9f3d-ecd601259da7","Office365 Shell WCSS-Client","71.46.218.18","Browser","Mozilla/5.0 (Windows NT 10.0; Win64; x64) AppleWebKit/537.36 (KHTML, like Gecko) Chrome/142.0.0.0 Safari/537.36","01a019cd-6f65-7e4d-8446-b2744bae985a","True","multiFactorAuthentication","errorCode: 0; failureReason: Other.; additionalDetails: MFA requirement satisfied by claim in the token","deviceId: ; displayName: ; operatingSystem: Windows10; browser: Chrome 142.0.0; isCompliant: False; isManaged: False; trustType: ","city: Tampa; state: Florida; countryOrRegion: US; geoCoordinates: @{altitude=; latitude=28.00153; longitude=-82.37678}","success","ID: b8e8a1ff-dfc9-4eff-8c45-e209f4e26e5b; DisplayName: KaztCap SSL VPN Access; Result: success; ConditionsNotSatisfied: none; SessionControlsNotSatisfied: 
ID: a08e9a43-c474-45ce-854f-67d0f7b3deec; DisplayName: Enable MFA - All Users; Result: success; ConditionsNotSatisfied: none; SessionControlsNotSatisfied: 
ID: 2c6518a2-ced4-420b-99b2-7a01741512b8; DisplayName: Location Based Access - Allow Specific Countries; Result: notEnabled; ConditionsNotSatisfied: none; SessionControlsNotSatisfied: 
ID: 9dba74f8-0de6-406e-b38c-ba05ea657153; DisplayName: Microsoft-managed: Multifactor authentication for per-user multifactor authentication users; Result: notEnabled; ConditionsNotSatisfied: none; SessionControlsNotSatisfied: 
ID: e51298da-9965-4f54-be5a-a1bfa7391207; DisplayName: Microsoft-managed: Multifactor authentication and reauthentication for risky sign-ins; Result: notApplied; ConditionsNotSatisfied: signInRisk; SessionControlsNotSatisfied: 
ID: c6569448-6b9b-4329-8356-6cdb035f7cf2; DisplayName: Enable MFA - bwadmin; Result: notApplied; ConditionsNotSatisfied: users; SessionControlsNotSatisfied: 
ID: 7249cafd-bd3b-4f0c-9f6a-de4933e0a484; DisplayName: Location Based Access - Block Outside US; Result: notApplied; ConditionsNotSatisfied: location,ipAddressSeenByAzureAD; SessionControlsNotSatisfied: 
ID: 3cc748c6-e739-4559-b56f-dc898b93b757; DisplayName: Brian Katz Travel Cayman - 12/21-12/28; Result: notEnabled; ConditionsNotSatisfied: none; SessionControlsNotSatisfied: 
ID: dbe24e2b-7971-4159-92e7-029febd9403a; DisplayName: Jeff Lenderman Travel BVI 3/13-3/19; Result: notEnabled; ConditionsNotSatisfied: none; SessionControlsNotSatisfied: 
ID: bda0d60a-c582-4d69-9d7e-f9166be26b08; DisplayName: Brian Katz - Costa Rica; Result: notEnabled; ConditionsNotSatisfied: none; SessionControlsNotSatisfied: 
ID: e4f6bd83-c762-4a93-9fb4-d77b558b5650; DisplayName: Devices - Enforce Device Compliance; Result: reportOnlyFailure; ConditionsNotSatisfied: none; SessionControlsNotSatisfied: 
ID: 46ddead8-098c-4325-bbeb-836e364f64b5; DisplayName: Sessions - Block Persistent Browser Sessions (Untrusted Locations); Result: reportOnlySuccess; ConditionsNotSatisfied: none; SessionControlsNotSatisfied: 
ID: 0149a225-4092-4a09-ab18-ae7c47c5deeb; DisplayName: Sessions - Enforce Sign-In Frequency; Result: reportOnlySuccess; ConditionsNotSatisfied: none; SessionControlsNotSatisfied: 
ID: 408cead8-caca-4de6-bf52-6f34130a6459; DisplayName: Microsoft-managed: Multifactor authentication for admins accessing Microsoft Admin Portals; Result: reportOnlyNotApplied; ConditionsNotSatisfied: application; SessionControlsNotSatisfied: 
ID: e00078dd-d389-4a8f-ba33-ac7b690a7ce3; DisplayName: Brian Katz Montreal 3/15 - 3/21; Result: reportOnlyNotApplied; ConditionsNotSatisfied: location,ipAddressSeenByAzureAD; SessionControlsNotSatisfied: 
ID: da3712b4-2ee4-4d96-b702-9d73cb4e635a; DisplayName: Locations - Enforce Geo-IP Fencing; Result: reportOnlyNotApplied; ConditionsNotSatisfied: location,ipAddressSeenByAzureAD; SessionControlsNotSatisfied: 
ID: 7bd05172-0534-4c9a-a965-6e9370e281df; DisplayName: Protocols - Enforce Modern Authentication; Result: reportOnlyNotApplied; ConditionsNotSatisfied: clientType; SessionControlsNotSatisfied: 
ID: 6c493fe3-b17a-426e-af02-9f28f033239f; DisplayName: Sessions - Block Persistent Browser Sessions (Admins); Result: reportOnlyNotApplied; ConditionsNotSatisfied: users; SessionControlsNotSatisfied: 
ID: 77dbcd7f-566d-4b90-a928-edf2235d1c96; DisplayName: Users - Block Interactive Logins (Service Accounts); Result: reportOnlyNotApplied; ConditionsNotSatisfied: users; SessionControlsNotSatisfied: 
ID: 72f697df-0563-4339-8a40-3a0e56607bcb; DisplayName: Users - Restrict Admin Portal Access; Result: reportOnlyNotApplied; ConditionsNotSatisfied: application; SessionControlsNotSatisfied: ","networkType: namedNetwork; networkNames: Block Countries Per User Per Period","AuthenticationStepDateTime: 2026-08-19T11:34:50Z; AuthenticationMethod: Previously satisfied; AuthenticationMethodDetail: ; Succeeded: True; AuthenticationStepResultDetail: First factor requirement satisfied by claim in the token; AuthenticationStepRequirement: ;
AuthenticationStepDateTime: 2026-08-19T11:34:50Z; AuthenticationMethod: Previously satisfied; AuthenticationMethodDetail: ; Succeeded: True; AuthenticationStepResultDetail: MFA requirement satisfied by claim in the token; AuthenticationStepRequirement: ;"
"2026-08-19T11:34:41Z","Brian Katz","bkatz@katzcapital.com","80ccca67-54bd-44ab-8625-4b79c4dc7775","Microsoft 365 Security and Compliance Center","71.46.218.18","Browser","Mozilla/5.0 (Windows NT 10.0; Win64; x64) AppleWebKit/537.36 (KHTML, like Gecko) Chrome/142.0.0.0 Safari/537.36","f25ed3f1-68f1-4d92-8503-f2c39015f8c1","True","multiFactorAuthentication","errorCode: 0; failureReason: Other.; additionalDetails: MFA requirement satisfied by claim in the token","deviceId: ; displayName: ; operatingSystem: Windows10; browser: Chrome 142.0.0; isCompliant: False; isManaged: False; trustType: ","city: Tampa; state: Florida; countryOrRegion: US; geoCoordinates: @{altitude=; latitude=28.00153; longitude=-82.37678}","success","ID: b8e8a1ff-dfc9-4eff-8c45-e209f4e26e5b; DisplayName: KaztCap SSL VPN Access; Result: success; ConditionsNotSatisfied: none; SessionControlsNotSatisfied: 
ID: a08e9a43-c474-45ce-854f-67d0f7b3deec; DisplayName: Enable MFA - All Users; Result: success; ConditionsNotSatisfied: none; SessionControlsNotSatisfied: 
ID: 2c6518a2-ced4-420b-99b2-7a01741512b8; DisplayName: Location Based Access - Allow Specific Countries; Result: notEnabled; ConditionsNotSatisfied: none; SessionControlsNotSatisfied: 
ID: 9dba74f8-0de6-406e-b38c-ba05ea657153; DisplayName: Microsoft-managed: Multifactor authentication for per-user multifactor authentication users; Result: notEnabled; ConditionsNotSatisfied: none; SessionControlsNotSatisfied: 
ID: e51298da-9965-4f54-be5a-a1bfa7391207; DisplayName: Microsoft-managed: Multifactor authentication and reauthentication for risky sign-ins; Result: notApplied; ConditionsNotSatisfied: signInRisk; SessionControlsNotSatisfied: 
ID: c6569448-6b9b-4329-8356-6cdb035f7cf2; DisplayName: Enable MFA - bwadmin; Result: notApplied; ConditionsNotSatisfied: users; SessionControlsNotSatisfied: 
ID: 7249cafd-bd3b-4f0c-9f6a-de4933e0a484; DisplayName: Location Based Access - Block Outside US; Result: notApplied; ConditionsNotSatisfied: location,ipAddressSeenByAzureAD; SessionControlsNotSatisfied: 
ID: 3cc748c6-e739-4559-b56f-dc898b93b757; DisplayName: Brian Katz Travel Cayman - 12/21-12/28; Result: notEnabled; ConditionsNotSatisfied: none; SessionControlsNotSatisfied: 
ID: dbe24e2b-7971-4159-92e7-029febd9403a; DisplayName: Jeff Lenderman Travel BVI 3/13-3/19; Result: notEnabled; ConditionsNotSatisfied: none; SessionControlsNotSatisfied: 
ID: bda0d60a-c582-4d69-9d7e-f9166be26b08; DisplayName: Brian Katz - Costa Rica; Result: notEnabled; ConditionsNotSatisfied: none; SessionControlsNotSatisfied: 
ID: e4f6bd83-c762-4a93-9fb4-d77b558b5650; DisplayName: Devices - Enforce Device Compliance; Result: reportOnlyFailure; ConditionsNotSatisfied: none; SessionControlsNotSatisfied: 
ID: 46ddead8-098c-4325-bbeb-836e364f64b5; DisplayName: Sessions - Block Persistent Browser Sessions (Untrusted Locations); Result: reportOnlySuccess; ConditionsNotSatisfied: none; SessionControlsNotSatisfied: 
ID: 0149a225-4092-4a09-ab18-ae7c47c5deeb; DisplayName: Sessions - Enforce Sign-In Frequency; Result: reportOnlySuccess; ConditionsNotSatisfied: none; SessionControlsNotSatisfied: 
ID: 72f697df-0563-4339-8a40-3a0e56607bcb; DisplayName: Users - Restrict Admin Portal Access; Result: reportOnlyFailure; ConditionsNotSatisfied: none; SessionControlsNotSatisfied: 
ID: 408cead8-caca-4de6-bf52-6f34130a6459; DisplayName: Microsoft-managed: Multifactor authentication for admins accessing Microsoft Admin Portals; Result: reportOnlyNotApplied; ConditionsNotSatisfied: users; SessionControlsNotSatisfied: 
ID: e00078dd-d389-4a8f-ba33-ac7b690a7ce3; DisplayName: Brian Katz Montreal 3/15 - 3/21; Result: reportOnlyNotApplied; ConditionsNotSatisfied: location,ipAddressSeenByAzureAD; SessionControlsNotSatisfied: 
ID: da3712b4-2ee4-4d96-b702-9d73cb4e635a; DisplayName: Locations - Enforce Geo-IP Fencing; Result: reportOnlyNotApplied; ConditionsNotSatisfied: location,ipAddressSeenByAzureAD; SessionControlsNotSatisfied: 
ID: 7bd05172-0534-4c9a-a965-6e9370e281df; DisplayName: Protocols - Enforce Modern Authentication; Result: reportOnlyNotApplied; ConditionsNotSatisfied: clientType; SessionControlsNotSatisfied: 
ID: 6c493fe3-b17a-426e-af02-9f28f033239f; DisplayName: Sessions - Block Persistent Browser Sessions (Admins); Result: reportOnlyNotApplied; ConditionsNotSatisfied: users; SessionControlsNotSatisfied: 
ID: 77dbcd7f-566d-4b90-a928-edf2235d1c96; DisplayName: Users - Block Interactive Logins (Service Accounts); Result: reportOnlyNotApplied; ConditionsNotSatisfied: users; SessionControlsNotSatisfied: ","networkType: namedNetwork; networkNames: Block Countries Per User Per Period","AuthenticationStepDateTime: 2026-08-19T11:34:41Z; AuthenticationMethod: Previously satisfied; AuthenticationMethodDetail: ; Succeeded: True; AuthenticationStepResultDetail: First factor requirement satisfied by claim in the token; AuthenticationStepRequirement: ;
AuthenticationStepDateTime: 2026-08-19T11:34:41Z; AuthenticationMethod: Previously satisfied; AuthenticationMethodDetail: ; Succeeded: True; AuthenticationStepResultDetail: MFA requirement satisfied by claim in the token; AuthenticationStepRequirement: ;"
"2026-08-19T11:29:00Z","Vic Pellegrino","vpellegrino@katzcapital.com","08e18876-6177-487e-b8b5-cf950c1e598c","SharePoint Online Web Client Extensibility","71.46.218.18","Browser","Mozilla/5.0 (Windows NT 10.0; Win64; x64) AppleWebKit/537.36 (KHTML, like Gecko) Chrome/151.0.0.0 Safari/537.36 Edg/151.0.0.0","8bdbe465-8617-46cf-910e-c1bfe54caeca","True","multiFactorAuthentication","errorCode: 0; failureReason: Other.; additionalDetails: MFA requirement satisfied by claim in the token","deviceId: 1f32f206-823d-4edb-8433-42eb108dd013; displayName: PWC-L-26-01; operatingSystem: Windows10; browser: Edge 151.0.0; isCompliant: False; isManaged: False; trustType: Azure AD joined","city: Tampa; state: Florida; countryOrRegion: US; geoCoordinates: @{altitude=; latitude=28.00153; longitude=-82.37678}","success","ID: a08e9a43-c474-45ce-854f-67d0f7b3deec; DisplayName: Enable MFA - All Users; Result: success; ConditionsNotSatisfied: none; SessionControlsNotSatisfied: 
ID: b8e8a1ff-dfc9-4eff-8c45-e209f4e26e5b; DisplayName: KaztCap SSL VPN Access; Result: notApplied; ConditionsNotSatisfied: users; SessionControlsNotSatisfied: 
ID: 2c6518a2-ced4-420b-99b2-7a01741512b8; DisplayName: Location Based Access - Allow Specific Countries; Result: notEnabled; ConditionsNotSatisfied: none; SessionControlsNotSatisfied: 
ID: 9dba74f8-0de6-406e-b38c-ba05ea657153; DisplayName: Microsoft-managed: Multifactor authentication for per-user multifactor authentication users; Result: notEnabled; ConditionsNotSatisfied: none; SessionControlsNotSatisfied: 
ID: e51298da-9965-4f54-be5a-a1bfa7391207; DisplayName: Microsoft-managed: Multifactor authentication and reauthentication for risky sign-ins; Result: notApplied; ConditionsNotSatisfied: users; SessionControlsNotSatisfied: 
ID: c6569448-6b9b-4329-8356-6cdb035f7cf2; DisplayName: Enable MFA - bwadmin; Result: notApplied; ConditionsNotSatisfied: users; SessionControlsNotSatisfied: 
ID: 3cc748c6-e739-4559-b56f-dc898b93b757; DisplayName: Brian Katz Travel Cayman - 12/21-12/28; Result: notEnabled; ConditionsNotSatisfied: none; SessionControlsNotSatisfied: 
ID: 7249cafd-bd3b-4f0c-9f6a-de4933e0a484; DisplayName: Location Based Access - Block Outside US; Result: notApplied; ConditionsNotSatisfied: location,ipAddressSeenByAzureAD; SessionControlsNotSatisfied: 
ID: dbe24e2b-7971-4159-92e7-029febd9403a; DisplayName: Jeff Lenderman Travel BVI 3/13-3/19; Result: notEnabled; ConditionsNotSatisfied: none; SessionControlsNotSatisfied: 
ID: bda0d60a-c582-4d69-9d7e-f9166be26b08; DisplayName: Brian Katz - Costa Rica; Result: notEnabled; ConditionsNotSatisfied: none; SessionControlsNotSatisfied: 
ID: 46ddead8-098c-4325-bbeb-836e364f64b5; DisplayName: Sessions - Block Persistent Browser Sessions (Untrusted Locations); Result: reportOnlySuccess; ConditionsNotSatisfied: none; SessionControlsNotSatisfied: 
ID: 0149a225-4092-4a09-ab18-ae7c47c5deeb; DisplayName: Sessions - Enforce Sign-In Frequency; Result: reportOnlySuccess; ConditionsNotSatisfied: none; SessionControlsNotSatisfied: 
ID: 408cead8-caca-4de6-bf52-6f34130a6459; DisplayName: Microsoft-managed: Multifactor authentication for admins accessing Microsoft Admin Portals; Result: reportOnlyNotApplied; ConditionsNotSatisfied: application; SessionControlsNotSatisfied: 
ID: e00078dd-d389-4a8f-ba33-ac7b690a7ce3; DisplayName: Brian Katz Montreal 3/15 - 3/21; Result: reportOnlyNotApplied; ConditionsNotSatisfied: users; SessionControlsNotSatisfied: 
ID: e4f6bd83-c762-4a93-9fb4-d77b558b5650; DisplayName: Devices - Enforce Device Compliance; Result: reportOnlyNotApplied; ConditionsNotSatisfied: deviceState; SessionControlsNotSatisfied: 
ID: da3712b4-2ee4-4d96-b702-9d73cb4e635a; DisplayName: Locations - Enforce Geo-IP Fencing; Result: reportOnlyNotApplied; ConditionsNotSatisfied: location,ipAddressSeenByAzureAD; SessionControlsNotSatisfied: 
ID: 7bd05172-0534-4c9a-a965-6e9370e281df; DisplayName: Protocols - Enforce Modern Authentication; Result: reportOnlyNotApplied; ConditionsNotSatisfied: clientType; SessionControlsNotSatisfied: 
ID: 6c493fe3-b17a-426e-af02-9f28f033239f; DisplayName: Sessions - Block Persistent Browser Sessions (Admins); Result: reportOnlyNotApplied; ConditionsNotSatisfied: users; SessionControlsNotSatisfied: 
ID: 77dbcd7f-566d-4b90-a928-edf2235d1c96; DisplayName: Users - Block Interactive Logins (Service Accounts); Result: reportOnlyNotApplied; ConditionsNotSatisfied: users; SessionControlsNotSatisfied: 
ID: 72f697df-0563-4339-8a40-3a0e56607bcb; DisplayName: Users - Restrict Admin Portal Access; Result: reportOnlyNotApplied; ConditionsNotSatisfied: application; SessionControlsNotSatisfied: ","networkType: namedNetwork; networkNames: Block Countries Per User Per Period","AuthenticationStepDateTime: 2026-08-19T11:29:00Z; AuthenticationMethod: Previously satisfied; AuthenticationMethodDetail: ; Succeeded: True; AuthenticationStepResultDetail: First factor requirement satisfied by claim in the token; AuthenticationStepRequirement: ;
AuthenticationStepDateTime: 2026-08-19T11:29:00Z; AuthenticationMethod: Previously satisfied; AuthenticationMethodDetail: ; Succeeded: True; AuthenticationStepResultDetail: MFA requirement satisfied by claim in the token; AuthenticationStepRequirement: ;"
"2026-08-19T11:28:16Z","Vic Pellegrino","vpellegrino@katzcapital.com","89bee1f7-5e6e-4d8a-9f3d-ecd601259da7","Office365 Shell WCSS-Client","71.46.218.18","Browser","Mozilla/5.0 (Windows NT 10.0; Win64; x64) AppleWebKit/537.36 (KHTML, like Gecko) Chrome/151.0.0.0 Safari/537.36 Edg/151.0.0.0","01a019c7-724a-77d4-ad21-206bf8ce3bed","True","multiFactorAuthentication","errorCode: 0; failureReason: Other.; additionalDetails: MFA requirement satisfied by claim in the token","deviceId: 1f32f206-823d-4edb-8433-42eb108dd013; displayName: PWC-L-26-01; operatingSystem: Windows10; browser: Edge 151.0.0; isCompliant: False; isManaged: False; trustType: Azure AD joined","city: Tampa; state: Florida; countryOrRegion: US; geoCoordinates: @{altitude=; latitude=28.00153; longitude=-82.37678}","success","ID: a08e9a43-c474-45ce-854f-67d0f7b3deec; DisplayName: Enable MFA - All Users; Result: success; ConditionsNotSatisfied: none; SessionControlsNotSatisfied: 
ID: b8e8a1ff-dfc9-4eff-8c45-e209f4e26e5b; DisplayName: KaztCap SSL VPN Access; Result: notApplied; ConditionsNotSatisfied: users; SessionControlsNotSatisfied: 
ID: c6569448-6b9b-4329-8356-6cdb035f7cf2; DisplayName: Enable MFA - bwadmin; Result: notApplied; ConditionsNotSatisfied: users; SessionControlsNotSatisfied: 
ID: 9dba74f8-0de6-406e-b38c-ba05ea657153; DisplayName: Microsoft-managed: Multifactor authentication for per-user multifactor authentication users; Result: notEnabled; ConditionsNotSatisfied: none; SessionControlsNotSatisfied: 
ID: 7249cafd-bd3b-4f0c-9f6a-de4933e0a484; DisplayName: Location Based Access - Block Outside US; Result: notApplied; ConditionsNotSatisfied: location,ipAddressSeenByAzureAD; SessionControlsNotSatisfied: 
ID: 2c6518a2-ced4-420b-99b2-7a01741512b8; DisplayName: Location Based Access - Allow Specific Countries; Result: notEnabled; ConditionsNotSatisfied: none; SessionControlsNotSatisfied: 
ID: e51298da-9965-4f54-be5a-a1bfa7391207; DisplayName: Microsoft-managed: Multifactor authentication and reauthentication for risky sign-ins; Result: notApplied; ConditionsNotSatisfied: users; SessionControlsNotSatisfied: 
ID: 3cc748c6-e739-4559-b56f-dc898b93b757; DisplayName: Brian Katz Travel Cayman - 12/21-12/28; Result: notEnabled; ConditionsNotSatisfied: none; SessionControlsNotSatisfied: 
ID: dbe24e2b-7971-4159-92e7-029febd9403a; DisplayName: Jeff Lenderman Travel BVI 3/13-3/19; Result: notEnabled; ConditionsNotSatisfied: none; SessionControlsNotSatisfied: 
ID: bda0d60a-c582-4d69-9d7e-f9166be26b08; DisplayName: Brian Katz - Costa Rica; Result: notEnabled; ConditionsNotSatisfied: none; SessionControlsNotSatisfied: 
ID: 46ddead8-098c-4325-bbeb-836e364f64b5; DisplayName: Sessions - Block Persistent Browser Sessions (Untrusted Locations); Result: reportOnlySuccess; ConditionsNotSatisfied: none; SessionControlsNotSatisfied: 
ID: 0149a225-4092-4a09-ab18-ae7c47c5deeb; DisplayName: Sessions - Enforce Sign-In Frequency; Result: reportOnlySuccess; ConditionsNotSatisfied: none; SessionControlsNotSatisfied: 
ID: 408cead8-caca-4de6-bf52-6f34130a6459; DisplayName: Microsoft-managed: Multifactor authentication for admins accessing Microsoft Admin Portals; Result: reportOnlyNotApplied; ConditionsNotSatisfied: application; SessionControlsNotSatisfied: 
ID: e00078dd-d389-4a8f-ba33-ac7b690a7ce3; DisplayName: Brian Katz Montreal 3/15 - 3/21; Result: reportOnlyNotApplied; ConditionsNotSatisfied: users; SessionControlsNotSatisfied: 
ID: e4f6bd83-c762-4a93-9fb4-d77b558b5650; DisplayName: Devices - Enforce Device Compliance; Result: reportOnlyNotApplied; ConditionsNotSatisfied: deviceState; SessionControlsNotSatisfied: 
ID: da3712b4-2ee4-4d96-b702-9d73cb4e635a; DisplayName: Locations - Enforce Geo-IP Fencing; Result: reportOnlyNotApplied; ConditionsNotSatisfied: location,ipAddressSeenByAzureAD; SessionControlsNotSatisfied: 
ID: 7bd05172-0534-4c9a-a965-6e9370e281df; DisplayName: Protocols - Enforce Modern Authentication; Result: reportOnlyNotApplied; ConditionsNotSatisfied: clientType; SessionControlsNotSatisfied: 
ID: 6c493fe3-b17a-426e-af02-9f28f033239f; DisplayName: Sessions - Block Persistent Browser Sessions (Admins); Result: reportOnlyNotApplied; ConditionsNotSatisfied: users; SessionControlsNotSatisfied: 
ID: 77dbcd7f-566d-4b90-a928-edf2235d1c96; DisplayName: Users - Block Interactive Logins (Service Accounts); Result: reportOnlyNotApplied; ConditionsNotSatisfied: users; SessionControlsNotSatisfied: 
ID: 72f697df-0563-4339-8a40-3a0e56607bcb; DisplayName: Users - Restrict Admin Portal Access; Result: reportOnlyNotApplied; ConditionsNotSatisfied: application; SessionControlsNotSatisfied: ","networkType: namedNetwork; networkNames: Block Countries Per User Per Period","AuthenticationStepDateTime: 2026-08-19T11:28:16Z; AuthenticationMethod: Previously satisfied; AuthenticationMethodDetail: ; Succeeded: True; AuthenticationStepResultDetail: First factor requirement satisfied by claim in the token; AuthenticationStepRequirement: ;
AuthenticationStepDateTime: 2026-08-19T11:28:16Z; AuthenticationMethod: Previously satisfied; AuthenticationMethodDetail: ; Succeeded: True; AuthenticationStepResultDetail: MFA requirement satisfied by claim in the token; AuthenticationStepRequirement: ;"
"2026-08-19T11:26:32Z","Brian Katz","bkatz@katzcapital.com","38aa3b87-a06d-4817-b275-7a316988d93b","Windows Sign In","71.46.218.18","Mobile Apps and Desktop clients","Windows-AzureAD-Authentication-Provider/1.0","4ce5f4fb-c9e4-4c7b-9da8-bd5cae802405","True","singleFactorAuthentication","errorCode: 0; failureReason: Other.; additionalDetails: MFA requirement satisfied by claim in the token","deviceId: 96b5d6dc-e36d-480c-9d95-ea47db6fb789; displayName: PWD-L-22-02; operatingSystem: Windows; browser: ; isCompliant: False; isManaged: False; trustType: Azure AD joined","city: Tampa; state: Florida; countryOrRegion: US; geoCoordinates: @{altitude=; latitude=28.00153; longitude=-82.37678}","notApplied","","networkType: namedNetwork; networkNames: Block Countries Per User Per Period","AuthenticationStepDateTime: 2026-08-19T11:26:32Z; AuthenticationMethod: Windows Hello for Business; AuthenticationMethodDetail: ; Succeeded: True; AuthenticationStepResultDetail: User approved; AuthenticationStepRequirement: ;"
"2026-08-19T11:16:44Z","Vic Pellegrino","vpellegrino@katzcapital.com","38aa3b87-a06d-4817-b275-7a316988d93b","Windows Sign In","71.46.218.18","Mobile Apps and Desktop clients","Windows-AzureAD-Authentication-Provider/1.0","f0b0c5ba-603b-4831-877d-33e2e2236bdd","True","singleFactorAuthentication","errorCode: 0; failureReason: Other.; additionalDetails: MFA requirement satisfied by claim in the token","deviceId: 1f32f206-823d-4edb-8433-42eb108dd013; displayName: PWC-L-26-01; operatingSystem: Windows; browser: ; isCompliant: False; isManaged: False; trustType: Azure AD joined","city: Tampa; state: Florida; countryOrRegion: US; geoCoordinates: @{altitude=; latitude=28.00153; longitude=-82.37678}","notApplied","","networkType: namedNetwork; networkNames: Block Countries Per User Per Period","AuthenticationStepDateTime: 2026-08-19T11:16:44Z; AuthenticationMethod: Windows Hello for Business; AuthenticationMethodDetail: ; Succeeded: True; AuthenticationStepResultDetail: User approved; AuthenticationStepRequirement: ;"
"2026-08-19T09:28:56Z","Pineywoods Realty Admin","admin@pineywoodsrealtyfl.com","9199bf20-a13f-4107-85dc-02114787ef48","One Outlook Web","47.206.189.128","Browser","Mozilla/5.0 (Windows NT 10.0; Win64; x64) AppleWebKit/537.36 (KHTML, like Gecko) Chrome/150.0.0.0 Safari/537.36","3b9f4d33-a8df-a35a-4f55-3e9b2750cae3","True","multiFactorAuthentication","errorCode: 0; failureReason: Other.; additionalDetails: MFA requirement satisfied by claim in the token","deviceId: ; displayName: ; operatingSystem: Windows10; browser: Chrome 150.0.0; isCompliant: False; isManaged: False; trustType: ","city: Tampa; state: Florida; countryOrRegion: US; geoCoordinates: @{altitude=; latitude=27.94497; longitude=-82.44757}","success","ID: a08e9a43-c474-45ce-854f-67d0f7b3deec; DisplayName: Enable MFA - All Users; Result: success; ConditionsNotSatisfied: none; SessionControlsNotSatisfied: 
ID: b8e8a1ff-dfc9-4eff-8c45-e209f4e26e5b; DisplayName: KaztCap SSL VPN Access; Result: notApplied; ConditionsNotSatisfied: users; SessionControlsNotSatisfied: 
ID: c6569448-6b9b-4329-8356-6cdb035f7cf2; DisplayName: Enable MFA - bwadmin; Result: notApplied; ConditionsNotSatisfied: users; SessionControlsNotSatisfied: 
ID: 9dba74f8-0de6-406e-b38c-ba05ea657153; DisplayName: Microsoft-managed: Multifactor authentication for per-user multifactor authentication users; Result: notEnabled; ConditionsNotSatisfied: none; SessionControlsNotSatisfied: 
ID: 7249cafd-bd3b-4f0c-9f6a-de4933e0a484; DisplayName: Location Based Access - Block Outside US; Result: notApplied; ConditionsNotSatisfied: location,ipAddressSeenByAzureAD; SessionControlsNotSatisfied: 
ID: 2c6518a2-ced4-420b-99b2-7a01741512b8; DisplayName: Location Based Access - Allow Specific Countries; Result: notEnabled; ConditionsNotSatisfied: none; SessionControlsNotSatisfied: 
ID: e51298da-9965-4f54-be5a-a1bfa7391207; DisplayName: Microsoft-managed: Multifactor authentication and reauthentication for risky sign-ins; Result: notApplied; ConditionsNotSatisfied: signInRisk; SessionControlsNotSatisfied: 
ID: 3cc748c6-e739-4559-b56f-dc898b93b757; DisplayName: Brian Katz Travel Cayman - 12/21-12/28; Result: notEnabled; ConditionsNotSatisfied: none; SessionControlsNotSatisfied: 
ID: dbe24e2b-7971-4159-92e7-029febd9403a; DisplayName: Jeff Lenderman Travel BVI 3/13-3/19; Result: notEnabled; ConditionsNotSatisfied: none; SessionControlsNotSatisfied: 
ID: bda0d60a-c582-4d69-9d7e-f9166be26b08; DisplayName: Brian Katz - Costa Rica; Result: notEnabled; ConditionsNotSatisfied: none; SessionControlsNotSatisfied: 
ID: e4f6bd83-c762-4a93-9fb4-d77b558b5650; DisplayName: Devices - Enforce Device Compliance; Result: reportOnlyFailure; ConditionsNotSatisfied: none; SessionControlsNotSatisfied: 
ID: 46ddead8-098c-4325-bbeb-836e364f64b5; DisplayName: Sessions - Block Persistent Browser Sessions (Untrusted Locations); Result: reportOnlySuccess; ConditionsNotSatisfied: none; SessionControlsNotSatisfied: 
ID: 0149a225-4092-4a09-ab18-ae7c47c5deeb; DisplayName: Sessions - Enforce Sign-In Frequency; Result: reportOnlySuccess; ConditionsNotSatisfied: none; SessionControlsNotSatisfied: 
ID: 408cead8-caca-4de6-bf52-6f34130a6459; DisplayName: Microsoft-managed: Multifactor authentication for admins accessing Microsoft Admin Portals; Result: reportOnlyNotApplied; ConditionsNotSatisfied: application; SessionControlsNotSatisfied: 
ID: e00078dd-d389-4a8f-ba33-ac7b690a7ce3; DisplayName: Brian Katz Montreal 3/15 - 3/21; Result: reportOnlyNotApplied; ConditionsNotSatisfied: users; SessionControlsNotSatisfied: 
ID: da3712b4-2ee4-4d96-b702-9d73cb4e635a; DisplayName: Locations - Enforce Geo-IP Fencing; Result: reportOnlyNotApplied; ConditionsNotSatisfied: location,ipAddressSeenByAzureAD; SessionControlsNotSatisfied: 
ID: 7bd05172-0534-4c9a-a965-6e9370e281df; DisplayName: Protocols - Enforce Modern Authentication; Result: reportOnlyNotApplied; ConditionsNotSatisfied: clientType; SessionControlsNotSatisfied: 
ID: 6c493fe3-b17a-426e-af02-9f28f033239f; DisplayName: Sessions - Block Persistent Browser Sessions (Admins); Result: reportOnlyNotApplied; ConditionsNotSatisfied: users; SessionControlsNotSatisfied: 
ID: 77dbcd7f-566d-4b90-a928-edf2235d1c96; DisplayName: Users - Block Interactive Logins (Service Accounts); Result: reportOnlyNotApplied; ConditionsNotSatisfied: users; SessionControlsNotSatisfied: 
ID: 72f697df-0563-4339-8a40-3a0e56607bcb; DisplayName: Users - Restrict Admin Portal Access; Result: reportOnlyNotApplied; ConditionsNotSatisfied: application; SessionControlsNotSatisfied: ","networkType: namedNetwork; networkNames: Block Countries Per User Per Period","AuthenticationStepDateTime: 2026-08-19T09:28:56Z; AuthenticationMethod: Previously satisfied; AuthenticationMethodDetail: ; Succeeded: True; AuthenticationStepResultDetail: First factor requirement satisfied by claim in the token; AuthenticationStepRequirement: ;
AuthenticationStepDateTime: 2026-08-19T09:28:56Z; AuthenticationMethod: Previously satisfied; AuthenticationMethodDetail: ; Succeeded: True; AuthenticationStepResultDetail: MFA requirement satisfied by claim in the token; AuthenticationStepRequirement: ;"
"2026-08-19T08:26:29Z","Ryan Chamblee","rchamblee@pineywoodsrealtyfl.com","9199bf20-a13f-4107-85dc-02114787ef48","One Outlook Web","104.30.175.37","Browser","Mozilla/5.0 (X11; Linux x86_64) AppleWebKit/537.36 (KHTML, like Gecko) Chrome/151.0.0.0 Safari/537.36","34a0e92e-273d-a74c-b650-0f641f8ecc1a","True","multiFactorAuthentication","errorCode: 0; failureReason: Other.; additionalDetails: MFA requirement satisfied by claim in the token","deviceId: ; displayName: ; operatingSystem: Linux; browser: Chrome 151.0.0; isCompliant: False; isManaged: False; trustType: ","city: San Jose; state: California; countryOrRegion: US; geoCoordinates: @{altitude=; latitude=37.33053; longitude=-121.83823}","success","ID: a08e9a43-c474-45ce-854f-67d0f7b3deec; DisplayName: Enable MFA - All Users; Result: success; ConditionsNotSatisfied: none; SessionControlsNotSatisfied: 
ID: b8e8a1ff-dfc9-4eff-8c45-e209f4e26e5b; DisplayName: KaztCap SSL VPN Access; Result: notApplied; ConditionsNotSatisfied: users; SessionControlsNotSatisfied: 
ID: 2c6518a2-ced4-420b-99b2-7a01741512b8; DisplayName: Location Based Access - Allow Specific Countries; Result: notEnabled; ConditionsNotSatisfied: none; SessionControlsNotSatisfied: 
ID: 9dba74f8-0de6-406e-b38c-ba05ea657153; DisplayName: Microsoft-managed: Multifactor authentication for per-user multifactor authentication users; Result: notEnabled; ConditionsNotSatisfied: none; SessionControlsNotSatisfied: 
ID: e51298da-9965-4f54-be5a-a1bfa7391207; DisplayName: Microsoft-managed: Multifactor authentication and reauthentication for risky sign-ins; Result: notApplied; ConditionsNotSatisfied: signInRisk; SessionControlsNotSatisfied: 
ID: c6569448-6b9b-4329-8356-6cdb035f7cf2; DisplayName: Enable MFA - bwadmin; Result: notApplied; ConditionsNotSatisfied: users; SessionControlsNotSatisfied: 
ID: 7249cafd-bd3b-4f0c-9f6a-de4933e0a484; DisplayName: Location Based Access - Block Outside US; Result: notApplied; ConditionsNotSatisfied: location,ipAddressSeenByAzureAD; SessionControlsNotSatisfied: 
ID: 3cc748c6-e739-4559-b56f-dc898b93b757; DisplayName: Brian Katz Travel Cayman - 12/21-12/28; Result: notEnabled; ConditionsNotSatisfied: none; SessionControlsNotSatisfied: 
ID: dbe24e2b-7971-4159-92e7-029febd9403a; DisplayName: Jeff Lenderman Travel BVI 3/13-3/19; Result: notEnabled; ConditionsNotSatisfied: none; SessionControlsNotSatisfied: 
ID: bda0d60a-c582-4d69-9d7e-f9166be26b08; DisplayName: Brian Katz - Costa Rica; Result: notEnabled; ConditionsNotSatisfied: none; SessionControlsNotSatisfied: 
ID: e4f6bd83-c762-4a93-9fb4-d77b558b5650; DisplayName: Devices - Enforce Device Compliance; Result: reportOnlyFailure; ConditionsNotSatisfied: none; SessionControlsNotSatisfied: 
ID: 46ddead8-098c-4325-bbeb-836e364f64b5; DisplayName: Sessions - Block Persistent Browser Sessions (Untrusted Locations); Result: reportOnlySuccess; ConditionsNotSatisfied: none; SessionControlsNotSatisfied: 
ID: 408cead8-caca-4de6-bf52-6f34130a6459; DisplayName: Microsoft-managed: Multifactor authentication for admins accessing Microsoft Admin Portals; Result: reportOnlyNotApplied; ConditionsNotSatisfied: application; SessionControlsNotSatisfied: 
ID: e00078dd-d389-4a8f-ba33-ac7b690a7ce3; DisplayName: Brian Katz Montreal 3/15 - 3/21; Result: reportOnlyNotApplied; ConditionsNotSatisfied: users; SessionControlsNotSatisfied: 
ID: da3712b4-2ee4-4d96-b702-9d73cb4e635a; DisplayName: Locations - Enforce Geo-IP Fencing; Result: reportOnlyNotApplied; ConditionsNotSatisfied: location,ipAddressSeenByAzureAD; SessionControlsNotSatisfied: 
ID: 7bd05172-0534-4c9a-a965-6e9370e281df; DisplayName: Protocols - Enforce Modern Authentication; Result: reportOnlyNotApplied; ConditionsNotSatisfied: clientType; SessionControlsNotSatisfied: 
ID: 6c493fe3-b17a-426e-af02-9f28f033239f; DisplayName: Sessions - Block Persistent Browser Sessions (Admins); Result: reportOnlyNotApplied; ConditionsNotSatisfied: users; SessionControlsNotSatisfied: 
ID: 0149a225-4092-4a09-ab18-ae7c47c5deeb; DisplayName: Sessions - Enforce Sign-In Frequency; Result: reportOnlyNotApplied; ConditionsNotSatisfied: devicePlatform; SessionControlsNotSatisfied: 
ID: 77dbcd7f-566d-4b90-a928-edf2235d1c96; DisplayName: Users - Block Interactive Logins (Service Accounts); Result: reportOnlyNotApplied; ConditionsNotSatisfied: users; SessionControlsNotSatisfied: 
ID: 72f697df-0563-4339-8a40-3a0e56607bcb; DisplayName: Users - Restrict Admin Portal Access; Result: reportOnlyNotApplied; ConditionsNotSatisfied: application; SessionControlsNotSatisfied: ","networkType: namedNetwork; networkNames: Block Countries Per User Per Period","AuthenticationStepDateTime: 2026-08-19T08:26:29Z; AuthenticationMethod: Previously satisfied; AuthenticationMethodDetail: ; Succeeded: True; AuthenticationStepResultDetail: First factor requirement satisfied by claim in the token; AuthenticationStepRequirement: ;
AuthenticationStepDateTime: 2026-08-19T08:26:29Z; AuthenticationMethod: Previously satisfied; AuthenticationMethodDetail: ; Succeeded: True; AuthenticationStepResultDetail: MFA requirement satisfied by claim in the token; AuthenticationStepRequirement: ;"
"2026-08-19T08:26:12Z","Ashley Savala","asavala@pineywoodsrealtyfl.com","9199bf20-a13f-4107-85dc-02114787ef48","One Outlook Web","47.198.26.60","Browser","Mozilla/5.0 (Windows NT 10.0; Win64; x64) AppleWebKit/537.36 (KHTML, like Gecko) Chrome/151.0.0.0 Safari/537.36","6d06103f-e6df-45d5-b03f-6edb313dd9df","True","multiFactorAuthentication","errorCode: 0; failureReason: Other.; additionalDetails: MFA requirement satisfied by claim in the token","deviceId: ; displayName: ; operatingSystem: Windows10; browser: Chrome 151.0.0; isCompliant: False; isManaged: False; trustType: ","city: Odessa; state: Florida; countryOrRegion: US; geoCoordinates: @{altitude=; latitude=28.1414; longitude=-82.59334}","success","ID: a08e9a43-c474-45ce-854f-67d0f7b3deec; DisplayName: Enable MFA - All Users; Result: success; ConditionsNotSatisfied: none; SessionControlsNotSatisfied: 
ID: b8e8a1ff-dfc9-4eff-8c45-e209f4e26e5b; DisplayName: KaztCap SSL VPN Access; Result: notApplied; ConditionsNotSatisfied: users; SessionControlsNotSatisfied: 
ID: c6569448-6b9b-4329-8356-6cdb035f7cf2; DisplayName: Enable MFA - bwadmin; Result: notApplied; ConditionsNotSatisfied: users; SessionControlsNotSatisfied: 
ID: 2c6518a2-ced4-420b-99b2-7a01741512b8; DisplayName: Location Based Access - Allow Specific Countries; Result: notEnabled; ConditionsNotSatisfied: none; SessionControlsNotSatisfied: 
ID: 9dba74f8-0de6-406e-b38c-ba05ea657153; DisplayName: Microsoft-managed: Multifactor authentication for per-user multifactor authentication users; Result: notEnabled; ConditionsNotSatisfied: none; SessionControlsNotSatisfied: 
ID: 7249cafd-bd3b-4f0c-9f6a-de4933e0a484; DisplayName: Location Based Access - Block Outside US; Result: notApplied; ConditionsNotSatisfied: location,ipAddressSeenByAzureAD; SessionControlsNotSatisfied: 
ID: e51298da-9965-4f54-be5a-a1bfa7391207; DisplayName: Microsoft-managed: Multifactor authentication and reauthentication for risky sign-ins; Result: notApplied; ConditionsNotSatisfied: signInRisk; SessionControlsNotSatisfied: 
ID: 3cc748c6-e739-4559-b56f-dc898b93b757; DisplayName: Brian Katz Travel Cayman - 12/21-12/28; Result: notEnabled; ConditionsNotSatisfied: none; SessionControlsNotSatisfied: 
ID: dbe24e2b-7971-4159-92e7-029febd9403a; DisplayName: Jeff Lenderman Travel BVI 3/13-3/19; Result: notEnabled; ConditionsNotSatisfied: none; SessionControlsNotSatisfied: 
ID: bda0d60a-c582-4d69-9d7e-f9166be26b08; DisplayName: Brian Katz - Costa Rica; Result: notEnabled; ConditionsNotSatisfied: none; SessionControlsNotSatisfied: 
ID: e4f6bd83-c762-4a93-9fb4-d77b558b5650; DisplayName: Devices - Enforce Device Compliance; Result: reportOnlyFailure; ConditionsNotSatisfied: none; SessionControlsNotSatisfied: 
ID: 46ddead8-098c-4325-bbeb-836e364f64b5; DisplayName: Sessions - Block Persistent Browser Sessions (Untrusted Locations); Result: reportOnlySuccess; ConditionsNotSatisfied: none; SessionControlsNotSatisfied: 
ID: 0149a225-4092-4a09-ab18-ae7c47c5deeb; DisplayName: Sessions - Enforce Sign-In Frequency; Result: reportOnlySuccess; ConditionsNotSatisfied: none; SessionControlsNotSatisfied: 
ID: 408cead8-caca-4de6-bf52-6f34130a6459; DisplayName: Microsoft-managed: Multifactor authentication for admins accessing Microsoft Admin Portals; Result: reportOnlyNotApplied; ConditionsNotSatisfied: application; SessionControlsNotSatisfied: 
ID: e00078dd-d389-4a8f-ba33-ac7b690a7ce3; DisplayName: Brian Katz Montreal 3/15 - 3/21; Result: reportOnlyNotApplied; ConditionsNotSatisfied: users; SessionControlsNotSatisfied: 
ID: da3712b4-2ee4-4d96-b702-9d73cb4e635a; DisplayName: Locations - Enforce Geo-IP Fencing; Result: reportOnlyNotApplied; ConditionsNotSatisfied: location,ipAddressSeenByAzureAD; SessionControlsNotSatisfied: 
ID: 7bd05172-0534-4c9a-a965-6e9370e281df; DisplayName: Protocols - Enforce Modern Authentication; Result: reportOnlyNotApplied; ConditionsNotSatisfied: clientType; SessionControlsNotSatisfied: 
ID: 6c493fe3-b17a-426e-af02-9f28f033239f; DisplayName: Sessions - Block Persistent Browser Sessions (Admins); Result: reportOnlyNotApplied; ConditionsNotSatisfied: users; SessionControlsNotSatisfied: 
ID: 77dbcd7f-566d-4b90-a928-edf2235d1c96; DisplayName: Users - Block Interactive Logins (Service Accounts); Result: reportOnlyNotApplied; ConditionsNotSatisfied: users; SessionControlsNotSatisfied: 
ID: 72f697df-0563-4339-8a40-3a0e56607bcb; DisplayName: Users - Restrict Admin Portal Access; Result: reportOnlyNotApplied; ConditionsNotSatisfied: application; SessionControlsNotSatisfied: ","networkType: namedNetwork; networkNames: Block Countries Per User Per Period","AuthenticationStepDateTime: 2026-08-19T08:26:12Z; AuthenticationMethod: Previously satisfied; AuthenticationMethodDetail: ; Succeeded: True; AuthenticationStepResultDetail: First factor requirement satisfied by claim in the token; AuthenticationStepRequirement: ;
AuthenticationStepDateTime: 2026-08-19T08:26:12Z; AuthenticationMethod: Previously satisfied; AuthenticationMethodDetail: ; Succeeded: True; AuthenticationStepResultDetail: MFA requirement satisfied by claim in the token; AuthenticationStepRequirement: ;"
"2026-08-19T08:11:35Z","Ryan Chamblee","rchamblee@pineywoodsrealtyfl.com","9199bf20-a13f-4107-85dc-02114787ef48","One Outlook Web","104.30.175.37","Browser","Mozilla/5.0 (X11; Linux x86_64) AppleWebKit/537.36 (KHTML, like Gecko) Chrome/151.0.0.0 Safari/537.36","db981378-d597-6ec2-8cd5-c2a8e05c55c2","True","multiFactorAuthentication","errorCode: 0; failureReason: Other.; additionalDetails: MFA requirement satisfied by claim in the token","deviceId: ; displayName: ; operatingSystem: Linux; browser: Chrome 151.0.0; isCompliant: False; isManaged: False; trustType: ","city: San Jose; state: California; countryOrRegion: US; geoCoordinates: @{altitude=; latitude=37.33053; longitude=-121.83823}","success","ID: a08e9a43-c474-45ce-854f-67d0f7b3deec; DisplayName: Enable MFA - All Users; Result: success; ConditionsNotSatisfied: none; SessionControlsNotSatisfied: 
ID: b8e8a1ff-dfc9-4eff-8c45-e209f4e26e5b; DisplayName: KaztCap SSL VPN Access; Result: notApplied; ConditionsNotSatisfied: users; SessionControlsNotSatisfied: 
ID: 2c6518a2-ced4-420b-99b2-7a01741512b8; DisplayName: Location Based Access - Allow Specific Countries; Result: notEnabled; ConditionsNotSatisfied: none; SessionControlsNotSatisfied: 
ID: 9dba74f8-0de6-406e-b38c-ba05ea657153; DisplayName: Microsoft-managed: Multifactor authentication for per-user multifactor authentication users; Result: notEnabled; ConditionsNotSatisfied: none; SessionControlsNotSatisfied: 
ID: e51298da-9965-4f54-be5a-a1bfa7391207; DisplayName: Microsoft-managed: Multifactor authentication and reauthentication for risky sign-ins; Result: notApplied; ConditionsNotSatisfied: signInRisk; SessionControlsNotSatisfied: 
ID: c6569448-6b9b-4329-8356-6cdb035f7cf2; DisplayName: Enable MFA - bwadmin; Result: notApplied; ConditionsNotSatisfied: users; SessionControlsNotSatisfied: 
ID: 3cc748c6-e739-4559-b56f-dc898b93b757; DisplayName: Brian Katz Travel Cayman - 12/21-12/28; Result: notEnabled; ConditionsNotSatisfied: none; SessionControlsNotSatisfied: 
ID: 7249cafd-bd3b-4f0c-9f6a-de4933e0a484; DisplayName: Location Based Access - Block Outside US; Result: notApplied; ConditionsNotSatisfied: location,ipAddressSeenByAzureAD; SessionControlsNotSatisfied: 
ID: dbe24e2b-7971-4159-92e7-029febd9403a; DisplayName: Jeff Lenderman Travel BVI 3/13-3/19; Result: notEnabled; ConditionsNotSatisfied: none; SessionControlsNotSatisfied: 
ID: bda0d60a-c582-4d69-9d7e-f9166be26b08; DisplayName: Brian Katz - Costa Rica; Result: notEnabled; ConditionsNotSatisfied: none; SessionControlsNotSatisfied: 
ID: e4f6bd83-c762-4a93-9fb4-d77b558b5650; DisplayName: Devices - Enforce Device Compliance; Result: reportOnlyFailure; ConditionsNotSatisfied: none; SessionControlsNotSatisfied: 
ID: 46ddead8-098c-4325-bbeb-836e364f64b5; DisplayName: Sessions - Block Persistent Browser Sessions (Untrusted Locations); Result: reportOnlySuccess; ConditionsNotSatisfied: none; SessionControlsNotSatisfied: 
ID: 408cead8-caca-4de6-bf52-6f34130a6459; DisplayName: Microsoft-managed: Multifactor authentication for admins accessing Microsoft Admin Portals; Result: reportOnlyNotApplied; ConditionsNotSatisfied: application; SessionControlsNotSatisfied: 
ID: e00078dd-d389-4a8f-ba33-ac7b690a7ce3; DisplayName: Brian Katz Montreal 3/15 - 3/21; Result: reportOnlyNotApplied; ConditionsNotSatisfied: users; SessionControlsNotSatisfied: 
ID: da3712b4-2ee4-4d96-b702-9d73cb4e635a; DisplayName: Locations - Enforce Geo-IP Fencing; Result: reportOnlyNotApplied; ConditionsNotSatisfied: location,ipAddressSeenByAzureAD; SessionControlsNotSatisfied: 
ID: 7bd05172-0534-4c9a-a965-6e9370e281df; DisplayName: Protocols - Enforce Modern Authentication; Result: reportOnlyNotApplied; ConditionsNotSatisfied: clientType; SessionControlsNotSatisfied: 
ID: 6c493fe3-b17a-426e-af02-9f28f033239f; DisplayName: Sessions - Block Persistent Browser Sessions (Admins); Result: reportOnlyNotApplied; ConditionsNotSatisfied: users; SessionControlsNotSatisfied: 
ID: 0149a225-4092-4a09-ab18-ae7c47c5deeb; DisplayName: Sessions - Enforce Sign-In Frequency; Result: reportOnlyNotApplied; ConditionsNotSatisfied: devicePlatform; SessionControlsNotSatisfied: 
ID: 77dbcd7f-566d-4b90-a928-edf2235d1c96; DisplayName: Users - Block Interactive Logins (Service Accounts); Result: reportOnlyNotApplied; ConditionsNotSatisfied: users; SessionControlsNotSatisfied: 
ID: 72f697df-0563-4339-8a40-3a0e56607bcb; DisplayName: Users - Restrict Admin Portal Access; Result: reportOnlyNotApplied; ConditionsNotSatisfied: application; SessionControlsNotSatisfied: ","networkType: namedNetwork; networkNames: Block Countries Per User Per Period","AuthenticationStepDateTime: 2026-08-19T08:11:35Z; AuthenticationMethod: Previously satisfied; AuthenticationMethodDetail: ; Succeeded: True; AuthenticationStepResultDetail: First factor requirement satisfied by claim in the token; AuthenticationStepRequirement: ;
AuthenticationStepDateTime: 2026-08-19T08:11:35Z; AuthenticationMethod: Previously satisfied; AuthenticationMethodDetail: ; Succeeded: True; AuthenticationStepResultDetail: MFA requirement satisfied by claim in the token; AuthenticationStepRequirement: ;"
"2026-08-19T05:26:56Z","Pineywoods Realty Admin","admin@pineywoodsrealtyfl.com","9199bf20-a13f-4107-85dc-02114787ef48","One Outlook Web","47.206.189.128","Browser","Mozilla/5.0 (Windows NT 10.0; Win64; x64) AppleWebKit/537.36 (KHTML, like Gecko) Chrome/150.0.0.0 Safari/537.36","b6e0ff3e-e371-bb7b-1efa-f89209d16844","True","multiFactorAuthentication","errorCode: 0; failureReason: Other.; additionalDetails: MFA requirement satisfied by claim in the token","deviceId: ; displayName: ; operatingSystem: Windows10; browser: Chrome 150.0.0; isCompliant: False; isManaged: False; trustType: ","city: Tampa; state: Florida; countryOrRegion: US; geoCoordinates: @{altitude=; latitude=27.94497; longitude=-82.44757}","success","ID: a08e9a43-c474-45ce-854f-67d0f7b3deec; DisplayName: Enable MFA - All Users; Result: success; ConditionsNotSatisfied: none; SessionControlsNotSatisfied: 
ID: b8e8a1ff-dfc9-4eff-8c45-e209f4e26e5b; DisplayName: KaztCap SSL VPN Access; Result: notApplied; ConditionsNotSatisfied: users; SessionControlsNotSatisfied: 
ID: c6569448-6b9b-4329-8356-6cdb035f7cf2; DisplayName: Enable MFA - bwadmin; Result: notApplied; ConditionsNotSatisfied: users; SessionControlsNotSatisfied: 
ID: 2c6518a2-ced4-420b-99b2-7a01741512b8; DisplayName: Location Based Access - Allow Specific Countries; Result: notEnabled; ConditionsNotSatisfied: none; SessionControlsNotSatisfied: 
ID: 9dba74f8-0de6-406e-b38c-ba05ea657153; DisplayName: Microsoft-managed: Multifactor authentication for per-user multifactor authentication users; Result: notEnabled; ConditionsNotSatisfied: none; SessionControlsNotSatisfied: 
ID: 7249cafd-bd3b-4f0c-9f6a-de4933e0a484; DisplayName: Location Based Access - Block Outside US; Result: notApplied; ConditionsNotSatisfied: location,ipAddressSeenByAzureAD; SessionControlsNotSatisfied: 
ID: e51298da-9965-4f54-be5a-a1bfa7391207; DisplayName: Microsoft-managed: Multifactor authentication and reauthentication for risky sign-ins; Result: notApplied; ConditionsNotSatisfied: signInRisk; SessionControlsNotSatisfied: 
ID: 3cc748c6-e739-4559-b56f-dc898b93b757; DisplayName: Brian Katz Travel Cayman - 12/21-12/28; Result: notEnabled; ConditionsNotSatisfied: none; SessionControlsNotSatisfied: 
ID: dbe24e2b-7971-4159-92e7-029febd9403a; DisplayName: Jeff Lenderman Travel BVI 3/13-3/19; Result: notEnabled; ConditionsNotSatisfied: none; SessionControlsNotSatisfied: 
ID: bda0d60a-c582-4d69-9d7e-f9166be26b08; DisplayName: Brian Katz - Costa Rica; Result: notEnabled; ConditionsNotSatisfied: none; SessionControlsNotSatisfied: 
ID: e4f6bd83-c762-4a93-9fb4-d77b558b5650; DisplayName: Devices - Enforce Device Compliance; Result: reportOnlyFailure; ConditionsNotSatisfied: none; SessionControlsNotSatisfied: 
ID: 46ddead8-098c-4325-bbeb-836e364f64b5; DisplayName: Sessions - Block Persistent Browser Sessions (Untrusted Locations); Result: reportOnlySuccess; ConditionsNotSatisfied: none; SessionControlsNotSatisfied: 
ID: 0149a225-4092-4a09-ab18-ae7c47c5deeb; DisplayName: Sessions - Enforce Sign-In Frequency; Result: reportOnlySuccess; ConditionsNotSatisfied: none; SessionControlsNotSatisfied: 
ID: 408cead8-caca-4de6-bf52-6f34130a6459; DisplayName: Microsoft-managed: Multifactor authentication for admins accessing Microsoft Admin Portals; Result: reportOnlyNotApplied; ConditionsNotSatisfied: application; SessionControlsNotSatisfied: 
ID: e00078dd-d389-4a8f-ba33-ac7b690a7ce3; DisplayName: Brian Katz Montreal 3/15 - 3/21; Result: reportOnlyNotApplied; ConditionsNotSatisfied: users; SessionControlsNotSatisfied: 
ID: da3712b4-2ee4-4d96-b702-9d73cb4e635a; DisplayName: Locations - Enforce Geo-IP Fencing; Result: reportOnlyNotApplied; ConditionsNotSatisfied: location,ipAddressSeenByAzureAD; SessionControlsNotSatisfied: 
ID: 7bd05172-0534-4c9a-a965-6e9370e281df; DisplayName: Protocols - Enforce Modern Authentication; Result: reportOnlyNotApplied; ConditionsNotSatisfied: clientType; SessionControlsNotSatisfied: 
ID: 6c493fe3-b17a-426e-af02-9f28f033239f; DisplayName: Sessions - Block Persistent Browser Sessions (Admins); Result: reportOnlyNotApplied; ConditionsNotSatisfied: users; SessionControlsNotSatisfied: 
ID: 77dbcd7f-566d-4b90-a928-edf2235d1c96; DisplayName: Users - Block Interactive Logins (Service Accounts); Result: reportOnlyNotApplied; ConditionsNotSatisfied: users; SessionControlsNotSatisfied: 
ID: 72f697df-0563-4339-8a40-3a0e56607bcb; DisplayName: Users - Restrict Admin Portal Access; Result: reportOnlyNotApplied; ConditionsNotSatisfied: application; SessionControlsNotSatisfied: ","networkType: namedNetwork; networkNames: Block Countries Per User Per Period","AuthenticationStepDateTime: 2026-08-19T05:26:56Z; AuthenticationMethod: Previously satisfied; AuthenticationMethodDetail: ; Succeeded: True; AuthenticationStepResultDetail: First factor requirement satisfied by claim in the token; AuthenticationStepRequirement: ;
AuthenticationStepDateTime: 2026-08-19T05:26:56Z; AuthenticationMethod: Previously satisfied; AuthenticationMethodDetail: ; Succeeded: True; AuthenticationStepResultDetail: MFA requirement satisfied by claim in the token; AuthenticationStepRequirement: ;"
"2026-08-19T04:16:17Z","Ryan Chamblee","rchamblee@pineywoodsrealtyfl.com","9199bf20-a13f-4107-85dc-02114787ef48","One Outlook Web","104.30.175.37","Browser","Mozilla/5.0 (X11; Linux x86_64) AppleWebKit/537.36 (KHTML, like Gecko) Chrome/151.0.0.0 Safari/537.36","b7ee13f1-a5fd-777a-5fc6-f916d62a5027","True","multiFactorAuthentication","errorCode: 0; failureReason: Other.; additionalDetails: MFA requirement satisfied by claim in the token","deviceId: ; displayName: ; operatingSystem: Linux; browser: Chrome 151.0.0; isCompliant: False; isManaged: False; trustType: ","city: San Jose; state: California; countryOrRegion: US; geoCoordinates: @{altitude=; latitude=37.33053; longitude=-121.83823}","success","ID: a08e9a43-c474-45ce-854f-67d0f7b3deec; DisplayName: Enable MFA - All Users; Result: success; ConditionsNotSatisfied: none; SessionControlsNotSatisfied: 
ID: b8e8a1ff-dfc9-4eff-8c45-e209f4e26e5b; DisplayName: KaztCap SSL VPN Access; Result: notApplied; ConditionsNotSatisfied: users; SessionControlsNotSatisfied: 
ID: c6569448-6b9b-4329-8356-6cdb035f7cf2; DisplayName: Enable MFA - bwadmin; Result: notApplied; ConditionsNotSatisfied: users; SessionControlsNotSatisfied: 
ID: 2c6518a2-ced4-420b-99b2-7a01741512b8; DisplayName: Location Based Access - Allow Specific Countries; Result: notEnabled; ConditionsNotSatisfied: none; SessionControlsNotSatisfied: 
ID: 9dba74f8-0de6-406e-b38c-ba05ea657153; DisplayName: Microsoft-managed: Multifactor authentication for per-user multifactor authentication users; Result: notEnabled; ConditionsNotSatisfied: none; SessionControlsNotSatisfied: 
ID: 7249cafd-bd3b-4f0c-9f6a-de4933e0a484; DisplayName: Location Based Access - Block Outside US; Result: notApplied; ConditionsNotSatisfied: location,ipAddressSeenByAzureAD; SessionControlsNotSatisfied: 
ID: e51298da-9965-4f54-be5a-a1bfa7391207; DisplayName: Microsoft-managed: Multifactor authentication and reauthentication for risky sign-ins; Result: notApplied; ConditionsNotSatisfied: signInRisk; SessionControlsNotSatisfied: 
ID: 3cc748c6-e739-4559-b56f-dc898b93b757; DisplayName: Brian Katz Travel Cayman - 12/21-12/28; Result: notEnabled; ConditionsNotSatisfied: none; SessionControlsNotSatisfied: 
ID: dbe24e2b-7971-4159-92e7-029febd9403a; DisplayName: Jeff Lenderman Travel BVI 3/13-3/19; Result: notEnabled; ConditionsNotSatisfied: none; SessionControlsNotSatisfied: 
ID: bda0d60a-c582-4d69-9d7e-f9166be26b08; DisplayName: Brian Katz - Costa Rica; Result: notEnabled; ConditionsNotSatisfied: none; SessionControlsNotSatisfied: 
ID: e4f6bd83-c762-4a93-9fb4-d77b558b5650; DisplayName: Devices - Enforce Device Compliance; Result: reportOnlyFailure; ConditionsNotSatisfied: none; SessionControlsNotSatisfied: 
ID: 46ddead8-098c-4325-bbeb-836e364f64b5; DisplayName: Sessions - Block Persistent Browser Sessions (Untrusted Locations); Result: reportOnlySuccess; ConditionsNotSatisfied: none; SessionControlsNotSatisfied: 
ID: 408cead8-caca-4de6-bf52-6f34130a6459; DisplayName: Microsoft-managed: Multifactor authentication for admins accessing Microsoft Admin Portals; Result: reportOnlyNotApplied; ConditionsNotSatisfied: application; SessionControlsNotSatisfied: 
ID: e00078dd-d389-4a8f-ba33-ac7b690a7ce3; DisplayName: Brian Katz Montreal 3/15 - 3/21; Result: reportOnlyNotApplied; ConditionsNotSatisfied: users; SessionControlsNotSatisfied: 
ID: da3712b4-2ee4-4d96-b702-9d73cb4e635a; DisplayName: Locations - Enforce Geo-IP Fencing; Result: reportOnlyNotApplied; ConditionsNotSatisfied: location,ipAddressSeenByAzureAD; SessionControlsNotSatisfied: 
ID: 7bd05172-0534-4c9a-a965-6e9370e281df; DisplayName: Protocols - Enforce Modern Authentication; Result: reportOnlyNotApplied; ConditionsNotSatisfied: clientType; SessionControlsNotSatisfied: 
ID: 6c493fe3-b17a-426e-af02-9f28f033239f; DisplayName: Sessions - Block Persistent Browser Sessions (Admins); Result: reportOnlyNotApplied; ConditionsNotSatisfied: users; SessionControlsNotSatisfied: 
ID: 0149a225-4092-4a09-ab18-ae7c47c5deeb; DisplayName: Sessions - Enforce Sign-In Frequency; Result: reportOnlyNotApplied; ConditionsNotSatisfied: devicePlatform; SessionControlsNotSatisfied: 
ID: 77dbcd7f-566d-4b90-a928-edf2235d1c96; DisplayName: Users - Block Interactive Logins (Service Accounts); Result: reportOnlyNotApplied; ConditionsNotSatisfied: users; SessionControlsNotSatisfied: 
ID: 72f697df-0563-4339-8a40-3a0e56607bcb; DisplayName: Users - Restrict Admin Portal Access; Result: reportOnlyNotApplied; ConditionsNotSatisfied: application; SessionControlsNotSatisfied: ","networkType: namedNetwork; networkNames: Block Countries Per User Per Period","AuthenticationStepDateTime: 2026-08-19T04:16:17Z; AuthenticationMethod: Previously satisfied; AuthenticationMethodDetail: ; Succeeded: True; AuthenticationStepResultDetail: First factor requirement satisfied by claim in the token; AuthenticationStepRequirement: ;
AuthenticationStepDateTime: 2026-08-19T04:16:17Z; AuthenticationMethod: Previously satisfied; AuthenticationMethodDetail: ; Succeeded: True; AuthenticationStepResultDetail: MFA requirement satisfied by claim in the token; AuthenticationStepRequirement: ;"
"2026-08-19T04:16:12Z","Ashley Savala","asavala@pineywoodsrealtyfl.com","9199bf20-a13f-4107-85dc-02114787ef48","One Outlook Web","47.198.26.60","Browser","Mozilla/5.0 (Windows NT 10.0; Win64; x64) AppleWebKit/537.36 (KHTML, like Gecko) Chrome/151.0.0.0 Safari/537.36","0645722d-7545-1f1b-8ec3-665ead9da196","True","multiFactorAuthentication","errorCode: 0; failureReason: Other.; additionalDetails: MFA requirement satisfied by claim in the token","deviceId: ; displayName: ; operatingSystem: Windows10; browser: Chrome 151.0.0; isCompliant: False; isManaged: False; trustType: ","city: Odessa; state: Florida; countryOrRegion: US; geoCoordinates: @{altitude=; latitude=28.1414; longitude=-82.59334}","success","ID: a08e9a43-c474-45ce-854f-67d0f7b3deec; DisplayName: Enable MFA - All Users; Result: success; ConditionsNotSatisfied: none; SessionControlsNotSatisfied: 
ID: b8e8a1ff-dfc9-4eff-8c45-e209f4e26e5b; DisplayName: KaztCap SSL VPN Access; Result: notApplied; ConditionsNotSatisfied: users; SessionControlsNotSatisfied: 
ID: 2c6518a2-ced4-420b-99b2-7a01741512b8; DisplayName: Location Based Access - Allow Specific Countries; Result: notEnabled; ConditionsNotSatisfied: none; SessionControlsNotSatisfied: 
ID: 9dba74f8-0de6-406e-b38c-ba05ea657153; DisplayName: Microsoft-managed: Multifactor authentication for per-user multifactor authentication users; Result: notEnabled; ConditionsNotSatisfied: none; SessionControlsNotSatisfied: 
ID: e51298da-9965-4f54-be5a-a1bfa7391207; DisplayName: Microsoft-managed: Multifactor authentication and reauthentication for risky sign-ins; Result: notApplied; ConditionsNotSatisfied: signInRisk; SessionControlsNotSatisfied: 
ID: c6569448-6b9b-4329-8356-6cdb035f7cf2; DisplayName: Enable MFA - bwadmin; Result: notApplied; ConditionsNotSatisfied: users; SessionControlsNotSatisfied: 
ID: 7249cafd-bd3b-4f0c-9f6a-de4933e0a484; DisplayName: Location Based Access - Block Outside US; Result: notApplied; ConditionsNotSatisfied: location,ipAddressSeenByAzureAD; SessionControlsNotSatisfied: 
ID: 3cc748c6-e739-4559-b56f-dc898b93b757; DisplayName: Brian Katz Travel Cayman - 12/21-12/28; Result: notEnabled; ConditionsNotSatisfied: none; SessionControlsNotSatisfied: 
ID: dbe24e2b-7971-4159-92e7-029febd9403a; DisplayName: Jeff Lenderman Travel BVI 3/13-3/19; Result: notEnabled; ConditionsNotSatisfied: none; SessionControlsNotSatisfied: 
ID: bda0d60a-c582-4d69-9d7e-f9166be26b08; DisplayName: Brian Katz - Costa Rica; Result: notEnabled; ConditionsNotSatisfied: none; SessionControlsNotSatisfied: 
ID: e4f6bd83-c762-4a93-9fb4-d77b558b5650; DisplayName: Devices - Enforce Device Compliance; Result: reportOnlyFailure; ConditionsNotSatisfied: none; SessionControlsNotSatisfied: 
ID: 46ddead8-098c-4325-bbeb-836e364f64b5; DisplayName: Sessions - Block Persistent Browser Sessions (Untrusted Locations); Result: reportOnlySuccess; ConditionsNotSatisfied: none; SessionControlsNotSatisfied: 
ID: 0149a225-4092-4a09-ab18-ae7c47c5deeb; DisplayName: Sessions - Enforce Sign-In Frequency; Result: reportOnlySuccess; ConditionsNotSatisfied: none; SessionControlsNotSatisfied: 
ID: 408cead8-caca-4de6-bf52-6f34130a6459; DisplayName: Microsoft-managed: Multifactor authentication for admins accessing Microsoft Admin Portals; Result: reportOnlyNotApplied; ConditionsNotSatisfied: application; SessionControlsNotSatisfied: 
ID: e00078dd-d389-4a8f-ba33-ac7b690a7ce3; DisplayName: Brian Katz Montreal 3/15 - 3/21; Result: reportOnlyNotApplied; ConditionsNotSatisfied: users; SessionControlsNotSatisfied: 
ID: da3712b4-2ee4-4d96-b702-9d73cb4e635a; DisplayName: Locations - Enforce Geo-IP Fencing; Result: reportOnlyNotApplied; ConditionsNotSatisfied: location,ipAddressSeenByAzureAD; SessionControlsNotSatisfied: 
ID: 7bd05172-0534-4c9a-a965-6e9370e281df; DisplayName: Protocols - Enforce Modern Authentication; Result: reportOnlyNotApplied; ConditionsNotSatisfied: clientType; SessionControlsNotSatisfied: 
ID: 6c493fe3-b17a-426e-af02-9f28f033239f; DisplayName: Sessions - Block Persistent Browser Sessions (Admins); Result: reportOnlyNotApplied; ConditionsNotSatisfied: users; SessionControlsNotSatisfied: 
ID: 77dbcd7f-566d-4b90-a928-edf2235d1c96; DisplayName: Users - Block Interactive Logins (Service Accounts); Result: reportOnlyNotApplied; ConditionsNotSatisfied: users; SessionControlsNotSatisfied: 
ID: 72f697df-0563-4339-8a40-3a0e56607bcb; DisplayName: Users - Restrict Admin Portal Access; Result: reportOnlyNotApplied; ConditionsNotSatisfied: application; SessionControlsNotSatisfied: ","networkType: namedNetwork; networkNames: Block Countries Per User Per Period","AuthenticationStepDateTime: 2026-08-19T04:16:12Z; AuthenticationMethod: Previously satisfied; AuthenticationMethodDetail: ; Succeeded: True; AuthenticationStepResultDetail: First factor requirement satisfied by claim in the token; AuthenticationStepRequirement: ;
AuthenticationStepDateTime: 2026-08-19T04:16:12Z; AuthenticationMethod: Previously satisfied; AuthenticationMethodDetail: ; Succeeded: True; AuthenticationStepResultDetail: MFA requirement satisfied by claim in the token; AuthenticationStepRequirement: ;"
"2026-08-19T04:04:14Z","Ryan Chamblee","rchamblee@pineywoodsrealtyfl.com","9199bf20-a13f-4107-85dc-02114787ef48","One Outlook Web","104.30.175.37","Browser","Mozilla/5.0 (X11; Linux x86_64) AppleWebKit/537.36 (KHTML, like Gecko) Chrome/151.0.0.0 Safari/537.36","bde75c76-ab64-0f54-2faf-0639fa94fe97","True","multiFactorAuthentication","errorCode: 0; failureReason: Other.; additionalDetails: MFA requirement satisfied by claim in the token","deviceId: ; displayName: ; operatingSystem: Linux; browser: Chrome 151.0.0; isCompliant: False; isManaged: False; trustType: ","city: San Jose; state: California; countryOrRegion: US; geoCoordinates: @{altitude=; latitude=37.33053; longitude=-121.83823}","success","ID: a08e9a43-c474-45ce-854f-67d0f7b3deec; DisplayName: Enable MFA - All Users; Result: success; ConditionsNotSatisfied: none; SessionControlsNotSatisfied: 
ID: b8e8a1ff-dfc9-4eff-8c45-e209f4e26e5b; DisplayName: KaztCap SSL VPN Access; Result: notApplied; ConditionsNotSatisfied: users; SessionControlsNotSatisfied: 
ID: c6569448-6b9b-4329-8356-6cdb035f7cf2; DisplayName: Enable MFA - bwadmin; Result: notApplied; ConditionsNotSatisfied: users; SessionControlsNotSatisfied: 
ID: 9dba74f8-0de6-406e-b38c-ba05ea657153; DisplayName: Microsoft-managed: Multifactor authentication for per-user multifactor authentication users; Result: notEnabled; ConditionsNotSatisfied: none; SessionControlsNotSatisfied: 
ID: 7249cafd-bd3b-4f0c-9f6a-de4933e0a484; DisplayName: Location Based Access - Block Outside US; Result: notApplied; ConditionsNotSatisfied: location,ipAddressSeenByAzureAD; SessionControlsNotSatisfied: 
ID: 2c6518a2-ced4-420b-99b2-7a01741512b8; DisplayName: Location Based Access - Allow Specific Countries; Result: notEnabled; ConditionsNotSatisfied: none; SessionControlsNotSatisfied: 
ID: e51298da-9965-4f54-be5a-a1bfa7391207; DisplayName: Microsoft-managed: Multifactor authentication and reauthentication for risky sign-ins; Result: notApplied; ConditionsNotSatisfied: signInRisk; SessionControlsNotSatisfied: 
ID: 3cc748c6-e739-4559-b56f-dc898b93b757; DisplayName: Brian Katz Travel Cayman - 12/21-12/28; Result: notEnabled; ConditionsNotSatisfied: none; SessionControlsNotSatisfied: 
ID: dbe24e2b-7971-4159-92e7-029febd9403a; DisplayName: Jeff Lenderman Travel BVI 3/13-3/19; Result: notEnabled; ConditionsNotSatisfied: none; SessionControlsNotSatisfied: 
ID: bda0d60a-c582-4d69-9d7e-f9166be26b08; DisplayName: Brian Katz - Costa Rica; Result: notEnabled; ConditionsNotSatisfied: none; SessionControlsNotSatisfied: 
ID: e4f6bd83-c762-4a93-9fb4-d77b558b5650; DisplayName: Devices - Enforce Device Compliance; Result: reportOnlyFailure; ConditionsNotSatisfied: none; SessionControlsNotSatisfied: 
ID: 46ddead8-098c-4325-bbeb-836e364f64b5; DisplayName: Sessions - Block Persistent Browser Sessions (Untrusted Locations); Result: reportOnlySuccess; ConditionsNotSatisfied: none; SessionControlsNotSatisfied: 
ID: 408cead8-caca-4de6-bf52-6f34130a6459; DisplayName: Microsoft-managed: Multifactor authentication for admins accessing Microsoft Admin Portals; Result: reportOnlyNotApplied; ConditionsNotSatisfied: application; SessionControlsNotSatisfied: 
ID: e00078dd-d389-4a8f-ba33-ac7b690a7ce3; DisplayName: Brian Katz Montreal 3/15 - 3/21; Result: reportOnlyNotApplied; ConditionsNotSatisfied: users; SessionControlsNotSatisfied: 
ID: da3712b4-2ee4-4d96-b702-9d73cb4e635a; DisplayName: Locations - Enforce Geo-IP Fencing; Result: reportOnlyNotApplied; ConditionsNotSatisfied: location,ipAddressSeenByAzureAD; SessionControlsNotSatisfied: 
ID: 7bd05172-0534-4c9a-a965-6e9370e281df; DisplayName: Protocols - Enforce Modern Authentication; Result: reportOnlyNotApplied; ConditionsNotSatisfied: clientType; SessionControlsNotSatisfied: 
ID: 6c493fe3-b17a-426e-af02-9f28f033239f; DisplayName: Sessions - Block Persistent Browser Sessions (Admins); Result: reportOnlyNotApplied; ConditionsNotSatisfied: users; SessionControlsNotSatisfied: 
ID: 0149a225-4092-4a09-ab18-ae7c47c5deeb; DisplayName: Sessions - Enforce Sign-In Frequency; Result: reportOnlyNotApplied; ConditionsNotSatisfied: devicePlatform; SessionControlsNotSatisfied: 
ID: 77dbcd7f-566d-4b90-a928-edf2235d1c96; DisplayName: Users - Block Interactive Logins (Service Accounts); Result: reportOnlyNotApplied; ConditionsNotSatisfied: users; SessionControlsNotSatisfied: 
ID: 72f697df-0563-4339-8a40-3a0e56607bcb; DisplayName: Users - Restrict Admin Portal Access; Result: reportOnlyNotApplied; ConditionsNotSatisfied: application; SessionControlsNotSatisfied: ","networkType: namedNetwork; networkNames: Block Countries Per User Per Period","AuthenticationStepDateTime: 2026-08-19T04:04:14Z; AuthenticationMethod: Previously satisfied; AuthenticationMethodDetail: ; Succeeded: True; AuthenticationStepResultDetail: MFA requirement satisfied by claim in the token; AuthenticationStepRequirement: ;"
"2026-08-19T04:03:51Z","Ryan Chamblee","rchamblee@pineywoodsrealtyfl.com","9199bf20-a13f-4107-85dc-02114787ef48","One Outlook Web","104.30.175.37","Browser","Mozilla/5.0 (X11; Linux x86_64) AppleWebKit/537.36 (KHTML, like Gecko) Chrome/151.0.0.0 Safari/537.36","bde75c76-ab64-0f54-2faf-0639fa94fe97","True","multiFactorAuthentication","errorCode: 50074; failureReason: Strong Authentication is required.; additionalDetails: User needs to perform multi-factor authentication. There could be multiple things requiring multi-factor, e.g. Conditional Access policies, per-user enforcement, requested by client, among others.","deviceId: ; displayName: ; operatingSystem: Linux; browser: Chrome 151.0.0; isCompliant: False; isManaged: False; trustType: ","city: San Jose; state: California; countryOrRegion: US; geoCoordinates: @{altitude=; latitude=37.33053; longitude=-121.83823}","failure","ID: a08e9a43-c474-45ce-854f-67d0f7b3deec; DisplayName: Enable MFA - All Users; Result: failure; ConditionsNotSatisfied: none; SessionControlsNotSatisfied: 
ID: b8e8a1ff-dfc9-4eff-8c45-e209f4e26e5b; DisplayName: KaztCap SSL VPN Access; Result: notApplied; ConditionsNotSatisfied: users; SessionControlsNotSatisfied: 
ID: c6569448-6b9b-4329-8356-6cdb035f7cf2; DisplayName: Enable MFA - bwadmin; Result: notApplied; ConditionsNotSatisfied: users; SessionControlsNotSatisfied: 
ID: 9dba74f8-0de6-406e-b38c-ba05ea657153; DisplayName: Microsoft-managed: Multifactor authentication for per-user multifactor authentication users; Result: notEnabled; ConditionsNotSatisfied: none; SessionControlsNotSatisfied: 
ID: 7249cafd-bd3b-4f0c-9f6a-de4933e0a484; DisplayName: Location Based Access - Block Outside US; Result: notApplied; ConditionsNotSatisfied: location,ipAddressSeenByAzureAD; SessionControlsNotSatisfied: 
ID: 2c6518a2-ced4-420b-99b2-7a01741512b8; DisplayName: Location Based Access - Allow Specific Countries; Result: notEnabled; ConditionsNotSatisfied: none; SessionControlsNotSatisfied: 
ID: e51298da-9965-4f54-be5a-a1bfa7391207; DisplayName: Microsoft-managed: Multifactor authentication and reauthentication for risky sign-ins; Result: notApplied; ConditionsNotSatisfied: signInRisk; SessionControlsNotSatisfied: 
ID: 3cc748c6-e739-4559-b56f-dc898b93b757; DisplayName: Brian Katz Travel Cayman - 12/21-12/28; Result: notEnabled; ConditionsNotSatisfied: none; SessionControlsNotSatisfied: 
ID: dbe24e2b-7971-4159-92e7-029febd9403a; DisplayName: Jeff Lenderman Travel BVI 3/13-3/19; Result: notEnabled; ConditionsNotSatisfied: none; SessionControlsNotSatisfied: 
ID: bda0d60a-c582-4d69-9d7e-f9166be26b08; DisplayName: Brian Katz - Costa Rica; Result: notEnabled; ConditionsNotSatisfied: none; SessionControlsNotSatisfied: 
ID: e4f6bd83-c762-4a93-9fb4-d77b558b5650; DisplayName: Devices - Enforce Device Compliance; Result: reportOnlyFailure; ConditionsNotSatisfied: none; SessionControlsNotSatisfied: 
ID: 46ddead8-098c-4325-bbeb-836e364f64b5; DisplayName: Sessions - Block Persistent Browser Sessions (Untrusted Locations); Result: reportOnlySuccess; ConditionsNotSatisfied: none; SessionControlsNotSatisfied: 
ID: 408cead8-caca-4de6-bf52-6f34130a6459; DisplayName: Microsoft-managed: Multifactor authentication for admins accessing Microsoft Admin Portals; Result: reportOnlyNotApplied; ConditionsNotSatisfied: application; SessionControlsNotSatisfied: 
ID: e00078dd-d389-4a8f-ba33-ac7b690a7ce3; DisplayName: Brian Katz Montreal 3/15 - 3/21; Result: reportOnlyNotApplied; ConditionsNotSatisfied: users; SessionControlsNotSatisfied: 
ID: da3712b4-2ee4-4d96-b702-9d73cb4e635a; DisplayName: Locations - Enforce Geo-IP Fencing; Result: reportOnlyNotApplied; ConditionsNotSatisfied: location,ipAddressSeenByAzureAD; SessionControlsNotSatisfied: 
ID: 7bd05172-0534-4c9a-a965-6e9370e281df; DisplayName: Protocols - Enforce Modern Authentication; Result: reportOnlyNotApplied; ConditionsNotSatisfied: clientType; SessionControlsNotSatisfied: 
ID: 6c493fe3-b17a-426e-af02-9f28f033239f; DisplayName: Sessions - Block Persistent Browser Sessions (Admins); Result: reportOnlyNotApplied; ConditionsNotSatisfied: users; SessionControlsNotSatisfied: 
ID: 0149a225-4092-4a09-ab18-ae7c47c5deeb; DisplayName: Sessions - Enforce Sign-In Frequency; Result: reportOnlyNotApplied; ConditionsNotSatisfied: devicePlatform; SessionControlsNotSatisfied: 
ID: 77dbcd7f-566d-4b90-a928-edf2235d1c96; DisplayName: Users - Block Interactive Logins (Service Accounts); Result: reportOnlyNotApplied; ConditionsNotSatisfied: users; SessionControlsNotSatisfied: 
ID: 72f697df-0563-4339-8a40-3a0e56607bcb; DisplayName: Users - Restrict Admin Portal Access; Result: reportOnlyNotApplied; ConditionsNotSatisfied: application; SessionControlsNotSatisfied: ","networkType: namedNetwork; networkNames: Block Countries Per User Per Period","AuthenticationStepDateTime: 2026-08-19T04:03:51Z; AuthenticationMethod: Password; AuthenticationMethodDetail: Password in the cloud; Succeeded: True; AuthenticationStepResultDetail: Correct password; AuthenticationStepRequirement: ;
AuthenticationStepDateTime: 2026-08-19T04:03:51Z; AuthenticationMethod: ; AuthenticationMethodDetail: ; Succeeded: False; AuthenticationStepResultDetail: MFA required in Azure AD; AuthenticationStepRequirement: ;"
"2026-08-19T04:03:30Z","Ryan Chamblee","rchamblee@pineywoodsrealtyfl.com","ee272b19-4411-433f-8f28-5c13cb6fd407","Microsoft 365 Support Service","2a04:4e41:3bbb:495d::dbb:495d","Browser","Mozilla/5.0 (Macintosh; Intel Mac OS X 10_15_7) AppleWebKit/605.1.15 (KHTML, like Gecko) Version/26.5.2 Safari/605.1.15","d1220cb9-db2d-4277-87c7-eff787638997","True","multiFactorAuthentication","errorCode: 50074; failureReason: Strong Authentication is required.; additionalDetails: User needs to perform multi-factor authentication. There could be multiple things requiring multi-factor, e.g. Conditional Access policies, per-user enforcement, requested by client, among others.","deviceId: ; displayName: ; operatingSystem: MacOs; browser: Safari 26.5.2; isCompliant: False; isManaged: False; trustType: ","city: Miami; state: Florida; countryOrRegion: US; geoCoordinates: @{altitude=; latitude=25.76286; longitude=-80.31196}","failure","ID: a08e9a43-c474-45ce-854f-67d0f7b3deec; DisplayName: Enable MFA - All Users; Result: failure; ConditionsNotSatisfied: none; SessionControlsNotSatisfied: 
ID: b8e8a1ff-dfc9-4eff-8c45-e209f4e26e5b; DisplayName: KaztCap SSL VPN Access; Result: notApplied; ConditionsNotSatisfied: users; SessionControlsNotSatisfied: 
ID: c6569448-6b9b-4329-8356-6cdb035f7cf2; DisplayName: Enable MFA - bwadmin; Result: notApplied; ConditionsNotSatisfied: users; SessionControlsNotSatisfied: 
ID: 2c6518a2-ced4-420b-99b2-7a01741512b8; DisplayName: Location Based Access - Allow Specific Countries; Result: notEnabled; ConditionsNotSatisfied: none; SessionControlsNotSatisfied: 
ID: 9dba74f8-0de6-406e-b38c-ba05ea657153; DisplayName: Microsoft-managed: Multifactor authentication for per-user multifactor authentication users; Result: notEnabled; ConditionsNotSatisfied: none; SessionControlsNotSatisfied: 
ID: 7249cafd-bd3b-4f0c-9f6a-de4933e0a484; DisplayName: Location Based Access - Block Outside US; Result: notApplied; ConditionsNotSatisfied: location,ipAddressSeenByAzureAD; SessionControlsNotSatisfied: 
ID: e51298da-9965-4f54-be5a-a1bfa7391207; DisplayName: Microsoft-managed: Multifactor authentication and reauthentication for risky sign-ins; Result: notApplied; ConditionsNotSatisfied: signInRisk; SessionControlsNotSatisfied: 
ID: 3cc748c6-e739-4559-b56f-dc898b93b757; DisplayName: Brian Katz Travel Cayman - 12/21-12/28; Result: notEnabled; ConditionsNotSatisfied: none; SessionControlsNotSatisfied: 
ID: dbe24e2b-7971-4159-92e7-029febd9403a; DisplayName: Jeff Lenderman Travel BVI 3/13-3/19; Result: notEnabled; ConditionsNotSatisfied: none; SessionControlsNotSatisfied: 
ID: bda0d60a-c582-4d69-9d7e-f9166be26b08; DisplayName: Brian Katz - Costa Rica; Result: notEnabled; ConditionsNotSatisfied: none; SessionControlsNotSatisfied: 
ID: e4f6bd83-c762-4a93-9fb4-d77b558b5650; DisplayName: Devices - Enforce Device Compliance; Result: reportOnlyFailure; ConditionsNotSatisfied: none; SessionControlsNotSatisfied: 
ID: 46ddead8-098c-4325-bbeb-836e364f64b5; DisplayName: Sessions - Block Persistent Browser Sessions (Untrusted Locations); Result: reportOnlySuccess; ConditionsNotSatisfied: none; SessionControlsNotSatisfied: 
ID: 0149a225-4092-4a09-ab18-ae7c47c5deeb; DisplayName: Sessions - Enforce Sign-In Frequency; Result: reportOnlySuccess; ConditionsNotSatisfied: none; SessionControlsNotSatisfied: 
ID: 408cead8-caca-4de6-bf52-6f34130a6459; DisplayName: Microsoft-managed: Multifactor authentication for admins accessing Microsoft Admin Portals; Result: reportOnlyNotApplied; ConditionsNotSatisfied: application; SessionControlsNotSatisfied: 
ID: e00078dd-d389-4a8f-ba33-ac7b690a7ce3; DisplayName: Brian Katz Montreal 3/15 - 3/21; Result: reportOnlyNotApplied; ConditionsNotSatisfied: users; SessionControlsNotSatisfied: 
ID: da3712b4-2ee4-4d96-b702-9d73cb4e635a; DisplayName: Locations - Enforce Geo-IP Fencing; Result: reportOnlyNotApplied; ConditionsNotSatisfied: location,ipAddressSeenByAzureAD; SessionControlsNotSatisfied: 
ID: 7bd05172-0534-4c9a-a965-6e9370e281df; DisplayName: Protocols - Enforce Modern Authentication; Result: reportOnlyNotApplied; ConditionsNotSatisfied: clientType; SessionControlsNotSatisfied: 
ID: 6c493fe3-b17a-426e-af02-9f28f033239f; DisplayName: Sessions - Block Persistent Browser Sessions (Admins); Result: reportOnlyNotApplied; ConditionsNotSatisfied: users; SessionControlsNotSatisfied: 
ID: 77dbcd7f-566d-4b90-a928-edf2235d1c96; DisplayName: Users - Block Interactive Logins (Service Accounts); Result: reportOnlyNotApplied; ConditionsNotSatisfied: users; SessionControlsNotSatisfied: 
ID: 72f697df-0563-4339-8a40-3a0e56607bcb; DisplayName: Users - Restrict Admin Portal Access; Result: reportOnlyNotApplied; ConditionsNotSatisfied: application; SessionControlsNotSatisfied: ","networkType: namedNetwork; networkNames: Block Countries Per User Per Period","AuthenticationStepDateTime: 2026-08-19T04:03:30Z; AuthenticationMethod: Mobile app notification; AuthenticationMethodDetail: ; Succeeded: False; AuthenticationStepResultDetail: Authentication in progress; AuthenticationStepRequirement: ;"
"2026-08-19T04:03:29Z","Ryan Chamblee","rchamblee@pineywoodsrealtyfl.com","ee272b19-4411-433f-8f28-5c13cb6fd407","Microsoft 365 Support Service","2a04:4e41:3bbb:495d::dbb:495d","Browser","Mozilla/5.0 (Macintosh; Intel Mac OS X 10_15_7) AppleWebKit/605.1.15 (KHTML, like Gecko) Version/26.5.2 Safari/605.1.15","d1220cb9-db2d-4277-87c7-eff787638997","True","multiFactorAuthentication","errorCode: 50097; failureReason: Device authentication is required.; additionalDetails: This is not an error - this is an interrupt that triggers device authentication when required due to a Conditional Access policy or because the application or resource requested the device ID in a token. This code alone does not indicate a failure on your users part to sign in. The sign in logs may indicate that the device authentication challenge was passed succesfully or failed.","deviceId: ; displayName: ; operatingSystem: MacOs; browser: Safari 26.5.2; isCompliant: False; isManaged: False; trustType: ","city: Miami; state: Florida; countryOrRegion: US; geoCoordinates: @{altitude=; latitude=25.76286; longitude=-80.31196}","success","ID: a08e9a43-c474-45ce-854f-67d0f7b3deec; DisplayName: Enable MFA - All Users; Result: failure; ConditionsNotSatisfied: none; SessionControlsNotSatisfied: 
ID: b8e8a1ff-dfc9-4eff-8c45-e209f4e26e5b; DisplayName: KaztCap SSL VPN Access; Result: notApplied; ConditionsNotSatisfied: users; SessionControlsNotSatisfied: 
ID: 2c6518a2-ced4-420b-99b2-7a01741512b8; DisplayName: Location Based Access - Allow Specific Countries; Result: notEnabled; ConditionsNotSatisfied: none; SessionControlsNotSatisfied: 
ID: 9dba74f8-0de6-406e-b38c-ba05ea657153; DisplayName: Microsoft-managed: Multifactor authentication for per-user multifactor authentication users; Result: notEnabled; ConditionsNotSatisfied: none; SessionControlsNotSatisfied: 
ID: e51298da-9965-4f54-be5a-a1bfa7391207; DisplayName: Microsoft-managed: Multifactor authentication and reauthentication for risky sign-ins; Result: notApplied; ConditionsNotSatisfied: signInRisk; SessionControlsNotSatisfied: 
ID: c6569448-6b9b-4329-8356-6cdb035f7cf2; DisplayName: Enable MFA - bwadmin; Result: notApplied; ConditionsNotSatisfied: users; SessionControlsNotSatisfied: 
ID: 7249cafd-bd3b-4f0c-9f6a-de4933e0a484; DisplayName: Location Based Access - Block Outside US; Result: notApplied; ConditionsNotSatisfied: location,ipAddressSeenByAzureAD; SessionControlsNotSatisfied: 
ID: 3cc748c6-e739-4559-b56f-dc898b93b757; DisplayName: Brian Katz Travel Cayman - 12/21-12/28; Result: notEnabled; ConditionsNotSatisfied: none; SessionControlsNotSatisfied: 
ID: dbe24e2b-7971-4159-92e7-029febd9403a; DisplayName: Jeff Lenderman Travel BVI 3/13-3/19; Result: notEnabled; ConditionsNotSatisfied: none; SessionControlsNotSatisfied: 
ID: bda0d60a-c582-4d69-9d7e-f9166be26b08; DisplayName: Brian Katz - Costa Rica; Result: notEnabled; ConditionsNotSatisfied: none; SessionControlsNotSatisfied: 
ID: 46ddead8-098c-4325-bbeb-836e364f64b5; DisplayName: Sessions - Block Persistent Browser Sessions (Untrusted Locations); Result: reportOnlySuccess; ConditionsNotSatisfied: none; SessionControlsNotSatisfied: 
ID: 0149a225-4092-4a09-ab18-ae7c47c5deeb; DisplayName: Sessions - Enforce Sign-In Frequency; Result: reportOnlySuccess; ConditionsNotSatisfied: none; SessionControlsNotSatisfied: 
ID: 408cead8-caca-4de6-bf52-6f34130a6459; DisplayName: Microsoft-managed: Multifactor authentication for admins accessing Microsoft Admin Portals; Result: reportOnlyNotApplied; ConditionsNotSatisfied: application; SessionControlsNotSatisfied: 
ID: e00078dd-d389-4a8f-ba33-ac7b690a7ce3; DisplayName: Brian Katz Montreal 3/15 - 3/21; Result: reportOnlyNotApplied; ConditionsNotSatisfied: users; SessionControlsNotSatisfied: 
ID: e4f6bd83-c762-4a93-9fb4-d77b558b5650; DisplayName: Devices - Enforce Device Compliance; Result: notEnoughInformationReporting; ConditionsNotSatisfied: none; SessionControlsNotSatisfied: 
ID: da3712b4-2ee4-4d96-b702-9d73cb4e635a; DisplayName: Locations - Enforce Geo-IP Fencing; Result: reportOnlyNotApplied; ConditionsNotSatisfied: location,ipAddressSeenByAzureAD; SessionControlsNotSatisfied: 
ID: 7bd05172-0534-4c9a-a965-6e9370e281df; DisplayName: Protocols - Enforce Modern Authentication; Result: reportOnlyNotApplied; ConditionsNotSatisfied: clientType; SessionControlsNotSatisfied: 
ID: 6c493fe3-b17a-426e-af02-9f28f033239f; DisplayName: Sessions - Block Persistent Browser Sessions (Admins); Result: reportOnlyNotApplied; ConditionsNotSatisfied: users; SessionControlsNotSatisfied: 
ID: 77dbcd7f-566d-4b90-a928-edf2235d1c96; DisplayName: Users - Block Interactive Logins (Service Accounts); Result: reportOnlyNotApplied; ConditionsNotSatisfied: users; SessionControlsNotSatisfied: 
ID: 72f697df-0563-4339-8a40-3a0e56607bcb; DisplayName: Users - Restrict Admin Portal Access; Result: reportOnlyNotApplied; ConditionsNotSatisfied: application; SessionControlsNotSatisfied: ","networkType: namedNetwork; networkNames: Block Countries Per User Per Period","AuthenticationStepDateTime: 2026-08-19T04:03:29Z; AuthenticationMethod: Password; AuthenticationMethodDetail: Password in the cloud; Succeeded: True; AuthenticationStepResultDetail: Correct password; AuthenticationStepRequirement: ;
AuthenticationStepDateTime: 2026-08-19T04:03:29Z; AuthenticationMethod: ; AuthenticationMethodDetail: ; Succeeded: False; AuthenticationStepResultDetail: ; AuthenticationStepRequirement: ;"
"2026-08-19T02:07:14Z","ServIT","servit@pineywoodsfl.onmicrosoft.com","c44b4083-3bb0-49c1-b47d-974e53cbdf3c","Azure Portal","2600:1702:5790:7430:24e3:5ad0:2d49:69c7","Browser","Mozilla/5.0 (Windows NT 10.0; Win64; x64) AppleWebKit/537.36 (KHTML, like Gecko) Chrome/151.0.0.0 Safari/537.36 Edg/151.0.0.0 OS/10.0.26200","01a017c5-caff-7d48-8fbf-6ac9951c23f2","True","multiFactorAuthentication","errorCode: 0; failureReason: Other.; additionalDetails: MFA requirement satisfied by claim in the token","deviceId: ; displayName: ; operatingSystem: Windows10; browser: Edge 151.0.0; isCompliant: False; isManaged: False; trustType: ","city: Tucker; state: Georgia; countryOrRegion: US; geoCoordinates: @{altitude=; latitude=33.84861; longitude=-84.2347}","success","ID: a08e9a43-c474-45ce-854f-67d0f7b3deec; DisplayName: Enable MFA - All Users; Result: success; ConditionsNotSatisfied: none; SessionControlsNotSatisfied: 
ID: c6569448-6b9b-4329-8356-6cdb035f7cf2; DisplayName: Enable MFA - bwadmin; Result: success; ConditionsNotSatisfied: none; SessionControlsNotSatisfied: 
ID: b8e8a1ff-dfc9-4eff-8c45-e209f4e26e5b; DisplayName: KaztCap SSL VPN Access; Result: notApplied; ConditionsNotSatisfied: users; SessionControlsNotSatisfied: 
ID: 2c6518a2-ced4-420b-99b2-7a01741512b8; DisplayName: Location Based Access - Allow Specific Countries; Result: notEnabled; ConditionsNotSatisfied: none; SessionControlsNotSatisfied: 
ID: 9dba74f8-0de6-406e-b38c-ba05ea657153; DisplayName: Microsoft-managed: Multifactor authentication for per-user multifactor authentication users; Result: notEnabled; ConditionsNotSatisfied: none; SessionControlsNotSatisfied: 
ID: e51298da-9965-4f54-be5a-a1bfa7391207; DisplayName: Microsoft-managed: Multifactor authentication and reauthentication for risky sign-ins; Result: notApplied; ConditionsNotSatisfied: users; SessionControlsNotSatisfied: 
ID: 7249cafd-bd3b-4f0c-9f6a-de4933e0a484; DisplayName: Location Based Access - Block Outside US; Result: notApplied; ConditionsNotSatisfied: location,ipAddressSeenByAzureAD; SessionControlsNotSatisfied: 
ID: 3cc748c6-e739-4559-b56f-dc898b93b757; DisplayName: Brian Katz Travel Cayman - 12/21-12/28; Result: notEnabled; ConditionsNotSatisfied: none; SessionControlsNotSatisfied: 
ID: dbe24e2b-7971-4159-92e7-029febd9403a; DisplayName: Jeff Lenderman Travel BVI 3/13-3/19; Result: notEnabled; ConditionsNotSatisfied: none; SessionControlsNotSatisfied: 
ID: bda0d60a-c582-4d69-9d7e-f9166be26b08; DisplayName: Brian Katz - Costa Rica; Result: notEnabled; ConditionsNotSatisfied: none; SessionControlsNotSatisfied: 
ID: 408cead8-caca-4de6-bf52-6f34130a6459; DisplayName: Microsoft-managed: Multifactor authentication for admins accessing Microsoft Admin Portals; Result: reportOnlySuccess; ConditionsNotSatisfied: none; SessionControlsNotSatisfied: 
ID: e4f6bd83-c762-4a93-9fb4-d77b558b5650; DisplayName: Devices - Enforce Device Compliance; Result: reportOnlyFailure; ConditionsNotSatisfied: none; SessionControlsNotSatisfied: 
ID: 6c493fe3-b17a-426e-af02-9f28f033239f; DisplayName: Sessions - Block Persistent Browser Sessions (Admins); Result: reportOnlySuccess; ConditionsNotSatisfied: none; SessionControlsNotSatisfied: 
ID: 46ddead8-098c-4325-bbeb-836e364f64b5; DisplayName: Sessions - Block Persistent Browser Sessions (Untrusted Locations); Result: reportOnlySuccess; ConditionsNotSatisfied: none; SessionControlsNotSatisfied: 
ID: 0149a225-4092-4a09-ab18-ae7c47c5deeb; DisplayName: Sessions - Enforce Sign-In Frequency; Result: reportOnlySuccess; ConditionsNotSatisfied: none; SessionControlsNotSatisfied: 
ID: e00078dd-d389-4a8f-ba33-ac7b690a7ce3; DisplayName: Brian Katz Montreal 3/15 - 3/21; Result: reportOnlyNotApplied; ConditionsNotSatisfied: users; SessionControlsNotSatisfied: 
ID: da3712b4-2ee4-4d96-b702-9d73cb4e635a; DisplayName: Locations - Enforce Geo-IP Fencing; Result: reportOnlyNotApplied; ConditionsNotSatisfied: location,ipAddressSeenByAzureAD; SessionControlsNotSatisfied: 
ID: 7bd05172-0534-4c9a-a965-6e9370e281df; DisplayName: Protocols - Enforce Modern Authentication; Result: reportOnlyNotApplied; ConditionsNotSatisfied: clientType; SessionControlsNotSatisfied: 
ID: 77dbcd7f-566d-4b90-a928-edf2235d1c96; DisplayName: Users - Block Interactive Logins (Service Accounts); Result: reportOnlyNotApplied; ConditionsNotSatisfied: users; SessionControlsNotSatisfied: 
ID: 72f697df-0563-4339-8a40-3a0e56607bcb; DisplayName: Users - Restrict Admin Portal Access; Result: reportOnlyNotApplied; ConditionsNotSatisfied: users; SessionControlsNotSatisfied: ","networkType: namedNetwork; networkNames: Block Countries Per User Per Period","AuthenticationStepDateTime: 2026-08-19T02:07:14Z; AuthenticationMethod: Previously satisfied; AuthenticationMethodDetail: ; Succeeded: True; AuthenticationStepResultDetail: First factor requirement satisfied by claim in the token; AuthenticationStepRequirement: ;
AuthenticationStepDateTime: 2026-08-19T02:07:14Z; AuthenticationMethod: Previously satisfied; AuthenticationMethodDetail: ; Succeeded: True; AuthenticationStepResultDetail: MFA requirement satisfied by claim in the token; AuthenticationStepRequirement: ;"
"2026-08-19T01:23:56Z","Pineywoods Realty Admin","admin@pineywoodsrealtyfl.com","9199bf20-a13f-4107-85dc-02114787ef48","One Outlook Web","47.206.189.128","Browser","Mozilla/5.0 (Windows NT 10.0; Win64; x64) AppleWebKit/537.36 (KHTML, like Gecko) Chrome/150.0.0.0 Safari/537.36","c0fc1c1a-885e-00e7-69a8-622648c33c21","True","multiFactorAuthentication","errorCode: 0; failureReason: Other.; additionalDetails: MFA requirement satisfied by claim in the token","deviceId: ; displayName: ; operatingSystem: Windows10; browser: Chrome 150.0.0; isCompliant: False; isManaged: False; trustType: ","city: Tampa; state: Florida; countryOrRegion: US; geoCoordinates: @{altitude=; latitude=27.94497; longitude=-82.44757}","success","ID: a08e9a43-c474-45ce-854f-67d0f7b3deec; DisplayName: Enable MFA - All Users; Result: success; ConditionsNotSatisfied: none; SessionControlsNotSatisfied: 
ID: b8e8a1ff-dfc9-4eff-8c45-e209f4e26e5b; DisplayName: KaztCap SSL VPN Access; Result: notApplied; ConditionsNotSatisfied: users; SessionControlsNotSatisfied: 
ID: c6569448-6b9b-4329-8356-6cdb035f7cf2; DisplayName: Enable MFA - bwadmin; Result: notApplied; ConditionsNotSatisfied: users; SessionControlsNotSatisfied: 
ID: 9dba74f8-0de6-406e-b38c-ba05ea657153; DisplayName: Microsoft-managed: Multifactor authentication for per-user multifactor authentication users; Result: notEnabled; ConditionsNotSatisfied: none; SessionControlsNotSatisfied: 
ID: 7249cafd-bd3b-4f0c-9f6a-de4933e0a484; DisplayName: Location Based Access - Block Outside US; Result: notApplied; ConditionsNotSatisfied: location,ipAddressSeenByAzureAD; SessionControlsNotSatisfied: 
ID: 2c6518a2-ced4-420b-99b2-7a01741512b8; DisplayName: Location Based Access - Allow Specific Countries; Result: notEnabled; ConditionsNotSatisfied: none; SessionControlsNotSatisfied: 
ID: e51298da-9965-4f54-be5a-a1bfa7391207; DisplayName: Microsoft-managed: Multifactor authentication and reauthentication for risky sign-ins; Result: notApplied; ConditionsNotSatisfied: signInRisk; SessionControlsNotSatisfied: 
ID: 3cc748c6-e739-4559-b56f-dc898b93b757; DisplayName: Brian Katz Travel Cayman - 12/21-12/28; Result: notEnabled; ConditionsNotSatisfied: none; SessionControlsNotSatisfied: 
ID: dbe24e2b-7971-4159-92e7-029febd9403a; DisplayName: Jeff Lenderman Travel BVI 3/13-3/19; Result: notEnabled; ConditionsNotSatisfied: none; SessionControlsNotSatisfied: 
ID: bda0d60a-c582-4d69-9d7e-f9166be26b08; DisplayName: Brian Katz - Costa Rica; Result: notEnabled; ConditionsNotSatisfied: none; SessionControlsNotSatisfied: 
ID: e4f6bd83-c762-4a93-9fb4-d77b558b5650; DisplayName: Devices - Enforce Device Compliance; Result: reportOnlyFailure; ConditionsNotSatisfied: none; SessionControlsNotSatisfied: 
ID: 46ddead8-098c-4325-bbeb-836e364f64b5; DisplayName: Sessions - Block Persistent Browser Sessions (Untrusted Locations); Result: reportOnlySuccess; ConditionsNotSatisfied: none; SessionControlsNotSatisfied: 
ID: 0149a225-4092-4a09-ab18-ae7c47c5deeb; DisplayName: Sessions - Enforce Sign-In Frequency; Result: reportOnlySuccess; ConditionsNotSatisfied: none; SessionControlsNotSatisfied: 
ID: 408cead8-caca-4de6-bf52-6f34130a6459; DisplayName: Microsoft-managed: Multifactor authentication for admins accessing Microsoft Admin Portals; Result: reportOnlyNotApplied; ConditionsNotSatisfied: application; SessionControlsNotSatisfied: 
ID: e00078dd-d389-4a8f-ba33-ac7b690a7ce3; DisplayName: Brian Katz Montreal 3/15 - 3/21; Result: reportOnlyNotApplied; ConditionsNotSatisfied: users; SessionControlsNotSatisfied: 
ID: da3712b4-2ee4-4d96-b702-9d73cb4e635a; DisplayName: Locations - Enforce Geo-IP Fencing; Result: reportOnlyNotApplied; ConditionsNotSatisfied: location,ipAddressSeenByAzureAD; SessionControlsNotSatisfied: 
ID: 7bd05172-0534-4c9a-a965-6e9370e281df; DisplayName: Protocols - Enforce Modern Authentication; Result: reportOnlyNotApplied; ConditionsNotSatisfied: clientType; SessionControlsNotSatisfied: 
ID: 6c493fe3-b17a-426e-af02-9f28f033239f; DisplayName: Sessions - Block Persistent Browser Sessions (Admins); Result: reportOnlyNotApplied; ConditionsNotSatisfied: users; SessionControlsNotSatisfied: 
ID: 77dbcd7f-566d-4b90-a928-edf2235d1c96; DisplayName: Users - Block Interactive Logins (Service Accounts); Result: reportOnlyNotApplied; ConditionsNotSatisfied: users; SessionControlsNotSatisfied: 
ID: 72f697df-0563-4339-8a40-3a0e56607bcb; DisplayName: Users - Restrict Admin Portal Access; Result: reportOnlyNotApplied; ConditionsNotSatisfied: application; SessionControlsNotSatisfied: ","networkType: namedNetwork; networkNames: Block Countries Per User Per Period","AuthenticationStepDateTime: 2026-08-19T01:23:56Z; AuthenticationMethod: Previously satisfied; AuthenticationMethodDetail: ; Succeeded: True; AuthenticationStepResultDetail: First factor requirement satisfied by claim in the token; AuthenticationStepRequirement: ;
AuthenticationStepDateTime: 2026-08-19T01:23:56Z; AuthenticationMethod: Previously satisfied; AuthenticationMethodDetail: ; Succeeded: True; AuthenticationStepResultDetail: MFA requirement satisfied by claim in the token; AuthenticationStepRequirement: ;"
"2026-08-19T00:07:12Z","Ashley Savala","asavala@pineywoodsrealtyfl.com","9199bf20-a13f-4107-85dc-02114787ef48","One Outlook Web","47.198.26.60","Browser","Mozilla/5.0 (Windows NT 10.0; Win64; x64) AppleWebKit/537.36 (KHTML, like Gecko) Chrome/151.0.0.0 Safari/537.36","6bd3f69f-80ae-62ae-f3a9-f5887c6d4e88","True","multiFactorAuthentication","errorCode: 0; failureReason: Other.; additionalDetails: MFA requirement satisfied by claim in the token","deviceId: ; displayName: ; operatingSystem: Windows10; browser: Chrome 151.0.0; isCompliant: False; isManaged: False; trustType: ","city: Odessa; state: Florida; countryOrRegion: US; geoCoordinates: @{altitude=; latitude=28.1414; longitude=-82.59334}","success","ID: a08e9a43-c474-45ce-854f-67d0f7b3deec; DisplayName: Enable MFA - All Users; Result: success; ConditionsNotSatisfied: none; SessionControlsNotSatisfied: 
ID: b8e8a1ff-dfc9-4eff-8c45-e209f4e26e5b; DisplayName: KaztCap SSL VPN Access; Result: notApplied; ConditionsNotSatisfied: users; SessionControlsNotSatisfied: 
ID: 2c6518a2-ced4-420b-99b2-7a01741512b8; DisplayName: Location Based Access - Allow Specific Countries; Result: notEnabled; ConditionsNotSatisfied: none; SessionControlsNotSatisfied: 
ID: 9dba74f8-0de6-406e-b38c-ba05ea657153; DisplayName: Microsoft-managed: Multifactor authentication for per-user multifactor authentication users; Result: notEnabled; ConditionsNotSatisfied: none; SessionControlsNotSatisfied: 
ID: e51298da-9965-4f54-be5a-a1bfa7391207; DisplayName: Microsoft-managed: Multifactor authentication and reauthentication for risky sign-ins; Result: notApplied; ConditionsNotSatisfied: signInRisk; SessionControlsNotSatisfied: 
ID: c6569448-6b9b-4329-8356-6cdb035f7cf2; DisplayName: Enable MFA - bwadmin; Result: notApplied; ConditionsNotSatisfied: users; SessionControlsNotSatisfied: 
ID: 7249cafd-bd3b-4f0c-9f6a-de4933e0a484; DisplayName: Location Based Access - Block Outside US; Result: notApplied; ConditionsNotSatisfied: location,ipAddressSeenByAzureAD; SessionControlsNotSatisfied: 
ID: 3cc748c6-e739-4559-b56f-dc898b93b757; DisplayName: Brian Katz Travel Cayman - 12/21-12/28; Result: notEnabled; ConditionsNotSatisfied: none; SessionControlsNotSatisfied: 
ID: dbe24e2b-7971-4159-92e7-029febd9403a; DisplayName: Jeff Lenderman Travel BVI 3/13-3/19; Result: notEnabled; ConditionsNotSatisfied: none; SessionControlsNotSatisfied: 
ID: bda0d60a-c582-4d69-9d7e-f9166be26b08; DisplayName: Brian Katz - Costa Rica; Result: notEnabled; ConditionsNotSatisfied: none; SessionControlsNotSatisfied: 
ID: e4f6bd83-c762-4a93-9fb4-d77b558b5650; DisplayName: Devices - Enforce Device Compliance; Result: reportOnlyFailure; ConditionsNotSatisfied: none; SessionControlsNotSatisfied: 
ID: 46ddead8-098c-4325-bbeb-836e364f64b5; DisplayName: Sessions - Block Persistent Browser Sessions (Untrusted Locations); Result: reportOnlySuccess; ConditionsNotSatisfied: none; SessionControlsNotSatisfied: 
ID: 0149a225-4092-4a09-ab18-ae7c47c5deeb; DisplayName: Sessions - Enforce Sign-In Frequency; Result: reportOnlySuccess; ConditionsNotSatisfied: none; SessionControlsNotSatisfied: 
ID: 408cead8-caca-4de6-bf52-6f34130a6459; DisplayName: Microsoft-managed: Multifactor authentication for admins accessing Microsoft Admin Portals; Result: reportOnlyNotApplied; ConditionsNotSatisfied: application; SessionControlsNotSatisfied: 
ID: e00078dd-d389-4a8f-ba33-ac7b690a7ce3; DisplayName: Brian Katz Montreal 3/15 - 3/21; Result: reportOnlyNotApplied; ConditionsNotSatisfied: users; SessionControlsNotSatisfied: 
ID: da3712b4-2ee4-4d96-b702-9d73cb4e635a; DisplayName: Locations - Enforce Geo-IP Fencing; Result: reportOnlyNotApplied; ConditionsNotSatisfied: location,ipAddressSeenByAzureAD; SessionControlsNotSatisfied: 
ID: 7bd05172-0534-4c9a-a965-6e9370e281df; DisplayName: Protocols - Enforce Modern Authentication; Result: reportOnlyNotApplied; ConditionsNotSatisfied: clientType; SessionControlsNotSatisfied: 
ID: 6c493fe3-b17a-426e-af02-9f28f033239f; DisplayName: Sessions - Block Persistent Browser Sessions (Admins); Result: reportOnlyNotApplied; ConditionsNotSatisfied: users; SessionControlsNotSatisfied: 
ID: 77dbcd7f-566d-4b90-a928-edf2235d1c96; DisplayName: Users - Block Interactive Logins (Service Accounts); Result: reportOnlyNotApplied; ConditionsNotSatisfied: users; SessionControlsNotSatisfied: 
ID: 72f697df-0563-4339-8a40-3a0e56607bcb; DisplayName: Users - Restrict Admin Portal Access; Result: reportOnlyNotApplied; ConditionsNotSatisfied: application; SessionControlsNotSatisfied: ","networkType: namedNetwork; networkNames: Block Countries Per User Per Period","AuthenticationStepDateTime: 2026-08-19T00:07:12Z; AuthenticationMethod: Previously satisfied; AuthenticationMethodDetail: ; Succeeded: True; AuthenticationStepResultDetail: First factor requirement satisfied by claim in the token; AuthenticationStepRequirement: ;
AuthenticationStepDateTime: 2026-08-19T00:07:12Z; AuthenticationMethod: Previously satisfied; AuthenticationMethodDetail: ; Succeeded: True; AuthenticationStepResultDetail: MFA requirement satisfied by claim in the token; AuthenticationStepRequirement: ;"
"2026-08-18T23:59:49Z","ServIT","servit@pineywoodsfl.onmicrosoft.com","fb78d390-0c51-40cd-8e17-fdbfab77341b","Microsoft Exchange REST API Based Powershell","2600:1702:5790:7430:24e3:5ad0:2d49:69c7","Mobile Apps and Desktop clients","Mozilla/5.0 (Windows NT 10.0; Win64; x64; WebView/3.0) AppleWebKit/537.36 (KHTML, like Gecko) Chrome/70.0.3538.102 Safari/537.36 Edge/18.26200","37ffca86-cce1-49cb-b774-b037fca0fdd6","True","multiFactorAuthentication","errorCode: 0; failureReason: Other.; additionalDetails: MFA completed in Azure AD","deviceId: ; displayName: ; operatingSystem: Windows10; browser: Edge 18.26200; isCompliant: False; isManaged: False; trustType: ","city: Tucker; state: Georgia; countryOrRegion: US; geoCoordinates: @{altitude=; latitude=33.84861; longitude=-84.2347}","success","ID: c6569448-6b9b-4329-8356-6cdb035f7cf2; DisplayName: Enable MFA - bwadmin; Result: success; ConditionsNotSatisfied: none; SessionControlsNotSatisfied: 
ID: a08e9a43-c474-45ce-854f-67d0f7b3deec; DisplayName: Enable MFA - All Users; Result: success; ConditionsNotSatisfied: none; SessionControlsNotSatisfied: 
ID: b8e8a1ff-dfc9-4eff-8c45-e209f4e26e5b; DisplayName: KaztCap SSL VPN Access; Result: notApplied; ConditionsNotSatisfied: users; SessionControlsNotSatisfied: 
ID: 9dba74f8-0de6-406e-b38c-ba05ea657153; DisplayName: Microsoft-managed: Multifactor authentication for per-user multifactor authentication users; Result: notEnabled; ConditionsNotSatisfied: none; SessionControlsNotSatisfied: 
ID: 7249cafd-bd3b-4f0c-9f6a-de4933e0a484; DisplayName: Location Based Access - Block Outside US; Result: notApplied; ConditionsNotSatisfied: location,ipAddressSeenByAzureAD; SessionControlsNotSatisfied: 
ID: 2c6518a2-ced4-420b-99b2-7a01741512b8; DisplayName: Location Based Access - Allow Specific Countries; Result: notEnabled; ConditionsNotSatisfied: none; SessionControlsNotSatisfied: 
ID: e51298da-9965-4f54-be5a-a1bfa7391207; DisplayName: Microsoft-managed: Multifactor authentication and reauthentication for risky sign-ins; Result: notApplied; ConditionsNotSatisfied: users; SessionControlsNotSatisfied: 
ID: 3cc748c6-e739-4559-b56f-dc898b93b757; DisplayName: Brian Katz Travel Cayman - 12/21-12/28; Result: notEnabled; ConditionsNotSatisfied: none; SessionControlsNotSatisfied: 
ID: dbe24e2b-7971-4159-92e7-029febd9403a; DisplayName: Jeff Lenderman Travel BVI 3/13-3/19; Result: notEnabled; ConditionsNotSatisfied: none; SessionControlsNotSatisfied: 
ID: bda0d60a-c582-4d69-9d7e-f9166be26b08; DisplayName: Brian Katz - Costa Rica; Result: notEnabled; ConditionsNotSatisfied: none; SessionControlsNotSatisfied: 
ID: e4f6bd83-c762-4a93-9fb4-d77b558b5650; DisplayName: Devices - Enforce Device Compliance; Result: reportOnlyFailure; ConditionsNotSatisfied: none; SessionControlsNotSatisfied: 
ID: 0149a225-4092-4a09-ab18-ae7c47c5deeb; DisplayName: Sessions - Enforce Sign-In Frequency; Result: reportOnlySuccess; ConditionsNotSatisfied: none; SessionControlsNotSatisfied: 
ID: 408cead8-caca-4de6-bf52-6f34130a6459; DisplayName: Microsoft-managed: Multifactor authentication for admins accessing Microsoft Admin Portals; Result: reportOnlyNotApplied; ConditionsNotSatisfied: application; SessionControlsNotSatisfied: 
ID: e00078dd-d389-4a8f-ba33-ac7b690a7ce3; DisplayName: Brian Katz Montreal 3/15 - 3/21; Result: reportOnlyNotApplied; ConditionsNotSatisfied: users; SessionControlsNotSatisfied: 
ID: da3712b4-2ee4-4d96-b702-9d73cb4e635a; DisplayName: Locations - Enforce Geo-IP Fencing; Result: reportOnlyNotApplied; ConditionsNotSatisfied: location,ipAddressSeenByAzureAD; SessionControlsNotSatisfied: 
ID: 7bd05172-0534-4c9a-a965-6e9370e281df; DisplayName: Protocols - Enforce Modern Authentication; Result: reportOnlyNotApplied; ConditionsNotSatisfied: clientType; SessionControlsNotSatisfied: 
ID: 6c493fe3-b17a-426e-af02-9f28f033239f; DisplayName: Sessions - Block Persistent Browser Sessions (Admins); Result: reportOnlyNotApplied; ConditionsNotSatisfied: clientType; SessionControlsNotSatisfied: 
ID: 46ddead8-098c-4325-bbeb-836e364f64b5; DisplayName: Sessions - Block Persistent Browser Sessions (Untrusted Locations); Result: reportOnlyNotApplied; ConditionsNotSatisfied: clientType; SessionControlsNotSatisfied: 
ID: 77dbcd7f-566d-4b90-a928-edf2235d1c96; DisplayName: Users - Block Interactive Logins (Service Accounts); Result: reportOnlyNotApplied; ConditionsNotSatisfied: users; SessionControlsNotSatisfied: 
ID: 72f697df-0563-4339-8a40-3a0e56607bcb; DisplayName: Users - Restrict Admin Portal Access; Result: reportOnlyNotApplied; ConditionsNotSatisfied: application; SessionControlsNotSatisfied: ","networkType: namedNetwork; networkNames: Block Countries Per User Per Period","AuthenticationStepDateTime: 2026-08-18T23:59:49Z; AuthenticationMethod: Password; AuthenticationMethodDetail: Password in the cloud; Succeeded: True; AuthenticationStepResultDetail: Correct password; AuthenticationStepRequirement: ;
AuthenticationStepDateTime: 2026-08-18T23:59:49Z; AuthenticationMethod: OATH verification code; AuthenticationMethodDetail: ; Succeeded: True; AuthenticationStepResultDetail: MFA completed in Azure AD; AuthenticationStepRequirement: ;"
"2026-08-18T23:43:58Z","ServIT","servit@pineywoodsfl.onmicrosoft.com","497effe9-df71-4043-a8bb-14cf78c4b63b","Exchange Admin Center","2600:1702:5790:7430:24e3:5ad0:2d49:69c7","Browser","Mozilla/5.0 (Windows NT 10.0; Win64; x64) AppleWebKit/537.36 (KHTML, like Gecko) Chrome/151.0.0.0 Safari/537.36 Edg/151.0.0.0 OS/10.0.26200","d81d447e-2eb6-4e95-95b3-340663ff747a","True","multiFactorAuthentication","errorCode: 0; failureReason: Other.; additionalDetails: MFA requirement satisfied by claim in the token","deviceId: ; displayName: ; operatingSystem: Windows10; browser: Edge 151.0.0; isCompliant: False; isManaged: False; trustType: ","city: Tucker; state: Georgia; countryOrRegion: US; geoCoordinates: @{altitude=; latitude=33.84861; longitude=-84.2347}","success","ID: c6569448-6b9b-4329-8356-6cdb035f7cf2; DisplayName: Enable MFA - bwadmin; Result: success; ConditionsNotSatisfied: none; SessionControlsNotSatisfied: 
ID: a08e9a43-c474-45ce-854f-67d0f7b3deec; DisplayName: Enable MFA - All Users; Result: success; ConditionsNotSatisfied: none; SessionControlsNotSatisfied: 
ID: b8e8a1ff-dfc9-4eff-8c45-e209f4e26e5b; DisplayName: KaztCap SSL VPN Access; Result: notApplied; ConditionsNotSatisfied: users; SessionControlsNotSatisfied: 
ID: 2c6518a2-ced4-420b-99b2-7a01741512b8; DisplayName: Location Based Access - Allow Specific Countries; Result: notEnabled; ConditionsNotSatisfied: none; SessionControlsNotSatisfied: 
ID: 9dba74f8-0de6-406e-b38c-ba05ea657153; DisplayName: Microsoft-managed: Multifactor authentication for per-user multifactor authentication users; Result: notEnabled; ConditionsNotSatisfied: none; SessionControlsNotSatisfied: 
ID: 7249cafd-bd3b-4f0c-9f6a-de4933e0a484; DisplayName: Location Based Access - Block Outside US; Result: notApplied; ConditionsNotSatisfied: location,ipAddressSeenByAzureAD; SessionControlsNotSatisfied: 
ID: e51298da-9965-4f54-be5a-a1bfa7391207; DisplayName: Microsoft-managed: Multifactor authentication and reauthentication for risky sign-ins; Result: notApplied; ConditionsNotSatisfied: users; SessionControlsNotSatisfied: 
ID: 3cc748c6-e739-4559-b56f-dc898b93b757; DisplayName: Brian Katz Travel Cayman - 12/21-12/28; Result: notEnabled; ConditionsNotSatisfied: none; SessionControlsNotSatisfied: 
ID: dbe24e2b-7971-4159-92e7-029febd9403a; DisplayName: Jeff Lenderman Travel BVI 3/13-3/19; Result: notEnabled; ConditionsNotSatisfied: none; SessionControlsNotSatisfied: 
ID: bda0d60a-c582-4d69-9d7e-f9166be26b08; DisplayName: Brian Katz - Costa Rica; Result: notEnabled; ConditionsNotSatisfied: none; SessionControlsNotSatisfied: 
ID: 408cead8-caca-4de6-bf52-6f34130a6459; DisplayName: Microsoft-managed: Multifactor authentication for admins accessing Microsoft Admin Portals; Result: reportOnlySuccess; ConditionsNotSatisfied: none; SessionControlsNotSatisfied: 
ID: e4f6bd83-c762-4a93-9fb4-d77b558b5650; DisplayName: Devices - Enforce Device Compliance; Result: reportOnlyFailure; ConditionsNotSatisfied: none; SessionControlsNotSatisfied: 
ID: 6c493fe3-b17a-426e-af02-9f28f033239f; DisplayName: Sessions - Block Persistent Browser Sessions (Admins); Result: reportOnlySuccess; ConditionsNotSatisfied: none; SessionControlsNotSatisfied: 
ID: 46ddead8-098c-4325-bbeb-836e364f64b5; DisplayName: Sessions - Block Persistent Browser Sessions (Untrusted Locations); Result: reportOnlySuccess; ConditionsNotSatisfied: none; SessionControlsNotSatisfied: 
ID: 0149a225-4092-4a09-ab18-ae7c47c5deeb; DisplayName: Sessions - Enforce Sign-In Frequency; Result: reportOnlySuccess; ConditionsNotSatisfied: none; SessionControlsNotSatisfied: 
ID: e00078dd-d389-4a8f-ba33-ac7b690a7ce3; DisplayName: Brian Katz Montreal 3/15 - 3/21; Result: reportOnlyNotApplied; ConditionsNotSatisfied: users; SessionControlsNotSatisfied: 
ID: da3712b4-2ee4-4d96-b702-9d73cb4e635a; DisplayName: Locations - Enforce Geo-IP Fencing; Result: reportOnlyNotApplied; ConditionsNotSatisfied: location,ipAddressSeenByAzureAD; SessionControlsNotSatisfied: 
ID: 7bd05172-0534-4c9a-a965-6e9370e281df; DisplayName: Protocols - Enforce Modern Authentication; Result: reportOnlyNotApplied; ConditionsNotSatisfied: clientType; SessionControlsNotSatisfied: 
ID: 77dbcd7f-566d-4b90-a928-edf2235d1c96; DisplayName: Users - Block Interactive Logins (Service Accounts); Result: reportOnlyNotApplied; ConditionsNotSatisfied: users; SessionControlsNotSatisfied: 
ID: 72f697df-0563-4339-8a40-3a0e56607bcb; DisplayName: Users - Restrict Admin Portal Access; Result: reportOnlyNotApplied; ConditionsNotSatisfied: users; SessionControlsNotSatisfied: ","networkType: namedNetwork; networkNames: Block Countries Per User Per Period","AuthenticationStepDateTime: 2026-08-18T23:43:58Z; AuthenticationMethod: Previously satisfied; AuthenticationMethodDetail: ; Succeeded: True; AuthenticationStepResultDetail: First factor requirement satisfied by claim in the token; AuthenticationStepRequirement: ;
AuthenticationStepDateTime: 2026-08-18T23:43:58Z; AuthenticationMethod: Previously satisfied; AuthenticationMethodDetail: ; Succeeded: True; AuthenticationStepResultDetail: MFA requirement satisfied by claim in the token; AuthenticationStepRequirement: ;"
"2026-08-18T23:41:51Z","ServIT","servit@pineywoodsfl.onmicrosoft.com","618dd325-23f6-4b6f-8380-4df78026e39b","Microsoft 365 Admin portal","2600:1702:5790:7430:24e3:5ad0:2d49:69c7","Browser","Mozilla/5.0 (Windows NT 10.0; Win64; x64) AppleWebKit/537.36 (KHTML, like Gecko) Chrome/151.0.0.0 Safari/537.36 Edg/151.0.0.0 OS/10.0.26200","43a61341-dbd9-4746-a699-14778f54318f","True","multiFactorAuthentication","errorCode: 0; failureReason: Other.; additionalDetails: MFA requirement satisfied by claim in the token","deviceId: ; displayName: ; operatingSystem: Windows10; browser: Edge 151.0.0; isCompliant: False; isManaged: False; trustType: ","city: Tucker; state: Georgia; countryOrRegion: US; geoCoordinates: @{altitude=; latitude=33.84861; longitude=-84.2347}","success","ID: c6569448-6b9b-4329-8356-6cdb035f7cf2; DisplayName: Enable MFA - bwadmin; Result: success; ConditionsNotSatisfied: none; SessionControlsNotSatisfied: 
ID: a08e9a43-c474-45ce-854f-67d0f7b3deec; DisplayName: Enable MFA - All Users; Result: success; ConditionsNotSatisfied: none; SessionControlsNotSatisfied: 
ID: b8e8a1ff-dfc9-4eff-8c45-e209f4e26e5b; DisplayName: KaztCap SSL VPN Access; Result: notApplied; ConditionsNotSatisfied: users; SessionControlsNotSatisfied: 
ID: 9dba74f8-0de6-406e-b38c-ba05ea657153; DisplayName: Microsoft-managed: Multifactor authentication for per-user multifactor authentication users; Result: notEnabled; ConditionsNotSatisfied: none; SessionControlsNotSatisfied: 
ID: 7249cafd-bd3b-4f0c-9f6a-de4933e0a484; DisplayName: Location Based Access - Block Outside US; Result: notApplied; ConditionsNotSatisfied: location,ipAddressSeenByAzureAD; SessionControlsNotSatisfied: 
ID: 2c6518a2-ced4-420b-99b2-7a01741512b8; DisplayName: Location Based Access - Allow Specific Countries; Result: notEnabled; ConditionsNotSatisfied: none; SessionControlsNotSatisfied: 
ID: e51298da-9965-4f54-be5a-a1bfa7391207; DisplayName: Microsoft-managed: Multifactor authentication and reauthentication for risky sign-ins; Result: notApplied; ConditionsNotSatisfied: users; SessionControlsNotSatisfied: 
ID: 3cc748c6-e739-4559-b56f-dc898b93b757; DisplayName: Brian Katz Travel Cayman - 12/21-12/28; Result: notEnabled; ConditionsNotSatisfied: none; SessionControlsNotSatisfied: 
ID: dbe24e2b-7971-4159-92e7-029febd9403a; DisplayName: Jeff Lenderman Travel BVI 3/13-3/19; Result: notEnabled; ConditionsNotSatisfied: none; SessionControlsNotSatisfied: 
ID: bda0d60a-c582-4d69-9d7e-f9166be26b08; DisplayName: Brian Katz - Costa Rica; Result: notEnabled; ConditionsNotSatisfied: none; SessionControlsNotSatisfied: 
ID: e4f6bd83-c762-4a93-9fb4-d77b558b5650; DisplayName: Devices - Enforce Device Compliance; Result: reportOnlyFailure; ConditionsNotSatisfied: none; SessionControlsNotSatisfied: 
ID: 6c493fe3-b17a-426e-af02-9f28f033239f; DisplayName: Sessions - Block Persistent Browser Sessions (Admins); Result: reportOnlySuccess; ConditionsNotSatisfied: none; SessionControlsNotSatisfied: 
ID: 46ddead8-098c-4325-bbeb-836e364f64b5; DisplayName: Sessions - Block Persistent Browser Sessions (Untrusted Locations); Result: reportOnlySuccess; ConditionsNotSatisfied: none; SessionControlsNotSatisfied: 
ID: 0149a225-4092-4a09-ab18-ae7c47c5deeb; DisplayName: Sessions - Enforce Sign-In Frequency; Result: reportOnlySuccess; ConditionsNotSatisfied: none; SessionControlsNotSatisfied: 
ID: 408cead8-caca-4de6-bf52-6f34130a6459; DisplayName: Microsoft-managed: Multifactor authentication for admins accessing Microsoft Admin Portals; Result: reportOnlyNotApplied; ConditionsNotSatisfied: application; SessionControlsNotSatisfied: 
ID: e00078dd-d389-4a8f-ba33-ac7b690a7ce3; DisplayName: Brian Katz Montreal 3/15 - 3/21; Result: reportOnlyNotApplied; ConditionsNotSatisfied: users; SessionControlsNotSatisfied: 
ID: da3712b4-2ee4-4d96-b702-9d73cb4e635a; DisplayName: Locations - Enforce Geo-IP Fencing; Result: reportOnlyNotApplied; ConditionsNotSatisfied: location,ipAddressSeenByAzureAD; SessionControlsNotSatisfied: 
ID: 7bd05172-0534-4c9a-a965-6e9370e281df; DisplayName: Protocols - Enforce Modern Authentication; Result: reportOnlyNotApplied; ConditionsNotSatisfied: clientType; SessionControlsNotSatisfied: 
ID: 77dbcd7f-566d-4b90-a928-edf2235d1c96; DisplayName: Users - Block Interactive Logins (Service Accounts); Result: reportOnlyNotApplied; ConditionsNotSatisfied: users; SessionControlsNotSatisfied: 
ID: 72f697df-0563-4339-8a40-3a0e56607bcb; DisplayName: Users - Restrict Admin Portal Access; Result: reportOnlyNotApplied; ConditionsNotSatisfied: application; SessionControlsNotSatisfied: ","networkType: namedNetwork; networkNames: Block Countries Per User Per Period","AuthenticationStepDateTime: 2026-08-18T23:41:51Z; AuthenticationMethod: Previously satisfied; AuthenticationMethodDetail: ; Succeeded: True; AuthenticationStepResultDetail: First factor requirement satisfied by claim in the token; AuthenticationStepRequirement: ;
AuthenticationStepDateTime: 2026-08-18T23:41:51Z; AuthenticationMethod: Previously satisfied; AuthenticationMethodDetail: ; Succeeded: True; AuthenticationStepResultDetail: MFA requirement satisfied by claim in the token; AuthenticationStepRequirement: ;"
"2026-08-18T23:41:47Z","ServIT","servit@pineywoodsfl.onmicrosoft.com","00000006-0000-0ff1-ce00-000000000000","Microsoft Office 365 Portal","2600:1702:5790:7430:24e3:5ad0:2d49:69c7","Browser","Mozilla/5.0 (Windows NT 10.0; Win64; x64) AppleWebKit/537.36 (KHTML, like Gecko) Chrome/151.0.0.0 Safari/537.36 Edg/151.0.0.0 OS/10.0.26200","4e141ee2-afa9-48dc-b1fe-bbccd3c607e6","True","multiFactorAuthentication","errorCode: 0; failureReason: Other.; additionalDetails: MFA requirement satisfied by claim in the token","deviceId: ; displayName: ; operatingSystem: Windows10; browser: Edge 151.0.0; isCompliant: False; isManaged: False; trustType: ","city: Tucker; state: Georgia; countryOrRegion: US; geoCoordinates: @{altitude=; latitude=33.84861; longitude=-84.2347}","success","ID: a08e9a43-c474-45ce-854f-67d0f7b3deec; DisplayName: Enable MFA - All Users; Result: success; ConditionsNotSatisfied: none; SessionControlsNotSatisfied: 
ID: c6569448-6b9b-4329-8356-6cdb035f7cf2; DisplayName: Enable MFA - bwadmin; Result: success; ConditionsNotSatisfied: none; SessionControlsNotSatisfied: 
ID: b8e8a1ff-dfc9-4eff-8c45-e209f4e26e5b; DisplayName: KaztCap SSL VPN Access; Result: notApplied; ConditionsNotSatisfied: users; SessionControlsNotSatisfied: 
ID: 2c6518a2-ced4-420b-99b2-7a01741512b8; DisplayName: Location Based Access - Allow Specific Countries; Result: notEnabled; ConditionsNotSatisfied: none; SessionControlsNotSatisfied: 
ID: 9dba74f8-0de6-406e-b38c-ba05ea657153; DisplayName: Microsoft-managed: Multifactor authentication for per-user multifactor authentication users; Result: notEnabled; ConditionsNotSatisfied: none; SessionControlsNotSatisfied: 
ID: e51298da-9965-4f54-be5a-a1bfa7391207; DisplayName: Microsoft-managed: Multifactor authentication and reauthentication for risky sign-ins; Result: notApplied; ConditionsNotSatisfied: users; SessionControlsNotSatisfied: 
ID: 3cc748c6-e739-4559-b56f-dc898b93b757; DisplayName: Brian Katz Travel Cayman - 12/21-12/28; Result: notEnabled; ConditionsNotSatisfied: none; SessionControlsNotSatisfied: 
ID: 7249cafd-bd3b-4f0c-9f6a-de4933e0a484; DisplayName: Location Based Access - Block Outside US; Result: notApplied; ConditionsNotSatisfied: location,ipAddressSeenByAzureAD; SessionControlsNotSatisfied: 
ID: dbe24e2b-7971-4159-92e7-029febd9403a; DisplayName: Jeff Lenderman Travel BVI 3/13-3/19; Result: notEnabled; ConditionsNotSatisfied: none; SessionControlsNotSatisfied: 
ID: bda0d60a-c582-4d69-9d7e-f9166be26b08; DisplayName: Brian Katz - Costa Rica; Result: notEnabled; ConditionsNotSatisfied: none; SessionControlsNotSatisfied: 
ID: 408cead8-caca-4de6-bf52-6f34130a6459; DisplayName: Microsoft-managed: Multifactor authentication for admins accessing Microsoft Admin Portals; Result: reportOnlySuccess; ConditionsNotSatisfied: none; SessionControlsNotSatisfied: 
ID: e4f6bd83-c762-4a93-9fb4-d77b558b5650; DisplayName: Devices - Enforce Device Compliance; Result: reportOnlyFailure; ConditionsNotSatisfied: none; SessionControlsNotSatisfied: 
ID: 6c493fe3-b17a-426e-af02-9f28f033239f; DisplayName: Sessions - Block Persistent Browser Sessions (Admins); Result: reportOnlySuccess; ConditionsNotSatisfied: none; SessionControlsNotSatisfied: 
ID: 46ddead8-098c-4325-bbeb-836e364f64b5; DisplayName: Sessions - Block Persistent Browser Sessions (Untrusted Locations); Result: reportOnlySuccess; ConditionsNotSatisfied: none; SessionControlsNotSatisfied: 
ID: 0149a225-4092-4a09-ab18-ae7c47c5deeb; DisplayName: Sessions - Enforce Sign-In Frequency; Result: reportOnlySuccess; ConditionsNotSatisfied: none; SessionControlsNotSatisfied: 
ID: e00078dd-d389-4a8f-ba33-ac7b690a7ce3; DisplayName: Brian Katz Montreal 3/15 - 3/21; Result: reportOnlyNotApplied; ConditionsNotSatisfied: users; SessionControlsNotSatisfied: 
ID: da3712b4-2ee4-4d96-b702-9d73cb4e635a; DisplayName: Locations - Enforce Geo-IP Fencing; Result: reportOnlyNotApplied; ConditionsNotSatisfied: location,ipAddressSeenByAzureAD; SessionControlsNotSatisfied: 
ID: 7bd05172-0534-4c9a-a965-6e9370e281df; DisplayName: Protocols - Enforce Modern Authentication; Result: reportOnlyNotApplied; ConditionsNotSatisfied: clientType; SessionControlsNotSatisfied: 
ID: 77dbcd7f-566d-4b90-a928-edf2235d1c96; DisplayName: Users - Block Interactive Logins (Service Accounts); Result: reportOnlyNotApplied; ConditionsNotSatisfied: users; SessionControlsNotSatisfied: 
ID: 72f697df-0563-4339-8a40-3a0e56607bcb; DisplayName: Users - Restrict Admin Portal Access; Result: reportOnlyNotApplied; ConditionsNotSatisfied: users; SessionControlsNotSatisfied: ","networkType: namedNetwork; networkNames: Block Countries Per User Per Period","AuthenticationStepDateTime: 2026-08-18T23:41:47Z; AuthenticationMethod: Previously satisfied; AuthenticationMethodDetail: ; Succeeded: True; AuthenticationStepResultDetail: First factor requirement satisfied by claim in the token; AuthenticationStepRequirement: ;
AuthenticationStepDateTime: 2026-08-18T23:41:47Z; AuthenticationMethod: Previously satisfied; AuthenticationMethodDetail: ; Succeeded: True; AuthenticationStepResultDetail: MFA requirement satisfied by claim in the token; AuthenticationStepRequirement: ;"
"2026-08-18T23:40:02Z","ServIT","servit@pineywoodsfl.onmicrosoft.com","4765445b-32c6-49b0-83e6-1d93765276ca","OfficeHome","2600:1702:5790:7430:24e3:5ad0:2d49:69c7","Browser","Mozilla/5.0 (Windows NT 10.0; Win64; x64) AppleWebKit/537.36 (KHTML, like Gecko) Chrome/151.0.0.0 Safari/537.36 Edg/151.0.0.0 OS/10.0.26200","a1176806-b5a6-4179-a965-06a16728d3c9","True","multiFactorAuthentication","errorCode: 0; failureReason: Other.; additionalDetails: MFA completed in Azure AD","deviceId: ; displayName: ; operatingSystem: Windows10; browser: Edge 151.0.0; isCompliant: False; isManaged: False; trustType: ","city: Tucker; state: Georgia; countryOrRegion: US; geoCoordinates: @{altitude=; latitude=33.84861; longitude=-84.2347}","success","ID: a08e9a43-c474-45ce-854f-67d0f7b3deec; DisplayName: Enable MFA - All Users; Result: success; ConditionsNotSatisfied: none; SessionControlsNotSatisfied: 
ID: c6569448-6b9b-4329-8356-6cdb035f7cf2; DisplayName: Enable MFA - bwadmin; Result: success; ConditionsNotSatisfied: none; SessionControlsNotSatisfied: 
ID: b8e8a1ff-dfc9-4eff-8c45-e209f4e26e5b; DisplayName: KaztCap SSL VPN Access; Result: notApplied; ConditionsNotSatisfied: users; SessionControlsNotSatisfied: 
ID: 2c6518a2-ced4-420b-99b2-7a01741512b8; DisplayName: Location Based Access - Allow Specific Countries; Result: notEnabled; ConditionsNotSatisfied: none; SessionControlsNotSatisfied: 
ID: 9dba74f8-0de6-406e-b38c-ba05ea657153; DisplayName: Microsoft-managed: Multifactor authentication for per-user multifactor authentication users; Result: notEnabled; ConditionsNotSatisfied: none; SessionControlsNotSatisfied: 
ID: e51298da-9965-4f54-be5a-a1bfa7391207; DisplayName: Microsoft-managed: Multifactor authentication and reauthentication for risky sign-ins; Result: notApplied; ConditionsNotSatisfied: users; SessionControlsNotSatisfied: 
ID: 3cc748c6-e739-4559-b56f-dc898b93b757; DisplayName: Brian Katz Travel Cayman - 12/21-12/28; Result: notEnabled; ConditionsNotSatisfied: none; SessionControlsNotSatisfied: 
ID: 7249cafd-bd3b-4f0c-9f6a-de4933e0a484; DisplayName: Location Based Access - Block Outside US; Result: notApplied; ConditionsNotSatisfied: location,ipAddressSeenByAzureAD; SessionControlsNotSatisfied: 
ID: dbe24e2b-7971-4159-92e7-029febd9403a; DisplayName: Jeff Lenderman Travel BVI 3/13-3/19; Result: notEnabled; ConditionsNotSatisfied: none; SessionControlsNotSatisfied: 
ID: bda0d60a-c582-4d69-9d7e-f9166be26b08; DisplayName: Brian Katz - Costa Rica; Result: notEnabled; ConditionsNotSatisfied: none; SessionControlsNotSatisfied: 
ID: e4f6bd83-c762-4a93-9fb4-d77b558b5650; DisplayName: Devices - Enforce Device Compliance; Result: reportOnlyFailure; ConditionsNotSatisfied: none; SessionControlsNotSatisfied: 
ID: 6c493fe3-b17a-426e-af02-9f28f033239f; DisplayName: Sessions - Block Persistent Browser Sessions (Admins); Result: reportOnlySuccess; ConditionsNotSatisfied: none; SessionControlsNotSatisfied: 
ID: 46ddead8-098c-4325-bbeb-836e364f64b5; DisplayName: Sessions - Block Persistent Browser Sessions (Untrusted Locations); Result: reportOnlySuccess; ConditionsNotSatisfied: none; SessionControlsNotSatisfied: 
ID: 0149a225-4092-4a09-ab18-ae7c47c5deeb; DisplayName: Sessions - Enforce Sign-In Frequency; Result: reportOnlySuccess; ConditionsNotSatisfied: none; SessionControlsNotSatisfied: 
ID: 408cead8-caca-4de6-bf52-6f34130a6459; DisplayName: Microsoft-managed: Multifactor authentication for admins accessing Microsoft Admin Portals; Result: reportOnlyNotApplied; ConditionsNotSatisfied: application; SessionControlsNotSatisfied: 
ID: e00078dd-d389-4a8f-ba33-ac7b690a7ce3; DisplayName: Brian Katz Montreal 3/15 - 3/21; Result: reportOnlyNotApplied; ConditionsNotSatisfied: users; SessionControlsNotSatisfied: 
ID: da3712b4-2ee4-4d96-b702-9d73cb4e635a; DisplayName: Locations - Enforce Geo-IP Fencing; Result: reportOnlyNotApplied; ConditionsNotSatisfied: location,ipAddressSeenByAzureAD; SessionControlsNotSatisfied: 
ID: 7bd05172-0534-4c9a-a965-6e9370e281df; DisplayName: Protocols - Enforce Modern Authentication; Result: reportOnlyNotApplied; ConditionsNotSatisfied: clientType; SessionControlsNotSatisfied: 
ID: 77dbcd7f-566d-4b90-a928-edf2235d1c96; DisplayName: Users - Block Interactive Logins (Service Accounts); Result: reportOnlyNotApplied; ConditionsNotSatisfied: users; SessionControlsNotSatisfied: 
ID: 72f697df-0563-4339-8a40-3a0e56607bcb; DisplayName: Users - Restrict Admin Portal Access; Result: reportOnlyNotApplied; ConditionsNotSatisfied: application; SessionControlsNotSatisfied: ","networkType: namedNetwork; networkNames: Block Countries Per User Per Period","AuthenticationStepDateTime: 2026-08-18T23:40:02Z; AuthenticationMethod: Password; AuthenticationMethodDetail: Password in the cloud; Succeeded: True; AuthenticationStepResultDetail: Correct password; AuthenticationStepRequirement: ;
AuthenticationStepDateTime: 2026-08-18T23:40:02Z; AuthenticationMethod: OATH verification code; AuthenticationMethodDetail: ; Succeeded: True; AuthenticationStepResultDetail: MFA completed in Azure AD; AuthenticationStepRequirement: ;"
"2026-08-18T22:52:53Z","Patrick Kenny","pkenny@katzcapital.com","38aa3b87-a06d-4817-b275-7a316988d93b","Windows Sign In","2603:9000:e700:d622:88b1:2532:be67:fd2d","Mobile Apps and Desktop clients","Windows-AzureAD-Authentication-Provider/1.0","6c340a41-7eac-47b5-ae6e-da90e51bc46e","True","singleFactorAuthentication","errorCode: 0; failureReason: Other.; additionalDetails: MFA requirement satisfied by claim in the token","deviceId: 16c6fa36-c0b1-49fe-8eaa-8f8d987918df; displayName: PWC-L-25-02; operatingSystem: Windows; browser: ; isCompliant: False; isManaged: False; trustType: Azure AD joined","city: Largo; state: Florida; countryOrRegion: US; geoCoordinates: @{altitude=; latitude=27.91632; longitude=-82.80295}","notApplied","","networkType: namedNetwork; networkNames: Block Countries Per User Per Period","AuthenticationStepDateTime: 2026-08-18T22:52:53Z; AuthenticationMethod: Windows Hello for Business; AuthenticationMethodDetail: ; Succeeded: True; AuthenticationStepResultDetail: User approved; AuthenticationStepRequirement: ;"
"2026-08-18T21:21:56Z","Pineywoods Realty Admin","admin@pineywoodsrealtyfl.com","9199bf20-a13f-4107-85dc-02114787ef48","One Outlook Web","47.206.189.128","Browser","Mozilla/5.0 (Windows NT 10.0; Win64; x64) AppleWebKit/537.36 (KHTML, like Gecko) Chrome/150.0.0.0 Safari/537.36","1d44964d-e2ba-2b68-7d3f-2500101efc47","True","multiFactorAuthentication","errorCode: 0; failureReason: Other.; additionalDetails: MFA requirement satisfied by claim in the token","deviceId: ; displayName: ; operatingSystem: Windows10; browser: Chrome 150.0.0; isCompliant: False; isManaged: False; trustType: ","city: Tampa; state: Florida; countryOrRegion: US; geoCoordinates: @{altitude=; latitude=27.94497; longitude=-82.44757}","success","ID: a08e9a43-c474-45ce-854f-67d0f7b3deec; DisplayName: Enable MFA - All Users; Result: success; ConditionsNotSatisfied: none; SessionControlsNotSatisfied: 
ID: b8e8a1ff-dfc9-4eff-8c45-e209f4e26e5b; DisplayName: KaztCap SSL VPN Access; Result: notApplied; ConditionsNotSatisfied: users; SessionControlsNotSatisfied: 
ID: 2c6518a2-ced4-420b-99b2-7a01741512b8; DisplayName: Location Based Access - Allow Specific Countries; Result: notEnabled; ConditionsNotSatisfied: none; SessionControlsNotSatisfied: 
ID: 9dba74f8-0de6-406e-b38c-ba05ea657153; DisplayName: Microsoft-managed: Multifactor authentication for per-user multifactor authentication users; Result: notEnabled; ConditionsNotSatisfied: none; SessionControlsNotSatisfied: 
ID: e51298da-9965-4f54-be5a-a1bfa7391207; DisplayName: Microsoft-managed: Multifactor authentication and reauthentication for risky sign-ins; Result: notApplied; ConditionsNotSatisfied: signInRisk; SessionControlsNotSatisfied: 
ID: c6569448-6b9b-4329-8356-6cdb035f7cf2; DisplayName: Enable MFA - bwadmin; Result: notApplied; ConditionsNotSatisfied: users; SessionControlsNotSatisfied: 
ID: 7249cafd-bd3b-4f0c-9f6a-de4933e0a484; DisplayName: Location Based Access - Block Outside US; Result: notApplied; ConditionsNotSatisfied: location,ipAddressSeenByAzureAD; SessionControlsNotSatisfied: 
ID: 3cc748c6-e739-4559-b56f-dc898b93b757; DisplayName: Brian Katz Travel Cayman - 12/21-12/28; Result: notEnabled; ConditionsNotSatisfied: none; SessionControlsNotSatisfied: 
ID: dbe24e2b-7971-4159-92e7-029febd9403a; DisplayName: Jeff Lenderman Travel BVI 3/13-3/19; Result: notEnabled; ConditionsNotSatisfied: none; SessionControlsNotSatisfied: 
ID: bda0d60a-c582-4d69-9d7e-f9166be26b08; DisplayName: Brian Katz - Costa Rica; Result: notEnabled; ConditionsNotSatisfied: none; SessionControlsNotSatisfied: 
ID: e4f6bd83-c762-4a93-9fb4-d77b558b5650; DisplayName: Devices - Enforce Device Compliance; Result: reportOnlyFailure; ConditionsNotSatisfied: none; SessionControlsNotSatisfied: 
ID: 46ddead8-098c-4325-bbeb-836e364f64b5; DisplayName: Sessions - Block Persistent Browser Sessions (Untrusted Locations); Result: reportOnlySuccess; ConditionsNotSatisfied: none; SessionControlsNotSatisfied: 
ID: 0149a225-4092-4a09-ab18-ae7c47c5deeb; DisplayName: Sessions - Enforce Sign-In Frequency; Result: reportOnlySuccess; ConditionsNotSatisfied: none; SessionControlsNotSatisfied: 
ID: 408cead8-caca-4de6-bf52-6f34130a6459; DisplayName: Microsoft-managed: Multifactor authentication for admins accessing Microsoft Admin Portals; Result: reportOnlyNotApplied; ConditionsNotSatisfied: application; SessionControlsNotSatisfied: 
ID: e00078dd-d389-4a8f-ba33-ac7b690a7ce3; DisplayName: Brian Katz Montreal 3/15 - 3/21; Result: reportOnlyNotApplied; ConditionsNotSatisfied: users; SessionControlsNotSatisfied: 
ID: da3712b4-2ee4-4d96-b702-9d73cb4e635a; DisplayName: Locations - Enforce Geo-IP Fencing; Result: reportOnlyNotApplied; ConditionsNotSatisfied: location,ipAddressSeenByAzureAD; SessionControlsNotSatisfied: 
ID: 7bd05172-0534-4c9a-a965-6e9370e281df; DisplayName: Protocols - Enforce Modern Authentication; Result: reportOnlyNotApplied; ConditionsNotSatisfied: clientType; SessionControlsNotSatisfied: 
ID: 6c493fe3-b17a-426e-af02-9f28f033239f; DisplayName: Sessions - Block Persistent Browser Sessions (Admins); Result: reportOnlyNotApplied; ConditionsNotSatisfied: users; SessionControlsNotSatisfied: 
ID: 77dbcd7f-566d-4b90-a928-edf2235d1c96; DisplayName: Users - Block Interactive Logins (Service Accounts); Result: reportOnlyNotApplied; ConditionsNotSatisfied: users; SessionControlsNotSatisfied: 
ID: 72f697df-0563-4339-8a40-3a0e56607bcb; DisplayName: Users - Restrict Admin Portal Access; Result: reportOnlyNotApplied; ConditionsNotSatisfied: application; SessionControlsNotSatisfied: ","networkType: namedNetwork; networkNames: Block Countries Per User Per Period","AuthenticationStepDateTime: 2026-08-18T21:21:56Z; AuthenticationMethod: Previously satisfied; AuthenticationMethodDetail: ; Succeeded: True; AuthenticationStepResultDetail: First factor requirement satisfied by claim in the token; AuthenticationStepRequirement: ;
AuthenticationStepDateTime: 2026-08-18T21:21:56Z; AuthenticationMethod: Previously satisfied; AuthenticationMethodDetail: ; Succeeded: True; AuthenticationStepResultDetail: MFA requirement satisfied by claim in the token; AuthenticationStepRequirement: ;"
"2026-08-18T19:57:12Z","Ashley Savala","asavala@pineywoodsrealtyfl.com","9199bf20-a13f-4107-85dc-02114787ef48","One Outlook Web","47.198.26.60","Browser","Mozilla/5.0 (Windows NT 10.0; Win64; x64) AppleWebKit/537.36 (KHTML, like Gecko) Chrome/151.0.0.0 Safari/537.36","efa662a4-813f-88ec-6082-557dda80c4ac","True","multiFactorAuthentication","errorCode: 0; failureReason: Other.; additionalDetails: MFA requirement satisfied by claim in the token","deviceId: ; displayName: ; operatingSystem: Windows10; browser: Chrome 151.0.0; isCompliant: False; isManaged: False; trustType: ","city: Odessa; state: Florida; countryOrRegion: US; geoCoordinates: @{altitude=; latitude=28.1414; longitude=-82.59334}","success","ID: a08e9a43-c474-45ce-854f-67d0f7b3deec; DisplayName: Enable MFA - All Users; Result: success; ConditionsNotSatisfied: none; SessionControlsNotSatisfied: 
ID: b8e8a1ff-dfc9-4eff-8c45-e209f4e26e5b; DisplayName: KaztCap SSL VPN Access; Result: notApplied; ConditionsNotSatisfied: users; SessionControlsNotSatisfied: 
ID: c6569448-6b9b-4329-8356-6cdb035f7cf2; DisplayName: Enable MFA - bwadmin; Result: notApplied; ConditionsNotSatisfied: users; SessionControlsNotSatisfied: 
ID: 2c6518a2-ced4-420b-99b2-7a01741512b8; DisplayName: Location Based Access - Allow Specific Countries; Result: notEnabled; ConditionsNotSatisfied: none; SessionControlsNotSatisfied: 
ID: 9dba74f8-0de6-406e-b38c-ba05ea657153; DisplayName: Microsoft-managed: Multifactor authentication for per-user multifactor authentication users; Result: notEnabled; ConditionsNotSatisfied: none; SessionControlsNotSatisfied: 
ID: 7249cafd-bd3b-4f0c-9f6a-de4933e0a484; DisplayName: Location Based Access - Block Outside US; Result: notApplied; ConditionsNotSatisfied: location,ipAddressSeenByAzureAD; SessionControlsNotSatisfied: 
ID: e51298da-9965-4f54-be5a-a1bfa7391207; DisplayName: Microsoft-managed: Multifactor authentication and reauthentication for risky sign-ins; Result: notApplied; ConditionsNotSatisfied: signInRisk; SessionControlsNotSatisfied: 
ID: 3cc748c6-e739-4559-b56f-dc898b93b757; DisplayName: Brian Katz Travel Cayman - 12/21-12/28; Result: notEnabled; ConditionsNotSatisfied: none; SessionControlsNotSatisfied: 
ID: dbe24e2b-7971-4159-92e7-029febd9403a; DisplayName: Jeff Lenderman Travel BVI 3/13-3/19; Result: notEnabled; ConditionsNotSatisfied: none; SessionControlsNotSatisfied: 
ID: bda0d60a-c582-4d69-9d7e-f9166be26b08; DisplayName: Brian Katz - Costa Rica; Result: notEnabled; ConditionsNotSatisfied: none; SessionControlsNotSatisfied: 
ID: e4f6bd83-c762-4a93-9fb4-d77b558b5650; DisplayName: Devices - Enforce Device Compliance; Result: reportOnlyFailure; ConditionsNotSatisfied: none; SessionControlsNotSatisfied: 
ID: 46ddead8-098c-4325-bbeb-836e364f64b5; DisplayName: Sessions - Block Persistent Browser Sessions (Untrusted Locations); Result: reportOnlySuccess; ConditionsNotSatisfied: none; SessionControlsNotSatisfied: 
ID: 0149a225-4092-4a09-ab18-ae7c47c5deeb; DisplayName: Sessions - Enforce Sign-In Frequency; Result: reportOnlySuccess; ConditionsNotSatisfied: none; SessionControlsNotSatisfied: 
ID: 408cead8-caca-4de6-bf52-6f34130a6459; DisplayName: Microsoft-managed: Multifactor authentication for admins accessing Microsoft Admin Portals; Result: reportOnlyNotApplied; ConditionsNotSatisfied: application; SessionControlsNotSatisfied: 
ID: e00078dd-d389-4a8f-ba33-ac7b690a7ce3; DisplayName: Brian Katz Montreal 3/15 - 3/21; Result: reportOnlyNotApplied; ConditionsNotSatisfied: users; SessionControlsNotSatisfied: 
ID: da3712b4-2ee4-4d96-b702-9d73cb4e635a; DisplayName: Locations - Enforce Geo-IP Fencing; Result: reportOnlyNotApplied; ConditionsNotSatisfied: location,ipAddressSeenByAzureAD; SessionControlsNotSatisfied: 
ID: 7bd05172-0534-4c9a-a965-6e9370e281df; DisplayName: Protocols - Enforce Modern Authentication; Result: reportOnlyNotApplied; ConditionsNotSatisfied: clientType; SessionControlsNotSatisfied: 
ID: 6c493fe3-b17a-426e-af02-9f28f033239f; DisplayName: Sessions - Block Persistent Browser Sessions (Admins); Result: reportOnlyNotApplied; ConditionsNotSatisfied: users; SessionControlsNotSatisfied: 
ID: 77dbcd7f-566d-4b90-a928-edf2235d1c96; DisplayName: Users - Block Interactive Logins (Service Accounts); Result: reportOnlyNotApplied; ConditionsNotSatisfied: users; SessionControlsNotSatisfied: 
ID: 72f697df-0563-4339-8a40-3a0e56607bcb; DisplayName: Users - Restrict Admin Portal Access; Result: reportOnlyNotApplied; ConditionsNotSatisfied: application; SessionControlsNotSatisfied: ","networkType: namedNetwork; networkNames: Block Countries Per User Per Period","AuthenticationStepDateTime: 2026-08-18T19:57:12Z; AuthenticationMethod: Previously satisfied; AuthenticationMethodDetail: ; Succeeded: True; AuthenticationStepResultDetail: First factor requirement satisfied by claim in the token; AuthenticationStepRequirement: ;
AuthenticationStepDateTime: 2026-08-18T19:57:12Z; AuthenticationMethod: Previously satisfied; AuthenticationMethodDetail: ; Succeeded: True; AuthenticationStepResultDetail: MFA requirement satisfied by claim in the token; AuthenticationStepRequirement: ;"
"2026-08-18T19:52:29Z","Eric Fischman","efischman@pineywoodsmortgage.com","38aa3b87-a06d-4817-b275-7a316988d93b","Windows Sign In","68.204.65.64","Mobile Apps and Desktop clients","Windows-AzureAD-Authentication-Provider/1.0","8effc00d-b64e-45c3-9598-b84a50db535f","True","singleFactorAuthentication","errorCode: 0; failureReason: Other.; additionalDetails: MFA requirement satisfied by claim in the token","deviceId: 67cf7947-db50-469b-a3d8-cbdbc3d193d4; displayName: PWC-L-25-01; operatingSystem: Windows; browser: ; isCompliant: False; isManaged: False; trustType: Azure AD joined","city: Tampa; state: Florida; countryOrRegion: US; geoCoordinates: @{altitude=; latitude=28.00153; longitude=-82.37678}","notApplied","","networkType: namedNetwork; networkNames: Block Countries Per User Per Period","AuthenticationStepDateTime: 2026-08-18T19:52:29Z; AuthenticationMethod: Windows Hello for Business; AuthenticationMethodDetail: ; Succeeded: True; AuthenticationStepResultDetail: User approved; AuthenticationStepRequirement: ;"
"2026-08-18T19:38:48Z","Vic Pellegrino","vpellegrino@katzcapital.com","38aa3b87-a06d-4817-b275-7a316988d93b","Windows Sign In","47.206.189.128","Mobile Apps and Desktop clients","Windows-AzureAD-Authentication-Provider/1.0","db0be439-253a-4c05-9b7c-f2d1ee7cab88","True","singleFactorAuthentication","errorCode: 0; failureReason: Other.; additionalDetails: MFA requirement satisfied by claim in the token","deviceId: 1f32f206-823d-4edb-8433-42eb108dd013; displayName: PWC-L-26-01; operatingSystem: Windows; browser: ; isCompliant: False; isManaged: False; trustType: Azure AD joined","city: Tampa; state: Florida; countryOrRegion: US; geoCoordinates: @{altitude=; latitude=27.94497; longitude=-82.44757}","notApplied","","networkType: namedNetwork; networkNames: Block Countries Per User Per Period","AuthenticationStepDateTime: 2026-08-18T19:38:48Z; AuthenticationMethod: Windows Hello for Business; AuthenticationMethodDetail: ; Succeeded: True; AuthenticationStepResultDetail: User approved; AuthenticationStepRequirement: ;"
"2026-08-18T19:28:36Z","Brian Katz","bkatz@katzcapital.com","5e3ce6c0-2b1f-4285-8d4b-75ee78787346","Microsoft Teams Web Client","71.46.218.18","Browser","Mozilla/5.0 (Windows NT 10.0; Win64; x64) AppleWebKit/537.36 (KHTML, like Gecko) Chrome/142.0.0.0 Safari/537.36","33da51b2-c212-4a6c-bfe2-4927cae92a98","True","multiFactorAuthentication","errorCode: 0; failureReason: Other.; additionalDetails: MFA requirement satisfied by claim in the token","deviceId: ; displayName: ; operatingSystem: Windows10; browser: Chrome 142.0.0; isCompliant: False; isManaged: False; trustType: ","city: Tampa; state: Florida; countryOrRegion: US; geoCoordinates: @{altitude=; latitude=28.00153; longitude=-82.37678}","success","ID: b8e8a1ff-dfc9-4eff-8c45-e209f4e26e5b; DisplayName: KaztCap SSL VPN Access; Result: success; ConditionsNotSatisfied: none; SessionControlsNotSatisfied: 
ID: a08e9a43-c474-45ce-854f-67d0f7b3deec; DisplayName: Enable MFA - All Users; Result: success; ConditionsNotSatisfied: none; SessionControlsNotSatisfied: 
ID: c6569448-6b9b-4329-8356-6cdb035f7cf2; DisplayName: Enable MFA - bwadmin; Result: notApplied; ConditionsNotSatisfied: users; SessionControlsNotSatisfied: 
ID: 9dba74f8-0de6-406e-b38c-ba05ea657153; DisplayName: Microsoft-managed: Multifactor authentication for per-user multifactor authentication users; Result: notEnabled; ConditionsNotSatisfied: none; SessionControlsNotSatisfied: 
ID: 7249cafd-bd3b-4f0c-9f6a-de4933e0a484; DisplayName: Location Based Access - Block Outside US; Result: notApplied; ConditionsNotSatisfied: location,ipAddressSeenByAzureAD; SessionControlsNotSatisfied: 
ID: 2c6518a2-ced4-420b-99b2-7a01741512b8; DisplayName: Location Based Access - Allow Specific Countries; Result: notEnabled; ConditionsNotSatisfied: none; SessionControlsNotSatisfied: 
ID: e51298da-9965-4f54-be5a-a1bfa7391207; DisplayName: Microsoft-managed: Multifactor authentication and reauthentication for risky sign-ins; Result: notApplied; ConditionsNotSatisfied: signInRisk; SessionControlsNotSatisfied: 
ID: 3cc748c6-e739-4559-b56f-dc898b93b757; DisplayName: Brian Katz Travel Cayman - 12/21-12/28; Result: notEnabled; ConditionsNotSatisfied: none; SessionControlsNotSatisfied: 
ID: dbe24e2b-7971-4159-92e7-029febd9403a; DisplayName: Jeff Lenderman Travel BVI 3/13-3/19; Result: notEnabled; ConditionsNotSatisfied: none; SessionControlsNotSatisfied: 
ID: bda0d60a-c582-4d69-9d7e-f9166be26b08; DisplayName: Brian Katz - Costa Rica; Result: notEnabled; ConditionsNotSatisfied: none; SessionControlsNotSatisfied: 
ID: e4f6bd83-c762-4a93-9fb4-d77b558b5650; DisplayName: Devices - Enforce Device Compliance; Result: reportOnlyFailure; ConditionsNotSatisfied: none; SessionControlsNotSatisfied: 
ID: 46ddead8-098c-4325-bbeb-836e364f64b5; DisplayName: Sessions - Block Persistent Browser Sessions (Untrusted Locations); Result: reportOnlySuccess; ConditionsNotSatisfied: none; SessionControlsNotSatisfied: 
ID: 0149a225-4092-4a09-ab18-ae7c47c5deeb; DisplayName: Sessions - Enforce Sign-In Frequency; Result: reportOnlySuccess; ConditionsNotSatisfied: none; SessionControlsNotSatisfied: 
ID: 408cead8-caca-4de6-bf52-6f34130a6459; DisplayName: Microsoft-managed: Multifactor authentication for admins accessing Microsoft Admin Portals; Result: reportOnlyNotApplied; ConditionsNotSatisfied: application; SessionControlsNotSatisfied: 
ID: e00078dd-d389-4a8f-ba33-ac7b690a7ce3; DisplayName: Brian Katz Montreal 3/15 - 3/21; Result: reportOnlyNotApplied; ConditionsNotSatisfied: location,ipAddressSeenByAzureAD; SessionControlsNotSatisfied: 
ID: da3712b4-2ee4-4d96-b702-9d73cb4e635a; DisplayName: Locations - Enforce Geo-IP Fencing; Result: reportOnlyNotApplied; ConditionsNotSatisfied: location,ipAddressSeenByAzureAD; SessionControlsNotSatisfied: 
ID: 7bd05172-0534-4c9a-a965-6e9370e281df; DisplayName: Protocols - Enforce Modern Authentication; Result: reportOnlyNotApplied; ConditionsNotSatisfied: clientType; SessionControlsNotSatisfied: 
ID: 6c493fe3-b17a-426e-af02-9f28f033239f; DisplayName: Sessions - Block Persistent Browser Sessions (Admins); Result: reportOnlyNotApplied; ConditionsNotSatisfied: users; SessionControlsNotSatisfied: 
ID: 77dbcd7f-566d-4b90-a928-edf2235d1c96; DisplayName: Users - Block Interactive Logins (Service Accounts); Result: reportOnlyNotApplied; ConditionsNotSatisfied: users; SessionControlsNotSatisfied: 
ID: 72f697df-0563-4339-8a40-3a0e56607bcb; DisplayName: Users - Restrict Admin Portal Access; Result: reportOnlyNotApplied; ConditionsNotSatisfied: application; SessionControlsNotSatisfied: ","networkType: namedNetwork; networkNames: Block Countries Per User Per Period","AuthenticationStepDateTime: 2026-08-18T19:28:36Z; AuthenticationMethod: Previously satisfied; AuthenticationMethodDetail: ; Succeeded: True; AuthenticationStepResultDetail: First factor requirement satisfied by claim in the token; AuthenticationStepRequirement: ;
AuthenticationStepDateTime: 2026-08-18T19:28:36Z; AuthenticationMethod: Previously satisfied; AuthenticationMethodDetail: ; Succeeded: True; AuthenticationStepResultDetail: MFA requirement satisfied by claim in the token; AuthenticationStepRequirement: ;"
"2026-08-18T18:53:34Z","Vic Pellegrino","vpellegrino@katzcapital.com","08e18876-6177-487e-b8b5-cf950c1e598c","SharePoint Online Web Client Extensibility","47.206.189.128","Browser","Mozilla/5.0 (Windows NT 10.0; Win64; x64) AppleWebKit/537.36 (KHTML, like Gecko) Chrome/151.0.0.0 Safari/537.36 Edg/151.0.0.0","c73279a7-72e1-4c76-9c93-ff3601d665bf","True","multiFactorAuthentication","errorCode: 0; failureReason: Other.; additionalDetails: MFA requirement satisfied by claim in the token","deviceId: 1f32f206-823d-4edb-8433-42eb108dd013; displayName: PWC-L-26-01; operatingSystem: Windows10; browser: Edge 151.0.0; isCompliant: False; isManaged: False; trustType: Azure AD joined","city: Tampa; state: Florida; countryOrRegion: US; geoCoordinates: @{altitude=; latitude=27.94497; longitude=-82.44757}","success","ID: a08e9a43-c474-45ce-854f-67d0f7b3deec; DisplayName: Enable MFA - All Users; Result: success; ConditionsNotSatisfied: none; SessionControlsNotSatisfied: 
ID: b8e8a1ff-dfc9-4eff-8c45-e209f4e26e5b; DisplayName: KaztCap SSL VPN Access; Result: notApplied; ConditionsNotSatisfied: users; SessionControlsNotSatisfied: 
ID: c6569448-6b9b-4329-8356-6cdb035f7cf2; DisplayName: Enable MFA - bwadmin; Result: notApplied; ConditionsNotSatisfied: users; SessionControlsNotSatisfied: 
ID: 2c6518a2-ced4-420b-99b2-7a01741512b8; DisplayName: Location Based Access - Allow Specific Countries; Result: notEnabled; ConditionsNotSatisfied: none; SessionControlsNotSatisfied: 
ID: 9dba74f8-0de6-406e-b38c-ba05ea657153; DisplayName: Microsoft-managed: Multifactor authentication for per-user multifactor authentication users; Result: notEnabled; ConditionsNotSatisfied: none; SessionControlsNotSatisfied: 
ID: 7249cafd-bd3b-4f0c-9f6a-de4933e0a484; DisplayName: Location Based Access - Block Outside US; Result: notApplied; ConditionsNotSatisfied: location,ipAddressSeenByAzureAD; SessionControlsNotSatisfied: 
ID: e51298da-9965-4f54-be5a-a1bfa7391207; DisplayName: Microsoft-managed: Multifactor authentication and reauthentication for risky sign-ins; Result: notApplied; ConditionsNotSatisfied: users; SessionControlsNotSatisfied: 
ID: 3cc748c6-e739-4559-b56f-dc898b93b757; DisplayName: Brian Katz Travel Cayman - 12/21-12/28; Result: notEnabled; ConditionsNotSatisfied: none; SessionControlsNotSatisfied: 
ID: dbe24e2b-7971-4159-92e7-029febd9403a; DisplayName: Jeff Lenderman Travel BVI 3/13-3/19; Result: notEnabled; ConditionsNotSatisfied: none; SessionControlsNotSatisfied: 
ID: bda0d60a-c582-4d69-9d7e-f9166be26b08; DisplayName: Brian Katz - Costa Rica; Result: notEnabled; ConditionsNotSatisfied: none; SessionControlsNotSatisfied: 
ID: 46ddead8-098c-4325-bbeb-836e364f64b5; DisplayName: Sessions - Block Persistent Browser Sessions (Untrusted Locations); Result: reportOnlySuccess; ConditionsNotSatisfied: none; SessionControlsNotSatisfied: 
ID: 0149a225-4092-4a09-ab18-ae7c47c5deeb; DisplayName: Sessions - Enforce Sign-In Frequency; Result: reportOnlySuccess; ConditionsNotSatisfied: none; SessionControlsNotSatisfied: 
ID: 408cead8-caca-4de6-bf52-6f34130a6459; DisplayName: Microsoft-managed: Multifactor authentication for admins accessing Microsoft Admin Portals; Result: reportOnlyNotApplied; ConditionsNotSatisfied: application; SessionControlsNotSatisfied: 
ID: e00078dd-d389-4a8f-ba33-ac7b690a7ce3; DisplayName: Brian Katz Montreal 3/15 - 3/21; Result: reportOnlyNotApplied; ConditionsNotSatisfied: users; SessionControlsNotSatisfied: 
ID: e4f6bd83-c762-4a93-9fb4-d77b558b5650; DisplayName: Devices - Enforce Device Compliance; Result: reportOnlyNotApplied; ConditionsNotSatisfied: deviceState; SessionControlsNotSatisfied: 
ID: da3712b4-2ee4-4d96-b702-9d73cb4e635a; DisplayName: Locations - Enforce Geo-IP Fencing; Result: reportOnlyNotApplied; ConditionsNotSatisfied: location,ipAddressSeenByAzureAD; SessionControlsNotSatisfied: 
ID: 7bd05172-0534-4c9a-a965-6e9370e281df; DisplayName: Protocols - Enforce Modern Authentication; Result: reportOnlyNotApplied; ConditionsNotSatisfied: clientType; SessionControlsNotSatisfied: 
ID: 6c493fe3-b17a-426e-af02-9f28f033239f; DisplayName: Sessions - Block Persistent Browser Sessions (Admins); Result: reportOnlyNotApplied; ConditionsNotSatisfied: users; SessionControlsNotSatisfied: 
ID: 77dbcd7f-566d-4b90-a928-edf2235d1c96; DisplayName: Users - Block Interactive Logins (Service Accounts); Result: reportOnlyNotApplied; ConditionsNotSatisfied: users; SessionControlsNotSatisfied: 
ID: 72f697df-0563-4339-8a40-3a0e56607bcb; DisplayName: Users - Restrict Admin Portal Access; Result: reportOnlyNotApplied; ConditionsNotSatisfied: application; SessionControlsNotSatisfied: ","networkType: namedNetwork; networkNames: Block Countries Per User Per Period","AuthenticationStepDateTime: 2026-08-18T18:53:34Z; AuthenticationMethod: Previously satisfied; AuthenticationMethodDetail: ; Succeeded: True; AuthenticationStepResultDetail: First factor requirement satisfied by claim in the token; AuthenticationStepRequirement: ;
AuthenticationStepDateTime: 2026-08-18T18:53:34Z; AuthenticationMethod: Previously satisfied; AuthenticationMethodDetail: ; Succeeded: True; AuthenticationStepResultDetail: MFA requirement satisfied by claim in the token; AuthenticationStepRequirement: ;"
"2026-08-18T18:46:11Z","Maxine Barnett","mbarnett@pineywoodscapital.com","08e18876-6177-487e-b8b5-cf950c1e598c","SharePoint Online Web Client Extensibility","47.206.189.128","Browser","Mozilla/5.0 (Windows NT 10.0; Win64; x64) AppleWebKit/537.36 (KHTML, like Gecko) Chrome/151.0.0.0 Safari/537.36 Edg/151.0.0.0","549adbed-9875-4580-bc43-4d68381137f4","True","multiFactorAuthentication","errorCode: 0; failureReason: Other.; additionalDetails: MFA requirement satisfied by claim in the token","deviceId: ef195eb1-1b92-4508-9244-131a41ab85fc; displayName: LAPTOP-3N51BPAV; operatingSystem: Windows10; browser: Edge 151.0.0; isCompliant: False; isManaged: False; trustType: Azure AD registered","city: Tampa; state: Florida; countryOrRegion: US; geoCoordinates: @{altitude=; latitude=27.94497; longitude=-82.44757}","success","ID: a08e9a43-c474-45ce-854f-67d0f7b3deec; DisplayName: Enable MFA - All Users; Result: success; ConditionsNotSatisfied: none; SessionControlsNotSatisfied: 
ID: b8e8a1ff-dfc9-4eff-8c45-e209f4e26e5b; DisplayName: KaztCap SSL VPN Access; Result: notApplied; ConditionsNotSatisfied: users; SessionControlsNotSatisfied: 
ID: 2c6518a2-ced4-420b-99b2-7a01741512b8; DisplayName: Location Based Access - Allow Specific Countries; Result: notEnabled; ConditionsNotSatisfied: none; SessionControlsNotSatisfied: 
ID: 9dba74f8-0de6-406e-b38c-ba05ea657153; DisplayName: Microsoft-managed: Multifactor authentication for per-user multifactor authentication users; Result: notEnabled; ConditionsNotSatisfied: none; SessionControlsNotSatisfied: 
ID: e51298da-9965-4f54-be5a-a1bfa7391207; DisplayName: Microsoft-managed: Multifactor authentication and reauthentication for risky sign-ins; Result: notApplied; ConditionsNotSatisfied: signInRisk; SessionControlsNotSatisfied: 
ID: c6569448-6b9b-4329-8356-6cdb035f7cf2; DisplayName: Enable MFA - bwadmin; Result: notApplied; ConditionsNotSatisfied: users; SessionControlsNotSatisfied: 
ID: 3cc748c6-e739-4559-b56f-dc898b93b757; DisplayName: Brian Katz Travel Cayman - 12/21-12/28; Result: notEnabled; ConditionsNotSatisfied: none; SessionControlsNotSatisfied: 
ID: 7249cafd-bd3b-4f0c-9f6a-de4933e0a484; DisplayName: Location Based Access - Block Outside US; Result: notApplied; ConditionsNotSatisfied: location,ipAddressSeenByAzureAD; SessionControlsNotSatisfied: 
ID: dbe24e2b-7971-4159-92e7-029febd9403a; DisplayName: Jeff Lenderman Travel BVI 3/13-3/19; Result: notEnabled; ConditionsNotSatisfied: none; SessionControlsNotSatisfied: 
ID: bda0d60a-c582-4d69-9d7e-f9166be26b08; DisplayName: Brian Katz - Costa Rica; Result: notEnabled; ConditionsNotSatisfied: none; SessionControlsNotSatisfied: 
ID: 46ddead8-098c-4325-bbeb-836e364f64b5; DisplayName: Sessions - Block Persistent Browser Sessions (Untrusted Locations); Result: reportOnlySuccess; ConditionsNotSatisfied: none; SessionControlsNotSatisfied: 
ID: 0149a225-4092-4a09-ab18-ae7c47c5deeb; DisplayName: Sessions - Enforce Sign-In Frequency; Result: reportOnlySuccess; ConditionsNotSatisfied: none; SessionControlsNotSatisfied: 
ID: 408cead8-caca-4de6-bf52-6f34130a6459; DisplayName: Microsoft-managed: Multifactor authentication for admins accessing Microsoft Admin Portals; Result: reportOnlyNotApplied; ConditionsNotSatisfied: application; SessionControlsNotSatisfied: 
ID: e00078dd-d389-4a8f-ba33-ac7b690a7ce3; DisplayName: Brian Katz Montreal 3/15 - 3/21; Result: reportOnlyNotApplied; ConditionsNotSatisfied: users; SessionControlsNotSatisfied: 
ID: e4f6bd83-c762-4a93-9fb4-d77b558b5650; DisplayName: Devices - Enforce Device Compliance; Result: reportOnlyNotApplied; ConditionsNotSatisfied: deviceState; SessionControlsNotSatisfied: 
ID: da3712b4-2ee4-4d96-b702-9d73cb4e635a; DisplayName: Locations - Enforce Geo-IP Fencing; Result: reportOnlyNotApplied; ConditionsNotSatisfied: location,ipAddressSeenByAzureAD; SessionControlsNotSatisfied: 
ID: 7bd05172-0534-4c9a-a965-6e9370e281df; DisplayName: Protocols - Enforce Modern Authentication; Result: reportOnlyNotApplied; ConditionsNotSatisfied: clientType; SessionControlsNotSatisfied: 
ID: 6c493fe3-b17a-426e-af02-9f28f033239f; DisplayName: Sessions - Block Persistent Browser Sessions (Admins); Result: reportOnlyNotApplied; ConditionsNotSatisfied: users; SessionControlsNotSatisfied: 
ID: 77dbcd7f-566d-4b90-a928-edf2235d1c96; DisplayName: Users - Block Interactive Logins (Service Accounts); Result: reportOnlyNotApplied; ConditionsNotSatisfied: users; SessionControlsNotSatisfied: 
ID: 72f697df-0563-4339-8a40-3a0e56607bcb; DisplayName: Users - Restrict Admin Portal Access; Result: reportOnlyNotApplied; ConditionsNotSatisfied: application; SessionControlsNotSatisfied: ","networkType: namedNetwork; networkNames: Block Countries Per User Per Period","AuthenticationStepDateTime: 2026-08-18T18:46:11Z; AuthenticationMethod: Previously satisfied; AuthenticationMethodDetail: ; Succeeded: True; AuthenticationStepResultDetail: First factor requirement satisfied by claim in the token; AuthenticationStepRequirement: ;
AuthenticationStepDateTime: 2026-08-18T18:46:11Z; AuthenticationMethod: Previously satisfied; AuthenticationMethodDetail: ; Succeeded: True; AuthenticationStepResultDetail: MFA requirement satisfied by claim in the token; AuthenticationStepRequirement: ;"
"2026-08-18T18:45:49Z","Maxine Barnett","mbarnett@pineywoodscapital.com","89bee1f7-5e6e-4d8a-9f3d-ecd601259da7","Office365 Shell WCSS-Client","47.206.189.128","Browser","Mozilla/5.0 (Windows NT 10.0; Win64; x64) AppleWebKit/537.36 (KHTML, like Gecko) Chrome/151.0.0.0 Safari/537.36 Edg/151.0.0.0","01a01631-a5bd-71da-ae89-47299bec04ea","True","multiFactorAuthentication","errorCode: 0; failureReason: Other.; additionalDetails: MFA requirement satisfied by claim in the token","deviceId: ef195eb1-1b92-4508-9244-131a41ab85fc; displayName: LAPTOP-3N51BPAV; operatingSystem: Windows10; browser: Edge 151.0.0; isCompliant: False; isManaged: False; trustType: Azure AD registered","city: Tampa; state: Florida; countryOrRegion: US; geoCoordinates: @{altitude=; latitude=27.94497; longitude=-82.44757}","success","ID: a08e9a43-c474-45ce-854f-67d0f7b3deec; DisplayName: Enable MFA - All Users; Result: success; ConditionsNotSatisfied: none; SessionControlsNotSatisfied: 
ID: b8e8a1ff-dfc9-4eff-8c45-e209f4e26e5b; DisplayName: KaztCap SSL VPN Access; Result: notApplied; ConditionsNotSatisfied: users; SessionControlsNotSatisfied: 
ID: c6569448-6b9b-4329-8356-6cdb035f7cf2; DisplayName: Enable MFA - bwadmin; Result: notApplied; ConditionsNotSatisfied: users; SessionControlsNotSatisfied: 
ID: 9dba74f8-0de6-406e-b38c-ba05ea657153; DisplayName: Microsoft-managed: Multifactor authentication for per-user multifactor authentication users; Result: notEnabled; ConditionsNotSatisfied: none; SessionControlsNotSatisfied: 
ID: 7249cafd-bd3b-4f0c-9f6a-de4933e0a484; DisplayName: Location Based Access - Block Outside US; Result: notApplied; ConditionsNotSatisfied: location,ipAddressSeenByAzureAD; SessionControlsNotSatisfied: 
ID: 2c6518a2-ced4-420b-99b2-7a01741512b8; DisplayName: Location Based Access - Allow Specific Countries; Result: notEnabled; ConditionsNotSatisfied: none; SessionControlsNotSatisfied: 
ID: e51298da-9965-4f54-be5a-a1bfa7391207; DisplayName: Microsoft-managed: Multifactor authentication and reauthentication for risky sign-ins; Result: notApplied; ConditionsNotSatisfied: signInRisk; SessionControlsNotSatisfied: 
ID: 3cc748c6-e739-4559-b56f-dc898b93b757; DisplayName: Brian Katz Travel Cayman - 12/21-12/28; Result: notEnabled; ConditionsNotSatisfied: none; SessionControlsNotSatisfied: 
ID: dbe24e2b-7971-4159-92e7-029febd9403a; DisplayName: Jeff Lenderman Travel BVI 3/13-3/19; Result: notEnabled; ConditionsNotSatisfied: none; SessionControlsNotSatisfied: 
ID: bda0d60a-c582-4d69-9d7e-f9166be26b08; DisplayName: Brian Katz - Costa Rica; Result: notEnabled; ConditionsNotSatisfied: none; SessionControlsNotSatisfied: 
ID: 46ddead8-098c-4325-bbeb-836e364f64b5; DisplayName: Sessions - Block Persistent Browser Sessions (Untrusted Locations); Result: reportOnlySuccess; ConditionsNotSatisfied: none; SessionControlsNotSatisfied: 
ID: 0149a225-4092-4a09-ab18-ae7c47c5deeb; DisplayName: Sessions - Enforce Sign-In Frequency; Result: reportOnlySuccess; ConditionsNotSatisfied: none; SessionControlsNotSatisfied: 
ID: 408cead8-caca-4de6-bf52-6f34130a6459; DisplayName: Microsoft-managed: Multifactor authentication for admins accessing Microsoft Admin Portals; Result: reportOnlyNotApplied; ConditionsNotSatisfied: application; SessionControlsNotSatisfied: 
ID: e00078dd-d389-4a8f-ba33-ac7b690a7ce3; DisplayName: Brian Katz Montreal 3/15 - 3/21; Result: reportOnlyNotApplied; ConditionsNotSatisfied: users; SessionControlsNotSatisfied: 
ID: e4f6bd83-c762-4a93-9fb4-d77b558b5650; DisplayName: Devices - Enforce Device Compliance; Result: reportOnlyNotApplied; ConditionsNotSatisfied: deviceState; SessionControlsNotSatisfied: 
ID: da3712b4-2ee4-4d96-b702-9d73cb4e635a; DisplayName: Locations - Enforce Geo-IP Fencing; Result: reportOnlyNotApplied; ConditionsNotSatisfied: location,ipAddressSeenByAzureAD; SessionControlsNotSatisfied: 
ID: 7bd05172-0534-4c9a-a965-6e9370e281df; DisplayName: Protocols - Enforce Modern Authentication; Result: reportOnlyNotApplied; ConditionsNotSatisfied: clientType; SessionControlsNotSatisfied: 
ID: 6c493fe3-b17a-426e-af02-9f28f033239f; DisplayName: Sessions - Block Persistent Browser Sessions (Admins); Result: reportOnlyNotApplied; ConditionsNotSatisfied: users; SessionControlsNotSatisfied: 
ID: 77dbcd7f-566d-4b90-a928-edf2235d1c96; DisplayName: Users - Block Interactive Logins (Service Accounts); Result: reportOnlyNotApplied; ConditionsNotSatisfied: users; SessionControlsNotSatisfied: 
ID: 72f697df-0563-4339-8a40-3a0e56607bcb; DisplayName: Users - Restrict Admin Portal Access; Result: reportOnlyNotApplied; ConditionsNotSatisfied: application; SessionControlsNotSatisfied: ","networkType: namedNetwork; networkNames: Block Countries Per User Per Period","AuthenticationStepDateTime: 2026-08-18T18:45:49Z; AuthenticationMethod: Previously satisfied; AuthenticationMethodDetail: ; Succeeded: True; AuthenticationStepResultDetail: First factor requirement satisfied by claim in the token; AuthenticationStepRequirement: ;
AuthenticationStepDateTime: 2026-08-18T18:45:49Z; AuthenticationMethod: Previously satisfied; AuthenticationMethodDetail: ; Succeeded: True; AuthenticationStepResultDetail: MFA requirement satisfied by claim in the token; AuthenticationStepRequirement: ;"
"2026-08-18T18:24:54Z","Patrick Kenny","pkenny@katzcapital.com","38aa3b87-a06d-4817-b275-7a316988d93b","Windows Sign In","47.206.189.128","Mobile Apps and Desktop clients","Windows-AzureAD-Authentication-Provider/1.0","fc7fa565-1237-40c8-9891-71f27f5fa86a","True","singleFactorAuthentication","errorCode: 0; failureReason: Other.; additionalDetails: MFA requirement satisfied by claim in the token","deviceId: 16c6fa36-c0b1-49fe-8eaa-8f8d987918df; displayName: PWC-L-25-02; operatingSystem: Windows; browser: ; isCompliant: False; isManaged: False; trustType: Azure AD joined","city: Tampa; state: Florida; countryOrRegion: US; geoCoordinates: @{altitude=; latitude=27.94497; longitude=-82.44757}","notApplied","","networkType: namedNetwork; networkNames: Block Countries Per User Per Period","AuthenticationStepDateTime: 2026-08-18T18:24:54Z; AuthenticationMethod: Windows Hello for Business; AuthenticationMethodDetail: ; Succeeded: True; AuthenticationStepResultDetail: User approved; AuthenticationStepRequirement: ;"
"2026-08-18T18:14:35Z","Charles Cleveland","ccleveland@katzcapital.com","89bee1f7-5e6e-4d8a-9f3d-ecd601259da7","Office365 Shell WCSS-Client","47.206.189.128","Browser","Mozilla/5.0 (Windows NT 10.0; Win64; x64) AppleWebKit/537.36 (KHTML, like Gecko) Chrome/151.0.0.0 Safari/537.36 Edg/151.0.0.0","01a01615-0f90-7704-85bc-a4d49372a917","True","multiFactorAuthentication","errorCode: 0; failureReason: Other.; additionalDetails: MFA requirement satisfied by claim in the token","deviceId: bc7374e3-f031-4efa-95c8-64485e11cc7c; displayName: PWC-L-23-01; operatingSystem: Windows10; browser: Edge 151.0.0; isCompliant: False; isManaged: False; trustType: Azure AD joined","city: Tampa; state: Florida; countryOrRegion: US; geoCoordinates: @{altitude=; latitude=27.94497; longitude=-82.44757}","success","ID: a08e9a43-c474-45ce-854f-67d0f7b3deec; DisplayName: Enable MFA - All Users; Result: success; ConditionsNotSatisfied: none; SessionControlsNotSatisfied: 
ID: b8e8a1ff-dfc9-4eff-8c45-e209f4e26e5b; DisplayName: KaztCap SSL VPN Access; Result: notApplied; ConditionsNotSatisfied: users; SessionControlsNotSatisfied: 
ID: c6569448-6b9b-4329-8356-6cdb035f7cf2; DisplayName: Enable MFA - bwadmin; Result: notApplied; ConditionsNotSatisfied: users; SessionControlsNotSatisfied: 
ID: 9dba74f8-0de6-406e-b38c-ba05ea657153; DisplayName: Microsoft-managed: Multifactor authentication for per-user multifactor authentication users; Result: notEnabled; ConditionsNotSatisfied: none; SessionControlsNotSatisfied: 
ID: 7249cafd-bd3b-4f0c-9f6a-de4933e0a484; DisplayName: Location Based Access - Block Outside US; Result: notApplied; ConditionsNotSatisfied: location,ipAddressSeenByAzureAD; SessionControlsNotSatisfied: 
ID: 2c6518a2-ced4-420b-99b2-7a01741512b8; DisplayName: Location Based Access - Allow Specific Countries; Result: notEnabled; ConditionsNotSatisfied: none; SessionControlsNotSatisfied: 
ID: e51298da-9965-4f54-be5a-a1bfa7391207; DisplayName: Microsoft-managed: Multifactor authentication and reauthentication for risky sign-ins; Result: notApplied; ConditionsNotSatisfied: signInRisk; SessionControlsNotSatisfied: 
ID: 3cc748c6-e739-4559-b56f-dc898b93b757; DisplayName: Brian Katz Travel Cayman - 12/21-12/28; Result: notEnabled; ConditionsNotSatisfied: none; SessionControlsNotSatisfied: 
ID: dbe24e2b-7971-4159-92e7-029febd9403a; DisplayName: Jeff Lenderman Travel BVI 3/13-3/19; Result: notEnabled; ConditionsNotSatisfied: none; SessionControlsNotSatisfied: 
ID: bda0d60a-c582-4d69-9d7e-f9166be26b08; DisplayName: Brian Katz - Costa Rica; Result: notEnabled; ConditionsNotSatisfied: none; SessionControlsNotSatisfied: 
ID: 46ddead8-098c-4325-bbeb-836e364f64b5; DisplayName: Sessions - Block Persistent Browser Sessions (Untrusted Locations); Result: reportOnlySuccess; ConditionsNotSatisfied: none; SessionControlsNotSatisfied: 
ID: 0149a225-4092-4a09-ab18-ae7c47c5deeb; DisplayName: Sessions - Enforce Sign-In Frequency; Result: reportOnlySuccess; ConditionsNotSatisfied: none; SessionControlsNotSatisfied: 
ID: 408cead8-caca-4de6-bf52-6f34130a6459; DisplayName: Microsoft-managed: Multifactor authentication for admins accessing Microsoft Admin Portals; Result: reportOnlyNotApplied; ConditionsNotSatisfied: application; SessionControlsNotSatisfied: 
ID: e00078dd-d389-4a8f-ba33-ac7b690a7ce3; DisplayName: Brian Katz Montreal 3/15 - 3/21; Result: reportOnlyNotApplied; ConditionsNotSatisfied: users; SessionControlsNotSatisfied: 
ID: e4f6bd83-c762-4a93-9fb4-d77b558b5650; DisplayName: Devices - Enforce Device Compliance; Result: reportOnlyNotApplied; ConditionsNotSatisfied: deviceState; SessionControlsNotSatisfied: 
ID: da3712b4-2ee4-4d96-b702-9d73cb4e635a; DisplayName: Locations - Enforce Geo-IP Fencing; Result: reportOnlyNotApplied; ConditionsNotSatisfied: location,ipAddressSeenByAzureAD; SessionControlsNotSatisfied: 
ID: 7bd05172-0534-4c9a-a965-6e9370e281df; DisplayName: Protocols - Enforce Modern Authentication; Result: reportOnlyNotApplied; ConditionsNotSatisfied: clientType; SessionControlsNotSatisfied: 
ID: 6c493fe3-b17a-426e-af02-9f28f033239f; DisplayName: Sessions - Block Persistent Browser Sessions (Admins); Result: reportOnlyNotApplied; ConditionsNotSatisfied: users; SessionControlsNotSatisfied: 
ID: 77dbcd7f-566d-4b90-a928-edf2235d1c96; DisplayName: Users - Block Interactive Logins (Service Accounts); Result: reportOnlyNotApplied; ConditionsNotSatisfied: users; SessionControlsNotSatisfied: 
ID: 72f697df-0563-4339-8a40-3a0e56607bcb; DisplayName: Users - Restrict Admin Portal Access; Result: reportOnlyNotApplied; ConditionsNotSatisfied: application; SessionControlsNotSatisfied: ","networkType: namedNetwork; networkNames: Block Countries Per User Per Period","AuthenticationStepDateTime: 2026-08-18T18:14:35Z; AuthenticationMethod: Previously satisfied; AuthenticationMethodDetail: ; Succeeded: True; AuthenticationStepResultDetail: First factor requirement satisfied by claim in the token; AuthenticationStepRequirement: ;
AuthenticationStepDateTime: 2026-08-18T18:14:35Z; AuthenticationMethod: Previously satisfied; AuthenticationMethodDetail: ; Succeeded: True; AuthenticationStepResultDetail: MFA requirement satisfied by claim in the token; AuthenticationStepRequirement: ;"
"2026-08-18T18:06:11Z","Maxine Barnett","mbarnett@pineywoodscapital.com","08e18876-6177-487e-b8b5-cf950c1e598c","SharePoint Online Web Client Extensibility","47.206.189.128","Browser","Mozilla/5.0 (Windows NT 10.0; Win64; x64) AppleWebKit/537.36 (KHTML, like Gecko) Chrome/151.0.0.0 Safari/537.36 Edg/151.0.0.0","8e04fb37-455e-46f4-b357-524b8a809f97","True","multiFactorAuthentication","errorCode: 0; failureReason: Other.; additionalDetails: MFA requirement satisfied by claim in the token","deviceId: ef195eb1-1b92-4508-9244-131a41ab85fc; displayName: LAPTOP-3N51BPAV; operatingSystem: Windows10; browser: Edge 151.0.0; isCompliant: False; isManaged: False; trustType: Azure AD registered","city: Tampa; state: Florida; countryOrRegion: US; geoCoordinates: @{altitude=; latitude=27.94497; longitude=-82.44757}","success","ID: a08e9a43-c474-45ce-854f-67d0f7b3deec; DisplayName: Enable MFA - All Users; Result: success; ConditionsNotSatisfied: none; SessionControlsNotSatisfied: 
ID: b8e8a1ff-dfc9-4eff-8c45-e209f4e26e5b; DisplayName: KaztCap SSL VPN Access; Result: notApplied; ConditionsNotSatisfied: users; SessionControlsNotSatisfied: 
ID: c6569448-6b9b-4329-8356-6cdb035f7cf2; DisplayName: Enable MFA - bwadmin; Result: notApplied; ConditionsNotSatisfied: users; SessionControlsNotSatisfied: 
ID: 2c6518a2-ced4-420b-99b2-7a01741512b8; DisplayName: Location Based Access - Allow Specific Countries; Result: notEnabled; ConditionsNotSatisfied: none; SessionControlsNotSatisfied: 
ID: 9dba74f8-0de6-406e-b38c-ba05ea657153; DisplayName: Microsoft-managed: Multifactor authentication for per-user multifactor authentication users; Result: notEnabled; ConditionsNotSatisfied: none; SessionControlsNotSatisfied: 
ID: 7249cafd-bd3b-4f0c-9f6a-de4933e0a484; DisplayName: Location Based Access - Block Outside US; Result: notApplied; ConditionsNotSatisfied: location,ipAddressSeenByAzureAD; SessionControlsNotSatisfied: 
ID: e51298da-9965-4f54-be5a-a1bfa7391207; DisplayName: Microsoft-managed: Multifactor authentication and reauthentication for risky sign-ins; Result: notApplied; ConditionsNotSatisfied: signInRisk; SessionControlsNotSatisfied: 
ID: 3cc748c6-e739-4559-b56f-dc898b93b757; DisplayName: Brian Katz Travel Cayman - 12/21-12/28; Result: notEnabled; ConditionsNotSatisfied: none; SessionControlsNotSatisfied: 
ID: dbe24e2b-7971-4159-92e7-029febd9403a; DisplayName: Jeff Lenderman Travel BVI 3/13-3/19; Result: notEnabled; ConditionsNotSatisfied: none; SessionControlsNotSatisfied: 
ID: bda0d60a-c582-4d69-9d7e-f9166be26b08; DisplayName: Brian Katz - Costa Rica; Result: notEnabled; ConditionsNotSatisfied: none; SessionControlsNotSatisfied: 
ID: 46ddead8-098c-4325-bbeb-836e364f64b5; DisplayName: Sessions - Block Persistent Browser Sessions (Untrusted Locations); Result: reportOnlySuccess; ConditionsNotSatisfied: none; SessionControlsNotSatisfied: 
ID: 0149a225-4092-4a09-ab18-ae7c47c5deeb; DisplayName: Sessions - Enforce Sign-In Frequency; Result: reportOnlySuccess; ConditionsNotSatisfied: none; SessionControlsNotSatisfied: 
ID: 408cead8-caca-4de6-bf52-6f34130a6459; DisplayName: Microsoft-managed: Multifactor authentication for admins accessing Microsoft Admin Portals; Result: reportOnlyNotApplied; ConditionsNotSatisfied: application; SessionControlsNotSatisfied: 
ID: e00078dd-d389-4a8f-ba33-ac7b690a7ce3; DisplayName: Brian Katz Montreal 3/15 - 3/21; Result: reportOnlyNotApplied; ConditionsNotSatisfied: users; SessionControlsNotSatisfied: 
ID: e4f6bd83-c762-4a93-9fb4-d77b558b5650; DisplayName: Devices - Enforce Device Compliance; Result: reportOnlyNotApplied; ConditionsNotSatisfied: deviceState; SessionControlsNotSatisfied: 
ID: da3712b4-2ee4-4d96-b702-9d73cb4e635a; DisplayName: Locations - Enforce Geo-IP Fencing; Result: reportOnlyNotApplied; ConditionsNotSatisfied: location,ipAddressSeenByAzureAD; SessionControlsNotSatisfied: 
ID: 7bd05172-0534-4c9a-a965-6e9370e281df; DisplayName: Protocols - Enforce Modern Authentication; Result: reportOnlyNotApplied; ConditionsNotSatisfied: clientType; SessionControlsNotSatisfied: 
ID: 6c493fe3-b17a-426e-af02-9f28f033239f; DisplayName: Sessions - Block Persistent Browser Sessions (Admins); Result: reportOnlyNotApplied; ConditionsNotSatisfied: users; SessionControlsNotSatisfied: 
ID: 77dbcd7f-566d-4b90-a928-edf2235d1c96; DisplayName: Users - Block Interactive Logins (Service Accounts); Result: reportOnlyNotApplied; ConditionsNotSatisfied: users; SessionControlsNotSatisfied: 
ID: 72f697df-0563-4339-8a40-3a0e56607bcb; DisplayName: Users - Restrict Admin Portal Access; Result: reportOnlyNotApplied; ConditionsNotSatisfied: application; SessionControlsNotSatisfied: ","networkType: namedNetwork; networkNames: Block Countries Per User Per Period","AuthenticationStepDateTime: 2026-08-18T18:06:11Z; AuthenticationMethod: Previously satisfied; AuthenticationMethodDetail: ; Succeeded: True; AuthenticationStepResultDetail: First factor requirement satisfied by claim in the token; AuthenticationStepRequirement: ;
AuthenticationStepDateTime: 2026-08-18T18:06:11Z; AuthenticationMethod: Previously satisfied; AuthenticationMethodDetail: ; Succeeded: True; AuthenticationStepResultDetail: MFA requirement satisfied by claim in the token; AuthenticationStepRequirement: ;"
"2026-08-18T18:05:56Z","Maxine Barnett","mbarnett@pineywoodscapital.com","89bee1f7-5e6e-4d8a-9f3d-ecd601259da7","Office365 Shell WCSS-Client","47.206.189.128","Browser","Mozilla/5.0 (Windows NT 10.0; Win64; x64) AppleWebKit/537.36 (KHTML, like Gecko) Chrome/151.0.0.0 Safari/537.36 Edg/151.0.0.0","01a0160d-215d-7771-a303-62c59f3803ab","True","multiFactorAuthentication","errorCode: 0; failureReason: Other.; additionalDetails: MFA requirement satisfied by claim in the token","deviceId: ef195eb1-1b92-4508-9244-131a41ab85fc; displayName: LAPTOP-3N51BPAV; operatingSystem: Windows10; browser: Edge 151.0.0; isCompliant: False; isManaged: False; trustType: Azure AD registered","city: Tampa; state: Florida; countryOrRegion: US; geoCoordinates: @{altitude=; latitude=27.94497; longitude=-82.44757}","success","ID: a08e9a43-c474-45ce-854f-67d0f7b3deec; DisplayName: Enable MFA - All Users; Result: success; ConditionsNotSatisfied: none; SessionControlsNotSatisfied: 
ID: b8e8a1ff-dfc9-4eff-8c45-e209f4e26e5b; DisplayName: KaztCap SSL VPN Access; Result: notApplied; ConditionsNotSatisfied: users; SessionControlsNotSatisfied: 
ID: 2c6518a2-ced4-420b-99b2-7a01741512b8; DisplayName: Location Based Access - Allow Specific Countries; Result: notEnabled; ConditionsNotSatisfied: none; SessionControlsNotSatisfied: 
ID: 9dba74f8-0de6-406e-b38c-ba05ea657153; DisplayName: Microsoft-managed: Multifactor authentication for per-user multifactor authentication users; Result: notEnabled; ConditionsNotSatisfied: none; SessionControlsNotSatisfied: 
ID: e51298da-9965-4f54-be5a-a1bfa7391207; DisplayName: Microsoft-managed: Multifactor authentication and reauthentication for risky sign-ins; Result: notApplied; ConditionsNotSatisfied: signInRisk; SessionControlsNotSatisfied: 
ID: c6569448-6b9b-4329-8356-6cdb035f7cf2; DisplayName: Enable MFA - bwadmin; Result: notApplied; ConditionsNotSatisfied: users; SessionControlsNotSatisfied: 
ID: 3cc748c6-e739-4559-b56f-dc898b93b757; DisplayName: Brian Katz Travel Cayman - 12/21-12/28; Result: notEnabled; ConditionsNotSatisfied: none; SessionControlsNotSatisfied: 
ID: 7249cafd-bd3b-4f0c-9f6a-de4933e0a484; DisplayName: Location Based Access - Block Outside US; Result: notApplied; ConditionsNotSatisfied: location,ipAddressSeenByAzureAD; SessionControlsNotSatisfied: 
ID: dbe24e2b-7971-4159-92e7-029febd9403a; DisplayName: Jeff Lenderman Travel BVI 3/13-3/19; Result: notEnabled; ConditionsNotSatisfied: none; SessionControlsNotSatisfied: 
ID: bda0d60a-c582-4d69-9d7e-f9166be26b08; DisplayName: Brian Katz - Costa Rica; Result: notEnabled; ConditionsNotSatisfied: none; SessionControlsNotSatisfied: 
ID: 46ddead8-098c-4325-bbeb-836e364f64b5; DisplayName: Sessions - Block Persistent Browser Sessions (Untrusted Locations); Result: reportOnlySuccess; ConditionsNotSatisfied: none; SessionControlsNotSatisfied: 
ID: 0149a225-4092-4a09-ab18-ae7c47c5deeb; DisplayName: Sessions - Enforce Sign-In Frequency; Result: reportOnlySuccess; ConditionsNotSatisfied: none; SessionControlsNotSatisfied: 
ID: 408cead8-caca-4de6-bf52-6f34130a6459; DisplayName: Microsoft-managed: Multifactor authentication for admins accessing Microsoft Admin Portals; Result: reportOnlyNotApplied; ConditionsNotSatisfied: application; SessionControlsNotSatisfied: 
ID: e00078dd-d389-4a8f-ba33-ac7b690a7ce3; DisplayName: Brian Katz Montreal 3/15 - 3/21; Result: reportOnlyNotApplied; ConditionsNotSatisfied: users; SessionControlsNotSatisfied: 
ID: e4f6bd83-c762-4a93-9fb4-d77b558b5650; DisplayName: Devices - Enforce Device Compliance; Result: reportOnlyNotApplied; ConditionsNotSatisfied: deviceState; SessionControlsNotSatisfied: 
ID: da3712b4-2ee4-4d96-b702-9d73cb4e635a; DisplayName: Locations - Enforce Geo-IP Fencing; Result: reportOnlyNotApplied; ConditionsNotSatisfied: location,ipAddressSeenByAzureAD; SessionControlsNotSatisfied: 
ID: 7bd05172-0534-4c9a-a965-6e9370e281df; DisplayName: Protocols - Enforce Modern Authentication; Result: reportOnlyNotApplied; ConditionsNotSatisfied: clientType; SessionControlsNotSatisfied: 
ID: 6c493fe3-b17a-426e-af02-9f28f033239f; DisplayName: Sessions - Block Persistent Browser Sessions (Admins); Result: reportOnlyNotApplied; ConditionsNotSatisfied: users; SessionControlsNotSatisfied: 
ID: 77dbcd7f-566d-4b90-a928-edf2235d1c96; DisplayName: Users - Block Interactive Logins (Service Accounts); Result: reportOnlyNotApplied; ConditionsNotSatisfied: users; SessionControlsNotSatisfied: 
ID: 72f697df-0563-4339-8a40-3a0e56607bcb; DisplayName: Users - Restrict Admin Portal Access; Result: reportOnlyNotApplied; ConditionsNotSatisfied: application; SessionControlsNotSatisfied: ","networkType: namedNetwork; networkNames: Block Countries Per User Per Period","AuthenticationStepDateTime: 2026-08-18T18:05:56Z; AuthenticationMethod: Previously satisfied; AuthenticationMethodDetail: ; Succeeded: True; AuthenticationStepResultDetail: First factor requirement satisfied by claim in the token; AuthenticationStepRequirement: ;
AuthenticationStepDateTime: 2026-08-18T18:05:56Z; AuthenticationMethod: Previously satisfied; AuthenticationMethodDetail: ; Succeeded: True; AuthenticationStepResultDetail: MFA requirement satisfied by claim in the token; AuthenticationStepRequirement: ;"
"2026-08-18T17:27:47Z","Brian Katz","bkatz@katzcapital.com","38aa3b87-a06d-4817-b275-7a316988d93b","Windows Sign In","71.46.218.18","Mobile Apps and Desktop clients","Windows-AzureAD-Authentication-Provider/1.0","b0deb0f3-a46c-4ead-9b82-8a14457a1494","True","singleFactorAuthentication","errorCode: 0; failureReason: Other.; additionalDetails: MFA requirement satisfied by claim in the token","deviceId: 96b5d6dc-e36d-480c-9d95-ea47db6fb789; displayName: PWD-L-22-02; operatingSystem: Windows; browser: ; isCompliant: False; isManaged: False; trustType: Azure AD joined","city: Tampa; state: Florida; countryOrRegion: US; geoCoordinates: @{altitude=; latitude=28.00153; longitude=-82.37678}","notApplied","","networkType: namedNetwork; networkNames: Block Countries Per User Per Period","AuthenticationStepDateTime: 2026-08-18T17:27:47Z; AuthenticationMethod: Windows Hello for Business; AuthenticationMethodDetail: ; Succeeded: True; AuthenticationStepResultDetail: User approved; AuthenticationStepRequirement: ;"
"2026-08-18T17:24:04Z","Ashley Savala","asavala@pineywoodsrealtyfl.com","9199bf20-a13f-4107-85dc-02114787ef48","One Outlook Web","47.198.26.60","Browser","Mozilla/5.0 (Windows NT 10.0; Win64; x64) AppleWebKit/537.36 (KHTML, like Gecko) Chrome/151.0.0.0 Safari/537.36","ead07a38-b431-f432-cd0d-1d1f13460340","True","multiFactorAuthentication","errorCode: 0; failureReason: Other.; additionalDetails: MFA requirement satisfied by claim in the token","deviceId: ; displayName: ; operatingSystem: Windows10; browser: Chrome 151.0.0; isCompliant: False; isManaged: False; trustType: ","city: Odessa; state: Florida; countryOrRegion: US; geoCoordinates: @{altitude=; latitude=28.1414; longitude=-82.59334}","success","ID: a08e9a43-c474-45ce-854f-67d0f7b3deec; DisplayName: Enable MFA - All Users; Result: success; ConditionsNotSatisfied: none; SessionControlsNotSatisfied: 
ID: b8e8a1ff-dfc9-4eff-8c45-e209f4e26e5b; DisplayName: KaztCap SSL VPN Access; Result: notApplied; ConditionsNotSatisfied: users; SessionControlsNotSatisfied: 
ID: c6569448-6b9b-4329-8356-6cdb035f7cf2; DisplayName: Enable MFA - bwadmin; Result: notApplied; ConditionsNotSatisfied: users; SessionControlsNotSatisfied: 
ID: 9dba74f8-0de6-406e-b38c-ba05ea657153; DisplayName: Microsoft-managed: Multifactor authentication for per-user multifactor authentication users; Result: notEnabled; ConditionsNotSatisfied: none; SessionControlsNotSatisfied: 
ID: 7249cafd-bd3b-4f0c-9f6a-de4933e0a484; DisplayName: Location Based Access - Block Outside US; Result: notApplied; ConditionsNotSatisfied: location,ipAddressSeenByAzureAD; SessionControlsNotSatisfied: 
ID: 2c6518a2-ced4-420b-99b2-7a01741512b8; DisplayName: Location Based Access - Allow Specific Countries; Result: notEnabled; ConditionsNotSatisfied: none; SessionControlsNotSatisfied: 
ID: e51298da-9965-4f54-be5a-a1bfa7391207; DisplayName: Microsoft-managed: Multifactor authentication and reauthentication for risky sign-ins; Result: notApplied; ConditionsNotSatisfied: signInRisk; SessionControlsNotSatisfied: 
ID: 3cc748c6-e739-4559-b56f-dc898b93b757; DisplayName: Brian Katz Travel Cayman - 12/21-12/28; Result: notEnabled; ConditionsNotSatisfied: none; SessionControlsNotSatisfied: 
ID: dbe24e2b-7971-4159-92e7-029febd9403a; DisplayName: Jeff Lenderman Travel BVI 3/13-3/19; Result: notEnabled; ConditionsNotSatisfied: none; SessionControlsNotSatisfied: 
ID: bda0d60a-c582-4d69-9d7e-f9166be26b08; DisplayName: Brian Katz - Costa Rica; Result: notEnabled; ConditionsNotSatisfied: none; SessionControlsNotSatisfied: 
ID: e4f6bd83-c762-4a93-9fb4-d77b558b5650; DisplayName: Devices - Enforce Device Compliance; Result: reportOnlyFailure; ConditionsNotSatisfied: none; SessionControlsNotSatisfied: 
ID: 46ddead8-098c-4325-bbeb-836e364f64b5; DisplayName: Sessions - Block Persistent Browser Sessions (Untrusted Locations); Result: reportOnlySuccess; ConditionsNotSatisfied: none; SessionControlsNotSatisfied: 
ID: 0149a225-4092-4a09-ab18-ae7c47c5deeb; DisplayName: Sessions - Enforce Sign-In Frequency; Result: reportOnlySuccess; ConditionsNotSatisfied: none; SessionControlsNotSatisfied: 
ID: 408cead8-caca-4de6-bf52-6f34130a6459; DisplayName: Microsoft-managed: Multifactor authentication for admins accessing Microsoft Admin Portals; Result: reportOnlyNotApplied; ConditionsNotSatisfied: application; SessionControlsNotSatisfied: 
ID: e00078dd-d389-4a8f-ba33-ac7b690a7ce3; DisplayName: Brian Katz Montreal 3/15 - 3/21; Result: reportOnlyNotApplied; ConditionsNotSatisfied: users; SessionControlsNotSatisfied: 
ID: da3712b4-2ee4-4d96-b702-9d73cb4e635a; DisplayName: Locations - Enforce Geo-IP Fencing; Result: reportOnlyNotApplied; ConditionsNotSatisfied: location,ipAddressSeenByAzureAD; SessionControlsNotSatisfied: 
ID: 7bd05172-0534-4c9a-a965-6e9370e281df; DisplayName: Protocols - Enforce Modern Authentication; Result: reportOnlyNotApplied; ConditionsNotSatisfied: clientType; SessionControlsNotSatisfied: 
ID: 6c493fe3-b17a-426e-af02-9f28f033239f; DisplayName: Sessions - Block Persistent Browser Sessions (Admins); Result: reportOnlyNotApplied; ConditionsNotSatisfied: users; SessionControlsNotSatisfied: 
ID: 77dbcd7f-566d-4b90-a928-edf2235d1c96; DisplayName: Users - Block Interactive Logins (Service Accounts); Result: reportOnlyNotApplied; ConditionsNotSatisfied: users; SessionControlsNotSatisfied: 
ID: 72f697df-0563-4339-8a40-3a0e56607bcb; DisplayName: Users - Restrict Admin Portal Access; Result: reportOnlyNotApplied; ConditionsNotSatisfied: application; SessionControlsNotSatisfied: ","networkType: namedNetwork; networkNames: Block Countries Per User Per Period","AuthenticationStepDateTime: 2026-08-18T17:24:04Z; AuthenticationMethod: Previously satisfied; AuthenticationMethodDetail: ; Succeeded: True; AuthenticationStepResultDetail: First factor requirement satisfied by claim in the token; AuthenticationStepRequirement: ;
AuthenticationStepDateTime: 2026-08-18T17:24:04Z; AuthenticationMethod: Previously satisfied; AuthenticationMethodDetail: ; Succeeded: True; AuthenticationStepResultDetail: MFA requirement satisfied by claim in the token; AuthenticationStepRequirement: ;"
"2026-08-18T17:22:08Z","Maxine Barnett","mbarnett@pineywoodscapital.com","89bee1f7-5e6e-4d8a-9f3d-ecd601259da7","Office365 Shell WCSS-Client","47.206.189.128","Browser","Mozilla/5.0 (Windows NT 10.0; Win64; x64) AppleWebKit/537.36 (KHTML, like Gecko) Chrome/151.0.0.0 Safari/537.36 Edg/151.0.0.0","01a015e5-0b10-7668-9776-7215610685e6","True","multiFactorAuthentication","errorCode: 0; failureReason: Other.; additionalDetails: MFA requirement satisfied by claim in the token","deviceId: ef195eb1-1b92-4508-9244-131a41ab85fc; displayName: LAPTOP-3N51BPAV; operatingSystem: Windows10; browser: Edge 151.0.0; isCompliant: False; isManaged: False; trustType: Azure AD registered","city: Tampa; state: Florida; countryOrRegion: US; geoCoordinates: @{altitude=; latitude=27.94497; longitude=-82.44757}","success","ID: a08e9a43-c474-45ce-854f-67d0f7b3deec; DisplayName: Enable MFA - All Users; Result: success; ConditionsNotSatisfied: none; SessionControlsNotSatisfied: 
ID: b8e8a1ff-dfc9-4eff-8c45-e209f4e26e5b; DisplayName: KaztCap SSL VPN Access; Result: notApplied; ConditionsNotSatisfied: users; SessionControlsNotSatisfied: 
ID: c6569448-6b9b-4329-8356-6cdb035f7cf2; DisplayName: Enable MFA - bwadmin; Result: notApplied; ConditionsNotSatisfied: users; SessionControlsNotSatisfied: 
ID: 9dba74f8-0de6-406e-b38c-ba05ea657153; DisplayName: Microsoft-managed: Multifactor authentication for per-user multifactor authentication users; Result: notEnabled; ConditionsNotSatisfied: none; SessionControlsNotSatisfied: 
ID: 7249cafd-bd3b-4f0c-9f6a-de4933e0a484; DisplayName: Location Based Access - Block Outside US; Result: notApplied; ConditionsNotSatisfied: location,ipAddressSeenByAzureAD; SessionControlsNotSatisfied: 
ID: 2c6518a2-ced4-420b-99b2-7a01741512b8; DisplayName: Location Based Access - Allow Specific Countries; Result: notEnabled; ConditionsNotSatisfied: none; SessionControlsNotSatisfied: 
ID: e51298da-9965-4f54-be5a-a1bfa7391207; DisplayName: Microsoft-managed: Multifactor authentication and reauthentication for risky sign-ins; Result: notApplied; ConditionsNotSatisfied: signInRisk; SessionControlsNotSatisfied: 
ID: 3cc748c6-e739-4559-b56f-dc898b93b757; DisplayName: Brian Katz Travel Cayman - 12/21-12/28; Result: notEnabled; ConditionsNotSatisfied: none; SessionControlsNotSatisfied: 
ID: dbe24e2b-7971-4159-92e7-029febd9403a; DisplayName: Jeff Lenderman Travel BVI 3/13-3/19; Result: notEnabled; ConditionsNotSatisfied: none; SessionControlsNotSatisfied: 
ID: bda0d60a-c582-4d69-9d7e-f9166be26b08; DisplayName: Brian Katz - Costa Rica; Result: notEnabled; ConditionsNotSatisfied: none; SessionControlsNotSatisfied: 
ID: 46ddead8-098c-4325-bbeb-836e364f64b5; DisplayName: Sessions - Block Persistent Browser Sessions (Untrusted Locations); Result: reportOnlySuccess; ConditionsNotSatisfied: none; SessionControlsNotSatisfied: 
ID: 0149a225-4092-4a09-ab18-ae7c47c5deeb; DisplayName: Sessions - Enforce Sign-In Frequency; Result: reportOnlySuccess; ConditionsNotSatisfied: none; SessionControlsNotSatisfied: 
ID: 408cead8-caca-4de6-bf52-6f34130a6459; DisplayName: Microsoft-managed: Multifactor authentication for admins accessing Microsoft Admin Portals; Result: reportOnlyNotApplied; ConditionsNotSatisfied: application; SessionControlsNotSatisfied: 
ID: e00078dd-d389-4a8f-ba33-ac7b690a7ce3; DisplayName: Brian Katz Montreal 3/15 - 3/21; Result: reportOnlyNotApplied; ConditionsNotSatisfied: users; SessionControlsNotSatisfied: 
ID: e4f6bd83-c762-4a93-9fb4-d77b558b5650; DisplayName: Devices - Enforce Device Compliance; Result: reportOnlyNotApplied; ConditionsNotSatisfied: deviceState; SessionControlsNotSatisfied: 
ID: da3712b4-2ee4-4d96-b702-9d73cb4e635a; DisplayName: Locations - Enforce Geo-IP Fencing; Result: reportOnlyNotApplied; ConditionsNotSatisfied: location,ipAddressSeenByAzureAD; SessionControlsNotSatisfied: 
ID: 7bd05172-0534-4c9a-a965-6e9370e281df; DisplayName: Protocols - Enforce Modern Authentication; Result: reportOnlyNotApplied; ConditionsNotSatisfied: clientType; SessionControlsNotSatisfied: 
ID: 6c493fe3-b17a-426e-af02-9f28f033239f; DisplayName: Sessions - Block Persistent Browser Sessions (Admins); Result: reportOnlyNotApplied; ConditionsNotSatisfied: users; SessionControlsNotSatisfied: 
ID: 77dbcd7f-566d-4b90-a928-edf2235d1c96; DisplayName: Users - Block Interactive Logins (Service Accounts); Result: reportOnlyNotApplied; ConditionsNotSatisfied: users; SessionControlsNotSatisfied: 
ID: 72f697df-0563-4339-8a40-3a0e56607bcb; DisplayName: Users - Restrict Admin Portal Access; Result: reportOnlyNotApplied; ConditionsNotSatisfied: application; SessionControlsNotSatisfied: ","networkType: namedNetwork; networkNames: Block Countries Per User Per Period","AuthenticationStepDateTime: 2026-08-18T17:22:08Z; AuthenticationMethod: Previously satisfied; AuthenticationMethodDetail: ; Succeeded: True; AuthenticationStepResultDetail: First factor requirement satisfied by claim in the token; AuthenticationStepRequirement: ;
AuthenticationStepDateTime: 2026-08-18T17:22:08Z; AuthenticationMethod: Previously satisfied; AuthenticationMethodDetail: ; Succeeded: True; AuthenticationStepResultDetail: MFA requirement satisfied by claim in the token; AuthenticationStepRequirement: ;"
"2026-08-18T17:19:56Z","Pineywoods Realty Admin","admin@pineywoodsrealtyfl.com","9199bf20-a13f-4107-85dc-02114787ef48","One Outlook Web","47.206.189.128","Browser","Mozilla/5.0 (Windows NT 10.0; Win64; x64) AppleWebKit/537.36 (KHTML, like Gecko) Chrome/150.0.0.0 Safari/537.36","7b32f708-bc90-0973-49c0-a16e876040aa","True","multiFactorAuthentication","errorCode: 0; failureReason: Other.; additionalDetails: MFA requirement satisfied by claim in the token","deviceId: ; displayName: ; operatingSystem: Windows10; browser: Chrome 150.0.0; isCompliant: False; isManaged: False; trustType: ","city: Tampa; state: Florida; countryOrRegion: US; geoCoordinates: @{altitude=; latitude=27.94497; longitude=-82.44757}","success","ID: a08e9a43-c474-45ce-854f-67d0f7b3deec; DisplayName: Enable MFA - All Users; Result: success; ConditionsNotSatisfied: none; SessionControlsNotSatisfied: 
ID: b8e8a1ff-dfc9-4eff-8c45-e209f4e26e5b; DisplayName: KaztCap SSL VPN Access; Result: notApplied; ConditionsNotSatisfied: users; SessionControlsNotSatisfied: 
ID: c6569448-6b9b-4329-8356-6cdb035f7cf2; DisplayName: Enable MFA - bwadmin; Result: notApplied; ConditionsNotSatisfied: users; SessionControlsNotSatisfied: 
ID: 9dba74f8-0de6-406e-b38c-ba05ea657153; DisplayName: Microsoft-managed: Multifactor authentication for per-user multifactor authentication users; Result: notEnabled; ConditionsNotSatisfied: none; SessionControlsNotSatisfied: 
ID: 7249cafd-bd3b-4f0c-9f6a-de4933e0a484; DisplayName: Location Based Access - Block Outside US; Result: notApplied; ConditionsNotSatisfied: location,ipAddressSeenByAzureAD; SessionControlsNotSatisfied: 
ID: 2c6518a2-ced4-420b-99b2-7a01741512b8; DisplayName: Location Based Access - Allow Specific Countries; Result: notEnabled; ConditionsNotSatisfied: none; SessionControlsNotSatisfied: 
ID: e51298da-9965-4f54-be5a-a1bfa7391207; DisplayName: Microsoft-managed: Multifactor authentication and reauthentication for risky sign-ins; Result: notApplied; ConditionsNotSatisfied: signInRisk; SessionControlsNotSatisfied: 
ID: 3cc748c6-e739-4559-b56f-dc898b93b757; DisplayName: Brian Katz Travel Cayman - 12/21-12/28; Result: notEnabled; ConditionsNotSatisfied: none; SessionControlsNotSatisfied: 
ID: dbe24e2b-7971-4159-92e7-029febd9403a; DisplayName: Jeff Lenderman Travel BVI 3/13-3/19; Result: notEnabled; ConditionsNotSatisfied: none; SessionControlsNotSatisfied: 
ID: bda0d60a-c582-4d69-9d7e-f9166be26b08; DisplayName: Brian Katz - Costa Rica; Result: notEnabled; ConditionsNotSatisfied: none; SessionControlsNotSatisfied: 
ID: e4f6bd83-c762-4a93-9fb4-d77b558b5650; DisplayName: Devices - Enforce Device Compliance; Result: reportOnlyFailure; ConditionsNotSatisfied: none; SessionControlsNotSatisfied: 
ID: 46ddead8-098c-4325-bbeb-836e364f64b5; DisplayName: Sessions - Block Persistent Browser Sessions (Untrusted Locations); Result: reportOnlySuccess; ConditionsNotSatisfied: none; SessionControlsNotSatisfied: 
ID: 0149a225-4092-4a09-ab18-ae7c47c5deeb; DisplayName: Sessions - Enforce Sign-In Frequency; Result: reportOnlySuccess; ConditionsNotSatisfied: none; SessionControlsNotSatisfied: 
ID: 408cead8-caca-4de6-bf52-6f34130a6459; DisplayName: Microsoft-managed: Multifactor authentication for admins accessing Microsoft Admin Portals; Result: reportOnlyNotApplied; ConditionsNotSatisfied: application; SessionControlsNotSatisfied: 
ID: e00078dd-d389-4a8f-ba33-ac7b690a7ce3; DisplayName: Brian Katz Montreal 3/15 - 3/21; Result: reportOnlyNotApplied; ConditionsNotSatisfied: users; SessionControlsNotSatisfied: 
ID: da3712b4-2ee4-4d96-b702-9d73cb4e635a; DisplayName: Locations - Enforce Geo-IP Fencing; Result: reportOnlyNotApplied; ConditionsNotSatisfied: location,ipAddressSeenByAzureAD; SessionControlsNotSatisfied: 
ID: 7bd05172-0534-4c9a-a965-6e9370e281df; DisplayName: Protocols - Enforce Modern Authentication; Result: reportOnlyNotApplied; ConditionsNotSatisfied: clientType; SessionControlsNotSatisfied: 
ID: 6c493fe3-b17a-426e-af02-9f28f033239f; DisplayName: Sessions - Block Persistent Browser Sessions (Admins); Result: reportOnlyNotApplied; ConditionsNotSatisfied: users; SessionControlsNotSatisfied: 
ID: 77dbcd7f-566d-4b90-a928-edf2235d1c96; DisplayName: Users - Block Interactive Logins (Service Accounts); Result: reportOnlyNotApplied; ConditionsNotSatisfied: users; SessionControlsNotSatisfied: 
ID: 72f697df-0563-4339-8a40-3a0e56607bcb; DisplayName: Users - Restrict Admin Portal Access; Result: reportOnlyNotApplied; ConditionsNotSatisfied: application; SessionControlsNotSatisfied: ","networkType: namedNetwork; networkNames: Block Countries Per User Per Period","AuthenticationStepDateTime: 2026-08-18T17:19:56Z; AuthenticationMethod: Previously satisfied; AuthenticationMethodDetail: ; Succeeded: True; AuthenticationStepResultDetail: First factor requirement satisfied by claim in the token; AuthenticationStepRequirement: ;
AuthenticationStepDateTime: 2026-08-18T17:19:56Z; AuthenticationMethod: Previously satisfied; AuthenticationMethodDetail: ; Succeeded: True; AuthenticationStepResultDetail: MFA requirement satisfied by claim in the token; AuthenticationStepRequirement: ;"
"2026-08-18T17:15:23Z","Maxine Barnett","mbarnett@pineywoodscapital.com","08e18876-6177-487e-b8b5-cf950c1e598c","SharePoint Online Web Client Extensibility","47.206.189.128","Browser","Mozilla/5.0 (Windows NT 10.0; Win64; x64) AppleWebKit/537.36 (KHTML, like Gecko) Chrome/151.0.0.0 Safari/537.36 Edg/151.0.0.0","d32d5be6-2a41-42fb-b5f7-262f82f2a48e","True","multiFactorAuthentication","errorCode: 0; failureReason: Other.; additionalDetails: MFA requirement satisfied by claim in the token","deviceId: ef195eb1-1b92-4508-9244-131a41ab85fc; displayName: LAPTOP-3N51BPAV; operatingSystem: Windows10; browser: Edge 151.0.0; isCompliant: False; isManaged: False; trustType: Azure AD registered","city: Tampa; state: Florida; countryOrRegion: US; geoCoordinates: @{altitude=; latitude=27.94497; longitude=-82.44757}","success","ID: a08e9a43-c474-45ce-854f-67d0f7b3deec; DisplayName: Enable MFA - All Users; Result: success; ConditionsNotSatisfied: none; SessionControlsNotSatisfied: 
ID: b8e8a1ff-dfc9-4eff-8c45-e209f4e26e5b; DisplayName: KaztCap SSL VPN Access; Result: notApplied; ConditionsNotSatisfied: users; SessionControlsNotSatisfied: 
ID: c6569448-6b9b-4329-8356-6cdb035f7cf2; DisplayName: Enable MFA - bwadmin; Result: notApplied; ConditionsNotSatisfied: users; SessionControlsNotSatisfied: 
ID: 9dba74f8-0de6-406e-b38c-ba05ea657153; DisplayName: Microsoft-managed: Multifactor authentication for per-user multifactor authentication users; Result: notEnabled; ConditionsNotSatisfied: none; SessionControlsNotSatisfied: 
ID: 7249cafd-bd3b-4f0c-9f6a-de4933e0a484; DisplayName: Location Based Access - Block Outside US; Result: notApplied; ConditionsNotSatisfied: location,ipAddressSeenByAzureAD; SessionControlsNotSatisfied: 
ID: 2c6518a2-ced4-420b-99b2-7a01741512b8; DisplayName: Location Based Access - Allow Specific Countries; Result: notEnabled; ConditionsNotSatisfied: none; SessionControlsNotSatisfied: 
ID: e51298da-9965-4f54-be5a-a1bfa7391207; DisplayName: Microsoft-managed: Multifactor authentication and reauthentication for risky sign-ins; Result: notApplied; ConditionsNotSatisfied: signInRisk; SessionControlsNotSatisfied: 
ID: 3cc748c6-e739-4559-b56f-dc898b93b757; DisplayName: Brian Katz Travel Cayman - 12/21-12/28; Result: notEnabled; ConditionsNotSatisfied: none; SessionControlsNotSatisfied: 
ID: dbe24e2b-7971-4159-92e7-029febd9403a; DisplayName: Jeff Lenderman Travel BVI 3/13-3/19; Result: notEnabled; ConditionsNotSatisfied: none; SessionControlsNotSatisfied: 
ID: bda0d60a-c582-4d69-9d7e-f9166be26b08; DisplayName: Brian Katz - Costa Rica; Result: notEnabled; ConditionsNotSatisfied: none; SessionControlsNotSatisfied: 
ID: 46ddead8-098c-4325-bbeb-836e364f64b5; DisplayName: Sessions - Block Persistent Browser Sessions (Untrusted Locations); Result: reportOnlySuccess; ConditionsNotSatisfied: none; SessionControlsNotSatisfied: 
ID: 0149a225-4092-4a09-ab18-ae7c47c5deeb; DisplayName: Sessions - Enforce Sign-In Frequency; Result: reportOnlySuccess; ConditionsNotSatisfied: none; SessionControlsNotSatisfied: 
ID: 408cead8-caca-4de6-bf52-6f34130a6459; DisplayName: Microsoft-managed: Multifactor authentication for admins accessing Microsoft Admin Portals; Result: reportOnlyNotApplied; ConditionsNotSatisfied: application; SessionControlsNotSatisfied: 
ID: e00078dd-d389-4a8f-ba33-ac7b690a7ce3; DisplayName: Brian Katz Montreal 3/15 - 3/21; Result: reportOnlyNotApplied; ConditionsNotSatisfied: users; SessionControlsNotSatisfied: 
ID: e4f6bd83-c762-4a93-9fb4-d77b558b5650; DisplayName: Devices - Enforce Device Compliance; Result: reportOnlyNotApplied; ConditionsNotSatisfied: deviceState; SessionControlsNotSatisfied: 
ID: da3712b4-2ee4-4d96-b702-9d73cb4e635a; DisplayName: Locations - Enforce Geo-IP Fencing; Result: reportOnlyNotApplied; ConditionsNotSatisfied: location,ipAddressSeenByAzureAD; SessionControlsNotSatisfied: 
ID: 7bd05172-0534-4c9a-a965-6e9370e281df; DisplayName: Protocols - Enforce Modern Authentication; Result: reportOnlyNotApplied; ConditionsNotSatisfied: clientType; SessionControlsNotSatisfied: 
ID: 6c493fe3-b17a-426e-af02-9f28f033239f; DisplayName: Sessions - Block Persistent Browser Sessions (Admins); Result: reportOnlyNotApplied; ConditionsNotSatisfied: users; SessionControlsNotSatisfied: 
ID: 77dbcd7f-566d-4b90-a928-edf2235d1c96; DisplayName: Users - Block Interactive Logins (Service Accounts); Result: reportOnlyNotApplied; ConditionsNotSatisfied: users; SessionControlsNotSatisfied: 
ID: 72f697df-0563-4339-8a40-3a0e56607bcb; DisplayName: Users - Restrict Admin Portal Access; Result: reportOnlyNotApplied; ConditionsNotSatisfied: application; SessionControlsNotSatisfied: ","networkType: namedNetwork; networkNames: Block Countries Per User Per Period","AuthenticationStepDateTime: 2026-08-18T17:15:23Z; AuthenticationMethod: Previously satisfied; AuthenticationMethodDetail: ; Succeeded: True; AuthenticationStepResultDetail: First factor requirement satisfied by claim in the token; AuthenticationStepRequirement: ;
AuthenticationStepDateTime: 2026-08-18T17:15:23Z; AuthenticationMethod: Previously satisfied; AuthenticationMethodDetail: ; Succeeded: True; AuthenticationStepResultDetail: MFA requirement satisfied by claim in the token; AuthenticationStepRequirement: ;"
"2026-08-18T17:14:46Z","Maxine Barnett","mbarnett@pineywoodscapital.com","08e18876-6177-487e-b8b5-cf950c1e598c","SharePoint Online Web Client Extensibility","47.206.189.128","Browser","Mozilla/5.0 (Windows NT 10.0; Win64; x64) AppleWebKit/537.36 (KHTML, like Gecko) Chrome/151.0.0.0 Safari/537.36 Edg/151.0.0.0","9c918cf9-83d9-4e5c-9541-0002fdb77741","True","multiFactorAuthentication","errorCode: 0; failureReason: Other.; additionalDetails: MFA requirement satisfied by claim in the token","deviceId: ef195eb1-1b92-4508-9244-131a41ab85fc; displayName: LAPTOP-3N51BPAV; operatingSystem: Windows10; browser: Edge 151.0.0; isCompliant: False; isManaged: False; trustType: Azure AD registered","city: Tampa; state: Florida; countryOrRegion: US; geoCoordinates: @{altitude=; latitude=27.94497; longitude=-82.44757}","success","ID: a08e9a43-c474-45ce-854f-67d0f7b3deec; DisplayName: Enable MFA - All Users; Result: success; ConditionsNotSatisfied: none; SessionControlsNotSatisfied: 
ID: b8e8a1ff-dfc9-4eff-8c45-e209f4e26e5b; DisplayName: KaztCap SSL VPN Access; Result: notApplied; ConditionsNotSatisfied: users; SessionControlsNotSatisfied: 
ID: c6569448-6b9b-4329-8356-6cdb035f7cf2; DisplayName: Enable MFA - bwadmin; Result: notApplied; ConditionsNotSatisfied: users; SessionControlsNotSatisfied: 
ID: 9dba74f8-0de6-406e-b38c-ba05ea657153; DisplayName: Microsoft-managed: Multifactor authentication for per-user multifactor authentication users; Result: notEnabled; ConditionsNotSatisfied: none; SessionControlsNotSatisfied: 
ID: 7249cafd-bd3b-4f0c-9f6a-de4933e0a484; DisplayName: Location Based Access - Block Outside US; Result: notApplied; ConditionsNotSatisfied: location,ipAddressSeenByAzureAD; SessionControlsNotSatisfied: 
ID: 2c6518a2-ced4-420b-99b2-7a01741512b8; DisplayName: Location Based Access - Allow Specific Countries; Result: notEnabled; ConditionsNotSatisfied: none; SessionControlsNotSatisfied: 
ID: e51298da-9965-4f54-be5a-a1bfa7391207; DisplayName: Microsoft-managed: Multifactor authentication and reauthentication for risky sign-ins; Result: notApplied; ConditionsNotSatisfied: signInRisk; SessionControlsNotSatisfied: 
ID: 3cc748c6-e739-4559-b56f-dc898b93b757; DisplayName: Brian Katz Travel Cayman - 12/21-12/28; Result: notEnabled; ConditionsNotSatisfied: none; SessionControlsNotSatisfied: 
ID: dbe24e2b-7971-4159-92e7-029febd9403a; DisplayName: Jeff Lenderman Travel BVI 3/13-3/19; Result: notEnabled; ConditionsNotSatisfied: none; SessionControlsNotSatisfied: 
ID: bda0d60a-c582-4d69-9d7e-f9166be26b08; DisplayName: Brian Katz - Costa Rica; Result: notEnabled; ConditionsNotSatisfied: none; SessionControlsNotSatisfied: 
ID: 46ddead8-098c-4325-bbeb-836e364f64b5; DisplayName: Sessions - Block Persistent Browser Sessions (Untrusted Locations); Result: reportOnlySuccess; ConditionsNotSatisfied: none; SessionControlsNotSatisfied: 
ID: 0149a225-4092-4a09-ab18-ae7c47c5deeb; DisplayName: Sessions - Enforce Sign-In Frequency; Result: reportOnlySuccess; ConditionsNotSatisfied: none; SessionControlsNotSatisfied: 
ID: 408cead8-caca-4de6-bf52-6f34130a6459; DisplayName: Microsoft-managed: Multifactor authentication for admins accessing Microsoft Admin Portals; Result: reportOnlyNotApplied; ConditionsNotSatisfied: application; SessionControlsNotSatisfied: 
ID: e00078dd-d389-4a8f-ba33-ac7b690a7ce3; DisplayName: Brian Katz Montreal 3/15 - 3/21; Result: reportOnlyNotApplied; ConditionsNotSatisfied: users; SessionControlsNotSatisfied: 
ID: e4f6bd83-c762-4a93-9fb4-d77b558b5650; DisplayName: Devices - Enforce Device Compliance; Result: reportOnlyNotApplied; ConditionsNotSatisfied: deviceState; SessionControlsNotSatisfied: 
ID: da3712b4-2ee4-4d96-b702-9d73cb4e635a; DisplayName: Locations - Enforce Geo-IP Fencing; Result: reportOnlyNotApplied; ConditionsNotSatisfied: location,ipAddressSeenByAzureAD; SessionControlsNotSatisfied: 
ID: 7bd05172-0534-4c9a-a965-6e9370e281df; DisplayName: Protocols - Enforce Modern Authentication; Result: reportOnlyNotApplied; ConditionsNotSatisfied: clientType; SessionControlsNotSatisfied: 
ID: 6c493fe3-b17a-426e-af02-9f28f033239f; DisplayName: Sessions - Block Persistent Browser Sessions (Admins); Result: reportOnlyNotApplied; ConditionsNotSatisfied: users; SessionControlsNotSatisfied: 
ID: 77dbcd7f-566d-4b90-a928-edf2235d1c96; DisplayName: Users - Block Interactive Logins (Service Accounts); Result: reportOnlyNotApplied; ConditionsNotSatisfied: users; SessionControlsNotSatisfied: 
ID: 72f697df-0563-4339-8a40-3a0e56607bcb; DisplayName: Users - Restrict Admin Portal Access; Result: reportOnlyNotApplied; ConditionsNotSatisfied: application; SessionControlsNotSatisfied: ","networkType: namedNetwork; networkNames: Block Countries Per User Per Period","AuthenticationStepDateTime: 2026-08-18T17:14:46Z; AuthenticationMethod: Previously satisfied; AuthenticationMethodDetail: ; Succeeded: True; AuthenticationStepResultDetail: First factor requirement satisfied by claim in the token; AuthenticationStepRequirement: ;
AuthenticationStepDateTime: 2026-08-18T17:14:46Z; AuthenticationMethod: Previously satisfied; AuthenticationMethodDetail: ; Succeeded: True; AuthenticationStepResultDetail: MFA requirement satisfied by claim in the token; AuthenticationStepRequirement: ;"
"2026-08-18T17:14:42Z","Maxine Barnett","mbarnett@pineywoodscapital.com","89bee1f7-5e6e-4d8a-9f3d-ecd601259da7","Office365 Shell WCSS-Client","47.206.189.128","Browser","Mozilla/5.0 (Windows NT 10.0; Win64; x64) AppleWebKit/537.36 (KHTML, like Gecko) Chrome/151.0.0.0 Safari/537.36 Edg/151.0.0.0","01a015de-3acb-76b7-874e-95e4708c40f5","True","multiFactorAuthentication","errorCode: 0; failureReason: Other.; additionalDetails: MFA requirement satisfied by claim in the token","deviceId: ef195eb1-1b92-4508-9244-131a41ab85fc; displayName: LAPTOP-3N51BPAV; operatingSystem: Windows10; browser: Edge 151.0.0; isCompliant: False; isManaged: False; trustType: Azure AD registered","city: Tampa; state: Florida; countryOrRegion: US; geoCoordinates: @{altitude=; latitude=27.94497; longitude=-82.44757}","success","ID: a08e9a43-c474-45ce-854f-67d0f7b3deec; DisplayName: Enable MFA - All Users; Result: success; ConditionsNotSatisfied: none; SessionControlsNotSatisfied: 
ID: b8e8a1ff-dfc9-4eff-8c45-e209f4e26e5b; DisplayName: KaztCap SSL VPN Access; Result: notApplied; ConditionsNotSatisfied: users; SessionControlsNotSatisfied: 
ID: c6569448-6b9b-4329-8356-6cdb035f7cf2; DisplayName: Enable MFA - bwadmin; Result: notApplied; ConditionsNotSatisfied: users; SessionControlsNotSatisfied: 
ID: 9dba74f8-0de6-406e-b38c-ba05ea657153; DisplayName: Microsoft-managed: Multifactor authentication for per-user multifactor authentication users; Result: notEnabled; ConditionsNotSatisfied: none; SessionControlsNotSatisfied: 
ID: 7249cafd-bd3b-4f0c-9f6a-de4933e0a484; DisplayName: Location Based Access - Block Outside US; Result: notApplied; ConditionsNotSatisfied: location,ipAddressSeenByAzureAD; SessionControlsNotSatisfied: 
ID: 2c6518a2-ced4-420b-99b2-7a01741512b8; DisplayName: Location Based Access - Allow Specific Countries; Result: notEnabled; ConditionsNotSatisfied: none; SessionControlsNotSatisfied: 
ID: e51298da-9965-4f54-be5a-a1bfa7391207; DisplayName: Microsoft-managed: Multifactor authentication and reauthentication for risky sign-ins; Result: notApplied; ConditionsNotSatisfied: signInRisk; SessionControlsNotSatisfied: 
ID: 3cc748c6-e739-4559-b56f-dc898b93b757; DisplayName: Brian Katz Travel Cayman - 12/21-12/28; Result: notEnabled; ConditionsNotSatisfied: none; SessionControlsNotSatisfied: 
ID: dbe24e2b-7971-4159-92e7-029febd9403a; DisplayName: Jeff Lenderman Travel BVI 3/13-3/19; Result: notEnabled; ConditionsNotSatisfied: none; SessionControlsNotSatisfied: 
ID: bda0d60a-c582-4d69-9d7e-f9166be26b08; DisplayName: Brian Katz - Costa Rica; Result: notEnabled; ConditionsNotSatisfied: none; SessionControlsNotSatisfied: 
ID: 46ddead8-098c-4325-bbeb-836e364f64b5; DisplayName: Sessions - Block Persistent Browser Sessions (Untrusted Locations); Result: reportOnlySuccess; ConditionsNotSatisfied: none; SessionControlsNotSatisfied: 
ID: 0149a225-4092-4a09-ab18-ae7c47c5deeb; DisplayName: Sessions - Enforce Sign-In Frequency; Result: reportOnlySuccess; ConditionsNotSatisfied: none; SessionControlsNotSatisfied: 
ID: 408cead8-caca-4de6-bf52-6f34130a6459; DisplayName: Microsoft-managed: Multifactor authentication for admins accessing Microsoft Admin Portals; Result: reportOnlyNotApplied; ConditionsNotSatisfied: application; SessionControlsNotSatisfied: 
ID: e00078dd-d389-4a8f-ba33-ac7b690a7ce3; DisplayName: Brian Katz Montreal 3/15 - 3/21; Result: reportOnlyNotApplied; ConditionsNotSatisfied: users; SessionControlsNotSatisfied: 
ID: e4f6bd83-c762-4a93-9fb4-d77b558b5650; DisplayName: Devices - Enforce Device Compliance; Result: reportOnlyNotApplied; ConditionsNotSatisfied: deviceState; SessionControlsNotSatisfied: 
ID: da3712b4-2ee4-4d96-b702-9d73cb4e635a; DisplayName: Locations - Enforce Geo-IP Fencing; Result: reportOnlyNotApplied; ConditionsNotSatisfied: location,ipAddressSeenByAzureAD; SessionControlsNotSatisfied: 
ID: 7bd05172-0534-4c9a-a965-6e9370e281df; DisplayName: Protocols - Enforce Modern Authentication; Result: reportOnlyNotApplied; ConditionsNotSatisfied: clientType; SessionControlsNotSatisfied: 
ID: 6c493fe3-b17a-426e-af02-9f28f033239f; DisplayName: Sessions - Block Persistent Browser Sessions (Admins); Result: reportOnlyNotApplied; ConditionsNotSatisfied: users; SessionControlsNotSatisfied: 
ID: 77dbcd7f-566d-4b90-a928-edf2235d1c96; DisplayName: Users - Block Interactive Logins (Service Accounts); Result: reportOnlyNotApplied; ConditionsNotSatisfied: users; SessionControlsNotSatisfied: 
ID: 72f697df-0563-4339-8a40-3a0e56607bcb; DisplayName: Users - Restrict Admin Portal Access; Result: reportOnlyNotApplied; ConditionsNotSatisfied: application; SessionControlsNotSatisfied: ","networkType: namedNetwork; networkNames: Block Countries Per User Per Period","AuthenticationStepDateTime: 2026-08-18T17:14:42Z; AuthenticationMethod: Previously satisfied; AuthenticationMethodDetail: ; Succeeded: True; AuthenticationStepResultDetail: First factor requirement satisfied by claim in the token; AuthenticationStepRequirement: ;
AuthenticationStepDateTime: 2026-08-18T17:14:42Z; AuthenticationMethod: Previously satisfied; AuthenticationMethodDetail: ; Succeeded: True; AuthenticationStepResultDetail: MFA requirement satisfied by claim in the token; AuthenticationStepRequirement: ;"
"2026-08-18T17:13:39Z","Maxine Barnett","mbarnett@pineywoodscapital.com","89bee1f7-5e6e-4d8a-9f3d-ecd601259da7","Office365 Shell WCSS-Client","47.206.189.128","Browser","Mozilla/5.0 (Windows NT 10.0; Win64; x64) AppleWebKit/537.36 (KHTML, like Gecko) Chrome/151.0.0.0 Safari/537.36 Edg/151.0.0.0","01a015dd-4905-7561-8646-e1d52522af8c","True","multiFactorAuthentication","errorCode: 0; failureReason: Other.; additionalDetails: MFA requirement satisfied by claim in the token","deviceId: ef195eb1-1b92-4508-9244-131a41ab85fc; displayName: LAPTOP-3N51BPAV; operatingSystem: Windows10; browser: Edge 151.0.0; isCompliant: False; isManaged: False; trustType: Azure AD registered","city: Tampa; state: Florida; countryOrRegion: US; geoCoordinates: @{altitude=; latitude=27.94497; longitude=-82.44757}","success","ID: a08e9a43-c474-45ce-854f-67d0f7b3deec; DisplayName: Enable MFA - All Users; Result: success; ConditionsNotSatisfied: none; SessionControlsNotSatisfied: 
ID: b8e8a1ff-dfc9-4eff-8c45-e209f4e26e5b; DisplayName: KaztCap SSL VPN Access; Result: notApplied; ConditionsNotSatisfied: users; SessionControlsNotSatisfied: 
ID: c6569448-6b9b-4329-8356-6cdb035f7cf2; DisplayName: Enable MFA - bwadmin; Result: notApplied; ConditionsNotSatisfied: users; SessionControlsNotSatisfied: 
ID: 2c6518a2-ced4-420b-99b2-7a01741512b8; DisplayName: Location Based Access - Allow Specific Countries; Result: notEnabled; ConditionsNotSatisfied: none; SessionControlsNotSatisfied: 
ID: 9dba74f8-0de6-406e-b38c-ba05ea657153; DisplayName: Microsoft-managed: Multifactor authentication for per-user multifactor authentication users; Result: notEnabled; ConditionsNotSatisfied: none; SessionControlsNotSatisfied: 
ID: 7249cafd-bd3b-4f0c-9f6a-de4933e0a484; DisplayName: Location Based Access - Block Outside US; Result: notApplied; ConditionsNotSatisfied: location,ipAddressSeenByAzureAD; SessionControlsNotSatisfied: 
ID: e51298da-9965-4f54-be5a-a1bfa7391207; DisplayName: Microsoft-managed: Multifactor authentication and reauthentication for risky sign-ins; Result: notApplied; ConditionsNotSatisfied: signInRisk; SessionControlsNotSatisfied: 
ID: 3cc748c6-e739-4559-b56f-dc898b93b757; DisplayName: Brian Katz Travel Cayman - 12/21-12/28; Result: notEnabled; ConditionsNotSatisfied: none; SessionControlsNotSatisfied: 
ID: dbe24e2b-7971-4159-92e7-029febd9403a; DisplayName: Jeff Lenderman Travel BVI 3/13-3/19; Result: notEnabled; ConditionsNotSatisfied: none; SessionControlsNotSatisfied: 
ID: bda0d60a-c582-4d69-9d7e-f9166be26b08; DisplayName: Brian Katz - Costa Rica; Result: notEnabled; ConditionsNotSatisfied: none; SessionControlsNotSatisfied: 
ID: 46ddead8-098c-4325-bbeb-836e364f64b5; DisplayName: Sessions - Block Persistent Browser Sessions (Untrusted Locations); Result: reportOnlySuccess; ConditionsNotSatisfied: none; SessionControlsNotSatisfied: 
ID: 0149a225-4092-4a09-ab18-ae7c47c5deeb; DisplayName: Sessions - Enforce Sign-In Frequency; Result: reportOnlySuccess; ConditionsNotSatisfied: none; SessionControlsNotSatisfied: 
ID: 408cead8-caca-4de6-bf52-6f34130a6459; DisplayName: Microsoft-managed: Multifactor authentication for admins accessing Microsoft Admin Portals; Result: reportOnlyNotApplied; ConditionsNotSatisfied: application; SessionControlsNotSatisfied: 
ID: e00078dd-d389-4a8f-ba33-ac7b690a7ce3; DisplayName: Brian Katz Montreal 3/15 - 3/21; Result: reportOnlyNotApplied; ConditionsNotSatisfied: users; SessionControlsNotSatisfied: 
ID: e4f6bd83-c762-4a93-9fb4-d77b558b5650; DisplayName: Devices - Enforce Device Compliance; Result: reportOnlyNotApplied; ConditionsNotSatisfied: deviceState; SessionControlsNotSatisfied: 
ID: da3712b4-2ee4-4d96-b702-9d73cb4e635a; DisplayName: Locations - Enforce Geo-IP Fencing; Result: reportOnlyNotApplied; ConditionsNotSatisfied: location,ipAddressSeenByAzureAD; SessionControlsNotSatisfied: 
ID: 7bd05172-0534-4c9a-a965-6e9370e281df; DisplayName: Protocols - Enforce Modern Authentication; Result: reportOnlyNotApplied; ConditionsNotSatisfied: clientType; SessionControlsNotSatisfied: 
ID: 6c493fe3-b17a-426e-af02-9f28f033239f; DisplayName: Sessions - Block Persistent Browser Sessions (Admins); Result: reportOnlyNotApplied; ConditionsNotSatisfied: users; SessionControlsNotSatisfied: 
ID: 77dbcd7f-566d-4b90-a928-edf2235d1c96; DisplayName: Users - Block Interactive Logins (Service Accounts); Result: reportOnlyNotApplied; ConditionsNotSatisfied: users; SessionControlsNotSatisfied: 
ID: 72f697df-0563-4339-8a40-3a0e56607bcb; DisplayName: Users - Restrict Admin Portal Access; Result: reportOnlyNotApplied; ConditionsNotSatisfied: application; SessionControlsNotSatisfied: ","networkType: namedNetwork; networkNames: Block Countries Per User Per Period","AuthenticationStepDateTime: 2026-08-18T17:13:39Z; AuthenticationMethod: Previously satisfied; AuthenticationMethodDetail: ; Succeeded: True; AuthenticationStepResultDetail: First factor requirement satisfied by claim in the token; AuthenticationStepRequirement: ;
AuthenticationStepDateTime: 2026-08-18T17:13:39Z; AuthenticationMethod: Previously satisfied; AuthenticationMethodDetail: ; Succeeded: True; AuthenticationStepResultDetail: MFA requirement satisfied by claim in the token; AuthenticationStepRequirement: ;"
"2026-08-18T17:13:39Z","Maxine Barnett","mbarnett@pineywoodscapital.com","08e18876-6177-487e-b8b5-cf950c1e598c","SharePoint Online Web Client Extensibility","47.206.189.128","Browser","Mozilla/5.0 (Windows NT 10.0; Win64; x64) AppleWebKit/537.36 (KHTML, like Gecko) Chrome/151.0.0.0 Safari/537.36 Edg/151.0.0.0","9e7c6d0a-b824-4f25-9dfe-b30bbe9d06ea","True","multiFactorAuthentication","errorCode: 0; failureReason: Other.; additionalDetails: MFA requirement satisfied by claim in the token","deviceId: ef195eb1-1b92-4508-9244-131a41ab85fc; displayName: LAPTOP-3N51BPAV; operatingSystem: Windows10; browser: Edge 151.0.0; isCompliant: False; isManaged: False; trustType: Azure AD registered","city: Tampa; state: Florida; countryOrRegion: US; geoCoordinates: @{altitude=; latitude=27.94497; longitude=-82.44757}","success","ID: a08e9a43-c474-45ce-854f-67d0f7b3deec; DisplayName: Enable MFA - All Users; Result: success; ConditionsNotSatisfied: none; SessionControlsNotSatisfied: 
ID: b8e8a1ff-dfc9-4eff-8c45-e209f4e26e5b; DisplayName: KaztCap SSL VPN Access; Result: notApplied; ConditionsNotSatisfied: users; SessionControlsNotSatisfied: 
ID: c6569448-6b9b-4329-8356-6cdb035f7cf2; DisplayName: Enable MFA - bwadmin; Result: notApplied; ConditionsNotSatisfied: users; SessionControlsNotSatisfied: 
ID: 9dba74f8-0de6-406e-b38c-ba05ea657153; DisplayName: Microsoft-managed: Multifactor authentication for per-user multifactor authentication users; Result: notEnabled; ConditionsNotSatisfied: none; SessionControlsNotSatisfied: 
ID: 7249cafd-bd3b-4f0c-9f6a-de4933e0a484; DisplayName: Location Based Access - Block Outside US; Result: notApplied; ConditionsNotSatisfied: location,ipAddressSeenByAzureAD; SessionControlsNotSatisfied: 
ID: 2c6518a2-ced4-420b-99b2-7a01741512b8; DisplayName: Location Based Access - Allow Specific Countries; Result: notEnabled; ConditionsNotSatisfied: none; SessionControlsNotSatisfied: 
ID: e51298da-9965-4f54-be5a-a1bfa7391207; DisplayName: Microsoft-managed: Multifactor authentication and reauthentication for risky sign-ins; Result: notApplied; ConditionsNotSatisfied: signInRisk; SessionControlsNotSatisfied: 
ID: 3cc748c6-e739-4559-b56f-dc898b93b757; DisplayName: Brian Katz Travel Cayman - 12/21-12/28; Result: notEnabled; ConditionsNotSatisfied: none; SessionControlsNotSatisfied: 
ID: dbe24e2b-7971-4159-92e7-029febd9403a; DisplayName: Jeff Lenderman Travel BVI 3/13-3/19; Result: notEnabled; ConditionsNotSatisfied: none; SessionControlsNotSatisfied: 
ID: bda0d60a-c582-4d69-9d7e-f9166be26b08; DisplayName: Brian Katz - Costa Rica; Result: notEnabled; ConditionsNotSatisfied: none; SessionControlsNotSatisfied: 
ID: 46ddead8-098c-4325-bbeb-836e364f64b5; DisplayName: Sessions - Block Persistent Browser Sessions (Untrusted Locations); Result: reportOnlySuccess; ConditionsNotSatisfied: none; SessionControlsNotSatisfied: 
ID: 0149a225-4092-4a09-ab18-ae7c47c5deeb; DisplayName: Sessions - Enforce Sign-In Frequency; Result: reportOnlySuccess; ConditionsNotSatisfied: none; SessionControlsNotSatisfied: 
ID: 408cead8-caca-4de6-bf52-6f34130a6459; DisplayName: Microsoft-managed: Multifactor authentication for admins accessing Microsoft Admin Portals; Result: reportOnlyNotApplied; ConditionsNotSatisfied: application; SessionControlsNotSatisfied: 
ID: e00078dd-d389-4a8f-ba33-ac7b690a7ce3; DisplayName: Brian Katz Montreal 3/15 - 3/21; Result: reportOnlyNotApplied; ConditionsNotSatisfied: users; SessionControlsNotSatisfied: 
ID: e4f6bd83-c762-4a93-9fb4-d77b558b5650; DisplayName: Devices - Enforce Device Compliance; Result: reportOnlyNotApplied; ConditionsNotSatisfied: deviceState; SessionControlsNotSatisfied: 
ID: da3712b4-2ee4-4d96-b702-9d73cb4e635a; DisplayName: Locations - Enforce Geo-IP Fencing; Result: reportOnlyNotApplied; ConditionsNotSatisfied: location,ipAddressSeenByAzureAD; SessionControlsNotSatisfied: 
ID: 7bd05172-0534-4c9a-a965-6e9370e281df; DisplayName: Protocols - Enforce Modern Authentication; Result: reportOnlyNotApplied; ConditionsNotSatisfied: clientType; SessionControlsNotSatisfied: 
ID: 6c493fe3-b17a-426e-af02-9f28f033239f; DisplayName: Sessions - Block Persistent Browser Sessions (Admins); Result: reportOnlyNotApplied; ConditionsNotSatisfied: users; SessionControlsNotSatisfied: 
ID: 77dbcd7f-566d-4b90-a928-edf2235d1c96; DisplayName: Users - Block Interactive Logins (Service Accounts); Result: reportOnlyNotApplied; ConditionsNotSatisfied: users; SessionControlsNotSatisfied: 
ID: 72f697df-0563-4339-8a40-3a0e56607bcb; DisplayName: Users - Restrict Admin Portal Access; Result: reportOnlyNotApplied; ConditionsNotSatisfied: application; SessionControlsNotSatisfied: ","networkType: namedNetwork; networkNames: Block Countries Per User Per Period","AuthenticationStepDateTime: 2026-08-18T17:13:39Z; AuthenticationMethod: Previously satisfied; AuthenticationMethodDetail: ; Succeeded: True; AuthenticationStepResultDetail: First factor requirement satisfied by claim in the token; AuthenticationStepRequirement: ;
AuthenticationStepDateTime: 2026-08-18T17:13:39Z; AuthenticationMethod: Previously satisfied; AuthenticationMethodDetail: ; Succeeded: True; AuthenticationStepResultDetail: MFA requirement satisfied by claim in the token; AuthenticationStepRequirement: ;"
"2026-08-18T17:13:34Z","Maxine Barnett","mbarnett@pineywoodscapital.com","00000003-0000-0ff1-ce00-000000000000","Office 365 SharePoint Online","47.206.189.128","Browser","Mozilla/5.0 (Windows NT 10.0; Win64; x64) AppleWebKit/537.36 (KHTML, like Gecko) Chrome/151.0.0.0 Safari/537.36 Edg/151.0.0.0 OS/10.0.26200","988032a2-9086-0000-073e-cf4b63cf74bc","True","multiFactorAuthentication","errorCode: 0; failureReason: Other.; additionalDetails: MFA requirement satisfied by claim in the token","deviceId: ef195eb1-1b92-4508-9244-131a41ab85fc; displayName: LAPTOP-3N51BPAV; operatingSystem: Windows10; browser: Edge 151.0.0; isCompliant: False; isManaged: False; trustType: Azure AD registered","city: Tampa; state: Florida; countryOrRegion: US; geoCoordinates: @{altitude=; latitude=27.94497; longitude=-82.44757}","success","ID: a08e9a43-c474-45ce-854f-67d0f7b3deec; DisplayName: Enable MFA - All Users; Result: success; ConditionsNotSatisfied: none; SessionControlsNotSatisfied: 
ID: b8e8a1ff-dfc9-4eff-8c45-e209f4e26e5b; DisplayName: KaztCap SSL VPN Access; Result: notApplied; ConditionsNotSatisfied: users; SessionControlsNotSatisfied: 
ID: c6569448-6b9b-4329-8356-6cdb035f7cf2; DisplayName: Enable MFA - bwadmin; Result: notApplied; ConditionsNotSatisfied: users; SessionControlsNotSatisfied: 
ID: 9dba74f8-0de6-406e-b38c-ba05ea657153; DisplayName: Microsoft-managed: Multifactor authentication for per-user multifactor authentication users; Result: notEnabled; ConditionsNotSatisfied: none; SessionControlsNotSatisfied: 
ID: 7249cafd-bd3b-4f0c-9f6a-de4933e0a484; DisplayName: Location Based Access - Block Outside US; Result: notApplied; ConditionsNotSatisfied: location,ipAddressSeenByAzureAD; SessionControlsNotSatisfied: 
ID: 2c6518a2-ced4-420b-99b2-7a01741512b8; DisplayName: Location Based Access - Allow Specific Countries; Result: notEnabled; ConditionsNotSatisfied: none; SessionControlsNotSatisfied: 
ID: e51298da-9965-4f54-be5a-a1bfa7391207; DisplayName: Microsoft-managed: Multifactor authentication and reauthentication for risky sign-ins; Result: notApplied; ConditionsNotSatisfied: signInRisk; SessionControlsNotSatisfied: 
ID: 3cc748c6-e739-4559-b56f-dc898b93b757; DisplayName: Brian Katz Travel Cayman - 12/21-12/28; Result: notEnabled; ConditionsNotSatisfied: none; SessionControlsNotSatisfied: 
ID: dbe24e2b-7971-4159-92e7-029febd9403a; DisplayName: Jeff Lenderman Travel BVI 3/13-3/19; Result: notEnabled; ConditionsNotSatisfied: none; SessionControlsNotSatisfied: 
ID: bda0d60a-c582-4d69-9d7e-f9166be26b08; DisplayName: Brian Katz - Costa Rica; Result: notEnabled; ConditionsNotSatisfied: none; SessionControlsNotSatisfied: 
ID: 46ddead8-098c-4325-bbeb-836e364f64b5; DisplayName: Sessions - Block Persistent Browser Sessions (Untrusted Locations); Result: reportOnlySuccess; ConditionsNotSatisfied: none; SessionControlsNotSatisfied: 
ID: 0149a225-4092-4a09-ab18-ae7c47c5deeb; DisplayName: Sessions - Enforce Sign-In Frequency; Result: reportOnlySuccess; ConditionsNotSatisfied: none; SessionControlsNotSatisfied: 
ID: 408cead8-caca-4de6-bf52-6f34130a6459; DisplayName: Microsoft-managed: Multifactor authentication for admins accessing Microsoft Admin Portals; Result: reportOnlyNotApplied; ConditionsNotSatisfied: application; SessionControlsNotSatisfied: 
ID: e00078dd-d389-4a8f-ba33-ac7b690a7ce3; DisplayName: Brian Katz Montreal 3/15 - 3/21; Result: reportOnlyNotApplied; ConditionsNotSatisfied: users; SessionControlsNotSatisfied: 
ID: e4f6bd83-c762-4a93-9fb4-d77b558b5650; DisplayName: Devices - Enforce Device Compliance; Result: reportOnlyNotApplied; ConditionsNotSatisfied: deviceState; SessionControlsNotSatisfied: 
ID: da3712b4-2ee4-4d96-b702-9d73cb4e635a; DisplayName: Locations - Enforce Geo-IP Fencing; Result: reportOnlyNotApplied; ConditionsNotSatisfied: location,ipAddressSeenByAzureAD; SessionControlsNotSatisfied: 
ID: 7bd05172-0534-4c9a-a965-6e9370e281df; DisplayName: Protocols - Enforce Modern Authentication; Result: reportOnlyNotApplied; ConditionsNotSatisfied: clientType; SessionControlsNotSatisfied: 
ID: 6c493fe3-b17a-426e-af02-9f28f033239f; DisplayName: Sessions - Block Persistent Browser Sessions (Admins); Result: reportOnlyNotApplied; ConditionsNotSatisfied: users; SessionControlsNotSatisfied: 
ID: 77dbcd7f-566d-4b90-a928-edf2235d1c96; DisplayName: Users - Block Interactive Logins (Service Accounts); Result: reportOnlyNotApplied; ConditionsNotSatisfied: users; SessionControlsNotSatisfied: 
ID: 72f697df-0563-4339-8a40-3a0e56607bcb; DisplayName: Users - Restrict Admin Portal Access; Result: reportOnlyNotApplied; ConditionsNotSatisfied: application; SessionControlsNotSatisfied: ","networkType: namedNetwork; networkNames: Block Countries Per User Per Period","AuthenticationStepDateTime: 2026-08-18T17:13:34Z; AuthenticationMethod: Previously satisfied; AuthenticationMethodDetail: ; Succeeded: True; AuthenticationStepResultDetail: First factor requirement satisfied by claim in the token; AuthenticationStepRequirement: ;
AuthenticationStepDateTime: 2026-08-18T17:13:34Z; AuthenticationMethod: Previously satisfied; AuthenticationMethodDetail: ; Succeeded: True; AuthenticationStepResultDetail: MFA requirement satisfied by claim in the token; AuthenticationStepRequirement: ;"
"2026-08-18T17:11:28Z","Kalise Sanger","frontdesk@pineywoodsrealtyfl.com","9199bf20-a13f-4107-85dc-02114787ef48","One Outlook Web","47.206.189.128","Browser","Mozilla/5.0 (Windows NT 10.0; Win64; x64) AppleWebKit/537.36 (KHTML, like Gecko) Chrome/151.0.0.0 Safari/537.36 Edg/151.0.0.0","cd5f5d45-a4b6-4b50-1e88-6a03c14adc54","True","multiFactorAuthentication","errorCode: 0; failureReason: Other.; additionalDetails: MFA requirement satisfied by claim in the token","deviceId: c4b8e480-5cab-4820-9148-b154d9a19975; displayName: PWC-L-19-01; operatingSystem: Windows10; browser: Edge 151.0.0; isCompliant: False; isManaged: False; trustType: Azure AD joined","city: Tampa; state: Florida; countryOrRegion: US; geoCoordinates: @{altitude=; latitude=27.94497; longitude=-82.44757}","success","ID: a08e9a43-c474-45ce-854f-67d0f7b3deec; DisplayName: Enable MFA - All Users; Result: success; ConditionsNotSatisfied: none; SessionControlsNotSatisfied: 
ID: b8e8a1ff-dfc9-4eff-8c45-e209f4e26e5b; DisplayName: KaztCap SSL VPN Access; Result: notApplied; ConditionsNotSatisfied: users; SessionControlsNotSatisfied: 
ID: c6569448-6b9b-4329-8356-6cdb035f7cf2; DisplayName: Enable MFA - bwadmin; Result: notApplied; ConditionsNotSatisfied: users; SessionControlsNotSatisfied: 
ID: 9dba74f8-0de6-406e-b38c-ba05ea657153; DisplayName: Microsoft-managed: Multifactor authentication for per-user multifactor authentication users; Result: notEnabled; ConditionsNotSatisfied: none; SessionControlsNotSatisfied: 
ID: 7249cafd-bd3b-4f0c-9f6a-de4933e0a484; DisplayName: Location Based Access - Block Outside US; Result: notApplied; ConditionsNotSatisfied: location,ipAddressSeenByAzureAD; SessionControlsNotSatisfied: 
ID: 2c6518a2-ced4-420b-99b2-7a01741512b8; DisplayName: Location Based Access - Allow Specific Countries; Result: notEnabled; ConditionsNotSatisfied: none; SessionControlsNotSatisfied: 
ID: e51298da-9965-4f54-be5a-a1bfa7391207; DisplayName: Microsoft-managed: Multifactor authentication and reauthentication for risky sign-ins; Result: notApplied; ConditionsNotSatisfied: signInRisk; SessionControlsNotSatisfied: 
ID: 3cc748c6-e739-4559-b56f-dc898b93b757; DisplayName: Brian Katz Travel Cayman - 12/21-12/28; Result: notEnabled; ConditionsNotSatisfied: none; SessionControlsNotSatisfied: 
ID: dbe24e2b-7971-4159-92e7-029febd9403a; DisplayName: Jeff Lenderman Travel BVI 3/13-3/19; Result: notEnabled; ConditionsNotSatisfied: none; SessionControlsNotSatisfied: 
ID: bda0d60a-c582-4d69-9d7e-f9166be26b08; DisplayName: Brian Katz - Costa Rica; Result: notEnabled; ConditionsNotSatisfied: none; SessionControlsNotSatisfied: 
ID: 46ddead8-098c-4325-bbeb-836e364f64b5; DisplayName: Sessions - Block Persistent Browser Sessions (Untrusted Locations); Result: reportOnlySuccess; ConditionsNotSatisfied: none; SessionControlsNotSatisfied: 
ID: 0149a225-4092-4a09-ab18-ae7c47c5deeb; DisplayName: Sessions - Enforce Sign-In Frequency; Result: reportOnlySuccess; ConditionsNotSatisfied: none; SessionControlsNotSatisfied: 
ID: 408cead8-caca-4de6-bf52-6f34130a6459; DisplayName: Microsoft-managed: Multifactor authentication for admins accessing Microsoft Admin Portals; Result: reportOnlyNotApplied; ConditionsNotSatisfied: application; SessionControlsNotSatisfied: 
ID: e00078dd-d389-4a8f-ba33-ac7b690a7ce3; DisplayName: Brian Katz Montreal 3/15 - 3/21; Result: reportOnlyNotApplied; ConditionsNotSatisfied: users; SessionControlsNotSatisfied: 
ID: e4f6bd83-c762-4a93-9fb4-d77b558b5650; DisplayName: Devices - Enforce Device Compliance; Result: reportOnlyNotApplied; ConditionsNotSatisfied: deviceState; SessionControlsNotSatisfied: 
ID: da3712b4-2ee4-4d96-b702-9d73cb4e635a; DisplayName: Locations - Enforce Geo-IP Fencing; Result: reportOnlyNotApplied; ConditionsNotSatisfied: location,ipAddressSeenByAzureAD; SessionControlsNotSatisfied: 
ID: 7bd05172-0534-4c9a-a965-6e9370e281df; DisplayName: Protocols - Enforce Modern Authentication; Result: reportOnlyNotApplied; ConditionsNotSatisfied: clientType; SessionControlsNotSatisfied: 
ID: 6c493fe3-b17a-426e-af02-9f28f033239f; DisplayName: Sessions - Block Persistent Browser Sessions (Admins); Result: reportOnlyNotApplied; ConditionsNotSatisfied: users; SessionControlsNotSatisfied: 
ID: 77dbcd7f-566d-4b90-a928-edf2235d1c96; DisplayName: Users - Block Interactive Logins (Service Accounts); Result: reportOnlyNotApplied; ConditionsNotSatisfied: users; SessionControlsNotSatisfied: 
ID: 72f697df-0563-4339-8a40-3a0e56607bcb; DisplayName: Users - Restrict Admin Portal Access; Result: reportOnlyNotApplied; ConditionsNotSatisfied: application; SessionControlsNotSatisfied: ","networkType: namedNetwork; networkNames: Block Countries Per User Per Period","AuthenticationStepDateTime: 2026-08-18T17:11:28Z; AuthenticationMethod: Previously satisfied; AuthenticationMethodDetail: ; Succeeded: True; AuthenticationStepResultDetail: First factor requirement satisfied by claim in the token; AuthenticationStepRequirement: ;
AuthenticationStepDateTime: 2026-08-18T17:11:28Z; AuthenticationMethod: Previously satisfied; AuthenticationMethodDetail: ; Succeeded: True; AuthenticationStepResultDetail: MFA requirement satisfied by claim in the token; AuthenticationStepRequirement: ;"
"2026-08-18T16:47:14Z","Charles Cleveland","ccleveland@katzcapital.com","38aa3b87-a06d-4817-b275-7a316988d93b","Windows Sign In","47.206.189.128","Mobile Apps and Desktop clients","Windows-AzureAD-Authentication-Provider/1.0","2e0d5484-276e-4b47-92d1-ca4dd6f9ef88","True","singleFactorAuthentication","errorCode: 0; failureReason: Other.; additionalDetails: MFA requirement satisfied by claim in the token","deviceId: bc7374e3-f031-4efa-95c8-64485e11cc7c; displayName: PWC-L-23-01; operatingSystem: Windows; browser: ; isCompliant: False; isManaged: False; trustType: Azure AD joined","city: Tampa; state: Florida; countryOrRegion: US; geoCoordinates: @{altitude=; latitude=27.94497; longitude=-82.44757}","notApplied","","networkType: namedNetwork; networkNames: Block Countries Per User Per Period","AuthenticationStepDateTime: 2026-08-18T16:47:14Z; AuthenticationMethod: Windows Hello for Business; AuthenticationMethodDetail: ; Succeeded: True; AuthenticationStepResultDetail: User approved; AuthenticationStepRequirement: ;"
"2026-08-18T15:19:19Z","Garrett Thomas","gthomas@pineywoodscapital.com","38aa3b87-a06d-4817-b275-7a316988d93b","Windows Sign In","47.206.189.128","Mobile Apps and Desktop clients","Windows-AzureAD-Authentication-Provider/1.0","0443b8b2-9b25-462c-80ec-f0d414e8e3db","True","singleFactorAuthentication","errorCode: 0; failureReason: Other.; additionalDetails: MFA requirement satisfied by claim in the token","deviceId: dbf8ac27-e930-437b-8f1c-2fb1187de4ec; displayName: PWC-L-23-03; operatingSystem: Windows; browser: ; isCompliant: False; isManaged: False; trustType: Azure AD joined","city: Tampa; state: Florida; countryOrRegion: US; geoCoordinates: @{altitude=; latitude=27.94497; longitude=-82.44757}","notApplied","","networkType: namedNetwork; networkNames: Block Countries Per User Per Period","AuthenticationStepDateTime: 2026-08-18T15:19:19Z; AuthenticationMethod: Windows Hello for Business; AuthenticationMethodDetail: ; Succeeded: True; AuthenticationStepResultDetail: User approved; AuthenticationStepRequirement: ;"
"2026-08-18T14:46:30Z","Pineywoods Realty Admin","admin@pineywoodsrealtyfl.com","08e18876-6177-487e-b8b5-cf950c1e598c","SharePoint Online Web Client Extensibility","47.206.189.128","Browser","Mozilla/5.0 (Windows NT 10.0; Win64; x64) AppleWebKit/537.36 (KHTML, like Gecko) Chrome/150.0.0.0 Safari/537.36","50680cb9-05fc-4f5b-ae0f-e19fc30c41c7","True","singleFactorAuthentication","errorCode: 0; failureReason: Other.; additionalDetails: MFA requirement satisfied by claim in the token","deviceId: ; displayName: ; operatingSystem: Windows10; browser: Chrome 150.0.0; isCompliant: False; isManaged: False; trustType: ","city: Tampa; state: Florida; countryOrRegion: US; geoCoordinates: @{altitude=; latitude=27.94497; longitude=-82.44757}","notApplied","","networkType: namedNetwork; networkNames: Block Countries Per User Per Period","AuthenticationStepDateTime: 2026-08-18T14:46:30Z; AuthenticationMethod: Previously satisfied; AuthenticationMethodDetail: ; Succeeded: True; AuthenticationStepResultDetail: First factor requirement satisfied by claim in the token; AuthenticationStepRequirement: ;"
"2026-08-18T14:12:07Z","Pineywoods Realty Admin","admin@pineywoodsrealtyfl.com","00000003-0000-0ff1-ce00-000000000000","Office 365 SharePoint Online","47.206.189.128","Browser","Mozilla/5.0 (Windows NT 10.0; Win64; x64) AppleWebKit/537.36 (KHTML, like Gecko) Chrome/150.0.0.0 Safari/537.36","3e7632a2-00f8-0000-073e-c14dcea47375","True","multiFactorAuthentication","errorCode: 0; failureReason: Other.; additionalDetails: MFA requirement satisfied by claim in the token","deviceId: ; displayName: ; operatingSystem: Windows10; browser: Chrome 150.0.0; isCompliant: False; isManaged: False; trustType: ","city: Tampa; state: Florida; countryOrRegion: US; geoCoordinates: @{altitude=; latitude=27.94497; longitude=-82.44757}","success","ID: a08e9a43-c474-45ce-854f-67d0f7b3deec; DisplayName: Enable MFA - All Users; Result: success; ConditionsNotSatisfied: none; SessionControlsNotSatisfied: 
ID: b8e8a1ff-dfc9-4eff-8c45-e209f4e26e5b; DisplayName: KaztCap SSL VPN Access; Result: notApplied; ConditionsNotSatisfied: users; SessionControlsNotSatisfied: 
ID: c6569448-6b9b-4329-8356-6cdb035f7cf2; DisplayName: Enable MFA - bwadmin; Result: notApplied; ConditionsNotSatisfied: users; SessionControlsNotSatisfied: 
ID: 9dba74f8-0de6-406e-b38c-ba05ea657153; DisplayName: Microsoft-managed: Multifactor authentication for per-user multifactor authentication users; Result: notEnabled; ConditionsNotSatisfied: none; SessionControlsNotSatisfied: 
ID: 7249cafd-bd3b-4f0c-9f6a-de4933e0a484; DisplayName: Location Based Access - Block Outside US; Result: notApplied; ConditionsNotSatisfied: location,ipAddressSeenByAzureAD; SessionControlsNotSatisfied: 
ID: 2c6518a2-ced4-420b-99b2-7a01741512b8; DisplayName: Location Based Access - Allow Specific Countries; Result: notEnabled; ConditionsNotSatisfied: none; SessionControlsNotSatisfied: 
ID: e51298da-9965-4f54-be5a-a1bfa7391207; DisplayName: Microsoft-managed: Multifactor authentication and reauthentication for risky sign-ins; Result: notApplied; ConditionsNotSatisfied: signInRisk; SessionControlsNotSatisfied: 
ID: 3cc748c6-e739-4559-b56f-dc898b93b757; DisplayName: Brian Katz Travel Cayman - 12/21-12/28; Result: notEnabled; ConditionsNotSatisfied: none; SessionControlsNotSatisfied: 
ID: dbe24e2b-7971-4159-92e7-029febd9403a; DisplayName: Jeff Lenderman Travel BVI 3/13-3/19; Result: notEnabled; ConditionsNotSatisfied: none; SessionControlsNotSatisfied: 
ID: bda0d60a-c582-4d69-9d7e-f9166be26b08; DisplayName: Brian Katz - Costa Rica; Result: notEnabled; ConditionsNotSatisfied: none; SessionControlsNotSatisfied: 
ID: e4f6bd83-c762-4a93-9fb4-d77b558b5650; DisplayName: Devices - Enforce Device Compliance; Result: reportOnlyFailure; ConditionsNotSatisfied: none; SessionControlsNotSatisfied: 
ID: 46ddead8-098c-4325-bbeb-836e364f64b5; DisplayName: Sessions - Block Persistent Browser Sessions (Untrusted Locations); Result: reportOnlySuccess; ConditionsNotSatisfied: none; SessionControlsNotSatisfied: 
ID: 0149a225-4092-4a09-ab18-ae7c47c5deeb; DisplayName: Sessions - Enforce Sign-In Frequency; Result: reportOnlySuccess; ConditionsNotSatisfied: none; SessionControlsNotSatisfied: 
ID: 408cead8-caca-4de6-bf52-6f34130a6459; DisplayName: Microsoft-managed: Multifactor authentication for admins accessing Microsoft Admin Portals; Result: reportOnlyNotApplied; ConditionsNotSatisfied: application; SessionControlsNotSatisfied: 
ID: e00078dd-d389-4a8f-ba33-ac7b690a7ce3; DisplayName: Brian Katz Montreal 3/15 - 3/21; Result: reportOnlyNotApplied; ConditionsNotSatisfied: users; SessionControlsNotSatisfied: 
ID: da3712b4-2ee4-4d96-b702-9d73cb4e635a; DisplayName: Locations - Enforce Geo-IP Fencing; Result: reportOnlyNotApplied; ConditionsNotSatisfied: location,ipAddressSeenByAzureAD; SessionControlsNotSatisfied: 
ID: 7bd05172-0534-4c9a-a965-6e9370e281df; DisplayName: Protocols - Enforce Modern Authentication; Result: reportOnlyNotApplied; ConditionsNotSatisfied: clientType; SessionControlsNotSatisfied: 
ID: 6c493fe3-b17a-426e-af02-9f28f033239f; DisplayName: Sessions - Block Persistent Browser Sessions (Admins); Result: reportOnlyNotApplied; ConditionsNotSatisfied: users; SessionControlsNotSatisfied: 
ID: 77dbcd7f-566d-4b90-a928-edf2235d1c96; DisplayName: Users - Block Interactive Logins (Service Accounts); Result: reportOnlyNotApplied; ConditionsNotSatisfied: users; SessionControlsNotSatisfied: 
ID: 72f697df-0563-4339-8a40-3a0e56607bcb; DisplayName: Users - Restrict Admin Portal Access; Result: reportOnlyNotApplied; ConditionsNotSatisfied: application; SessionControlsNotSatisfied: ","networkType: namedNetwork; networkNames: Block Countries Per User Per Period","AuthenticationStepDateTime: 2026-08-18T14:12:07Z; AuthenticationMethod: Previously satisfied; AuthenticationMethodDetail: ; Succeeded: True; AuthenticationStepResultDetail: First factor requirement satisfied by claim in the token; AuthenticationStepRequirement: ;
AuthenticationStepDateTime: 2026-08-18T14:12:07Z; AuthenticationMethod: Previously satisfied; AuthenticationMethodDetail: ; Succeeded: True; AuthenticationStepResultDetail: MFA requirement satisfied by claim in the token; AuthenticationStepRequirement: ;"
"2026-08-18T13:55:56Z","Vic Pellegrino","vpellegrino@katzcapital.com","7eadcef8-456d-4611-9480-4fff72b8b9e2","Microsoft Account Controls V2","47.206.189.128","Browser","Mozilla/5.0 (Windows NT 10.0; Win64; x64) AppleWebKit/537.36 (KHTML, like Gecko) Chrome/151.0.0.0 Safari/537.36 Edg/151.0.0.0","fc9d8c0c-2a29-4ea5-8897-b8d20c1920eb","True","multiFactorAuthentication","errorCode: 0; failureReason: Other.; additionalDetails: MFA requirement satisfied by claim in the token","deviceId: 1f32f206-823d-4edb-8433-42eb108dd013; displayName: PWC-L-26-01; operatingSystem: Windows10; browser: Edge 151.0.0; isCompliant: False; isManaged: False; trustType: Azure AD joined","city: Tampa; state: Florida; countryOrRegion: US; geoCoordinates: @{altitude=; latitude=27.94497; longitude=-82.44757}","success","ID: a08e9a43-c474-45ce-854f-67d0f7b3deec; DisplayName: Enable MFA - All Users; Result: success; ConditionsNotSatisfied: none; SessionControlsNotSatisfied: 
ID: b8e8a1ff-dfc9-4eff-8c45-e209f4e26e5b; DisplayName: KaztCap SSL VPN Access; Result: notApplied; ConditionsNotSatisfied: users; SessionControlsNotSatisfied: 
ID: c6569448-6b9b-4329-8356-6cdb035f7cf2; DisplayName: Enable MFA - bwadmin; Result: notApplied; ConditionsNotSatisfied: users; SessionControlsNotSatisfied: 
ID: 9dba74f8-0de6-406e-b38c-ba05ea657153; DisplayName: Microsoft-managed: Multifactor authentication for per-user multifactor authentication users; Result: notEnabled; ConditionsNotSatisfied: none; SessionControlsNotSatisfied: 
ID: 7249cafd-bd3b-4f0c-9f6a-de4933e0a484; DisplayName: Location Based Access - Block Outside US; Result: notApplied; ConditionsNotSatisfied: location,ipAddressSeenByAzureAD; SessionControlsNotSatisfied: 
ID: 2c6518a2-ced4-420b-99b2-7a01741512b8; DisplayName: Location Based Access - Allow Specific Countries; Result: notEnabled; ConditionsNotSatisfied: none; SessionControlsNotSatisfied: 
ID: e51298da-9965-4f54-be5a-a1bfa7391207; DisplayName: Microsoft-managed: Multifactor authentication and reauthentication for risky sign-ins; Result: notApplied; ConditionsNotSatisfied: users; SessionControlsNotSatisfied: 
ID: 3cc748c6-e739-4559-b56f-dc898b93b757; DisplayName: Brian Katz Travel Cayman - 12/21-12/28; Result: notEnabled; ConditionsNotSatisfied: none; SessionControlsNotSatisfied: 
ID: dbe24e2b-7971-4159-92e7-029febd9403a; DisplayName: Jeff Lenderman Travel BVI 3/13-3/19; Result: notEnabled; ConditionsNotSatisfied: none; SessionControlsNotSatisfied: 
ID: bda0d60a-c582-4d69-9d7e-f9166be26b08; DisplayName: Brian Katz - Costa Rica; Result: notEnabled; ConditionsNotSatisfied: none; SessionControlsNotSatisfied: 
ID: 46ddead8-098c-4325-bbeb-836e364f64b5; DisplayName: Sessions - Block Persistent Browser Sessions (Untrusted Locations); Result: reportOnlySuccess; ConditionsNotSatisfied: none; SessionControlsNotSatisfied: 
ID: 0149a225-4092-4a09-ab18-ae7c47c5deeb; DisplayName: Sessions - Enforce Sign-In Frequency; Result: reportOnlySuccess; ConditionsNotSatisfied: none; SessionControlsNotSatisfied: 
ID: 408cead8-caca-4de6-bf52-6f34130a6459; DisplayName: Microsoft-managed: Multifactor authentication for admins accessing Microsoft Admin Portals; Result: reportOnlyNotApplied; ConditionsNotSatisfied: application; SessionControlsNotSatisfied: 
ID: e00078dd-d389-4a8f-ba33-ac7b690a7ce3; DisplayName: Brian Katz Montreal 3/15 - 3/21; Result: reportOnlyNotApplied; ConditionsNotSatisfied: users; SessionControlsNotSatisfied: 
ID: e4f6bd83-c762-4a93-9fb4-d77b558b5650; DisplayName: Devices - Enforce Device Compliance; Result: reportOnlyNotApplied; ConditionsNotSatisfied: deviceState; SessionControlsNotSatisfied: 
ID: da3712b4-2ee4-4d96-b702-9d73cb4e635a; DisplayName: Locations - Enforce Geo-IP Fencing; Result: reportOnlyNotApplied; ConditionsNotSatisfied: location,ipAddressSeenByAzureAD; SessionControlsNotSatisfied: 
ID: 7bd05172-0534-4c9a-a965-6e9370e281df; DisplayName: Protocols - Enforce Modern Authentication; Result: reportOnlyNotApplied; ConditionsNotSatisfied: clientType; SessionControlsNotSatisfied: 
ID: 6c493fe3-b17a-426e-af02-9f28f033239f; DisplayName: Sessions - Block Persistent Browser Sessions (Admins); Result: reportOnlyNotApplied; ConditionsNotSatisfied: users; SessionControlsNotSatisfied: 
ID: 77dbcd7f-566d-4b90-a928-edf2235d1c96; DisplayName: Users - Block Interactive Logins (Service Accounts); Result: reportOnlyNotApplied; ConditionsNotSatisfied: users; SessionControlsNotSatisfied: 
ID: 72f697df-0563-4339-8a40-3a0e56607bcb; DisplayName: Users - Restrict Admin Portal Access; Result: reportOnlyNotApplied; ConditionsNotSatisfied: application; SessionControlsNotSatisfied: ","networkType: namedNetwork; networkNames: Block Countries Per User Per Period","AuthenticationStepDateTime: 2026-08-18T13:55:56Z; AuthenticationMethod: Previously satisfied; AuthenticationMethodDetail: ; Succeeded: True; AuthenticationStepResultDetail: First factor requirement satisfied by claim in the token; AuthenticationStepRequirement: ;
AuthenticationStepDateTime: 2026-08-18T13:55:56Z; AuthenticationMethod: Previously satisfied; AuthenticationMethodDetail: ; Succeeded: True; AuthenticationStepResultDetail: MFA requirement satisfied by claim in the token; AuthenticationStepRequirement: ;"
"2026-08-18T13:55:55Z","Vic Pellegrino","vpellegrino@katzcapital.com","ee272b19-4411-433f-8f28-5c13cb6fd407","Microsoft 365 Support Service","47.206.189.128","Browser","Mozilla/5.0 (Windows NT 10.0; Win64; x64) AppleWebKit/537.36 (KHTML, like Gecko) Chrome/151.0.0.0 Safari/537.36 Edg/151.0.0.0","670ae4e3-87dc-4015-9537-cfaf9f34a7a1","True","multiFactorAuthentication","errorCode: 0; failureReason: Other.; additionalDetails: MFA requirement satisfied by claim in the token","deviceId: 1f32f206-823d-4edb-8433-42eb108dd013; displayName: PWC-L-26-01; operatingSystem: Windows10; browser: Edge 151.0.0; isCompliant: False; isManaged: False; trustType: Azure AD joined","city: Tampa; state: Florida; countryOrRegion: US; geoCoordinates: @{altitude=; latitude=27.94497; longitude=-82.44757}","success","ID: a08e9a43-c474-45ce-854f-67d0f7b3deec; DisplayName: Enable MFA - All Users; Result: success; ConditionsNotSatisfied: none; SessionControlsNotSatisfied: 
ID: b8e8a1ff-dfc9-4eff-8c45-e209f4e26e5b; DisplayName: KaztCap SSL VPN Access; Result: notApplied; ConditionsNotSatisfied: users; SessionControlsNotSatisfied: 
ID: c6569448-6b9b-4329-8356-6cdb035f7cf2; DisplayName: Enable MFA - bwadmin; Result: notApplied; ConditionsNotSatisfied: users; SessionControlsNotSatisfied: 
ID: 2c6518a2-ced4-420b-99b2-7a01741512b8; DisplayName: Location Based Access - Allow Specific Countries; Result: notEnabled; ConditionsNotSatisfied: none; SessionControlsNotSatisfied: 
ID: 9dba74f8-0de6-406e-b38c-ba05ea657153; DisplayName: Microsoft-managed: Multifactor authentication for per-user multifactor authentication users; Result: notEnabled; ConditionsNotSatisfied: none; SessionControlsNotSatisfied: 
ID: 7249cafd-bd3b-4f0c-9f6a-de4933e0a484; DisplayName: Location Based Access - Block Outside US; Result: notApplied; ConditionsNotSatisfied: location,ipAddressSeenByAzureAD; SessionControlsNotSatisfied: 
ID: e51298da-9965-4f54-be5a-a1bfa7391207; DisplayName: Microsoft-managed: Multifactor authentication and reauthentication for risky sign-ins; Result: notApplied; ConditionsNotSatisfied: users; SessionControlsNotSatisfied: 
ID: 3cc748c6-e739-4559-b56f-dc898b93b757; DisplayName: Brian Katz Travel Cayman - 12/21-12/28; Result: notEnabled; ConditionsNotSatisfied: none; SessionControlsNotSatisfied: 
ID: dbe24e2b-7971-4159-92e7-029febd9403a; DisplayName: Jeff Lenderman Travel BVI 3/13-3/19; Result: notEnabled; ConditionsNotSatisfied: none; SessionControlsNotSatisfied: 
ID: bda0d60a-c582-4d69-9d7e-f9166be26b08; DisplayName: Brian Katz - Costa Rica; Result: notEnabled; ConditionsNotSatisfied: none; SessionControlsNotSatisfied: 
ID: 46ddead8-098c-4325-bbeb-836e364f64b5; DisplayName: Sessions - Block Persistent Browser Sessions (Untrusted Locations); Result: reportOnlySuccess; ConditionsNotSatisfied: none; SessionControlsNotSatisfied: 
ID: 0149a225-4092-4a09-ab18-ae7c47c5deeb; DisplayName: Sessions - Enforce Sign-In Frequency; Result: reportOnlySuccess; ConditionsNotSatisfied: none; SessionControlsNotSatisfied: 
ID: 408cead8-caca-4de6-bf52-6f34130a6459; DisplayName: Microsoft-managed: Multifactor authentication for admins accessing Microsoft Admin Portals; Result: reportOnlyNotApplied; ConditionsNotSatisfied: application; SessionControlsNotSatisfied: 
ID: e00078dd-d389-4a8f-ba33-ac7b690a7ce3; DisplayName: Brian Katz Montreal 3/15 - 3/21; Result: reportOnlyNotApplied; ConditionsNotSatisfied: users; SessionControlsNotSatisfied: 
ID: e4f6bd83-c762-4a93-9fb4-d77b558b5650; DisplayName: Devices - Enforce Device Compliance; Result: reportOnlyNotApplied; ConditionsNotSatisfied: deviceState; SessionControlsNotSatisfied: 
ID: da3712b4-2ee4-4d96-b702-9d73cb4e635a; DisplayName: Locations - Enforce Geo-IP Fencing; Result: reportOnlyNotApplied; ConditionsNotSatisfied: location,ipAddressSeenByAzureAD; SessionControlsNotSatisfied: 
ID: 7bd05172-0534-4c9a-a965-6e9370e281df; DisplayName: Protocols - Enforce Modern Authentication; Result: reportOnlyNotApplied; ConditionsNotSatisfied: clientType; SessionControlsNotSatisfied: 
ID: 6c493fe3-b17a-426e-af02-9f28f033239f; DisplayName: Sessions - Block Persistent Browser Sessions (Admins); Result: reportOnlyNotApplied; ConditionsNotSatisfied: users; SessionControlsNotSatisfied: 
ID: 77dbcd7f-566d-4b90-a928-edf2235d1c96; DisplayName: Users - Block Interactive Logins (Service Accounts); Result: reportOnlyNotApplied; ConditionsNotSatisfied: users; SessionControlsNotSatisfied: 
ID: 72f697df-0563-4339-8a40-3a0e56607bcb; DisplayName: Users - Restrict Admin Portal Access; Result: reportOnlyNotApplied; ConditionsNotSatisfied: application; SessionControlsNotSatisfied: ","networkType: namedNetwork; networkNames: Block Countries Per User Per Period","AuthenticationStepDateTime: 2026-08-18T13:55:55Z; AuthenticationMethod: Previously satisfied; AuthenticationMethodDetail: ; Succeeded: True; AuthenticationStepResultDetail: First factor requirement satisfied by claim in the token; AuthenticationStepRequirement: ;
AuthenticationStepDateTime: 2026-08-18T13:55:55Z; AuthenticationMethod: Previously satisfied; AuthenticationMethodDetail: ; Succeeded: True; AuthenticationStepResultDetail: MFA requirement satisfied by claim in the token; AuthenticationStepRequirement: ;"
"2026-08-18T13:37:04Z","Vic Pellegrino","vpellegrino@katzcapital.com","89bee1f7-5e6e-4d8a-9f3d-ecd601259da7","Office365 Shell WCSS-Client","47.206.189.128","Browser","Mozilla/5.0 (Windows NT 10.0; Win64; x64) AppleWebKit/537.36 (KHTML, like Gecko) Chrome/151.0.0.0 Safari/537.36 Edg/151.0.0.0","01a01517-0144-715f-ae14-e3984103661e","True","multiFactorAuthentication","errorCode: 0; failureReason: Other.; additionalDetails: MFA requirement satisfied by claim in the token","deviceId: 1f32f206-823d-4edb-8433-42eb108dd013; displayName: PWC-L-26-01; operatingSystem: Windows10; browser: Edge 151.0.0; isCompliant: False; isManaged: False; trustType: Azure AD joined","city: Tampa; state: Florida; countryOrRegion: US; geoCoordinates: @{altitude=; latitude=27.94497; longitude=-82.44757}","success","ID: a08e9a43-c474-45ce-854f-67d0f7b3deec; DisplayName: Enable MFA - All Users; Result: success; ConditionsNotSatisfied: none; SessionControlsNotSatisfied: 
ID: b8e8a1ff-dfc9-4eff-8c45-e209f4e26e5b; DisplayName: KaztCap SSL VPN Access; Result: notApplied; ConditionsNotSatisfied: users; SessionControlsNotSatisfied: 
ID: c6569448-6b9b-4329-8356-6cdb035f7cf2; DisplayName: Enable MFA - bwadmin; Result: notApplied; ConditionsNotSatisfied: users; SessionControlsNotSatisfied: 
ID: 9dba74f8-0de6-406e-b38c-ba05ea657153; DisplayName: Microsoft-managed: Multifactor authentication for per-user multifactor authentication users; Result: notEnabled; ConditionsNotSatisfied: none; SessionControlsNotSatisfied: 
ID: 7249cafd-bd3b-4f0c-9f6a-de4933e0a484; DisplayName: Location Based Access - Block Outside US; Result: notApplied; ConditionsNotSatisfied: location,ipAddressSeenByAzureAD; SessionControlsNotSatisfied: 
ID: 2c6518a2-ced4-420b-99b2-7a01741512b8; DisplayName: Location Based Access - Allow Specific Countries; Result: notEnabled; ConditionsNotSatisfied: none; SessionControlsNotSatisfied: 
ID: e51298da-9965-4f54-be5a-a1bfa7391207; DisplayName: Microsoft-managed: Multifactor authentication and reauthentication for risky sign-ins; Result: notApplied; ConditionsNotSatisfied: users; SessionControlsNotSatisfied: 
ID: 3cc748c6-e739-4559-b56f-dc898b93b757; DisplayName: Brian Katz Travel Cayman - 12/21-12/28; Result: notEnabled; ConditionsNotSatisfied: none; SessionControlsNotSatisfied: 
ID: dbe24e2b-7971-4159-92e7-029febd9403a; DisplayName: Jeff Lenderman Travel BVI 3/13-3/19; Result: notEnabled; ConditionsNotSatisfied: none; SessionControlsNotSatisfied: 
ID: bda0d60a-c582-4d69-9d7e-f9166be26b08; DisplayName: Brian Katz - Costa Rica; Result: notEnabled; ConditionsNotSatisfied: none; SessionControlsNotSatisfied: 
ID: 46ddead8-098c-4325-bbeb-836e364f64b5; DisplayName: Sessions - Block Persistent Browser Sessions (Untrusted Locations); Result: reportOnlySuccess; ConditionsNotSatisfied: none; SessionControlsNotSatisfied: 
ID: 0149a225-4092-4a09-ab18-ae7c47c5deeb; DisplayName: Sessions - Enforce Sign-In Frequency; Result: reportOnlySuccess; ConditionsNotSatisfied: none; SessionControlsNotSatisfied: 
ID: 408cead8-caca-4de6-bf52-6f34130a6459; DisplayName: Microsoft-managed: Multifactor authentication for admins accessing Microsoft Admin Portals; Result: reportOnlyNotApplied; ConditionsNotSatisfied: application; SessionControlsNotSatisfied: 
ID: e00078dd-d389-4a8f-ba33-ac7b690a7ce3; DisplayName: Brian Katz Montreal 3/15 - 3/21; Result: reportOnlyNotApplied; ConditionsNotSatisfied: users; SessionControlsNotSatisfied: 
ID: e4f6bd83-c762-4a93-9fb4-d77b558b5650; DisplayName: Devices - Enforce Device Compliance; Result: reportOnlyNotApplied; ConditionsNotSatisfied: deviceState; SessionControlsNotSatisfied: 
ID: da3712b4-2ee4-4d96-b702-9d73cb4e635a; DisplayName: Locations - Enforce Geo-IP Fencing; Result: reportOnlyNotApplied; ConditionsNotSatisfied: location,ipAddressSeenByAzureAD; SessionControlsNotSatisfied: 
ID: 7bd05172-0534-4c9a-a965-6e9370e281df; DisplayName: Protocols - Enforce Modern Authentication; Result: reportOnlyNotApplied; ConditionsNotSatisfied: clientType; SessionControlsNotSatisfied: 
ID: 6c493fe3-b17a-426e-af02-9f28f033239f; DisplayName: Sessions - Block Persistent Browser Sessions (Admins); Result: reportOnlyNotApplied; ConditionsNotSatisfied: users; SessionControlsNotSatisfied: 
ID: 77dbcd7f-566d-4b90-a928-edf2235d1c96; DisplayName: Users - Block Interactive Logins (Service Accounts); Result: reportOnlyNotApplied; ConditionsNotSatisfied: users; SessionControlsNotSatisfied: 
ID: 72f697df-0563-4339-8a40-3a0e56607bcb; DisplayName: Users - Restrict Admin Portal Access; Result: reportOnlyNotApplied; ConditionsNotSatisfied: application; SessionControlsNotSatisfied: ","networkType: namedNetwork; networkNames: Block Countries Per User Per Period","AuthenticationStepDateTime: 2026-08-18T13:37:04Z; AuthenticationMethod: Previously satisfied; AuthenticationMethodDetail: ; Succeeded: True; AuthenticationStepResultDetail: First factor requirement satisfied by claim in the token; AuthenticationStepRequirement: ;
AuthenticationStepDateTime: 2026-08-18T13:37:04Z; AuthenticationMethod: Previously satisfied; AuthenticationMethodDetail: ; Succeeded: True; AuthenticationStepResultDetail: MFA requirement satisfied by claim in the token; AuthenticationStepRequirement: ;"
"2026-08-18T13:17:56Z","Pineywoods Realty Admin","admin@pineywoodsrealtyfl.com","9199bf20-a13f-4107-85dc-02114787ef48","One Outlook Web","47.206.189.128","Browser","Mozilla/5.0 (Windows NT 10.0; Win64; x64) AppleWebKit/537.36 (KHTML, like Gecko) Chrome/150.0.0.0 Safari/537.36","db41aa61-b114-56fa-0bfc-ed475b93906e","True","multiFactorAuthentication","errorCode: 0; failureReason: Other.; additionalDetails: MFA requirement satisfied by claim in the token","deviceId: ; displayName: ; operatingSystem: Windows10; browser: Chrome 150.0.0; isCompliant: False; isManaged: False; trustType: ","city: Tampa; state: Florida; countryOrRegion: US; geoCoordinates: @{altitude=; latitude=27.94497; longitude=-82.44757}","success","ID: a08e9a43-c474-45ce-854f-67d0f7b3deec; DisplayName: Enable MFA - All Users; Result: success; ConditionsNotSatisfied: none; SessionControlsNotSatisfied: 
ID: b8e8a1ff-dfc9-4eff-8c45-e209f4e26e5b; DisplayName: KaztCap SSL VPN Access; Result: notApplied; ConditionsNotSatisfied: users; SessionControlsNotSatisfied: 
ID: c6569448-6b9b-4329-8356-6cdb035f7cf2; DisplayName: Enable MFA - bwadmin; Result: notApplied; ConditionsNotSatisfied: users; SessionControlsNotSatisfied: 
ID: 9dba74f8-0de6-406e-b38c-ba05ea657153; DisplayName: Microsoft-managed: Multifactor authentication for per-user multifactor authentication users; Result: notEnabled; ConditionsNotSatisfied: none; SessionControlsNotSatisfied: 
ID: 7249cafd-bd3b-4f0c-9f6a-de4933e0a484; DisplayName: Location Based Access - Block Outside US; Result: notApplied; ConditionsNotSatisfied: location,ipAddressSeenByAzureAD; SessionControlsNotSatisfied: 
ID: 2c6518a2-ced4-420b-99b2-7a01741512b8; DisplayName: Location Based Access - Allow Specific Countries; Result: notEnabled; ConditionsNotSatisfied: none; SessionControlsNotSatisfied: 
ID: e51298da-9965-4f54-be5a-a1bfa7391207; DisplayName: Microsoft-managed: Multifactor authentication and reauthentication for risky sign-ins; Result: notApplied; ConditionsNotSatisfied: signInRisk; SessionControlsNotSatisfied: 
ID: 3cc748c6-e739-4559-b56f-dc898b93b757; DisplayName: Brian Katz Travel Cayman - 12/21-12/28; Result: notEnabled; ConditionsNotSatisfied: none; SessionControlsNotSatisfied: 
ID: dbe24e2b-7971-4159-92e7-029febd9403a; DisplayName: Jeff Lenderman Travel BVI 3/13-3/19; Result: notEnabled; ConditionsNotSatisfied: none; SessionControlsNotSatisfied: 
ID: bda0d60a-c582-4d69-9d7e-f9166be26b08; DisplayName: Brian Katz - Costa Rica; Result: notEnabled; ConditionsNotSatisfied: none; SessionControlsNotSatisfied: 
ID: e4f6bd83-c762-4a93-9fb4-d77b558b5650; DisplayName: Devices - Enforce Device Compliance; Result: reportOnlyFailure; ConditionsNotSatisfied: none; SessionControlsNotSatisfied: 
ID: 46ddead8-098c-4325-bbeb-836e364f64b5; DisplayName: Sessions - Block Persistent Browser Sessions (Untrusted Locations); Result: reportOnlySuccess; ConditionsNotSatisfied: none; SessionControlsNotSatisfied: 
ID: 0149a225-4092-4a09-ab18-ae7c47c5deeb; DisplayName: Sessions - Enforce Sign-In Frequency; Result: reportOnlySuccess; ConditionsNotSatisfied: none; SessionControlsNotSatisfied: 
ID: 408cead8-caca-4de6-bf52-6f34130a6459; DisplayName: Microsoft-managed: Multifactor authentication for admins accessing Microsoft Admin Portals; Result: reportOnlyNotApplied; ConditionsNotSatisfied: application; SessionControlsNotSatisfied: 
ID: e00078dd-d389-4a8f-ba33-ac7b690a7ce3; DisplayName: Brian Katz Montreal 3/15 - 3/21; Result: reportOnlyNotApplied; ConditionsNotSatisfied: users; SessionControlsNotSatisfied: 
ID: da3712b4-2ee4-4d96-b702-9d73cb4e635a; DisplayName: Locations - Enforce Geo-IP Fencing; Result: reportOnlyNotApplied; ConditionsNotSatisfied: location,ipAddressSeenByAzureAD; SessionControlsNotSatisfied: 
ID: 7bd05172-0534-4c9a-a965-6e9370e281df; DisplayName: Protocols - Enforce Modern Authentication; Result: reportOnlyNotApplied; ConditionsNotSatisfied: clientType; SessionControlsNotSatisfied: 
ID: 6c493fe3-b17a-426e-af02-9f28f033239f; DisplayName: Sessions - Block Persistent Browser Sessions (Admins); Result: reportOnlyNotApplied; ConditionsNotSatisfied: users; SessionControlsNotSatisfied: 
ID: 77dbcd7f-566d-4b90-a928-edf2235d1c96; DisplayName: Users - Block Interactive Logins (Service Accounts); Result: reportOnlyNotApplied; ConditionsNotSatisfied: users; SessionControlsNotSatisfied: 
ID: 72f697df-0563-4339-8a40-3a0e56607bcb; DisplayName: Users - Restrict Admin Portal Access; Result: reportOnlyNotApplied; ConditionsNotSatisfied: application; SessionControlsNotSatisfied: ","networkType: namedNetwork; networkNames: Block Countries Per User Per Period","AuthenticationStepDateTime: 2026-08-18T13:17:56Z; AuthenticationMethod: Previously satisfied; AuthenticationMethodDetail: ; Succeeded: True; AuthenticationStepResultDetail: First factor requirement satisfied by claim in the token; AuthenticationStepRequirement: ;
AuthenticationStepDateTime: 2026-08-18T13:17:56Z; AuthenticationMethod: Previously satisfied; AuthenticationMethodDetail: ; Succeeded: True; AuthenticationStepResultDetail: MFA requirement satisfied by claim in the token; AuthenticationStepRequirement: ;"
"2026-08-18T13:12:12Z","Pineywoods Realty Admin","admin@pineywoodsrealtyfl.com","38aa3b87-a06d-4817-b275-7a316988d93b","Windows Sign In","47.206.189.128","Mobile Apps and Desktop clients","Windows-AzureAD-Authentication-Provider/1.0","fd2417d7-e33d-45d6-b640-4ccd43d03d2b","True","singleFactorAuthentication","errorCode: 0; failureReason: Other.; additionalDetails: MFA requirement satisfied by claim in the token","deviceId: 34edd6b9-1fb6-460d-a178-29d5e3d3c040; displayName: PWR-L-25-01; operatingSystem: Windows; browser: ; isCompliant: False; isManaged: False; trustType: Azure AD joined","city: Tampa; state: Florida; countryOrRegion: US; geoCoordinates: @{altitude=; latitude=27.94497; longitude=-82.44757}","notApplied","","networkType: namedNetwork; networkNames: Block Countries Per User Per Period","AuthenticationStepDateTime: 2026-08-18T13:12:12Z; AuthenticationMethod: Windows Hello for Business; AuthenticationMethodDetail: ; Succeeded: True; AuthenticationStepResultDetail: User approved; AuthenticationStepRequirement: ;"
"2026-08-18T13:09:34Z","Maxine Barnett","mbarnett@pineywoodscapital.com","243c63a3-247d-41c5-9d83-7788c43f1c43","Office Online Core SSO","47.206.189.128","Browser","Mozilla/5.0 (Windows NT 10.0; Win64; x64) AppleWebKit/537.36 (KHTML, like Gecko) Chrome/151.0.0.0 Safari/537.36 Edg/151.0.0.0","40ff08d0-eaca-4a3f-bf3d-8532f6ff47fe","True","multiFactorAuthentication","errorCode: 0; failureReason: Other.; additionalDetails: MFA requirement satisfied by claim in the token","deviceId: ef195eb1-1b92-4508-9244-131a41ab85fc; displayName: LAPTOP-3N51BPAV; operatingSystem: Windows10; browser: Edge 151.0.0; isCompliant: False; isManaged: False; trustType: Azure AD registered","city: Tampa; state: Florida; countryOrRegion: US; geoCoordinates: @{altitude=; latitude=27.94497; longitude=-82.44757}","success","ID: a08e9a43-c474-45ce-854f-67d0f7b3deec; DisplayName: Enable MFA - All Users; Result: success; ConditionsNotSatisfied: none; SessionControlsNotSatisfied: 
ID: b8e8a1ff-dfc9-4eff-8c45-e209f4e26e5b; DisplayName: KaztCap SSL VPN Access; Result: notApplied; ConditionsNotSatisfied: users; SessionControlsNotSatisfied: 
ID: c6569448-6b9b-4329-8356-6cdb035f7cf2; DisplayName: Enable MFA - bwadmin; Result: notApplied; ConditionsNotSatisfied: users; SessionControlsNotSatisfied: 
ID: 9dba74f8-0de6-406e-b38c-ba05ea657153; DisplayName: Microsoft-managed: Multifactor authentication for per-user multifactor authentication users; Result: notEnabled; ConditionsNotSatisfied: none; SessionControlsNotSatisfied: 
ID: 7249cafd-bd3b-4f0c-9f6a-de4933e0a484; DisplayName: Location Based Access - Block Outside US; Result: notApplied; ConditionsNotSatisfied: location,ipAddressSeenByAzureAD; SessionControlsNotSatisfied: 
ID: 2c6518a2-ced4-420b-99b2-7a01741512b8; DisplayName: Location Based Access - Allow Specific Countries; Result: notEnabled; ConditionsNotSatisfied: none; SessionControlsNotSatisfied: 
ID: e51298da-9965-4f54-be5a-a1bfa7391207; DisplayName: Microsoft-managed: Multifactor authentication and reauthentication for risky sign-ins; Result: notApplied; ConditionsNotSatisfied: signInRisk; SessionControlsNotSatisfied: 
ID: 3cc748c6-e739-4559-b56f-dc898b93b757; DisplayName: Brian Katz Travel Cayman - 12/21-12/28; Result: notEnabled; ConditionsNotSatisfied: none; SessionControlsNotSatisfied: 
ID: dbe24e2b-7971-4159-92e7-029febd9403a; DisplayName: Jeff Lenderman Travel BVI 3/13-3/19; Result: notEnabled; ConditionsNotSatisfied: none; SessionControlsNotSatisfied: 
ID: bda0d60a-c582-4d69-9d7e-f9166be26b08; DisplayName: Brian Katz - Costa Rica; Result: notEnabled; ConditionsNotSatisfied: none; SessionControlsNotSatisfied: 
ID: 46ddead8-098c-4325-bbeb-836e364f64b5; DisplayName: Sessions - Block Persistent Browser Sessions (Untrusted Locations); Result: reportOnlySuccess; ConditionsNotSatisfied: none; SessionControlsNotSatisfied: 
ID: 0149a225-4092-4a09-ab18-ae7c47c5deeb; DisplayName: Sessions - Enforce Sign-In Frequency; Result: reportOnlySuccess; ConditionsNotSatisfied: none; SessionControlsNotSatisfied: 
ID: 408cead8-caca-4de6-bf52-6f34130a6459; DisplayName: Microsoft-managed: Multifactor authentication for admins accessing Microsoft Admin Portals; Result: reportOnlyNotApplied; ConditionsNotSatisfied: application; SessionControlsNotSatisfied: 
ID: e00078dd-d389-4a8f-ba33-ac7b690a7ce3; DisplayName: Brian Katz Montreal 3/15 - 3/21; Result: reportOnlyNotApplied; ConditionsNotSatisfied: users; SessionControlsNotSatisfied: 
ID: e4f6bd83-c762-4a93-9fb4-d77b558b5650; DisplayName: Devices - Enforce Device Compliance; Result: reportOnlyNotApplied; ConditionsNotSatisfied: deviceState; SessionControlsNotSatisfied: 
ID: da3712b4-2ee4-4d96-b702-9d73cb4e635a; DisplayName: Locations - Enforce Geo-IP Fencing; Result: reportOnlyNotApplied; ConditionsNotSatisfied: location,ipAddressSeenByAzureAD; SessionControlsNotSatisfied: 
ID: 7bd05172-0534-4c9a-a965-6e9370e281df; DisplayName: Protocols - Enforce Modern Authentication; Result: reportOnlyNotApplied; ConditionsNotSatisfied: clientType; SessionControlsNotSatisfied: 
ID: 6c493fe3-b17a-426e-af02-9f28f033239f; DisplayName: Sessions - Block Persistent Browser Sessions (Admins); Result: reportOnlyNotApplied; ConditionsNotSatisfied: users; SessionControlsNotSatisfied: 
ID: 77dbcd7f-566d-4b90-a928-edf2235d1c96; DisplayName: Users - Block Interactive Logins (Service Accounts); Result: reportOnlyNotApplied; ConditionsNotSatisfied: users; SessionControlsNotSatisfied: 
ID: 72f697df-0563-4339-8a40-3a0e56607bcb; DisplayName: Users - Restrict Admin Portal Access; Result: reportOnlyNotApplied; ConditionsNotSatisfied: application; SessionControlsNotSatisfied: ","networkType: namedNetwork; networkNames: Block Countries Per User Per Period","AuthenticationStepDateTime: 2026-08-18T13:09:34Z; AuthenticationMethod: Previously satisfied; AuthenticationMethodDetail: ; Succeeded: True; AuthenticationStepResultDetail: First factor requirement satisfied by claim in the token; AuthenticationStepRequirement: ;
AuthenticationStepDateTime: 2026-08-18T13:09:34Z; AuthenticationMethod: Previously satisfied; AuthenticationMethodDetail: ; Succeeded: True; AuthenticationStepResultDetail: MFA requirement satisfied by claim in the token; AuthenticationStepRequirement: ;"
"2026-08-18T13:09:33Z","Maxine Barnett","mbarnett@pineywoodscapital.com","08e18876-6177-487e-b8b5-cf950c1e598c","SharePoint Online Web Client Extensibility","47.206.189.128","Browser","Mozilla/5.0 (Windows NT 10.0; Win64; x64) AppleWebKit/537.36 (KHTML, like Gecko) Chrome/151.0.0.0 Safari/537.36 Edg/151.0.0.0","f37f87d0-04de-4b29-a826-3f7c9742dfc3","True","multiFactorAuthentication","errorCode: 0; failureReason: Other.; additionalDetails: MFA requirement satisfied by claim in the token","deviceId: ef195eb1-1b92-4508-9244-131a41ab85fc; displayName: LAPTOP-3N51BPAV; operatingSystem: Windows10; browser: Edge 151.0.0; isCompliant: False; isManaged: False; trustType: Azure AD registered","city: Tampa; state: Florida; countryOrRegion: US; geoCoordinates: @{altitude=; latitude=27.94497; longitude=-82.44757}","success","ID: a08e9a43-c474-45ce-854f-67d0f7b3deec; DisplayName: Enable MFA - All Users; Result: success; ConditionsNotSatisfied: none; SessionControlsNotSatisfied: 
ID: b8e8a1ff-dfc9-4eff-8c45-e209f4e26e5b; DisplayName: KaztCap SSL VPN Access; Result: notApplied; ConditionsNotSatisfied: users; SessionControlsNotSatisfied: 
ID: c6569448-6b9b-4329-8356-6cdb035f7cf2; DisplayName: Enable MFA - bwadmin; Result: notApplied; ConditionsNotSatisfied: users; SessionControlsNotSatisfied: 
ID: 9dba74f8-0de6-406e-b38c-ba05ea657153; DisplayName: Microsoft-managed: Multifactor authentication for per-user multifactor authentication users; Result: notEnabled; ConditionsNotSatisfied: none; SessionControlsNotSatisfied: 
ID: 7249cafd-bd3b-4f0c-9f6a-de4933e0a484; DisplayName: Location Based Access - Block Outside US; Result: notApplied; ConditionsNotSatisfied: location,ipAddressSeenByAzureAD; SessionControlsNotSatisfied: 
ID: 2c6518a2-ced4-420b-99b2-7a01741512b8; DisplayName: Location Based Access - Allow Specific Countries; Result: notEnabled; ConditionsNotSatisfied: none; SessionControlsNotSatisfied: 
ID: e51298da-9965-4f54-be5a-a1bfa7391207; DisplayName: Microsoft-managed: Multifactor authentication and reauthentication for risky sign-ins; Result: notApplied; ConditionsNotSatisfied: signInRisk; SessionControlsNotSatisfied: 
ID: 3cc748c6-e739-4559-b56f-dc898b93b757; DisplayName: Brian Katz Travel Cayman - 12/21-12/28; Result: notEnabled; ConditionsNotSatisfied: none; SessionControlsNotSatisfied: 
ID: dbe24e2b-7971-4159-92e7-029febd9403a; DisplayName: Jeff Lenderman Travel BVI 3/13-3/19; Result: notEnabled; ConditionsNotSatisfied: none; SessionControlsNotSatisfied: 
ID: bda0d60a-c582-4d69-9d7e-f9166be26b08; DisplayName: Brian Katz - Costa Rica; Result: notEnabled; ConditionsNotSatisfied: none; SessionControlsNotSatisfied: 
ID: 46ddead8-098c-4325-bbeb-836e364f64b5; DisplayName: Sessions - Block Persistent Browser Sessions (Untrusted Locations); Result: reportOnlySuccess; ConditionsNotSatisfied: none; SessionControlsNotSatisfied: 
ID: 0149a225-4092-4a09-ab18-ae7c47c5deeb; DisplayName: Sessions - Enforce Sign-In Frequency; Result: reportOnlySuccess; ConditionsNotSatisfied: none; SessionControlsNotSatisfied: 
ID: 408cead8-caca-4de6-bf52-6f34130a6459; DisplayName: Microsoft-managed: Multifactor authentication for admins accessing Microsoft Admin Portals; Result: reportOnlyNotApplied; ConditionsNotSatisfied: application; SessionControlsNotSatisfied: 
ID: e00078dd-d389-4a8f-ba33-ac7b690a7ce3; DisplayName: Brian Katz Montreal 3/15 - 3/21; Result: reportOnlyNotApplied; ConditionsNotSatisfied: users; SessionControlsNotSatisfied: 
ID: e4f6bd83-c762-4a93-9fb4-d77b558b5650; DisplayName: Devices - Enforce Device Compliance; Result: reportOnlyNotApplied; ConditionsNotSatisfied: deviceState; SessionControlsNotSatisfied: 
ID: da3712b4-2ee4-4d96-b702-9d73cb4e635a; DisplayName: Locations - Enforce Geo-IP Fencing; Result: reportOnlyNotApplied; ConditionsNotSatisfied: location,ipAddressSeenByAzureAD; SessionControlsNotSatisfied: 
ID: 7bd05172-0534-4c9a-a965-6e9370e281df; DisplayName: Protocols - Enforce Modern Authentication; Result: reportOnlyNotApplied; ConditionsNotSatisfied: clientType; SessionControlsNotSatisfied: 
ID: 6c493fe3-b17a-426e-af02-9f28f033239f; DisplayName: Sessions - Block Persistent Browser Sessions (Admins); Result: reportOnlyNotApplied; ConditionsNotSatisfied: users; SessionControlsNotSatisfied: 
ID: 77dbcd7f-566d-4b90-a928-edf2235d1c96; DisplayName: Users - Block Interactive Logins (Service Accounts); Result: reportOnlyNotApplied; ConditionsNotSatisfied: users; SessionControlsNotSatisfied: 
ID: 72f697df-0563-4339-8a40-3a0e56607bcb; DisplayName: Users - Restrict Admin Portal Access; Result: reportOnlyNotApplied; ConditionsNotSatisfied: application; SessionControlsNotSatisfied: ","networkType: namedNetwork; networkNames: Block Countries Per User Per Period","AuthenticationStepDateTime: 2026-08-18T13:09:33Z; AuthenticationMethod: Previously satisfied; AuthenticationMethodDetail: ; Succeeded: True; AuthenticationStepResultDetail: First factor requirement satisfied by claim in the token; AuthenticationStepRequirement: ;
AuthenticationStepDateTime: 2026-08-18T13:09:33Z; AuthenticationMethod: Previously satisfied; AuthenticationMethodDetail: ; Succeeded: True; AuthenticationStepResultDetail: MFA requirement satisfied by claim in the token; AuthenticationStepRequirement: ;"
"2026-08-18T13:08:48Z","Vic Pellegrino","vpellegrino@katzcapital.com","38aa3b87-a06d-4817-b275-7a316988d93b","Windows Sign In","47.206.189.128","Mobile Apps and Desktop clients","Windows-AzureAD-Authentication-Provider/1.0","5c2efb46-beac-4529-8c5e-51e3b865879f","True","singleFactorAuthentication","errorCode: 0; failureReason: Other.; additionalDetails: MFA requirement satisfied by claim in the token","deviceId: 1f32f206-823d-4edb-8433-42eb108dd013; displayName: PWC-L-26-01; operatingSystem: Windows; browser: ; isCompliant: False; isManaged: False; trustType: Azure AD joined","city: Tampa; state: Florida; countryOrRegion: US; geoCoordinates: @{altitude=; latitude=27.94497; longitude=-82.44757}","notApplied","","networkType: namedNetwork; networkNames: Block Countries Per User Per Period","AuthenticationStepDateTime: 2026-08-18T13:08:48Z; AuthenticationMethod: Windows Hello for Business; AuthenticationMethodDetail: ; Succeeded: True; AuthenticationStepResultDetail: User approved; AuthenticationStepRequirement: ;"
"2026-08-18T13:08:38Z","Maxine Barnett","mbarnett@pineywoodscapital.com","00000003-0000-0ff1-ce00-000000000000","Office 365 SharePoint Online","47.206.189.128","Browser","Mozilla/5.0 (Windows NT 10.0; Win64; x64) AppleWebKit/537.36 (KHTML, like Gecko) Chrome/151.0.0.0 Safari/537.36 Edg/151.0.0.0 OS/10.0.26200","9c7232a2-e0b4-0000-102b-42830c25c929","True","multiFactorAuthentication","errorCode: 0; failureReason: Other.; additionalDetails: MFA requirement satisfied by claim in the token","deviceId: ef195eb1-1b92-4508-9244-131a41ab85fc; displayName: LAPTOP-3N51BPAV; operatingSystem: Windows10; browser: Edge 151.0.0; isCompliant: False; isManaged: False; trustType: Azure AD registered","city: Tampa; state: Florida; countryOrRegion: US; geoCoordinates: @{altitude=; latitude=27.94497; longitude=-82.44757}","success","ID: a08e9a43-c474-45ce-854f-67d0f7b3deec; DisplayName: Enable MFA - All Users; Result: success; ConditionsNotSatisfied: none; SessionControlsNotSatisfied: 
ID: b8e8a1ff-dfc9-4eff-8c45-e209f4e26e5b; DisplayName: KaztCap SSL VPN Access; Result: notApplied; ConditionsNotSatisfied: users; SessionControlsNotSatisfied: 
ID: 2c6518a2-ced4-420b-99b2-7a01741512b8; DisplayName: Location Based Access - Allow Specific Countries; Result: notEnabled; ConditionsNotSatisfied: none; SessionControlsNotSatisfied: 
ID: 9dba74f8-0de6-406e-b38c-ba05ea657153; DisplayName: Microsoft-managed: Multifactor authentication for per-user multifactor authentication users; Result: notEnabled; ConditionsNotSatisfied: none; SessionControlsNotSatisfied: 
ID: e51298da-9965-4f54-be5a-a1bfa7391207; DisplayName: Microsoft-managed: Multifactor authentication and reauthentication for risky sign-ins; Result: notApplied; ConditionsNotSatisfied: signInRisk; SessionControlsNotSatisfied: 
ID: c6569448-6b9b-4329-8356-6cdb035f7cf2; DisplayName: Enable MFA - bwadmin; Result: notApplied; ConditionsNotSatisfied: users; SessionControlsNotSatisfied: 
ID: 3cc748c6-e739-4559-b56f-dc898b93b757; DisplayName: Brian Katz Travel Cayman - 12/21-12/28; Result: notEnabled; ConditionsNotSatisfied: none; SessionControlsNotSatisfied: 
ID: 7249cafd-bd3b-4f0c-9f6a-de4933e0a484; DisplayName: Location Based Access - Block Outside US; Result: notApplied; ConditionsNotSatisfied: location,ipAddressSeenByAzureAD; SessionControlsNotSatisfied: 
ID: dbe24e2b-7971-4159-92e7-029febd9403a; DisplayName: Jeff Lenderman Travel BVI 3/13-3/19; Result: notEnabled; ConditionsNotSatisfied: none; SessionControlsNotSatisfied: 
ID: bda0d60a-c582-4d69-9d7e-f9166be26b08; DisplayName: Brian Katz - Costa Rica; Result: notEnabled; ConditionsNotSatisfied: none; SessionControlsNotSatisfied: 
ID: 46ddead8-098c-4325-bbeb-836e364f64b5; DisplayName: Sessions - Block Persistent Browser Sessions (Untrusted Locations); Result: reportOnlySuccess; ConditionsNotSatisfied: none; SessionControlsNotSatisfied: 
ID: 0149a225-4092-4a09-ab18-ae7c47c5deeb; DisplayName: Sessions - Enforce Sign-In Frequency; Result: reportOnlySuccess; ConditionsNotSatisfied: none; SessionControlsNotSatisfied: 
ID: 408cead8-caca-4de6-bf52-6f34130a6459; DisplayName: Microsoft-managed: Multifactor authentication for admins accessing Microsoft Admin Portals; Result: reportOnlyNotApplied; ConditionsNotSatisfied: application; SessionControlsNotSatisfied: 
ID: e00078dd-d389-4a8f-ba33-ac7b690a7ce3; DisplayName: Brian Katz Montreal 3/15 - 3/21; Result: reportOnlyNotApplied; ConditionsNotSatisfied: users; SessionControlsNotSatisfied: 
ID: e4f6bd83-c762-4a93-9fb4-d77b558b5650; DisplayName: Devices - Enforce Device Compliance; Result: reportOnlyNotApplied; ConditionsNotSatisfied: deviceState; SessionControlsNotSatisfied: 
ID: da3712b4-2ee4-4d96-b702-9d73cb4e635a; DisplayName: Locations - Enforce Geo-IP Fencing; Result: reportOnlyNotApplied; ConditionsNotSatisfied: location,ipAddressSeenByAzureAD; SessionControlsNotSatisfied: 
ID: 7bd05172-0534-4c9a-a965-6e9370e281df; DisplayName: Protocols - Enforce Modern Authentication; Result: reportOnlyNotApplied; ConditionsNotSatisfied: clientType; SessionControlsNotSatisfied: 
ID: 6c493fe3-b17a-426e-af02-9f28f033239f; DisplayName: Sessions - Block Persistent Browser Sessions (Admins); Result: reportOnlyNotApplied; ConditionsNotSatisfied: users; SessionControlsNotSatisfied: 
ID: 77dbcd7f-566d-4b90-a928-edf2235d1c96; DisplayName: Users - Block Interactive Logins (Service Accounts); Result: reportOnlyNotApplied; ConditionsNotSatisfied: users; SessionControlsNotSatisfied: 
ID: 72f697df-0563-4339-8a40-3a0e56607bcb; DisplayName: Users - Restrict Admin Portal Access; Result: reportOnlyNotApplied; ConditionsNotSatisfied: application; SessionControlsNotSatisfied: ","networkType: namedNetwork; networkNames: Block Countries Per User Per Period","AuthenticationStepDateTime: 2026-08-18T13:08:38Z; AuthenticationMethod: Previously satisfied; AuthenticationMethodDetail: ; Succeeded: True; AuthenticationStepResultDetail: First factor requirement satisfied by claim in the token; AuthenticationStepRequirement: ;
AuthenticationStepDateTime: 2026-08-18T13:08:38Z; AuthenticationMethod: Previously satisfied; AuthenticationMethodDetail: ; Succeeded: True; AuthenticationStepResultDetail: MFA requirement satisfied by claim in the token; AuthenticationStepRequirement: ;"
"2026-08-18T13:08:19Z","Maxine Barnett","mbarnett@pineywoodscapital.com","08e18876-6177-487e-b8b5-cf950c1e598c","SharePoint Online Web Client Extensibility","47.206.189.128","Browser","Mozilla/5.0 (Windows NT 10.0; Win64; x64) AppleWebKit/537.36 (KHTML, like Gecko) Chrome/151.0.0.0 Safari/537.36 Edg/151.0.0.0","f9b6081b-43a5-4c6f-a488-399b6fb97f7b","True","multiFactorAuthentication","errorCode: 0; failureReason: Other.; additionalDetails: MFA requirement satisfied by claim in the token","deviceId: ef195eb1-1b92-4508-9244-131a41ab85fc; displayName: LAPTOP-3N51BPAV; operatingSystem: Windows10; browser: Edge 151.0.0; isCompliant: False; isManaged: False; trustType: Azure AD registered","city: Tampa; state: Florida; countryOrRegion: US; geoCoordinates: @{altitude=; latitude=27.94497; longitude=-82.44757}","success","ID: a08e9a43-c474-45ce-854f-67d0f7b3deec; DisplayName: Enable MFA - All Users; Result: success; ConditionsNotSatisfied: none; SessionControlsNotSatisfied: 
ID: b8e8a1ff-dfc9-4eff-8c45-e209f4e26e5b; DisplayName: KaztCap SSL VPN Access; Result: notApplied; ConditionsNotSatisfied: users; SessionControlsNotSatisfied: 
ID: 2c6518a2-ced4-420b-99b2-7a01741512b8; DisplayName: Location Based Access - Allow Specific Countries; Result: notEnabled; ConditionsNotSatisfied: none; SessionControlsNotSatisfied: 
ID: 9dba74f8-0de6-406e-b38c-ba05ea657153; DisplayName: Microsoft-managed: Multifactor authentication for per-user multifactor authentication users; Result: notEnabled; ConditionsNotSatisfied: none; SessionControlsNotSatisfied: 
ID: e51298da-9965-4f54-be5a-a1bfa7391207; DisplayName: Microsoft-managed: Multifactor authentication and reauthentication for risky sign-ins; Result: notApplied; ConditionsNotSatisfied: signInRisk; SessionControlsNotSatisfied: 
ID: c6569448-6b9b-4329-8356-6cdb035f7cf2; DisplayName: Enable MFA - bwadmin; Result: notApplied; ConditionsNotSatisfied: users; SessionControlsNotSatisfied: 
ID: 3cc748c6-e739-4559-b56f-dc898b93b757; DisplayName: Brian Katz Travel Cayman - 12/21-12/28; Result: notEnabled; ConditionsNotSatisfied: none; SessionControlsNotSatisfied: 
ID: 7249cafd-bd3b-4f0c-9f6a-de4933e0a484; DisplayName: Location Based Access - Block Outside US; Result: notApplied; ConditionsNotSatisfied: location,ipAddressSeenByAzureAD; SessionControlsNotSatisfied: 
ID: dbe24e2b-7971-4159-92e7-029febd9403a; DisplayName: Jeff Lenderman Travel BVI 3/13-3/19; Result: notEnabled; ConditionsNotSatisfied: none; SessionControlsNotSatisfied: 
ID: bda0d60a-c582-4d69-9d7e-f9166be26b08; DisplayName: Brian Katz - Costa Rica; Result: notEnabled; ConditionsNotSatisfied: none; SessionControlsNotSatisfied: 
ID: 46ddead8-098c-4325-bbeb-836e364f64b5; DisplayName: Sessions - Block Persistent Browser Sessions (Untrusted Locations); Result: reportOnlySuccess; ConditionsNotSatisfied: none; SessionControlsNotSatisfied: 
ID: 0149a225-4092-4a09-ab18-ae7c47c5deeb; DisplayName: Sessions - Enforce Sign-In Frequency; Result: reportOnlySuccess; ConditionsNotSatisfied: none; SessionControlsNotSatisfied: 
ID: 408cead8-caca-4de6-bf52-6f34130a6459; DisplayName: Microsoft-managed: Multifactor authentication for admins accessing Microsoft Admin Portals; Result: reportOnlyNotApplied; ConditionsNotSatisfied: application; SessionControlsNotSatisfied: 
ID: e00078dd-d389-4a8f-ba33-ac7b690a7ce3; DisplayName: Brian Katz Montreal 3/15 - 3/21; Result: reportOnlyNotApplied; ConditionsNotSatisfied: users; SessionControlsNotSatisfied: 
ID: e4f6bd83-c762-4a93-9fb4-d77b558b5650; DisplayName: Devices - Enforce Device Compliance; Result: reportOnlyNotApplied; ConditionsNotSatisfied: deviceState; SessionControlsNotSatisfied: 
ID: da3712b4-2ee4-4d96-b702-9d73cb4e635a; DisplayName: Locations - Enforce Geo-IP Fencing; Result: reportOnlyNotApplied; ConditionsNotSatisfied: location,ipAddressSeenByAzureAD; SessionControlsNotSatisfied: 
ID: 7bd05172-0534-4c9a-a965-6e9370e281df; DisplayName: Protocols - Enforce Modern Authentication; Result: reportOnlyNotApplied; ConditionsNotSatisfied: clientType; SessionControlsNotSatisfied: 
ID: 6c493fe3-b17a-426e-af02-9f28f033239f; DisplayName: Sessions - Block Persistent Browser Sessions (Admins); Result: reportOnlyNotApplied; ConditionsNotSatisfied: users; SessionControlsNotSatisfied: 
ID: 77dbcd7f-566d-4b90-a928-edf2235d1c96; DisplayName: Users - Block Interactive Logins (Service Accounts); Result: reportOnlyNotApplied; ConditionsNotSatisfied: users; SessionControlsNotSatisfied: 
ID: 72f697df-0563-4339-8a40-3a0e56607bcb; DisplayName: Users - Restrict Admin Portal Access; Result: reportOnlyNotApplied; ConditionsNotSatisfied: application; SessionControlsNotSatisfied: ","networkType: namedNetwork; networkNames: Block Countries Per User Per Period","AuthenticationStepDateTime: 2026-08-18T13:08:19Z; AuthenticationMethod: Previously satisfied; AuthenticationMethodDetail: ; Succeeded: True; AuthenticationStepResultDetail: First factor requirement satisfied by claim in the token; AuthenticationStepRequirement: ;
AuthenticationStepDateTime: 2026-08-18T13:08:19Z; AuthenticationMethod: Previously satisfied; AuthenticationMethodDetail: ; Succeeded: True; AuthenticationStepResultDetail: MFA requirement satisfied by claim in the token; AuthenticationStepRequirement: ;"
"2026-08-18T13:08:08Z","Kalise Sanger","frontdesk@pineywoodsrealtyfl.com","9199bf20-a13f-4107-85dc-02114787ef48","One Outlook Web","47.206.189.128","Browser","Mozilla/5.0 (Windows NT 10.0; Win64; x64) AppleWebKit/537.36 (KHTML, like Gecko) Chrome/151.0.0.0 Safari/537.36 Edg/151.0.0.0 OS/10.0.26200","8ef9a40f-50f8-d53f-508e-363ca7ee65f6","True","multiFactorAuthentication","errorCode: 0; failureReason: Other.; additionalDetails: MFA requirement satisfied by claim in the token","deviceId: c4b8e480-5cab-4820-9148-b154d9a19975; displayName: PWC-L-19-01; operatingSystem: Windows10; browser: Edge 151.0.0; isCompliant: False; isManaged: False; trustType: Azure AD joined","city: Tampa; state: Florida; countryOrRegion: US; geoCoordinates: @{altitude=; latitude=27.94497; longitude=-82.44757}","success","ID: a08e9a43-c474-45ce-854f-67d0f7b3deec; DisplayName: Enable MFA - All Users; Result: success; ConditionsNotSatisfied: none; SessionControlsNotSatisfied: 
ID: b8e8a1ff-dfc9-4eff-8c45-e209f4e26e5b; DisplayName: KaztCap SSL VPN Access; Result: notApplied; ConditionsNotSatisfied: users; SessionControlsNotSatisfied: 
ID: 2c6518a2-ced4-420b-99b2-7a01741512b8; DisplayName: Location Based Access - Allow Specific Countries; Result: notEnabled; ConditionsNotSatisfied: none; SessionControlsNotSatisfied: 
ID: 9dba74f8-0de6-406e-b38c-ba05ea657153; DisplayName: Microsoft-managed: Multifactor authentication for per-user multifactor authentication users; Result: notEnabled; ConditionsNotSatisfied: none; SessionControlsNotSatisfied: 
ID: e51298da-9965-4f54-be5a-a1bfa7391207; DisplayName: Microsoft-managed: Multifactor authentication and reauthentication for risky sign-ins; Result: notApplied; ConditionsNotSatisfied: signInRisk; SessionControlsNotSatisfied: 
ID: c6569448-6b9b-4329-8356-6cdb035f7cf2; DisplayName: Enable MFA - bwadmin; Result: notApplied; ConditionsNotSatisfied: users; SessionControlsNotSatisfied: 
ID: 7249cafd-bd3b-4f0c-9f6a-de4933e0a484; DisplayName: Location Based Access - Block Outside US; Result: notApplied; ConditionsNotSatisfied: location,ipAddressSeenByAzureAD; SessionControlsNotSatisfied: 
ID: 3cc748c6-e739-4559-b56f-dc898b93b757; DisplayName: Brian Katz Travel Cayman - 12/21-12/28; Result: notEnabled; ConditionsNotSatisfied: none; SessionControlsNotSatisfied: 
ID: dbe24e2b-7971-4159-92e7-029febd9403a; DisplayName: Jeff Lenderman Travel BVI 3/13-3/19; Result: notEnabled; ConditionsNotSatisfied: none; SessionControlsNotSatisfied: 
ID: bda0d60a-c582-4d69-9d7e-f9166be26b08; DisplayName: Brian Katz - Costa Rica; Result: notEnabled; ConditionsNotSatisfied: none; SessionControlsNotSatisfied: 
ID: 46ddead8-098c-4325-bbeb-836e364f64b5; DisplayName: Sessions - Block Persistent Browser Sessions (Untrusted Locations); Result: reportOnlySuccess; ConditionsNotSatisfied: none; SessionControlsNotSatisfied: 
ID: 0149a225-4092-4a09-ab18-ae7c47c5deeb; DisplayName: Sessions - Enforce Sign-In Frequency; Result: reportOnlySuccess; ConditionsNotSatisfied: none; SessionControlsNotSatisfied: 
ID: 408cead8-caca-4de6-bf52-6f34130a6459; DisplayName: Microsoft-managed: Multifactor authentication for admins accessing Microsoft Admin Portals; Result: reportOnlyNotApplied; ConditionsNotSatisfied: application; SessionControlsNotSatisfied: 
ID: e00078dd-d389-4a8f-ba33-ac7b690a7ce3; DisplayName: Brian Katz Montreal 3/15 - 3/21; Result: reportOnlyNotApplied; ConditionsNotSatisfied: users; SessionControlsNotSatisfied: 
ID: e4f6bd83-c762-4a93-9fb4-d77b558b5650; DisplayName: Devices - Enforce Device Compliance; Result: reportOnlyNotApplied; ConditionsNotSatisfied: deviceState; SessionControlsNotSatisfied: 
ID: da3712b4-2ee4-4d96-b702-9d73cb4e635a; DisplayName: Locations - Enforce Geo-IP Fencing; Result: reportOnlyNotApplied; ConditionsNotSatisfied: location,ipAddressSeenByAzureAD; SessionControlsNotSatisfied: 
ID: 7bd05172-0534-4c9a-a965-6e9370e281df; DisplayName: Protocols - Enforce Modern Authentication; Result: reportOnlyNotApplied; ConditionsNotSatisfied: clientType; SessionControlsNotSatisfied: 
ID: 6c493fe3-b17a-426e-af02-9f28f033239f; DisplayName: Sessions - Block Persistent Browser Sessions (Admins); Result: reportOnlyNotApplied; ConditionsNotSatisfied: users; SessionControlsNotSatisfied: 
ID: 77dbcd7f-566d-4b90-a928-edf2235d1c96; DisplayName: Users - Block Interactive Logins (Service Accounts); Result: reportOnlyNotApplied; ConditionsNotSatisfied: users; SessionControlsNotSatisfied: 
ID: 72f697df-0563-4339-8a40-3a0e56607bcb; DisplayName: Users - Restrict Admin Portal Access; Result: reportOnlyNotApplied; ConditionsNotSatisfied: application; SessionControlsNotSatisfied: ","networkType: namedNetwork; networkNames: Block Countries Per User Per Period","AuthenticationStepDateTime: 2026-08-18T13:08:08Z; AuthenticationMethod: Previously satisfied; AuthenticationMethodDetail: ; Succeeded: True; AuthenticationStepResultDetail: MFA requirement satisfied by claim in the token; AuthenticationStepRequirement: ;"
"2026-08-18T13:08:00Z","Kalise Sanger","frontdesk@pineywoodsrealtyfl.com","0000000c-0000-0000-c000-000000000000","Microsoft App Access Panel","47.206.189.128","Browser","Mozilla/5.0 (Windows NT 10.0; Win64; x64) AppleWebKit/537.36 (KHTML, like Gecko) Chrome/151.0.0.0 Safari/537.36 Edg/151.0.0.0 OS/10.0.26200","4790f4ea-be55-467a-928c-29067db8988e","True","multiFactorAuthentication","errorCode: 0; failureReason: Other.; additionalDetails: MFA requirement satisfied by claim in the token","deviceId: c4b8e480-5cab-4820-9148-b154d9a19975; displayName: PWC-L-19-01; operatingSystem: Windows10; browser: Edge 151.0.0; isCompliant: False; isManaged: False; trustType: Azure AD joined","city: Tampa; state: Florida; countryOrRegion: US; geoCoordinates: @{altitude=; latitude=27.94497; longitude=-82.44757}","success","ID: a08e9a43-c474-45ce-854f-67d0f7b3deec; DisplayName: Enable MFA - All Users; Result: success; ConditionsNotSatisfied: none; SessionControlsNotSatisfied: 
ID: b8e8a1ff-dfc9-4eff-8c45-e209f4e26e5b; DisplayName: KaztCap SSL VPN Access; Result: notApplied; ConditionsNotSatisfied: users; SessionControlsNotSatisfied: 
ID: c6569448-6b9b-4329-8356-6cdb035f7cf2; DisplayName: Enable MFA - bwadmin; Result: notApplied; ConditionsNotSatisfied: users; SessionControlsNotSatisfied: 
ID: 2c6518a2-ced4-420b-99b2-7a01741512b8; DisplayName: Location Based Access - Allow Specific Countries; Result: notEnabled; ConditionsNotSatisfied: none; SessionControlsNotSatisfied: 
ID: 9dba74f8-0de6-406e-b38c-ba05ea657153; DisplayName: Microsoft-managed: Multifactor authentication for per-user multifactor authentication users; Result: notEnabled; ConditionsNotSatisfied: none; SessionControlsNotSatisfied: 
ID: 7249cafd-bd3b-4f0c-9f6a-de4933e0a484; DisplayName: Location Based Access - Block Outside US; Result: notApplied; ConditionsNotSatisfied: location,ipAddressSeenByAzureAD; SessionControlsNotSatisfied: 
ID: e51298da-9965-4f54-be5a-a1bfa7391207; DisplayName: Microsoft-managed: Multifactor authentication and reauthentication for risky sign-ins; Result: notApplied; ConditionsNotSatisfied: signInRisk; SessionControlsNotSatisfied: 
ID: 3cc748c6-e739-4559-b56f-dc898b93b757; DisplayName: Brian Katz Travel Cayman - 12/21-12/28; Result: notEnabled; ConditionsNotSatisfied: none; SessionControlsNotSatisfied: 
ID: dbe24e2b-7971-4159-92e7-029febd9403a; DisplayName: Jeff Lenderman Travel BVI 3/13-3/19; Result: notEnabled; ConditionsNotSatisfied: none; SessionControlsNotSatisfied: 
ID: bda0d60a-c582-4d69-9d7e-f9166be26b08; DisplayName: Brian Katz - Costa Rica; Result: notEnabled; ConditionsNotSatisfied: none; SessionControlsNotSatisfied: 
ID: 46ddead8-098c-4325-bbeb-836e364f64b5; DisplayName: Sessions - Block Persistent Browser Sessions (Untrusted Locations); Result: reportOnlySuccess; ConditionsNotSatisfied: none; SessionControlsNotSatisfied: 
ID: 0149a225-4092-4a09-ab18-ae7c47c5deeb; DisplayName: Sessions - Enforce Sign-In Frequency; Result: reportOnlySuccess; ConditionsNotSatisfied: none; SessionControlsNotSatisfied: 
ID: 408cead8-caca-4de6-bf52-6f34130a6459; DisplayName: Microsoft-managed: Multifactor authentication for admins accessing Microsoft Admin Portals; Result: reportOnlyNotApplied; ConditionsNotSatisfied: application; SessionControlsNotSatisfied: 
ID: e00078dd-d389-4a8f-ba33-ac7b690a7ce3; DisplayName: Brian Katz Montreal 3/15 - 3/21; Result: reportOnlyNotApplied; ConditionsNotSatisfied: users; SessionControlsNotSatisfied: 
ID: e4f6bd83-c762-4a93-9fb4-d77b558b5650; DisplayName: Devices - Enforce Device Compliance; Result: reportOnlyNotApplied; ConditionsNotSatisfied: deviceState; SessionControlsNotSatisfied: 
ID: da3712b4-2ee4-4d96-b702-9d73cb4e635a; DisplayName: Locations - Enforce Geo-IP Fencing; Result: reportOnlyNotApplied; ConditionsNotSatisfied: location,ipAddressSeenByAzureAD; SessionControlsNotSatisfied: 
ID: 7bd05172-0534-4c9a-a965-6e9370e281df; DisplayName: Protocols - Enforce Modern Authentication; Result: reportOnlyNotApplied; ConditionsNotSatisfied: clientType; SessionControlsNotSatisfied: 
ID: 6c493fe3-b17a-426e-af02-9f28f033239f; DisplayName: Sessions - Block Persistent Browser Sessions (Admins); Result: reportOnlyNotApplied; ConditionsNotSatisfied: users; SessionControlsNotSatisfied: 
ID: 77dbcd7f-566d-4b90-a928-edf2235d1c96; DisplayName: Users - Block Interactive Logins (Service Accounts); Result: reportOnlyNotApplied; ConditionsNotSatisfied: users; SessionControlsNotSatisfied: 
ID: 72f697df-0563-4339-8a40-3a0e56607bcb; DisplayName: Users - Restrict Admin Portal Access; Result: reportOnlyNotApplied; ConditionsNotSatisfied: application; SessionControlsNotSatisfied: ","networkType: namedNetwork; networkNames: Block Countries Per User Per Period","AuthenticationStepDateTime: 2026-08-18T13:08:00Z; AuthenticationMethod: Previously satisfied; AuthenticationMethodDetail: ; Succeeded: True; AuthenticationStepResultDetail: First factor requirement satisfied by claim in the token; AuthenticationStepRequirement: ;
AuthenticationStepDateTime: 2026-08-18T13:08:00Z; AuthenticationMethod: Previously satisfied; AuthenticationMethodDetail: ; Succeeded: True; AuthenticationStepResultDetail: MFA requirement satisfied by claim in the token; AuthenticationStepRequirement: ;"
"2026-08-18T13:07:44Z","Maxine Barnett","mbarnett@pineywoodscapital.com","89bee1f7-5e6e-4d8a-9f3d-ecd601259da7","Office365 Shell WCSS-Client","47.206.189.128","Browser","Mozilla/5.0 (Windows NT 10.0; Win64; x64) AppleWebKit/537.36 (KHTML, like Gecko) Chrome/151.0.0.0 Safari/537.36 Edg/151.0.0.0","01a014fc-2108-713c-8855-5114f3202aca","True","multiFactorAuthentication","errorCode: 0; failureReason: Other.; additionalDetails: MFA requirement satisfied by claim in the token","deviceId: ef195eb1-1b92-4508-9244-131a41ab85fc; displayName: LAPTOP-3N51BPAV; operatingSystem: Windows10; browser: Edge 151.0.0; isCompliant: False; isManaged: False; trustType: Azure AD registered","city: Tampa; state: Florida; countryOrRegion: US; geoCoordinates: @{altitude=; latitude=27.94497; longitude=-82.44757}","success","ID: a08e9a43-c474-45ce-854f-67d0f7b3deec; DisplayName: Enable MFA - All Users; Result: success; ConditionsNotSatisfied: none; SessionControlsNotSatisfied: 
ID: b8e8a1ff-dfc9-4eff-8c45-e209f4e26e5b; DisplayName: KaztCap SSL VPN Access; Result: notApplied; ConditionsNotSatisfied: users; SessionControlsNotSatisfied: 
ID: 2c6518a2-ced4-420b-99b2-7a01741512b8; DisplayName: Location Based Access - Allow Specific Countries; Result: notEnabled; ConditionsNotSatisfied: none; SessionControlsNotSatisfied: 
ID: 9dba74f8-0de6-406e-b38c-ba05ea657153; DisplayName: Microsoft-managed: Multifactor authentication for per-user multifactor authentication users; Result: notEnabled; ConditionsNotSatisfied: none; SessionControlsNotSatisfied: 
ID: e51298da-9965-4f54-be5a-a1bfa7391207; DisplayName: Microsoft-managed: Multifactor authentication and reauthentication for risky sign-ins; Result: notApplied; ConditionsNotSatisfied: signInRisk; SessionControlsNotSatisfied: 
ID: c6569448-6b9b-4329-8356-6cdb035f7cf2; DisplayName: Enable MFA - bwadmin; Result: notApplied; ConditionsNotSatisfied: users; SessionControlsNotSatisfied: 
ID: 3cc748c6-e739-4559-b56f-dc898b93b757; DisplayName: Brian Katz Travel Cayman - 12/21-12/28; Result: notEnabled; ConditionsNotSatisfied: none; SessionControlsNotSatisfied: 
ID: 7249cafd-bd3b-4f0c-9f6a-de4933e0a484; DisplayName: Location Based Access - Block Outside US; Result: notApplied; ConditionsNotSatisfied: location,ipAddressSeenByAzureAD; SessionControlsNotSatisfied: 
ID: dbe24e2b-7971-4159-92e7-029febd9403a; DisplayName: Jeff Lenderman Travel BVI 3/13-3/19; Result: notEnabled; ConditionsNotSatisfied: none; SessionControlsNotSatisfied: 
ID: bda0d60a-c582-4d69-9d7e-f9166be26b08; DisplayName: Brian Katz - Costa Rica; Result: notEnabled; ConditionsNotSatisfied: none; SessionControlsNotSatisfied: 
ID: 46ddead8-098c-4325-bbeb-836e364f64b5; DisplayName: Sessions - Block Persistent Browser Sessions (Untrusted Locations); Result: reportOnlySuccess; ConditionsNotSatisfied: none; SessionControlsNotSatisfied: 
ID: 0149a225-4092-4a09-ab18-ae7c47c5deeb; DisplayName: Sessions - Enforce Sign-In Frequency; Result: reportOnlySuccess; ConditionsNotSatisfied: none; SessionControlsNotSatisfied: 
ID: 408cead8-caca-4de6-bf52-6f34130a6459; DisplayName: Microsoft-managed: Multifactor authentication for admins accessing Microsoft Admin Portals; Result: reportOnlyNotApplied; ConditionsNotSatisfied: application; SessionControlsNotSatisfied: 
ID: e00078dd-d389-4a8f-ba33-ac7b690a7ce3; DisplayName: Brian Katz Montreal 3/15 - 3/21; Result: reportOnlyNotApplied; ConditionsNotSatisfied: users; SessionControlsNotSatisfied: 
ID: e4f6bd83-c762-4a93-9fb4-d77b558b5650; DisplayName: Devices - Enforce Device Compliance; Result: reportOnlyNotApplied; ConditionsNotSatisfied: deviceState; SessionControlsNotSatisfied: 
ID: da3712b4-2ee4-4d96-b702-9d73cb4e635a; DisplayName: Locations - Enforce Geo-IP Fencing; Result: reportOnlyNotApplied; ConditionsNotSatisfied: location,ipAddressSeenByAzureAD; SessionControlsNotSatisfied: 
ID: 7bd05172-0534-4c9a-a965-6e9370e281df; DisplayName: Protocols - Enforce Modern Authentication; Result: reportOnlyNotApplied; ConditionsNotSatisfied: clientType; SessionControlsNotSatisfied: 
ID: 6c493fe3-b17a-426e-af02-9f28f033239f; DisplayName: Sessions - Block Persistent Browser Sessions (Admins); Result: reportOnlyNotApplied; ConditionsNotSatisfied: users; SessionControlsNotSatisfied: 
ID: 77dbcd7f-566d-4b90-a928-edf2235d1c96; DisplayName: Users - Block Interactive Logins (Service Accounts); Result: reportOnlyNotApplied; ConditionsNotSatisfied: users; SessionControlsNotSatisfied: 
ID: 72f697df-0563-4339-8a40-3a0e56607bcb; DisplayName: Users - Restrict Admin Portal Access; Result: reportOnlyNotApplied; ConditionsNotSatisfied: application; SessionControlsNotSatisfied: ","networkType: namedNetwork; networkNames: Block Countries Per User Per Period","AuthenticationStepDateTime: 2026-08-18T13:07:44Z; AuthenticationMethod: Previously satisfied; AuthenticationMethodDetail: ; Succeeded: True; AuthenticationStepResultDetail: First factor requirement satisfied by claim in the token; AuthenticationStepRequirement: ;
AuthenticationStepDateTime: 2026-08-18T13:07:44Z; AuthenticationMethod: Previously satisfied; AuthenticationMethodDetail: ; Succeeded: True; AuthenticationStepResultDetail: MFA requirement satisfied by claim in the token; AuthenticationStepRequirement: ;"
"2026-08-18T13:07:21Z","Gary Alderman","galderman@pineywoodstitle.com","38aa3b87-a06d-4817-b275-7a316988d93b","Windows Sign In","47.194.85.102","Mobile Apps and Desktop clients","Windows-AzureAD-Authentication-Provider/1.0","f1412352-7d5d-4118-b47f-b7648637e34e","True","singleFactorAuthentication","errorCode: 0; failureReason: Other.; additionalDetails: MFA requirement satisfied by claim in the token","deviceId: 3def13b5-3a33-41e0-ac8d-2408f1be14cf; displayName: PWT-5cg0378ctp-lt; operatingSystem: Windows; browser: ; isCompliant: False; isManaged: False; trustType: Azure AD joined","city: Palmetto; state: Florida; countryOrRegion: US; geoCoordinates: @{altitude=; latitude=27.57457; longitude=-82.5496}","notApplied","","networkType: namedNetwork; networkNames: Block Countries Per User Per Period","AuthenticationStepDateTime: 2026-08-18T13:07:21Z; AuthenticationMethod: Windows Hello for Business; AuthenticationMethodDetail: ; Succeeded: True; AuthenticationStepResultDetail: User approved; AuthenticationStepRequirement: ;"
"2026-08-18T13:07:07Z","Michael Fraska","mfraska@pineywoodstitle.com","38aa3b87-a06d-4817-b275-7a316988d93b","Windows Sign In","47.206.189.128","Mobile Apps and Desktop clients","Windows-AzureAD-Authentication-Provider/1.0","89dd3e05-0d7c-4293-8e6d-8541e67fa296","True","singleFactorAuthentication","errorCode: 0; failureReason: Other.; additionalDetails: MFA requirement satisfied by claim in the token","deviceId: a8bc19e9-c2d8-433c-b864-0099328cc8de; displayName: DESKTOP-49S384O; operatingSystem: Windows; browser: ; isCompliant: False; isManaged: False; trustType: Azure AD joined","city: Tampa; state: Florida; countryOrRegion: US; geoCoordinates: @{altitude=; latitude=27.94497; longitude=-82.44757}","notApplied","","networkType: namedNetwork; networkNames: Block Countries Per User Per Period","AuthenticationStepDateTime: 2026-08-18T13:07:07Z; AuthenticationMethod: Windows Hello for Business; AuthenticationMethodDetail: ; Succeeded: True; AuthenticationStepResultDetail: User approved; AuthenticationStepRequirement: ;"
"2026-08-18T13:00:10Z","Eric Fischman","efischman@pineywoodsmortgage.com","38aa3b87-a06d-4817-b275-7a316988d93b","Windows Sign In","47.206.189.128","Mobile Apps and Desktop clients","Windows-AzureAD-Authentication-Provider/1.0","04053fec-7d72-4bfa-a718-022dc830bb6b","True","singleFactorAuthentication","errorCode: 0; failureReason: Other.; additionalDetails: MFA requirement satisfied by claim in the token","deviceId: 67cf7947-db50-469b-a3d8-cbdbc3d193d4; displayName: PWC-L-25-01; operatingSystem: Windows; browser: ; isCompliant: False; isManaged: False; trustType: Azure AD joined","city: Tampa; state: Florida; countryOrRegion: US; geoCoordinates: @{altitude=; latitude=27.94497; longitude=-82.44757}","notApplied","","networkType: namedNetwork; networkNames: Block Countries Per User Per Period","AuthenticationStepDateTime: 2026-08-18T13:00:10Z; AuthenticationMethod: Windows Hello for Business; AuthenticationMethodDetail: ; Succeeded: True; AuthenticationStepResultDetail: User approved; AuthenticationStepRequirement: ;"
"2026-08-18T12:59:56Z","Patrick Kenny","pkenny@katzcapital.com","38aa3b87-a06d-4817-b275-7a316988d93b","Windows Sign In","47.206.189.128","Mobile Apps and Desktop clients","Windows-AzureAD-Authentication-Provider/1.0","2fe63fdc-d689-4c56-be5f-49c6be3653b8","True","singleFactorAuthentication","errorCode: 0; failureReason: Other.; additionalDetails: MFA requirement satisfied by claim in the token","deviceId: 16c6fa36-c0b1-49fe-8eaa-8f8d987918df; displayName: PWC-L-25-02; operatingSystem: Windows; browser: ; isCompliant: False; isManaged: False; trustType: Azure AD joined","city: Tampa; state: Florida; countryOrRegion: US; geoCoordinates: @{altitude=; latitude=27.94497; longitude=-82.44757}","notApplied","","networkType: namedNetwork; networkNames: Block Countries Per User Per Period","AuthenticationStepDateTime: 2026-08-18T12:59:56Z; AuthenticationMethod: Windows Hello for Business; AuthenticationMethodDetail: ; Succeeded: True; AuthenticationStepResultDetail: User approved; AuthenticationStepRequirement: ;"
"2026-08-18T12:56:02Z","Maxine Barnett","mbarnett@pineywoodscapital.com","5e3ce6c0-2b1f-4285-8d4b-75ee78787346","Microsoft Teams Web Client","47.206.189.128","Browser","Mozilla/5.0 (Windows NT 10.0; Win64; x64) AppleWebKit/537.36 (KHTML, like Gecko) Chrome/151.0.0.0 Safari/537.36 Edg/151.0.0.0","c92ef8bb-2115-41f3-aa3b-d12732999114","True","multiFactorAuthentication","errorCode: 0; failureReason: Other.; additionalDetails: MFA requirement satisfied by claim in the token","deviceId: ef195eb1-1b92-4508-9244-131a41ab85fc; displayName: LAPTOP-3N51BPAV; operatingSystem: Windows10; browser: Edge 151.0.0; isCompliant: False; isManaged: False; trustType: Azure AD registered","city: Tampa; state: Florida; countryOrRegion: US; geoCoordinates: @{altitude=; latitude=27.94497; longitude=-82.44757}","success","ID: a08e9a43-c474-45ce-854f-67d0f7b3deec; DisplayName: Enable MFA - All Users; Result: success; ConditionsNotSatisfied: none; SessionControlsNotSatisfied: 
ID: b8e8a1ff-dfc9-4eff-8c45-e209f4e26e5b; DisplayName: KaztCap SSL VPN Access; Result: notApplied; ConditionsNotSatisfied: users; SessionControlsNotSatisfied: 
ID: 2c6518a2-ced4-420b-99b2-7a01741512b8; DisplayName: Location Based Access - Allow Specific Countries; Result: notEnabled; ConditionsNotSatisfied: none; SessionControlsNotSatisfied: 
ID: 9dba74f8-0de6-406e-b38c-ba05ea657153; DisplayName: Microsoft-managed: Multifactor authentication for per-user multifactor authentication users; Result: notEnabled; ConditionsNotSatisfied: none; SessionControlsNotSatisfied: 
ID: e51298da-9965-4f54-be5a-a1bfa7391207; DisplayName: Microsoft-managed: Multifactor authentication and reauthentication for risky sign-ins; Result: notApplied; ConditionsNotSatisfied: signInRisk; SessionControlsNotSatisfied: 
ID: c6569448-6b9b-4329-8356-6cdb035f7cf2; DisplayName: Enable MFA - bwadmin; Result: notApplied; ConditionsNotSatisfied: users; SessionControlsNotSatisfied: 
ID: 3cc748c6-e739-4559-b56f-dc898b93b757; DisplayName: Brian Katz Travel Cayman - 12/21-12/28; Result: notEnabled; ConditionsNotSatisfied: none; SessionControlsNotSatisfied: 
ID: 7249cafd-bd3b-4f0c-9f6a-de4933e0a484; DisplayName: Location Based Access - Block Outside US; Result: notApplied; ConditionsNotSatisfied: location,ipAddressSeenByAzureAD; SessionControlsNotSatisfied: 
ID: dbe24e2b-7971-4159-92e7-029febd9403a; DisplayName: Jeff Lenderman Travel BVI 3/13-3/19; Result: notEnabled; ConditionsNotSatisfied: none; SessionControlsNotSatisfied: 
ID: bda0d60a-c582-4d69-9d7e-f9166be26b08; DisplayName: Brian Katz - Costa Rica; Result: notEnabled; ConditionsNotSatisfied: none; SessionControlsNotSatisfied: 
ID: 46ddead8-098c-4325-bbeb-836e364f64b5; DisplayName: Sessions - Block Persistent Browser Sessions (Untrusted Locations); Result: reportOnlySuccess; ConditionsNotSatisfied: none; SessionControlsNotSatisfied: 
ID: 0149a225-4092-4a09-ab18-ae7c47c5deeb; DisplayName: Sessions - Enforce Sign-In Frequency; Result: reportOnlySuccess; ConditionsNotSatisfied: none; SessionControlsNotSatisfied: 
ID: 408cead8-caca-4de6-bf52-6f34130a6459; DisplayName: Microsoft-managed: Multifactor authentication for admins accessing Microsoft Admin Portals; Result: reportOnlyNotApplied; ConditionsNotSatisfied: application; SessionControlsNotSatisfied: 
ID: e00078dd-d389-4a8f-ba33-ac7b690a7ce3; DisplayName: Brian Katz Montreal 3/15 - 3/21; Result: reportOnlyNotApplied; ConditionsNotSatisfied: users; SessionControlsNotSatisfied: 
ID: e4f6bd83-c762-4a93-9fb4-d77b558b5650; DisplayName: Devices - Enforce Device Compliance; Result: reportOnlyNotApplied; ConditionsNotSatisfied: deviceState; SessionControlsNotSatisfied: 
ID: da3712b4-2ee4-4d96-b702-9d73cb4e635a; DisplayName: Locations - Enforce Geo-IP Fencing; Result: reportOnlyNotApplied; ConditionsNotSatisfied: location,ipAddressSeenByAzureAD; SessionControlsNotSatisfied: 
ID: 7bd05172-0534-4c9a-a965-6e9370e281df; DisplayName: Protocols - Enforce Modern Authentication; Result: reportOnlyNotApplied; ConditionsNotSatisfied: clientType; SessionControlsNotSatisfied: 
ID: 6c493fe3-b17a-426e-af02-9f28f033239f; DisplayName: Sessions - Block Persistent Browser Sessions (Admins); Result: reportOnlyNotApplied; ConditionsNotSatisfied: users; SessionControlsNotSatisfied: 
ID: 77dbcd7f-566d-4b90-a928-edf2235d1c96; DisplayName: Users - Block Interactive Logins (Service Accounts); Result: reportOnlyNotApplied; ConditionsNotSatisfied: users; SessionControlsNotSatisfied: 
ID: 72f697df-0563-4339-8a40-3a0e56607bcb; DisplayName: Users - Restrict Admin Portal Access; Result: reportOnlyNotApplied; ConditionsNotSatisfied: application; SessionControlsNotSatisfied: ","networkType: namedNetwork; networkNames: Block Countries Per User Per Period","AuthenticationStepDateTime: 2026-08-18T12:56:02Z; AuthenticationMethod: Previously satisfied; AuthenticationMethodDetail: ; Succeeded: True; AuthenticationStepResultDetail: First factor requirement satisfied by claim in the token; AuthenticationStepRequirement: ;
AuthenticationStepDateTime: 2026-08-18T12:56:02Z; AuthenticationMethod: Previously satisfied; AuthenticationMethodDetail: ; Succeeded: True; AuthenticationStepResultDetail: MFA requirement satisfied by claim in the token; AuthenticationStepRequirement: ;"
"2026-08-18T11:56:44Z","Charles Cleveland","ccleveland@katzcapital.com","38aa3b87-a06d-4817-b275-7a316988d93b","Windows Sign In","74.115.34.44","Mobile Apps and Desktop clients","Windows-AzureAD-Authentication-Provider/1.0","0bf2db43-63c6-42cf-a23e-d1886b446785","True","singleFactorAuthentication","errorCode: 0; failureReason: Other.; additionalDetails: MFA requirement satisfied by claim in the token","deviceId: bc7374e3-f031-4efa-95c8-64485e11cc7c; displayName: PWC-L-23-01; operatingSystem: Windows; browser: ; isCompliant: False; isManaged: False; trustType: Azure AD joined","city: Merced; state: California; countryOrRegion: US; geoCoordinates: @{altitude=; latitude=37.32558; longitude=-120.45551}","notApplied","","networkType: namedNetwork; networkNames: Block Countries Per User Per Period","AuthenticationStepDateTime: 2026-08-18T11:56:44Z; AuthenticationMethod: Windows Hello for Business; AuthenticationMethodDetail: ; Succeeded: True; AuthenticationStepResultDetail: User approved; AuthenticationStepRequirement: ;"
"2026-08-18T11:38:12Z","Ashley Savala","asavala@pineywoodsrealtyfl.com","9199bf20-a13f-4107-85dc-02114787ef48","One Outlook Web","47.198.26.60","Browser","Mozilla/5.0 (Windows NT 10.0; Win64; x64) AppleWebKit/537.36 (KHTML, like Gecko) Chrome/151.0.0.0 Safari/537.36","e50bc093-74f3-2d9b-7140-ab75e0282285","True","multiFactorAuthentication","errorCode: 0; failureReason: Other.; additionalDetails: MFA requirement satisfied by claim in the token","deviceId: ; displayName: ; operatingSystem: Windows10; browser: Chrome 151.0.0; isCompliant: False; isManaged: False; trustType: ","city: Odessa; state: Florida; countryOrRegion: US; geoCoordinates: @{altitude=; latitude=28.1414; longitude=-82.59334}","success","ID: a08e9a43-c474-45ce-854f-67d0f7b3deec; DisplayName: Enable MFA - All Users; Result: success; ConditionsNotSatisfied: none; SessionControlsNotSatisfied: 
ID: b8e8a1ff-dfc9-4eff-8c45-e209f4e26e5b; DisplayName: KaztCap SSL VPN Access; Result: notApplied; ConditionsNotSatisfied: users; SessionControlsNotSatisfied: 
ID: c6569448-6b9b-4329-8356-6cdb035f7cf2; DisplayName: Enable MFA - bwadmin; Result: notApplied; ConditionsNotSatisfied: users; SessionControlsNotSatisfied: 
ID: 2c6518a2-ced4-420b-99b2-7a01741512b8; DisplayName: Location Based Access - Allow Specific Countries; Result: notEnabled; ConditionsNotSatisfied: none; SessionControlsNotSatisfied: 
ID: 9dba74f8-0de6-406e-b38c-ba05ea657153; DisplayName: Microsoft-managed: Multifactor authentication for per-user multifactor authentication users; Result: notEnabled; ConditionsNotSatisfied: none; SessionControlsNotSatisfied: 
ID: 7249cafd-bd3b-4f0c-9f6a-de4933e0a484; DisplayName: Location Based Access - Block Outside US; Result: notApplied; ConditionsNotSatisfied: location,ipAddressSeenByAzureAD; SessionControlsNotSatisfied: 
ID: e51298da-9965-4f54-be5a-a1bfa7391207; DisplayName: Microsoft-managed: Multifactor authentication and reauthentication for risky sign-ins; Result: notApplied; ConditionsNotSatisfied: signInRisk; SessionControlsNotSatisfied: 
ID: 3cc748c6-e739-4559-b56f-dc898b93b757; DisplayName: Brian Katz Travel Cayman - 12/21-12/28; Result: notEnabled; ConditionsNotSatisfied: none; SessionControlsNotSatisfied: 
ID: dbe24e2b-7971-4159-92e7-029febd9403a; DisplayName: Jeff Lenderman Travel BVI 3/13-3/19; Result: notEnabled; ConditionsNotSatisfied: none; SessionControlsNotSatisfied: 
ID: bda0d60a-c582-4d69-9d7e-f9166be26b08; DisplayName: Brian Katz - Costa Rica; Result: notEnabled; ConditionsNotSatisfied: none; SessionControlsNotSatisfied: 
ID: e4f6bd83-c762-4a93-9fb4-d77b558b5650; DisplayName: Devices - Enforce Device Compliance; Result: reportOnlyFailure; ConditionsNotSatisfied: none; SessionControlsNotSatisfied: 
ID: 46ddead8-098c-4325-bbeb-836e364f64b5; DisplayName: Sessions - Block Persistent Browser Sessions (Untrusted Locations); Result: reportOnlySuccess; ConditionsNotSatisfied: none; SessionControlsNotSatisfied: 
ID: 0149a225-4092-4a09-ab18-ae7c47c5deeb; DisplayName: Sessions - Enforce Sign-In Frequency; Result: reportOnlySuccess; ConditionsNotSatisfied: none; SessionControlsNotSatisfied: 
ID: 408cead8-caca-4de6-bf52-6f34130a6459; DisplayName: Microsoft-managed: Multifactor authentication for admins accessing Microsoft Admin Portals; Result: reportOnlyNotApplied; ConditionsNotSatisfied: application; SessionControlsNotSatisfied: 
ID: e00078dd-d389-4a8f-ba33-ac7b690a7ce3; DisplayName: Brian Katz Montreal 3/15 - 3/21; Result: reportOnlyNotApplied; ConditionsNotSatisfied: users; SessionControlsNotSatisfied: 
ID: da3712b4-2ee4-4d96-b702-9d73cb4e635a; DisplayName: Locations - Enforce Geo-IP Fencing; Result: reportOnlyNotApplied; ConditionsNotSatisfied: location,ipAddressSeenByAzureAD; SessionControlsNotSatisfied: 
ID: 7bd05172-0534-4c9a-a965-6e9370e281df; DisplayName: Protocols - Enforce Modern Authentication; Result: reportOnlyNotApplied; ConditionsNotSatisfied: clientType; SessionControlsNotSatisfied: 
ID: 6c493fe3-b17a-426e-af02-9f28f033239f; DisplayName: Sessions - Block Persistent Browser Sessions (Admins); Result: reportOnlyNotApplied; ConditionsNotSatisfied: users; SessionControlsNotSatisfied: 
ID: 77dbcd7f-566d-4b90-a928-edf2235d1c96; DisplayName: Users - Block Interactive Logins (Service Accounts); Result: reportOnlyNotApplied; ConditionsNotSatisfied: users; SessionControlsNotSatisfied: 
ID: 72f697df-0563-4339-8a40-3a0e56607bcb; DisplayName: Users - Restrict Admin Portal Access; Result: reportOnlyNotApplied; ConditionsNotSatisfied: application; SessionControlsNotSatisfied: ","networkType: namedNetwork; networkNames: Block Countries Per User Per Period","AuthenticationStepDateTime: 2026-08-18T11:38:12Z; AuthenticationMethod: Previously satisfied; AuthenticationMethodDetail: ; Succeeded: True; AuthenticationStepResultDetail: First factor requirement satisfied by claim in the token; AuthenticationStepRequirement: ;
AuthenticationStepDateTime: 2026-08-18T11:38:12Z; AuthenticationMethod: Previously satisfied; AuthenticationMethodDetail: ; Succeeded: True; AuthenticationStepResultDetail: MFA requirement satisfied by claim in the token; AuthenticationStepRequirement: ;"
"2026-08-18T11:37:49Z","Brian Katz","bkatz@katzcapital.com","89bee1f7-5e6e-4d8a-9f3d-ecd601259da7","Office365 Shell WCSS-Client","71.46.218.18","Browser","Mozilla/5.0 (Windows NT 10.0; Win64; x64) AppleWebKit/537.36 (KHTML, like Gecko) Chrome/142.0.0.0 Safari/537.36","01a014a9-cfc7-7421-a0a5-a27e305d7622","True","multiFactorAuthentication","errorCode: 0; failureReason: Other.; additionalDetails: MFA requirement satisfied by claim in the token","deviceId: ; displayName: ; operatingSystem: Windows10; browser: Chrome 142.0.0; isCompliant: False; isManaged: False; trustType: ","city: Tampa; state: Florida; countryOrRegion: US; geoCoordinates: @{altitude=; latitude=28.00153; longitude=-82.37678}","success","ID: b8e8a1ff-dfc9-4eff-8c45-e209f4e26e5b; DisplayName: KaztCap SSL VPN Access; Result: success; ConditionsNotSatisfied: none; SessionControlsNotSatisfied: 
ID: a08e9a43-c474-45ce-854f-67d0f7b3deec; DisplayName: Enable MFA - All Users; Result: success; ConditionsNotSatisfied: none; SessionControlsNotSatisfied: 
ID: c6569448-6b9b-4329-8356-6cdb035f7cf2; DisplayName: Enable MFA - bwadmin; Result: notApplied; ConditionsNotSatisfied: users; SessionControlsNotSatisfied: 
ID: 9dba74f8-0de6-406e-b38c-ba05ea657153; DisplayName: Microsoft-managed: Multifactor authentication for per-user multifactor authentication users; Result: notEnabled; ConditionsNotSatisfied: none; SessionControlsNotSatisfied: 
ID: 7249cafd-bd3b-4f0c-9f6a-de4933e0a484; DisplayName: Location Based Access - Block Outside US; Result: notApplied; ConditionsNotSatisfied: location,ipAddressSeenByAzureAD; SessionControlsNotSatisfied: 
ID: 2c6518a2-ced4-420b-99b2-7a01741512b8; DisplayName: Location Based Access - Allow Specific Countries; Result: notEnabled; ConditionsNotSatisfied: none; SessionControlsNotSatisfied: 
ID: e51298da-9965-4f54-be5a-a1bfa7391207; DisplayName: Microsoft-managed: Multifactor authentication and reauthentication for risky sign-ins; Result: notApplied; ConditionsNotSatisfied: signInRisk; SessionControlsNotSatisfied: 
ID: 3cc748c6-e739-4559-b56f-dc898b93b757; DisplayName: Brian Katz Travel Cayman - 12/21-12/28; Result: notEnabled; ConditionsNotSatisfied: none; SessionControlsNotSatisfied: 
ID: dbe24e2b-7971-4159-92e7-029febd9403a; DisplayName: Jeff Lenderman Travel BVI 3/13-3/19; Result: notEnabled; ConditionsNotSatisfied: none; SessionControlsNotSatisfied: 
ID: bda0d60a-c582-4d69-9d7e-f9166be26b08; DisplayName: Brian Katz - Costa Rica; Result: notEnabled; ConditionsNotSatisfied: none; SessionControlsNotSatisfied: 
ID: e4f6bd83-c762-4a93-9fb4-d77b558b5650; DisplayName: Devices - Enforce Device Compliance; Result: reportOnlyFailure; ConditionsNotSatisfied: none; SessionControlsNotSatisfied: 
ID: 46ddead8-098c-4325-bbeb-836e364f64b5; DisplayName: Sessions - Block Persistent Browser Sessions (Untrusted Locations); Result: reportOnlySuccess; ConditionsNotSatisfied: none; SessionControlsNotSatisfied: 
ID: 0149a225-4092-4a09-ab18-ae7c47c5deeb; DisplayName: Sessions - Enforce Sign-In Frequency; Result: reportOnlySuccess; ConditionsNotSatisfied: none; SessionControlsNotSatisfied: 
ID: 408cead8-caca-4de6-bf52-6f34130a6459; DisplayName: Microsoft-managed: Multifactor authentication for admins accessing Microsoft Admin Portals; Result: reportOnlyNotApplied; ConditionsNotSatisfied: application; SessionControlsNotSatisfied: 
ID: e00078dd-d389-4a8f-ba33-ac7b690a7ce3; DisplayName: Brian Katz Montreal 3/15 - 3/21; Result: reportOnlyNotApplied; ConditionsNotSatisfied: location,ipAddressSeenByAzureAD; SessionControlsNotSatisfied: 
ID: da3712b4-2ee4-4d96-b702-9d73cb4e635a; DisplayName: Locations - Enforce Geo-IP Fencing; Result: reportOnlyNotApplied; ConditionsNotSatisfied: location,ipAddressSeenByAzureAD; SessionControlsNotSatisfied: 
ID: 7bd05172-0534-4c9a-a965-6e9370e281df; DisplayName: Protocols - Enforce Modern Authentication; Result: reportOnlyNotApplied; ConditionsNotSatisfied: clientType; SessionControlsNotSatisfied: 
ID: 6c493fe3-b17a-426e-af02-9f28f033239f; DisplayName: Sessions - Block Persistent Browser Sessions (Admins); Result: reportOnlyNotApplied; ConditionsNotSatisfied: users; SessionControlsNotSatisfied: 
ID: 77dbcd7f-566d-4b90-a928-edf2235d1c96; DisplayName: Users - Block Interactive Logins (Service Accounts); Result: reportOnlyNotApplied; ConditionsNotSatisfied: users; SessionControlsNotSatisfied: 
ID: 72f697df-0563-4339-8a40-3a0e56607bcb; DisplayName: Users - Restrict Admin Portal Access; Result: reportOnlyNotApplied; ConditionsNotSatisfied: application; SessionControlsNotSatisfied: ","networkType: namedNetwork; networkNames: Block Countries Per User Per Period","AuthenticationStepDateTime: 2026-08-18T11:37:49Z; AuthenticationMethod: Previously satisfied; AuthenticationMethodDetail: ; Succeeded: True; AuthenticationStepResultDetail: First factor requirement satisfied by claim in the token; AuthenticationStepRequirement: ;
AuthenticationStepDateTime: 2026-08-18T11:37:49Z; AuthenticationMethod: Previously satisfied; AuthenticationMethodDetail: ; Succeeded: True; AuthenticationStepResultDetail: MFA requirement satisfied by claim in the token; AuthenticationStepRequirement: ;"
"2026-08-18T11:37:49Z","Brian Katz","bkatz@katzcapital.com","89bee1f7-5e6e-4d8a-9f3d-ecd601259da7","Office365 Shell WCSS-Client","71.46.218.18","Browser","Mozilla/5.0 (Windows NT 10.0; Win64; x64) AppleWebKit/537.36 (KHTML, like Gecko) Chrome/142.0.0.0 Safari/537.36","01a014a9-cfc0-7d75-8004-820e99e70be0","True","multiFactorAuthentication","errorCode: 0; failureReason: Other.; additionalDetails: MFA requirement satisfied by claim in the token","deviceId: ; displayName: ; operatingSystem: Windows10; browser: Chrome 142.0.0; isCompliant: False; isManaged: False; trustType: ","city: Tampa; state: Florida; countryOrRegion: US; geoCoordinates: @{altitude=; latitude=28.00153; longitude=-82.37678}","success","ID: b8e8a1ff-dfc9-4eff-8c45-e209f4e26e5b; DisplayName: KaztCap SSL VPN Access; Result: success; ConditionsNotSatisfied: none; SessionControlsNotSatisfied: 
ID: a08e9a43-c474-45ce-854f-67d0f7b3deec; DisplayName: Enable MFA - All Users; Result: success; ConditionsNotSatisfied: none; SessionControlsNotSatisfied: 
ID: c6569448-6b9b-4329-8356-6cdb035f7cf2; DisplayName: Enable MFA - bwadmin; Result: notApplied; ConditionsNotSatisfied: users; SessionControlsNotSatisfied: 
ID: 9dba74f8-0de6-406e-b38c-ba05ea657153; DisplayName: Microsoft-managed: Multifactor authentication for per-user multifactor authentication users; Result: notEnabled; ConditionsNotSatisfied: none; SessionControlsNotSatisfied: 
ID: 7249cafd-bd3b-4f0c-9f6a-de4933e0a484; DisplayName: Location Based Access - Block Outside US; Result: notApplied; ConditionsNotSatisfied: location,ipAddressSeenByAzureAD; SessionControlsNotSatisfied: 
ID: 2c6518a2-ced4-420b-99b2-7a01741512b8; DisplayName: Location Based Access - Allow Specific Countries; Result: notEnabled; ConditionsNotSatisfied: none; SessionControlsNotSatisfied: 
ID: e51298da-9965-4f54-be5a-a1bfa7391207; DisplayName: Microsoft-managed: Multifactor authentication and reauthentication for risky sign-ins; Result: notApplied; ConditionsNotSatisfied: signInRisk; SessionControlsNotSatisfied: 
ID: 3cc748c6-e739-4559-b56f-dc898b93b757; DisplayName: Brian Katz Travel Cayman - 12/21-12/28; Result: notEnabled; ConditionsNotSatisfied: none; SessionControlsNotSatisfied: 
ID: dbe24e2b-7971-4159-92e7-029febd9403a; DisplayName: Jeff Lenderman Travel BVI 3/13-3/19; Result: notEnabled; ConditionsNotSatisfied: none; SessionControlsNotSatisfied: 
ID: bda0d60a-c582-4d69-9d7e-f9166be26b08; DisplayName: Brian Katz - Costa Rica; Result: notEnabled; ConditionsNotSatisfied: none; SessionControlsNotSatisfied: 
ID: e4f6bd83-c762-4a93-9fb4-d77b558b5650; DisplayName: Devices - Enforce Device Compliance; Result: reportOnlyFailure; ConditionsNotSatisfied: none; SessionControlsNotSatisfied: 
ID: 46ddead8-098c-4325-bbeb-836e364f64b5; DisplayName: Sessions - Block Persistent Browser Sessions (Untrusted Locations); Result: reportOnlySuccess; ConditionsNotSatisfied: none; SessionControlsNotSatisfied: 
ID: 0149a225-4092-4a09-ab18-ae7c47c5deeb; DisplayName: Sessions - Enforce Sign-In Frequency; Result: reportOnlySuccess; ConditionsNotSatisfied: none; SessionControlsNotSatisfied: 
ID: 408cead8-caca-4de6-bf52-6f34130a6459; DisplayName: Microsoft-managed: Multifactor authentication for admins accessing Microsoft Admin Portals; Result: reportOnlyNotApplied; ConditionsNotSatisfied: application; SessionControlsNotSatisfied: 
ID: e00078dd-d389-4a8f-ba33-ac7b690a7ce3; DisplayName: Brian Katz Montreal 3/15 - 3/21; Result: reportOnlyNotApplied; ConditionsNotSatisfied: location,ipAddressSeenByAzureAD; SessionControlsNotSatisfied: 
ID: da3712b4-2ee4-4d96-b702-9d73cb4e635a; DisplayName: Locations - Enforce Geo-IP Fencing; Result: reportOnlyNotApplied; ConditionsNotSatisfied: location,ipAddressSeenByAzureAD; SessionControlsNotSatisfied: 
ID: 7bd05172-0534-4c9a-a965-6e9370e281df; DisplayName: Protocols - Enforce Modern Authentication; Result: reportOnlyNotApplied; ConditionsNotSatisfied: clientType; SessionControlsNotSatisfied: 
ID: 6c493fe3-b17a-426e-af02-9f28f033239f; DisplayName: Sessions - Block Persistent Browser Sessions (Admins); Result: reportOnlyNotApplied; ConditionsNotSatisfied: users; SessionControlsNotSatisfied: 
ID: 77dbcd7f-566d-4b90-a928-edf2235d1c96; DisplayName: Users - Block Interactive Logins (Service Accounts); Result: reportOnlyNotApplied; ConditionsNotSatisfied: users; SessionControlsNotSatisfied: 
ID: 72f697df-0563-4339-8a40-3a0e56607bcb; DisplayName: Users - Restrict Admin Portal Access; Result: reportOnlyNotApplied; ConditionsNotSatisfied: application; SessionControlsNotSatisfied: ","networkType: namedNetwork; networkNames: Block Countries Per User Per Period","AuthenticationStepDateTime: 2026-08-18T11:37:49Z; AuthenticationMethod: Previously satisfied; AuthenticationMethodDetail: ; Succeeded: True; AuthenticationStepResultDetail: First factor requirement satisfied by claim in the token; AuthenticationStepRequirement: ;
AuthenticationStepDateTime: 2026-08-18T11:37:49Z; AuthenticationMethod: Previously satisfied; AuthenticationMethodDetail: ; Succeeded: True; AuthenticationStepResultDetail: MFA requirement satisfied by claim in the token; AuthenticationStepRequirement: ;"
"2026-08-18T11:37:49Z","Brian Katz","bkatz@katzcapital.com","89bee1f7-5e6e-4d8a-9f3d-ecd601259da7","Office365 Shell WCSS-Client","71.46.218.18","Browser","Mozilla/5.0 (Windows NT 10.0; Win64; x64) AppleWebKit/537.36 (KHTML, like Gecko) Chrome/142.0.0.0 Safari/537.36","01a014a9-cfae-7ed8-8ea8-e0c955a3c809","True","multiFactorAuthentication","errorCode: 0; failureReason: Other.; additionalDetails: MFA requirement satisfied by claim in the token","deviceId: ; displayName: ; operatingSystem: Windows10; browser: Chrome 142.0.0; isCompliant: False; isManaged: False; trustType: ","city: Tampa; state: Florida; countryOrRegion: US; geoCoordinates: @{altitude=; latitude=28.00153; longitude=-82.37678}","success","ID: b8e8a1ff-dfc9-4eff-8c45-e209f4e26e5b; DisplayName: KaztCap SSL VPN Access; Result: success; ConditionsNotSatisfied: none; SessionControlsNotSatisfied: 
ID: a08e9a43-c474-45ce-854f-67d0f7b3deec; DisplayName: Enable MFA - All Users; Result: success; ConditionsNotSatisfied: none; SessionControlsNotSatisfied: 
ID: c6569448-6b9b-4329-8356-6cdb035f7cf2; DisplayName: Enable MFA - bwadmin; Result: notApplied; ConditionsNotSatisfied: users; SessionControlsNotSatisfied: 
ID: 9dba74f8-0de6-406e-b38c-ba05ea657153; DisplayName: Microsoft-managed: Multifactor authentication for per-user multifactor authentication users; Result: notEnabled; ConditionsNotSatisfied: none; SessionControlsNotSatisfied: 
ID: 7249cafd-bd3b-4f0c-9f6a-de4933e0a484; DisplayName: Location Based Access - Block Outside US; Result: notApplied; ConditionsNotSatisfied: location,ipAddressSeenByAzureAD; SessionControlsNotSatisfied: 
ID: 2c6518a2-ced4-420b-99b2-7a01741512b8; DisplayName: Location Based Access - Allow Specific Countries; Result: notEnabled; ConditionsNotSatisfied: none; SessionControlsNotSatisfied: 
ID: e51298da-9965-4f54-be5a-a1bfa7391207; DisplayName: Microsoft-managed: Multifactor authentication and reauthentication for risky sign-ins; Result: notApplied; ConditionsNotSatisfied: signInRisk; SessionControlsNotSatisfied: 
ID: 3cc748c6-e739-4559-b56f-dc898b93b757; DisplayName: Brian Katz Travel Cayman - 12/21-12/28; Result: notEnabled; ConditionsNotSatisfied: none; SessionControlsNotSatisfied: 
ID: dbe24e2b-7971-4159-92e7-029febd9403a; DisplayName: Jeff Lenderman Travel BVI 3/13-3/19; Result: notEnabled; ConditionsNotSatisfied: none; SessionControlsNotSatisfied: 
ID: bda0d60a-c582-4d69-9d7e-f9166be26b08; DisplayName: Brian Katz - Costa Rica; Result: notEnabled; ConditionsNotSatisfied: none; SessionControlsNotSatisfied: 
ID: e4f6bd83-c762-4a93-9fb4-d77b558b5650; DisplayName: Devices - Enforce Device Compliance; Result: reportOnlyFailure; ConditionsNotSatisfied: none; SessionControlsNotSatisfied: 
ID: 46ddead8-098c-4325-bbeb-836e364f64b5; DisplayName: Sessions - Block Persistent Browser Sessions (Untrusted Locations); Result: reportOnlySuccess; ConditionsNotSatisfied: none; SessionControlsNotSatisfied: 
ID: 0149a225-4092-4a09-ab18-ae7c47c5deeb; DisplayName: Sessions - Enforce Sign-In Frequency; Result: reportOnlySuccess; ConditionsNotSatisfied: none; SessionControlsNotSatisfied: 
ID: 408cead8-caca-4de6-bf52-6f34130a6459; DisplayName: Microsoft-managed: Multifactor authentication for admins accessing Microsoft Admin Portals; Result: reportOnlyNotApplied; ConditionsNotSatisfied: application; SessionControlsNotSatisfied: 
ID: e00078dd-d389-4a8f-ba33-ac7b690a7ce3; DisplayName: Brian Katz Montreal 3/15 - 3/21; Result: reportOnlyNotApplied; ConditionsNotSatisfied: location,ipAddressSeenByAzureAD; SessionControlsNotSatisfied: 
ID: da3712b4-2ee4-4d96-b702-9d73cb4e635a; DisplayName: Locations - Enforce Geo-IP Fencing; Result: reportOnlyNotApplied; ConditionsNotSatisfied: location,ipAddressSeenByAzureAD; SessionControlsNotSatisfied: 
ID: 7bd05172-0534-4c9a-a965-6e9370e281df; DisplayName: Protocols - Enforce Modern Authentication; Result: reportOnlyNotApplied; ConditionsNotSatisfied: clientType; SessionControlsNotSatisfied: 
ID: 6c493fe3-b17a-426e-af02-9f28f033239f; DisplayName: Sessions - Block Persistent Browser Sessions (Admins); Result: reportOnlyNotApplied; ConditionsNotSatisfied: users; SessionControlsNotSatisfied: 
ID: 77dbcd7f-566d-4b90-a928-edf2235d1c96; DisplayName: Users - Block Interactive Logins (Service Accounts); Result: reportOnlyNotApplied; ConditionsNotSatisfied: users; SessionControlsNotSatisfied: 
ID: 72f697df-0563-4339-8a40-3a0e56607bcb; DisplayName: Users - Restrict Admin Portal Access; Result: reportOnlyNotApplied; ConditionsNotSatisfied: application; SessionControlsNotSatisfied: ","networkType: namedNetwork; networkNames: Block Countries Per User Per Period","AuthenticationStepDateTime: 2026-08-18T11:37:49Z; AuthenticationMethod: Previously satisfied; AuthenticationMethodDetail: ; Succeeded: True; AuthenticationStepResultDetail: First factor requirement satisfied by claim in the token; AuthenticationStepRequirement: ;
AuthenticationStepDateTime: 2026-08-18T11:37:49Z; AuthenticationMethod: Previously satisfied; AuthenticationMethodDetail: ; Succeeded: True; AuthenticationStepResultDetail: MFA requirement satisfied by claim in the token; AuthenticationStepRequirement: ;"
"2026-08-18T11:37:40Z","Brian Katz","bkatz@katzcapital.com","80ccca67-54bd-44ab-8625-4b79c4dc7775","Microsoft 365 Security and Compliance Center","71.46.218.18","Browser","Mozilla/5.0 (Windows NT 10.0; Win64; x64) AppleWebKit/537.36 (KHTML, like Gecko) Chrome/142.0.0.0 Safari/537.36","ce18efa2-949e-453e-94bb-258c37aebc1a","True","multiFactorAuthentication","errorCode: 0; failureReason: Other.; additionalDetails: MFA requirement satisfied by claim in the token","deviceId: ; displayName: ; operatingSystem: Windows10; browser: Chrome 142.0.0; isCompliant: False; isManaged: False; trustType: ","city: Tampa; state: Florida; countryOrRegion: US; geoCoordinates: @{altitude=; latitude=28.00153; longitude=-82.37678}","success","ID: b8e8a1ff-dfc9-4eff-8c45-e209f4e26e5b; DisplayName: KaztCap SSL VPN Access; Result: success; ConditionsNotSatisfied: none; SessionControlsNotSatisfied: 
ID: a08e9a43-c474-45ce-854f-67d0f7b3deec; DisplayName: Enable MFA - All Users; Result: success; ConditionsNotSatisfied: none; SessionControlsNotSatisfied: 
ID: c6569448-6b9b-4329-8356-6cdb035f7cf2; DisplayName: Enable MFA - bwadmin; Result: notApplied; ConditionsNotSatisfied: users; SessionControlsNotSatisfied: 
ID: 9dba74f8-0de6-406e-b38c-ba05ea657153; DisplayName: Microsoft-managed: Multifactor authentication for per-user multifactor authentication users; Result: notEnabled; ConditionsNotSatisfied: none; SessionControlsNotSatisfied: 
ID: 7249cafd-bd3b-4f0c-9f6a-de4933e0a484; DisplayName: Location Based Access - Block Outside US; Result: notApplied; ConditionsNotSatisfied: location,ipAddressSeenByAzureAD; SessionControlsNotSatisfied: 
ID: 2c6518a2-ced4-420b-99b2-7a01741512b8; DisplayName: Location Based Access - Allow Specific Countries; Result: notEnabled; ConditionsNotSatisfied: none; SessionControlsNotSatisfied: 
ID: e51298da-9965-4f54-be5a-a1bfa7391207; DisplayName: Microsoft-managed: Multifactor authentication and reauthentication for risky sign-ins; Result: notApplied; ConditionsNotSatisfied: signInRisk; SessionControlsNotSatisfied: 
ID: 3cc748c6-e739-4559-b56f-dc898b93b757; DisplayName: Brian Katz Travel Cayman - 12/21-12/28; Result: notEnabled; ConditionsNotSatisfied: none; SessionControlsNotSatisfied: 
ID: dbe24e2b-7971-4159-92e7-029febd9403a; DisplayName: Jeff Lenderman Travel BVI 3/13-3/19; Result: notEnabled; ConditionsNotSatisfied: none; SessionControlsNotSatisfied: 
ID: bda0d60a-c582-4d69-9d7e-f9166be26b08; DisplayName: Brian Katz - Costa Rica; Result: notEnabled; ConditionsNotSatisfied: none; SessionControlsNotSatisfied: 
ID: e4f6bd83-c762-4a93-9fb4-d77b558b5650; DisplayName: Devices - Enforce Device Compliance; Result: reportOnlyFailure; ConditionsNotSatisfied: none; SessionControlsNotSatisfied: 
ID: 46ddead8-098c-4325-bbeb-836e364f64b5; DisplayName: Sessions - Block Persistent Browser Sessions (Untrusted Locations); Result: reportOnlySuccess; ConditionsNotSatisfied: none; SessionControlsNotSatisfied: 
ID: 0149a225-4092-4a09-ab18-ae7c47c5deeb; DisplayName: Sessions - Enforce Sign-In Frequency; Result: reportOnlySuccess; ConditionsNotSatisfied: none; SessionControlsNotSatisfied: 
ID: 72f697df-0563-4339-8a40-3a0e56607bcb; DisplayName: Users - Restrict Admin Portal Access; Result: reportOnlyFailure; ConditionsNotSatisfied: none; SessionControlsNotSatisfied: 
ID: 408cead8-caca-4de6-bf52-6f34130a6459; DisplayName: Microsoft-managed: Multifactor authentication for admins accessing Microsoft Admin Portals; Result: reportOnlyNotApplied; ConditionsNotSatisfied: users; SessionControlsNotSatisfied: 
ID: e00078dd-d389-4a8f-ba33-ac7b690a7ce3; DisplayName: Brian Katz Montreal 3/15 - 3/21; Result: reportOnlyNotApplied; ConditionsNotSatisfied: location,ipAddressSeenByAzureAD; SessionControlsNotSatisfied: 
ID: da3712b4-2ee4-4d96-b702-9d73cb4e635a; DisplayName: Locations - Enforce Geo-IP Fencing; Result: reportOnlyNotApplied; ConditionsNotSatisfied: location,ipAddressSeenByAzureAD; SessionControlsNotSatisfied: 
ID: 7bd05172-0534-4c9a-a965-6e9370e281df; DisplayName: Protocols - Enforce Modern Authentication; Result: reportOnlyNotApplied; ConditionsNotSatisfied: clientType; SessionControlsNotSatisfied: 
ID: 6c493fe3-b17a-426e-af02-9f28f033239f; DisplayName: Sessions - Block Persistent Browser Sessions (Admins); Result: reportOnlyNotApplied; ConditionsNotSatisfied: users; SessionControlsNotSatisfied: 
ID: 77dbcd7f-566d-4b90-a928-edf2235d1c96; DisplayName: Users - Block Interactive Logins (Service Accounts); Result: reportOnlyNotApplied; ConditionsNotSatisfied: users; SessionControlsNotSatisfied: ","networkType: namedNetwork; networkNames: Block Countries Per User Per Period","AuthenticationStepDateTime: 2026-08-18T11:37:40Z; AuthenticationMethod: Previously satisfied; AuthenticationMethodDetail: ; Succeeded: True; AuthenticationStepResultDetail: First factor requirement satisfied by claim in the token; AuthenticationStepRequirement: ;
AuthenticationStepDateTime: 2026-08-18T11:37:40Z; AuthenticationMethod: Previously satisfied; AuthenticationMethodDetail: ; Succeeded: True; AuthenticationStepResultDetail: MFA requirement satisfied by claim in the token; AuthenticationStepRequirement: ;"
"2026-08-18T11:21:27Z","Brian Katz","bkatz@katzcapital.com","38aa3b87-a06d-4817-b275-7a316988d93b","Windows Sign In","71.46.218.18","Mobile Apps and Desktop clients","Windows-AzureAD-Authentication-Provider/1.0","03d11ab9-1b1d-49fd-9ad6-6ace8112650f","True","singleFactorAuthentication","errorCode: 0; failureReason: Other.; additionalDetails: MFA requirement satisfied by claim in the token","deviceId: 96b5d6dc-e36d-480c-9d95-ea47db6fb789; displayName: PWD-L-22-02; operatingSystem: Windows; browser: ; isCompliant: False; isManaged: False; trustType: Azure AD joined","city: Tampa; state: Florida; countryOrRegion: US; geoCoordinates: @{altitude=; latitude=28.00153; longitude=-82.37678}","notApplied","","networkType: namedNetwork; networkNames: Block Countries Per User Per Period","AuthenticationStepDateTime: 2026-08-18T11:21:27Z; AuthenticationMethod: Windows Hello for Business; AuthenticationMethodDetail: ; Succeeded: True; AuthenticationStepResultDetail: User approved; AuthenticationStepRequirement: ;"
"2026-08-18T09:15:56Z","Pineywoods Realty Admin","admin@pineywoodsrealtyfl.com","9199bf20-a13f-4107-85dc-02114787ef48","One Outlook Web","47.206.189.128","Browser","Mozilla/5.0 (Windows NT 10.0; Win64; x64) AppleWebKit/537.36 (KHTML, like Gecko) Chrome/150.0.0.0 Safari/537.36","d896e38d-094f-dbc1-ee5e-6dce58df075b","True","multiFactorAuthentication","errorCode: 0; failureReason: Other.; additionalDetails: MFA requirement satisfied by claim in the token","deviceId: ; displayName: ; operatingSystem: Windows10; browser: Chrome 150.0.0; isCompliant: False; isManaged: False; trustType: ","city: Tampa; state: Florida; countryOrRegion: US; geoCoordinates: @{altitude=; latitude=27.94497; longitude=-82.44757}","success","ID: a08e9a43-c474-45ce-854f-67d0f7b3deec; DisplayName: Enable MFA - All Users; Result: success; ConditionsNotSatisfied: none; SessionControlsNotSatisfied: 
ID: b8e8a1ff-dfc9-4eff-8c45-e209f4e26e5b; DisplayName: KaztCap SSL VPN Access; Result: notApplied; ConditionsNotSatisfied: users; SessionControlsNotSatisfied: 
ID: 2c6518a2-ced4-420b-99b2-7a01741512b8; DisplayName: Location Based Access - Allow Specific Countries; Result: notEnabled; ConditionsNotSatisfied: none; SessionControlsNotSatisfied: 
ID: 9dba74f8-0de6-406e-b38c-ba05ea657153; DisplayName: Microsoft-managed: Multifactor authentication for per-user multifactor authentication users; Result: notEnabled; ConditionsNotSatisfied: none; SessionControlsNotSatisfied: 
ID: e51298da-9965-4f54-be5a-a1bfa7391207; DisplayName: Microsoft-managed: Multifactor authentication and reauthentication for risky sign-ins; Result: notApplied; ConditionsNotSatisfied: signInRisk; SessionControlsNotSatisfied: 
ID: c6569448-6b9b-4329-8356-6cdb035f7cf2; DisplayName: Enable MFA - bwadmin; Result: notApplied; ConditionsNotSatisfied: users; SessionControlsNotSatisfied: 
ID: 7249cafd-bd3b-4f0c-9f6a-de4933e0a484; DisplayName: Location Based Access - Block Outside US; Result: notApplied; ConditionsNotSatisfied: location,ipAddressSeenByAzureAD; SessionControlsNotSatisfied: 
ID: 3cc748c6-e739-4559-b56f-dc898b93b757; DisplayName: Brian Katz Travel Cayman - 12/21-12/28; Result: notEnabled; ConditionsNotSatisfied: none; SessionControlsNotSatisfied: 
ID: dbe24e2b-7971-4159-92e7-029febd9403a; DisplayName: Jeff Lenderman Travel BVI 3/13-3/19; Result: notEnabled; ConditionsNotSatisfied: none; SessionControlsNotSatisfied: 
ID: bda0d60a-c582-4d69-9d7e-f9166be26b08; DisplayName: Brian Katz - Costa Rica; Result: notEnabled; ConditionsNotSatisfied: none; SessionControlsNotSatisfied: 
ID: e4f6bd83-c762-4a93-9fb4-d77b558b5650; DisplayName: Devices - Enforce Device Compliance; Result: reportOnlyFailure; ConditionsNotSatisfied: none; SessionControlsNotSatisfied: 
ID: 46ddead8-098c-4325-bbeb-836e364f64b5; DisplayName: Sessions - Block Persistent Browser Sessions (Untrusted Locations); Result: reportOnlySuccess; ConditionsNotSatisfied: none; SessionControlsNotSatisfied: 
ID: 0149a225-4092-4a09-ab18-ae7c47c5deeb; DisplayName: Sessions - Enforce Sign-In Frequency; Result: reportOnlySuccess; ConditionsNotSatisfied: none; SessionControlsNotSatisfied: 
ID: 408cead8-caca-4de6-bf52-6f34130a6459; DisplayName: Microsoft-managed: Multifactor authentication for admins accessing Microsoft Admin Portals; Result: reportOnlyNotApplied; ConditionsNotSatisfied: application; SessionControlsNotSatisfied: 
ID: e00078dd-d389-4a8f-ba33-ac7b690a7ce3; DisplayName: Brian Katz Montreal 3/15 - 3/21; Result: reportOnlyNotApplied; ConditionsNotSatisfied: users; SessionControlsNotSatisfied: 
ID: da3712b4-2ee4-4d96-b702-9d73cb4e635a; DisplayName: Locations - Enforce Geo-IP Fencing; Result: reportOnlyNotApplied; ConditionsNotSatisfied: location,ipAddressSeenByAzureAD; SessionControlsNotSatisfied: 
ID: 7bd05172-0534-4c9a-a965-6e9370e281df; DisplayName: Protocols - Enforce Modern Authentication; Result: reportOnlyNotApplied; ConditionsNotSatisfied: clientType; SessionControlsNotSatisfied: 
ID: 6c493fe3-b17a-426e-af02-9f28f033239f; DisplayName: Sessions - Block Persistent Browser Sessions (Admins); Result: reportOnlyNotApplied; ConditionsNotSatisfied: users; SessionControlsNotSatisfied: 
ID: 77dbcd7f-566d-4b90-a928-edf2235d1c96; DisplayName: Users - Block Interactive Logins (Service Accounts); Result: reportOnlyNotApplied; ConditionsNotSatisfied: users; SessionControlsNotSatisfied: 
ID: 72f697df-0563-4339-8a40-3a0e56607bcb; DisplayName: Users - Restrict Admin Portal Access; Result: reportOnlyNotApplied; ConditionsNotSatisfied: application; SessionControlsNotSatisfied: ","networkType: namedNetwork; networkNames: Block Countries Per User Per Period","AuthenticationStepDateTime: 2026-08-18T09:15:56Z; AuthenticationMethod: Previously satisfied; AuthenticationMethodDetail: ; Succeeded: True; AuthenticationStepResultDetail: First factor requirement satisfied by claim in the token; AuthenticationStepRequirement: ;
AuthenticationStepDateTime: 2026-08-18T09:15:56Z; AuthenticationMethod: Previously satisfied; AuthenticationMethodDetail: ; Succeeded: True; AuthenticationStepResultDetail: MFA requirement satisfied by claim in the token; AuthenticationStepRequirement: ;"
"2026-08-18T07:01:44Z","Ashley Savala","asavala@pineywoodsrealtyfl.com","9199bf20-a13f-4107-85dc-02114787ef48","One Outlook Web","47.198.26.60","Browser","Mozilla/5.0 (Windows NT 10.0; Win64; x64) AppleWebKit/537.36 (KHTML, like Gecko) Chrome/151.0.0.0 Safari/537.36","1da2ad62-251c-8fca-e800-5fa31ced25ac","True","multiFactorAuthentication","errorCode: 0; failureReason: Other.; additionalDetails: MFA requirement satisfied by claim in the token","deviceId: ; displayName: ; operatingSystem: Windows10; browser: Chrome 151.0.0; isCompliant: False; isManaged: False; trustType: ","city: Odessa; state: Florida; countryOrRegion: US; geoCoordinates: @{altitude=; latitude=28.1414; longitude=-82.59334}","success","ID: a08e9a43-c474-45ce-854f-67d0f7b3deec; DisplayName: Enable MFA - All Users; Result: success; ConditionsNotSatisfied: none; SessionControlsNotSatisfied: 
ID: b8e8a1ff-dfc9-4eff-8c45-e209f4e26e5b; DisplayName: KaztCap SSL VPN Access; Result: notApplied; ConditionsNotSatisfied: users; SessionControlsNotSatisfied: 
ID: c6569448-6b9b-4329-8356-6cdb035f7cf2; DisplayName: Enable MFA - bwadmin; Result: notApplied; ConditionsNotSatisfied: users; SessionControlsNotSatisfied: 
ID: 9dba74f8-0de6-406e-b38c-ba05ea657153; DisplayName: Microsoft-managed: Multifactor authentication for per-user multifactor authentication users; Result: notEnabled; ConditionsNotSatisfied: none; SessionControlsNotSatisfied: 
ID: 7249cafd-bd3b-4f0c-9f6a-de4933e0a484; DisplayName: Location Based Access - Block Outside US; Result: notApplied; ConditionsNotSatisfied: location,ipAddressSeenByAzureAD; SessionControlsNotSatisfied: 
ID: 2c6518a2-ced4-420b-99b2-7a01741512b8; DisplayName: Location Based Access - Allow Specific Countries; Result: notEnabled; ConditionsNotSatisfied: none; SessionControlsNotSatisfied: 
ID: e51298da-9965-4f54-be5a-a1bfa7391207; DisplayName: Microsoft-managed: Multifactor authentication and reauthentication for risky sign-ins; Result: notApplied; ConditionsNotSatisfied: signInRisk; SessionControlsNotSatisfied: 
ID: 3cc748c6-e739-4559-b56f-dc898b93b757; DisplayName: Brian Katz Travel Cayman - 12/21-12/28; Result: notEnabled; ConditionsNotSatisfied: none; SessionControlsNotSatisfied: 
ID: dbe24e2b-7971-4159-92e7-029febd9403a; DisplayName: Jeff Lenderman Travel BVI 3/13-3/19; Result: notEnabled; ConditionsNotSatisfied: none; SessionControlsNotSatisfied: 
ID: bda0d60a-c582-4d69-9d7e-f9166be26b08; DisplayName: Brian Katz - Costa Rica; Result: notEnabled; ConditionsNotSatisfied: none; SessionControlsNotSatisfied: 
ID: e4f6bd83-c762-4a93-9fb4-d77b558b5650; DisplayName: Devices - Enforce Device Compliance; Result: reportOnlyFailure; ConditionsNotSatisfied: none; SessionControlsNotSatisfied: 
ID: 46ddead8-098c-4325-bbeb-836e364f64b5; DisplayName: Sessions - Block Persistent Browser Sessions (Untrusted Locations); Result: reportOnlySuccess; ConditionsNotSatisfied: none; SessionControlsNotSatisfied: 
ID: 0149a225-4092-4a09-ab18-ae7c47c5deeb; DisplayName: Sessions - Enforce Sign-In Frequency; Result: reportOnlySuccess; ConditionsNotSatisfied: none; SessionControlsNotSatisfied: 
ID: 408cead8-caca-4de6-bf52-6f34130a6459; DisplayName: Microsoft-managed: Multifactor authentication for admins accessing Microsoft Admin Portals; Result: reportOnlyNotApplied; ConditionsNotSatisfied: application; SessionControlsNotSatisfied: 
ID: e00078dd-d389-4a8f-ba33-ac7b690a7ce3; DisplayName: Brian Katz Montreal 3/15 - 3/21; Result: reportOnlyNotApplied; ConditionsNotSatisfied: users; SessionControlsNotSatisfied: 
ID: da3712b4-2ee4-4d96-b702-9d73cb4e635a; DisplayName: Locations - Enforce Geo-IP Fencing; Result: reportOnlyNotApplied; ConditionsNotSatisfied: location,ipAddressSeenByAzureAD; SessionControlsNotSatisfied: 
ID: 7bd05172-0534-4c9a-a965-6e9370e281df; DisplayName: Protocols - Enforce Modern Authentication; Result: reportOnlyNotApplied; ConditionsNotSatisfied: clientType; SessionControlsNotSatisfied: 
ID: 6c493fe3-b17a-426e-af02-9f28f033239f; DisplayName: Sessions - Block Persistent Browser Sessions (Admins); Result: reportOnlyNotApplied; ConditionsNotSatisfied: users; SessionControlsNotSatisfied: 
ID: 77dbcd7f-566d-4b90-a928-edf2235d1c96; DisplayName: Users - Block Interactive Logins (Service Accounts); Result: reportOnlyNotApplied; ConditionsNotSatisfied: users; SessionControlsNotSatisfied: 
ID: 72f697df-0563-4339-8a40-3a0e56607bcb; DisplayName: Users - Restrict Admin Portal Access; Result: reportOnlyNotApplied; ConditionsNotSatisfied: application; SessionControlsNotSatisfied: ","networkType: namedNetwork; networkNames: Block Countries Per User Per Period","AuthenticationStepDateTime: 2026-08-18T07:01:44Z; AuthenticationMethod: Previously satisfied; AuthenticationMethodDetail: ; Succeeded: True; AuthenticationStepResultDetail: First factor requirement satisfied by claim in the token; AuthenticationStepRequirement: ;
AuthenticationStepDateTime: 2026-08-18T07:01:44Z; AuthenticationMethod: Previously satisfied; AuthenticationMethodDetail: ; Succeeded: True; AuthenticationStepResultDetail: MFA requirement satisfied by claim in the token; AuthenticationStepRequirement: ;"
"2026-08-18T05:13:56Z","Pineywoods Realty Admin","admin@pineywoodsrealtyfl.com","9199bf20-a13f-4107-85dc-02114787ef48","One Outlook Web","47.206.189.128","Browser","Mozilla/5.0 (Windows NT 10.0; Win64; x64) AppleWebKit/537.36 (KHTML, like Gecko) Chrome/150.0.0.0 Safari/537.36","8a2ade12-9c0b-5f4f-b78f-159c92b335f7","True","multiFactorAuthentication","errorCode: 0; failureReason: Other.; additionalDetails: MFA requirement satisfied by claim in the token","deviceId: ; displayName: ; operatingSystem: Windows10; browser: Chrome 150.0.0; isCompliant: False; isManaged: False; trustType: ","city: Tampa; state: Florida; countryOrRegion: US; geoCoordinates: @{altitude=; latitude=27.94497; longitude=-82.44757}","success","ID: a08e9a43-c474-45ce-854f-67d0f7b3deec; DisplayName: Enable MFA - All Users; Result: success; ConditionsNotSatisfied: none; SessionControlsNotSatisfied: 
ID: b8e8a1ff-dfc9-4eff-8c45-e209f4e26e5b; DisplayName: KaztCap SSL VPN Access; Result: notApplied; ConditionsNotSatisfied: users; SessionControlsNotSatisfied: 
ID: c6569448-6b9b-4329-8356-6cdb035f7cf2; DisplayName: Enable MFA - bwadmin; Result: notApplied; ConditionsNotSatisfied: users; SessionControlsNotSatisfied: 
ID: 2c6518a2-ced4-420b-99b2-7a01741512b8; DisplayName: Location Based Access - Allow Specific Countries; Result: notEnabled; ConditionsNotSatisfied: none; SessionControlsNotSatisfied: 
ID: 9dba74f8-0de6-406e-b38c-ba05ea657153; DisplayName: Microsoft-managed: Multifactor authentication for per-user multifactor authentication users; Result: notEnabled; ConditionsNotSatisfied: none; SessionControlsNotSatisfied: 
ID: 7249cafd-bd3b-4f0c-9f6a-de4933e0a484; DisplayName: Location Based Access - Block Outside US; Result: notApplied; ConditionsNotSatisfied: location,ipAddressSeenByAzureAD; SessionControlsNotSatisfied: 
ID: e51298da-9965-4f54-be5a-a1bfa7391207; DisplayName: Microsoft-managed: Multifactor authentication and reauthentication for risky sign-ins; Result: notApplied; ConditionsNotSatisfied: signInRisk; SessionControlsNotSatisfied: 
ID: 3cc748c6-e739-4559-b56f-dc898b93b757; DisplayName: Brian Katz Travel Cayman - 12/21-12/28; Result: notEnabled; ConditionsNotSatisfied: none; SessionControlsNotSatisfied: 
ID: dbe24e2b-7971-4159-92e7-029febd9403a; DisplayName: Jeff Lenderman Travel BVI 3/13-3/19; Result: notEnabled; ConditionsNotSatisfied: none; SessionControlsNotSatisfied: 
ID: bda0d60a-c582-4d69-9d7e-f9166be26b08; DisplayName: Brian Katz - Costa Rica; Result: notEnabled; ConditionsNotSatisfied: none; SessionControlsNotSatisfied: 
ID: e4f6bd83-c762-4a93-9fb4-d77b558b5650; DisplayName: Devices - Enforce Device Compliance; Result: reportOnlyFailure; ConditionsNotSatisfied: none; SessionControlsNotSatisfied: 
ID: 46ddead8-098c-4325-bbeb-836e364f64b5; DisplayName: Sessions - Block Persistent Browser Sessions (Untrusted Locations); Result: reportOnlySuccess; ConditionsNotSatisfied: none; SessionControlsNotSatisfied: 
ID: 0149a225-4092-4a09-ab18-ae7c47c5deeb; DisplayName: Sessions - Enforce Sign-In Frequency; Result: reportOnlySuccess; ConditionsNotSatisfied: none; SessionControlsNotSatisfied: 
ID: 408cead8-caca-4de6-bf52-6f34130a6459; DisplayName: Microsoft-managed: Multifactor authentication for admins accessing Microsoft Admin Portals; Result: reportOnlyNotApplied; ConditionsNotSatisfied: application; SessionControlsNotSatisfied: 
ID: e00078dd-d389-4a8f-ba33-ac7b690a7ce3; DisplayName: Brian Katz Montreal 3/15 - 3/21; Result: reportOnlyNotApplied; ConditionsNotSatisfied: users; SessionControlsNotSatisfied: 
ID: da3712b4-2ee4-4d96-b702-9d73cb4e635a; DisplayName: Locations - Enforce Geo-IP Fencing; Result: reportOnlyNotApplied; ConditionsNotSatisfied: location,ipAddressSeenByAzureAD; SessionControlsNotSatisfied: 
ID: 7bd05172-0534-4c9a-a965-6e9370e281df; DisplayName: Protocols - Enforce Modern Authentication; Result: reportOnlyNotApplied; ConditionsNotSatisfied: clientType; SessionControlsNotSatisfied: 
ID: 6c493fe3-b17a-426e-af02-9f28f033239f; DisplayName: Sessions - Block Persistent Browser Sessions (Admins); Result: reportOnlyNotApplied; ConditionsNotSatisfied: users; SessionControlsNotSatisfied: 
ID: 77dbcd7f-566d-4b90-a928-edf2235d1c96; DisplayName: Users - Block Interactive Logins (Service Accounts); Result: reportOnlyNotApplied; ConditionsNotSatisfied: users; SessionControlsNotSatisfied: 
ID: 72f697df-0563-4339-8a40-3a0e56607bcb; DisplayName: Users - Restrict Admin Portal Access; Result: reportOnlyNotApplied; ConditionsNotSatisfied: application; SessionControlsNotSatisfied: ","networkType: namedNetwork; networkNames: Block Countries Per User Per Period","AuthenticationStepDateTime: 2026-08-18T05:13:56Z; AuthenticationMethod: Previously satisfied; AuthenticationMethodDetail: ; Succeeded: True; AuthenticationStepResultDetail: First factor requirement satisfied by claim in the token; AuthenticationStepRequirement: ;
AuthenticationStepDateTime: 2026-08-18T05:13:56Z; AuthenticationMethod: Previously satisfied; AuthenticationMethodDetail: ; Succeeded: True; AuthenticationStepResultDetail: MFA requirement satisfied by claim in the token; AuthenticationStepRequirement: ;"
"2026-08-18T01:11:55Z","Pineywoods Realty Admin","admin@pineywoodsrealtyfl.com","9199bf20-a13f-4107-85dc-02114787ef48","One Outlook Web","47.206.189.128","Browser","Mozilla/5.0 (Windows NT 10.0; Win64; x64) AppleWebKit/537.36 (KHTML, like Gecko) Chrome/150.0.0.0 Safari/537.36","b7c46c90-0d43-bfcc-3d50-5fbd8c900bec","True","multiFactorAuthentication","errorCode: 0; failureReason: Other.; additionalDetails: MFA requirement satisfied by claim in the token","deviceId: ; displayName: ; operatingSystem: Windows10; browser: Chrome 150.0.0; isCompliant: False; isManaged: False; trustType: ","city: Tampa; state: Florida; countryOrRegion: US; geoCoordinates: @{altitude=; latitude=27.94497; longitude=-82.44757}","success","ID: a08e9a43-c474-45ce-854f-67d0f7b3deec; DisplayName: Enable MFA - All Users; Result: success; ConditionsNotSatisfied: none; SessionControlsNotSatisfied: 
ID: b8e8a1ff-dfc9-4eff-8c45-e209f4e26e5b; DisplayName: KaztCap SSL VPN Access; Result: notApplied; ConditionsNotSatisfied: users; SessionControlsNotSatisfied: 
ID: c6569448-6b9b-4329-8356-6cdb035f7cf2; DisplayName: Enable MFA - bwadmin; Result: notApplied; ConditionsNotSatisfied: users; SessionControlsNotSatisfied: 
ID: 2c6518a2-ced4-420b-99b2-7a01741512b8; DisplayName: Location Based Access - Allow Specific Countries; Result: notEnabled; ConditionsNotSatisfied: none; SessionControlsNotSatisfied: 
ID: 9dba74f8-0de6-406e-b38c-ba05ea657153; DisplayName: Microsoft-managed: Multifactor authentication for per-user multifactor authentication users; Result: notEnabled; ConditionsNotSatisfied: none; SessionControlsNotSatisfied: 
ID: 7249cafd-bd3b-4f0c-9f6a-de4933e0a484; DisplayName: Location Based Access - Block Outside US; Result: notApplied; ConditionsNotSatisfied: location,ipAddressSeenByAzureAD; SessionControlsNotSatisfied: 
ID: e51298da-9965-4f54-be5a-a1bfa7391207; DisplayName: Microsoft-managed: Multifactor authentication and reauthentication for risky sign-ins; Result: notApplied; ConditionsNotSatisfied: signInRisk; SessionControlsNotSatisfied: 
ID: 3cc748c6-e739-4559-b56f-dc898b93b757; DisplayName: Brian Katz Travel Cayman - 12/21-12/28; Result: notEnabled; ConditionsNotSatisfied: none; SessionControlsNotSatisfied: 
ID: dbe24e2b-7971-4159-92e7-029febd9403a; DisplayName: Jeff Lenderman Travel BVI 3/13-3/19; Result: notEnabled; ConditionsNotSatisfied: none; SessionControlsNotSatisfied: 
ID: bda0d60a-c582-4d69-9d7e-f9166be26b08; DisplayName: Brian Katz - Costa Rica; Result: notEnabled; ConditionsNotSatisfied: none; SessionControlsNotSatisfied: 
ID: e4f6bd83-c762-4a93-9fb4-d77b558b5650; DisplayName: Devices - Enforce Device Compliance; Result: reportOnlyFailure; ConditionsNotSatisfied: none; SessionControlsNotSatisfied: 
ID: 46ddead8-098c-4325-bbeb-836e364f64b5; DisplayName: Sessions - Block Persistent Browser Sessions (Untrusted Locations); Result: reportOnlySuccess; ConditionsNotSatisfied: none; SessionControlsNotSatisfied: 
ID: 0149a225-4092-4a09-ab18-ae7c47c5deeb; DisplayName: Sessions - Enforce Sign-In Frequency; Result: reportOnlySuccess; ConditionsNotSatisfied: none; SessionControlsNotSatisfied: 
ID: 408cead8-caca-4de6-bf52-6f34130a6459; DisplayName: Microsoft-managed: Multifactor authentication for admins accessing Microsoft Admin Portals; Result: reportOnlyNotApplied; ConditionsNotSatisfied: application; SessionControlsNotSatisfied: 
ID: e00078dd-d389-4a8f-ba33-ac7b690a7ce3; DisplayName: Brian Katz Montreal 3/15 - 3/21; Result: reportOnlyNotApplied; ConditionsNotSatisfied: users; SessionControlsNotSatisfied: 
ID: da3712b4-2ee4-4d96-b702-9d73cb4e635a; DisplayName: Locations - Enforce Geo-IP Fencing; Result: reportOnlyNotApplied; ConditionsNotSatisfied: location,ipAddressSeenByAzureAD; SessionControlsNotSatisfied: 
ID: 7bd05172-0534-4c9a-a965-6e9370e281df; DisplayName: Protocols - Enforce Modern Authentication; Result: reportOnlyNotApplied; ConditionsNotSatisfied: clientType; SessionControlsNotSatisfied: 
ID: 6c493fe3-b17a-426e-af02-9f28f033239f; DisplayName: Sessions - Block Persistent Browser Sessions (Admins); Result: reportOnlyNotApplied; ConditionsNotSatisfied: users; SessionControlsNotSatisfied: 
ID: 77dbcd7f-566d-4b90-a928-edf2235d1c96; DisplayName: Users - Block Interactive Logins (Service Accounts); Result: reportOnlyNotApplied; ConditionsNotSatisfied: users; SessionControlsNotSatisfied: 
ID: 72f697df-0563-4339-8a40-3a0e56607bcb; DisplayName: Users - Restrict Admin Portal Access; Result: reportOnlyNotApplied; ConditionsNotSatisfied: application; SessionControlsNotSatisfied: ","networkType: namedNetwork; networkNames: Block Countries Per User Per Period","AuthenticationStepDateTime: 2026-08-18T01:11:55Z; AuthenticationMethod: Previously satisfied; AuthenticationMethodDetail: ; Succeeded: True; AuthenticationStepResultDetail: First factor requirement satisfied by claim in the token; AuthenticationStepRequirement: ;
AuthenticationStepDateTime: 2026-08-18T01:11:55Z; AuthenticationMethod: Previously satisfied; AuthenticationMethodDetail: ; Succeeded: True; AuthenticationStepResultDetail: MFA requirement satisfied by claim in the token; AuthenticationStepRequirement: ;"
"2026-08-18T00:10:59Z","Garrett Thomas","gthomas@pineywoodscapital.com","38aa3b87-a06d-4817-b275-7a316988d93b","Windows Sign In","2603:9000:6901:2daa:2dc3:dad0:7cb7:905e","Mobile Apps and Desktop clients","Windows-AzureAD-Authentication-Provider/1.0","264e0bd1-f26e-4ba7-8688-36b02f9b9d1d","True","singleFactorAuthentication","errorCode: 0; failureReason: Other.; additionalDetails: MFA requirement satisfied by claim in the token","deviceId: dbf8ac27-e930-437b-8f1c-2fb1187de4ec; displayName: PWC-L-23-03; operatingSystem: Windows; browser: ; isCompliant: False; isManaged: False; trustType: Azure AD joined","city: Tampa; state: Florida; countryOrRegion: US; geoCoordinates: @{altitude=; latitude=27.95895; longitude=-82.46092}","notApplied","","networkType: namedNetwork; networkNames: Block Countries Per User Per Period","AuthenticationStepDateTime: 2026-08-18T00:10:59Z; AuthenticationMethod: Windows Hello for Business; AuthenticationMethodDetail: ; Succeeded: True; AuthenticationStepResultDetail: User approved; AuthenticationStepRequirement: ;"
"2026-08-18T00:06:58Z","Charles Cleveland","ccleveland@katzcapital.com","38aa3b87-a06d-4817-b275-7a316988d93b","Windows Sign In","35.139.145.125","Mobile Apps and Desktop clients","Windows-AzureAD-Authentication-Provider/1.0","3a2a0638-8736-443a-b70f-bd1668bbe41e","True","singleFactorAuthentication","errorCode: 0; failureReason: Other.; additionalDetails: MFA requirement satisfied by claim in the token","deviceId: bc7374e3-f031-4efa-95c8-64485e11cc7c; displayName: PWC-L-23-01; operatingSystem: Windows; browser: ; isCompliant: False; isManaged: False; trustType: Azure AD joined","city: Lutz; state: Florida; countryOrRegion: US; geoCoordinates: @{altitude=; latitude=28.13612; longitude=-82.44712}","notApplied","","networkType: namedNetwork; networkNames: Block Countries Per User Per Period","AuthenticationStepDateTime: 2026-08-18T00:06:58Z; AuthenticationMethod: Windows Hello for Business; AuthenticationMethodDetail: ; Succeeded: True; AuthenticationStepResultDetail: User approved; AuthenticationStepRequirement: ;"
"2026-08-17T21:09:55Z","Pineywoods Realty Admin","admin@pineywoodsrealtyfl.com","9199bf20-a13f-4107-85dc-02114787ef48","One Outlook Web","47.206.189.128","Browser","Mozilla/5.0 (Windows NT 10.0; Win64; x64) AppleWebKit/537.36 (KHTML, like Gecko) Chrome/150.0.0.0 Safari/537.36","8646bb20-8dca-8b7d-735b-7a101e944f97","True","multiFactorAuthentication","errorCode: 0; failureReason: Other.; additionalDetails: MFA requirement satisfied by claim in the token","deviceId: ; displayName: ; operatingSystem: Windows10; browser: Chrome 150.0.0; isCompliant: False; isManaged: False; trustType: ","city: Tampa; state: Florida; countryOrRegion: US; geoCoordinates: @{altitude=; latitude=27.94497; longitude=-82.44757}","success","ID: a08e9a43-c474-45ce-854f-67d0f7b3deec; DisplayName: Enable MFA - All Users; Result: success; ConditionsNotSatisfied: none; SessionControlsNotSatisfied: 
ID: b8e8a1ff-dfc9-4eff-8c45-e209f4e26e5b; DisplayName: KaztCap SSL VPN Access; Result: notApplied; ConditionsNotSatisfied: users; SessionControlsNotSatisfied: 
ID: 2c6518a2-ced4-420b-99b2-7a01741512b8; DisplayName: Location Based Access - Allow Specific Countries; Result: notEnabled; ConditionsNotSatisfied: none; SessionControlsNotSatisfied: 
ID: 9dba74f8-0de6-406e-b38c-ba05ea657153; DisplayName: Microsoft-managed: Multifactor authentication for per-user multifactor authentication users; Result: notEnabled; ConditionsNotSatisfied: none; SessionControlsNotSatisfied: 
ID: e51298da-9965-4f54-be5a-a1bfa7391207; DisplayName: Microsoft-managed: Multifactor authentication and reauthentication for risky sign-ins; Result: notApplied; ConditionsNotSatisfied: signInRisk; SessionControlsNotSatisfied: 
ID: c6569448-6b9b-4329-8356-6cdb035f7cf2; DisplayName: Enable MFA - bwadmin; Result: notApplied; ConditionsNotSatisfied: users; SessionControlsNotSatisfied: 
ID: 7249cafd-bd3b-4f0c-9f6a-de4933e0a484; DisplayName: Location Based Access - Block Outside US; Result: notApplied; ConditionsNotSatisfied: location,ipAddressSeenByAzureAD; SessionControlsNotSatisfied: 
ID: 3cc748c6-e739-4559-b56f-dc898b93b757; DisplayName: Brian Katz Travel Cayman - 12/21-12/28; Result: notEnabled; ConditionsNotSatisfied: none; SessionControlsNotSatisfied: 
ID: dbe24e2b-7971-4159-92e7-029febd9403a; DisplayName: Jeff Lenderman Travel BVI 3/13-3/19; Result: notEnabled; ConditionsNotSatisfied: none; SessionControlsNotSatisfied: 
ID: bda0d60a-c582-4d69-9d7e-f9166be26b08; DisplayName: Brian Katz - Costa Rica; Result: notEnabled; ConditionsNotSatisfied: none; SessionControlsNotSatisfied: 
ID: e4f6bd83-c762-4a93-9fb4-d77b558b5650; DisplayName: Devices - Enforce Device Compliance; Result: reportOnlyFailure; ConditionsNotSatisfied: none; SessionControlsNotSatisfied: 
ID: 46ddead8-098c-4325-bbeb-836e364f64b5; DisplayName: Sessions - Block Persistent Browser Sessions (Untrusted Locations); Result: reportOnlySuccess; ConditionsNotSatisfied: none; SessionControlsNotSatisfied: 
ID: 0149a225-4092-4a09-ab18-ae7c47c5deeb; DisplayName: Sessions - Enforce Sign-In Frequency; Result: reportOnlySuccess; ConditionsNotSatisfied: none; SessionControlsNotSatisfied: 
ID: 408cead8-caca-4de6-bf52-6f34130a6459; DisplayName: Microsoft-managed: Multifactor authentication for admins accessing Microsoft Admin Portals; Result: reportOnlyNotApplied; ConditionsNotSatisfied: application; SessionControlsNotSatisfied: 
ID: e00078dd-d389-4a8f-ba33-ac7b690a7ce3; DisplayName: Brian Katz Montreal 3/15 - 3/21; Result: reportOnlyNotApplied; ConditionsNotSatisfied: users; SessionControlsNotSatisfied: 
ID: da3712b4-2ee4-4d96-b702-9d73cb4e635a; DisplayName: Locations - Enforce Geo-IP Fencing; Result: reportOnlyNotApplied; ConditionsNotSatisfied: location,ipAddressSeenByAzureAD; SessionControlsNotSatisfied: 
ID: 7bd05172-0534-4c9a-a965-6e9370e281df; DisplayName: Protocols - Enforce Modern Authentication; Result: reportOnlyNotApplied; ConditionsNotSatisfied: clientType; SessionControlsNotSatisfied: 
ID: 6c493fe3-b17a-426e-af02-9f28f033239f; DisplayName: Sessions - Block Persistent Browser Sessions (Admins); Result: reportOnlyNotApplied; ConditionsNotSatisfied: users; SessionControlsNotSatisfied: 
ID: 77dbcd7f-566d-4b90-a928-edf2235d1c96; DisplayName: Users - Block Interactive Logins (Service Accounts); Result: reportOnlyNotApplied; ConditionsNotSatisfied: users; SessionControlsNotSatisfied: 
ID: 72f697df-0563-4339-8a40-3a0e56607bcb; DisplayName: Users - Restrict Admin Portal Access; Result: reportOnlyNotApplied; ConditionsNotSatisfied: application; SessionControlsNotSatisfied: ","networkType: namedNetwork; networkNames: Block Countries Per User Per Period","AuthenticationStepDateTime: 2026-08-17T21:09:55Z; AuthenticationMethod: Previously satisfied; AuthenticationMethodDetail: ; Succeeded: True; AuthenticationStepResultDetail: First factor requirement satisfied by claim in the token; AuthenticationStepRequirement: ;
AuthenticationStepDateTime: 2026-08-17T21:09:55Z; AuthenticationMethod: Previously satisfied; AuthenticationMethodDetail: ; Succeeded: True; AuthenticationStepResultDetail: MFA requirement satisfied by claim in the token; AuthenticationStepRequirement: ;"
"2026-08-17T20:07:30Z","Vic Pellegrino","vpellegrino@katzcapital.com","38aa3b87-a06d-4817-b275-7a316988d93b","Windows Sign In","71.46.218.18","Mobile Apps and Desktop clients","Windows-AzureAD-Authentication-Provider/1.0","5311dda2-e866-490f-9005-88257bedb605","True","singleFactorAuthentication","errorCode: 0; failureReason: Other.; additionalDetails: MFA requirement satisfied by claim in the token","deviceId: 1f32f206-823d-4edb-8433-42eb108dd013; displayName: PWC-L-26-01; operatingSystem: Windows; browser: ; isCompliant: False; isManaged: False; trustType: Azure AD joined","city: Tampa; state: Florida; countryOrRegion: US; geoCoordinates: @{altitude=; latitude=28.00153; longitude=-82.37678}","notApplied","","networkType: namedNetwork; networkNames: Block Countries Per User Per Period","AuthenticationStepDateTime: 2026-08-17T20:07:30Z; AuthenticationMethod: Windows Hello for Business; AuthenticationMethodDetail: ; Succeeded: True; AuthenticationStepResultDetail: User approved; AuthenticationStepRequirement: ;"
"2026-08-17T19:36:41Z","Gary Alderman","galderman@pineywoodstitle.com","9199bf20-a13f-4107-85dc-02114787ef48","One Outlook Web","47.194.85.102","Browser","Mozilla/5.0 (Windows NT 10.0; Win64; x64) AppleWebKit/537.36 (KHTML, like Gecko) Chrome/151.0.0.0 Safari/537.36 Edg/151.0.0.0","ac922e8d-1847-7205-98e6-d4ccbe8a2019","True","multiFactorAuthentication","errorCode: 0; failureReason: Other.; additionalDetails: MFA requirement satisfied by claim in the token","deviceId: 3def13b5-3a33-41e0-ac8d-2408f1be14cf; displayName: PWT-5cg0378ctp-lt; operatingSystem: Windows10; browser: Edge 151.0.0; isCompliant: False; isManaged: False; trustType: Azure AD joined","city: Palmetto; state: Florida; countryOrRegion: US; geoCoordinates: @{altitude=; latitude=27.57457; longitude=-82.5496}","success","ID: a08e9a43-c474-45ce-854f-67d0f7b3deec; DisplayName: Enable MFA - All Users; Result: success; ConditionsNotSatisfied: none; SessionControlsNotSatisfied: 
ID: b8e8a1ff-dfc9-4eff-8c45-e209f4e26e5b; DisplayName: KaztCap SSL VPN Access; Result: notApplied; ConditionsNotSatisfied: users; SessionControlsNotSatisfied: 
ID: 2c6518a2-ced4-420b-99b2-7a01741512b8; DisplayName: Location Based Access - Allow Specific Countries; Result: notEnabled; ConditionsNotSatisfied: none; SessionControlsNotSatisfied: 
ID: 9dba74f8-0de6-406e-b38c-ba05ea657153; DisplayName: Microsoft-managed: Multifactor authentication for per-user multifactor authentication users; Result: notEnabled; ConditionsNotSatisfied: none; SessionControlsNotSatisfied: 
ID: e51298da-9965-4f54-be5a-a1bfa7391207; DisplayName: Microsoft-managed: Multifactor authentication and reauthentication for risky sign-ins; Result: notApplied; ConditionsNotSatisfied: signInRisk; SessionControlsNotSatisfied: 
ID: c6569448-6b9b-4329-8356-6cdb035f7cf2; DisplayName: Enable MFA - bwadmin; Result: notApplied; ConditionsNotSatisfied: users; SessionControlsNotSatisfied: 
ID: 3cc748c6-e739-4559-b56f-dc898b93b757; DisplayName: Brian Katz Travel Cayman - 12/21-12/28; Result: notEnabled; ConditionsNotSatisfied: none; SessionControlsNotSatisfied: 
ID: 7249cafd-bd3b-4f0c-9f6a-de4933e0a484; DisplayName: Location Based Access - Block Outside US; Result: notApplied; ConditionsNotSatisfied: location,ipAddressSeenByAzureAD; SessionControlsNotSatisfied: 
ID: dbe24e2b-7971-4159-92e7-029febd9403a; DisplayName: Jeff Lenderman Travel BVI 3/13-3/19; Result: notEnabled; ConditionsNotSatisfied: none; SessionControlsNotSatisfied: 
ID: bda0d60a-c582-4d69-9d7e-f9166be26b08; DisplayName: Brian Katz - Costa Rica; Result: notEnabled; ConditionsNotSatisfied: none; SessionControlsNotSatisfied: 
ID: 46ddead8-098c-4325-bbeb-836e364f64b5; DisplayName: Sessions - Block Persistent Browser Sessions (Untrusted Locations); Result: reportOnlySuccess; ConditionsNotSatisfied: none; SessionControlsNotSatisfied: 
ID: 0149a225-4092-4a09-ab18-ae7c47c5deeb; DisplayName: Sessions - Enforce Sign-In Frequency; Result: reportOnlySuccess; ConditionsNotSatisfied: none; SessionControlsNotSatisfied: 
ID: 408cead8-caca-4de6-bf52-6f34130a6459; DisplayName: Microsoft-managed: Multifactor authentication for admins accessing Microsoft Admin Portals; Result: reportOnlyNotApplied; ConditionsNotSatisfied: application; SessionControlsNotSatisfied: 
ID: e00078dd-d389-4a8f-ba33-ac7b690a7ce3; DisplayName: Brian Katz Montreal 3/15 - 3/21; Result: reportOnlyNotApplied; ConditionsNotSatisfied: users; SessionControlsNotSatisfied: 
ID: e4f6bd83-c762-4a93-9fb4-d77b558b5650; DisplayName: Devices - Enforce Device Compliance; Result: reportOnlyNotApplied; ConditionsNotSatisfied: deviceState; SessionControlsNotSatisfied: 
ID: da3712b4-2ee4-4d96-b702-9d73cb4e635a; DisplayName: Locations - Enforce Geo-IP Fencing; Result: reportOnlyNotApplied; ConditionsNotSatisfied: location,ipAddressSeenByAzureAD; SessionControlsNotSatisfied: 
ID: 7bd05172-0534-4c9a-a965-6e9370e281df; DisplayName: Protocols - Enforce Modern Authentication; Result: reportOnlyNotApplied; ConditionsNotSatisfied: clientType; SessionControlsNotSatisfied: 
ID: 6c493fe3-b17a-426e-af02-9f28f033239f; DisplayName: Sessions - Block Persistent Browser Sessions (Admins); Result: reportOnlyNotApplied; ConditionsNotSatisfied: users; SessionControlsNotSatisfied: 
ID: 77dbcd7f-566d-4b90-a928-edf2235d1c96; DisplayName: Users - Block Interactive Logins (Service Accounts); Result: reportOnlyNotApplied; ConditionsNotSatisfied: users; SessionControlsNotSatisfied: 
ID: 72f697df-0563-4339-8a40-3a0e56607bcb; DisplayName: Users - Restrict Admin Portal Access; Result: reportOnlyNotApplied; ConditionsNotSatisfied: application; SessionControlsNotSatisfied: ","networkType: namedNetwork; networkNames: Block Countries Per User Per Period","AuthenticationStepDateTime: 2026-08-17T19:36:41Z; AuthenticationMethod: Previously satisfied; AuthenticationMethodDetail: ; Succeeded: True; AuthenticationStepResultDetail: First factor requirement satisfied by claim in the token; AuthenticationStepRequirement: ;
AuthenticationStepDateTime: 2026-08-17T19:36:41Z; AuthenticationMethod: Previously satisfied; AuthenticationMethodDetail: ; Succeeded: True; AuthenticationStepResultDetail: MFA requirement satisfied by claim in the token; AuthenticationStepRequirement: ;"
"2026-08-17T19:04:15Z","Maxine Barnett","mbarnett@pineywoodscapital.com","89bee1f7-5e6e-4d8a-9f3d-ecd601259da7","Office365 Shell WCSS-Client","2603:9000:6901:2bc5:18ae:e86c:4cc2:9fee","Browser","Mozilla/5.0 (Windows NT 10.0; Win64; x64) AppleWebKit/537.36 (KHTML, like Gecko) Chrome/151.0.0.0 Safari/537.36 Edg/151.0.0.0","01a0111c-2ff3-7b4c-a5a1-e80838fb137a","True","multiFactorAuthentication","errorCode: 0; failureReason: Other.; additionalDetails: MFA requirement satisfied by claim in the token","deviceId: ef195eb1-1b92-4508-9244-131a41ab85fc; displayName: LAPTOP-3N51BPAV; operatingSystem: Windows10; browser: Edge 151.0.0; isCompliant: False; isManaged: False; trustType: Azure AD registered","city: Tampa; state: Florida; countryOrRegion: US; geoCoordinates: @{altitude=; latitude=27.95895; longitude=-82.46092}","success","ID: a08e9a43-c474-45ce-854f-67d0f7b3deec; DisplayName: Enable MFA - All Users; Result: success; ConditionsNotSatisfied: none; SessionControlsNotSatisfied: 
ID: b8e8a1ff-dfc9-4eff-8c45-e209f4e26e5b; DisplayName: KaztCap SSL VPN Access; Result: notApplied; ConditionsNotSatisfied: users; SessionControlsNotSatisfied: 
ID: c6569448-6b9b-4329-8356-6cdb035f7cf2; DisplayName: Enable MFA - bwadmin; Result: notApplied; ConditionsNotSatisfied: users; SessionControlsNotSatisfied: 
ID: 2c6518a2-ced4-420b-99b2-7a01741512b8; DisplayName: Location Based Access - Allow Specific Countries; Result: notEnabled; ConditionsNotSatisfied: none; SessionControlsNotSatisfied: 
ID: 9dba74f8-0de6-406e-b38c-ba05ea657153; DisplayName: Microsoft-managed: Multifactor authentication for per-user multifactor authentication users; Result: notEnabled; ConditionsNotSatisfied: none; SessionControlsNotSatisfied: 
ID: 7249cafd-bd3b-4f0c-9f6a-de4933e0a484; DisplayName: Location Based Access - Block Outside US; Result: notApplied; ConditionsNotSatisfied: location,ipAddressSeenByAzureAD; SessionControlsNotSatisfied: 
ID: e51298da-9965-4f54-be5a-a1bfa7391207; DisplayName: Microsoft-managed: Multifactor authentication and reauthentication for risky sign-ins; Result: notApplied; ConditionsNotSatisfied: signInRisk; SessionControlsNotSatisfied: 
ID: 3cc748c6-e739-4559-b56f-dc898b93b757; DisplayName: Brian Katz Travel Cayman - 12/21-12/28; Result: notEnabled; ConditionsNotSatisfied: none; SessionControlsNotSatisfied: 
ID: dbe24e2b-7971-4159-92e7-029febd9403a; DisplayName: Jeff Lenderman Travel BVI 3/13-3/19; Result: notEnabled; ConditionsNotSatisfied: none; SessionControlsNotSatisfied: 
ID: bda0d60a-c582-4d69-9d7e-f9166be26b08; DisplayName: Brian Katz - Costa Rica; Result: notEnabled; ConditionsNotSatisfied: none; SessionControlsNotSatisfied: 
ID: 46ddead8-098c-4325-bbeb-836e364f64b5; DisplayName: Sessions - Block Persistent Browser Sessions (Untrusted Locations); Result: reportOnlySuccess; ConditionsNotSatisfied: none; SessionControlsNotSatisfied: 
ID: 0149a225-4092-4a09-ab18-ae7c47c5deeb; DisplayName: Sessions - Enforce Sign-In Frequency; Result: reportOnlySuccess; ConditionsNotSatisfied: none; SessionControlsNotSatisfied: 
ID: 408cead8-caca-4de6-bf52-6f34130a6459; DisplayName: Microsoft-managed: Multifactor authentication for admins accessing Microsoft Admin Portals; Result: reportOnlyNotApplied; ConditionsNotSatisfied: application; SessionControlsNotSatisfied: 
ID: e00078dd-d389-4a8f-ba33-ac7b690a7ce3; DisplayName: Brian Katz Montreal 3/15 - 3/21; Result: reportOnlyNotApplied; ConditionsNotSatisfied: users; SessionControlsNotSatisfied: 
ID: e4f6bd83-c762-4a93-9fb4-d77b558b5650; DisplayName: Devices - Enforce Device Compliance; Result: reportOnlyNotApplied; ConditionsNotSatisfied: deviceState; SessionControlsNotSatisfied: 
ID: da3712b4-2ee4-4d96-b702-9d73cb4e635a; DisplayName: Locations - Enforce Geo-IP Fencing; Result: reportOnlyNotApplied; ConditionsNotSatisfied: location,ipAddressSeenByAzureAD; SessionControlsNotSatisfied: 
ID: 7bd05172-0534-4c9a-a965-6e9370e281df; DisplayName: Protocols - Enforce Modern Authentication; Result: reportOnlyNotApplied; ConditionsNotSatisfied: clientType; SessionControlsNotSatisfied: 
ID: 6c493fe3-b17a-426e-af02-9f28f033239f; DisplayName: Sessions - Block Persistent Browser Sessions (Admins); Result: reportOnlyNotApplied; ConditionsNotSatisfied: users; SessionControlsNotSatisfied: 
ID: 77dbcd7f-566d-4b90-a928-edf2235d1c96; DisplayName: Users - Block Interactive Logins (Service Accounts); Result: reportOnlyNotApplied; ConditionsNotSatisfied: users; SessionControlsNotSatisfied: 
ID: 72f697df-0563-4339-8a40-3a0e56607bcb; DisplayName: Users - Restrict Admin Portal Access; Result: reportOnlyNotApplied; ConditionsNotSatisfied: application; SessionControlsNotSatisfied: ","networkType: namedNetwork; networkNames: Block Countries Per User Per Period","AuthenticationStepDateTime: 2026-08-17T19:04:15Z; AuthenticationMethod: Previously satisfied; AuthenticationMethodDetail: ; Succeeded: True; AuthenticationStepResultDetail: First factor requirement satisfied by claim in the token; AuthenticationStepRequirement: ;
AuthenticationStepDateTime: 2026-08-17T19:04:15Z; AuthenticationMethod: Previously satisfied; AuthenticationMethodDetail: ; Succeeded: True; AuthenticationStepResultDetail: MFA requirement satisfied by claim in the token; AuthenticationStepRequirement: ;"
"2026-08-17T19:04:11Z","Maxine Barnett","mbarnett@pineywoodscapital.com","00000003-0000-0ff1-ce00-000000000000","Office 365 SharePoint Online","2603:9000:6901:2bc5:18ae:e86c:4cc2:9fee","Browser","Mozilla/5.0 (Windows NT 10.0; Win64; x64) AppleWebKit/537.36 (KHTML, like Gecko) Chrome/151.0.0.0 Safari/537.36 Edg/151.0.0.0 OS/10.0.26200","8d3432a2-c0c4-0000-073e-c7b93d658539","True","multiFactorAuthentication","errorCode: 0; failureReason: Other.; additionalDetails: MFA requirement satisfied by claim in the token","deviceId: ef195eb1-1b92-4508-9244-131a41ab85fc; displayName: LAPTOP-3N51BPAV; operatingSystem: Windows10; browser: Edge 151.0.0; isCompliant: False; isManaged: False; trustType: Azure AD registered","city: Tampa; state: Florida; countryOrRegion: US; geoCoordinates: @{altitude=; latitude=27.95895; longitude=-82.46092}","success","ID: a08e9a43-c474-45ce-854f-67d0f7b3deec; DisplayName: Enable MFA - All Users; Result: success; ConditionsNotSatisfied: none; SessionControlsNotSatisfied: 
ID: b8e8a1ff-dfc9-4eff-8c45-e209f4e26e5b; DisplayName: KaztCap SSL VPN Access; Result: notApplied; ConditionsNotSatisfied: users; SessionControlsNotSatisfied: 
ID: 2c6518a2-ced4-420b-99b2-7a01741512b8; DisplayName: Location Based Access - Allow Specific Countries; Result: notEnabled; ConditionsNotSatisfied: none; SessionControlsNotSatisfied: 
ID: 9dba74f8-0de6-406e-b38c-ba05ea657153; DisplayName: Microsoft-managed: Multifactor authentication for per-user multifactor authentication users; Result: notEnabled; ConditionsNotSatisfied: none; SessionControlsNotSatisfied: 
ID: e51298da-9965-4f54-be5a-a1bfa7391207; DisplayName: Microsoft-managed: Multifactor authentication and reauthentication for risky sign-ins; Result: notApplied; ConditionsNotSatisfied: signInRisk; SessionControlsNotSatisfied: 
ID: c6569448-6b9b-4329-8356-6cdb035f7cf2; DisplayName: Enable MFA - bwadmin; Result: notApplied; ConditionsNotSatisfied: users; SessionControlsNotSatisfied: 
ID: 7249cafd-bd3b-4f0c-9f6a-de4933e0a484; DisplayName: Location Based Access - Block Outside US; Result: notApplied; ConditionsNotSatisfied: location,ipAddressSeenByAzureAD; SessionControlsNotSatisfied: 
ID: 3cc748c6-e739-4559-b56f-dc898b93b757; DisplayName: Brian Katz Travel Cayman - 12/21-12/28; Result: notEnabled; ConditionsNotSatisfied: none; SessionControlsNotSatisfied: 
ID: dbe24e2b-7971-4159-92e7-029febd9403a; DisplayName: Jeff Lenderman Travel BVI 3/13-3/19; Result: notEnabled; ConditionsNotSatisfied: none; SessionControlsNotSatisfied: 
ID: bda0d60a-c582-4d69-9d7e-f9166be26b08; DisplayName: Brian Katz - Costa Rica; Result: notEnabled; ConditionsNotSatisfied: none; SessionControlsNotSatisfied: 
ID: 46ddead8-098c-4325-bbeb-836e364f64b5; DisplayName: Sessions - Block Persistent Browser Sessions (Untrusted Locations); Result: reportOnlySuccess; ConditionsNotSatisfied: none; SessionControlsNotSatisfied: 
ID: 0149a225-4092-4a09-ab18-ae7c47c5deeb; DisplayName: Sessions - Enforce Sign-In Frequency; Result: reportOnlySuccess; ConditionsNotSatisfied: none; SessionControlsNotSatisfied: 
ID: 408cead8-caca-4de6-bf52-6f34130a6459; DisplayName: Microsoft-managed: Multifactor authentication for admins accessing Microsoft Admin Portals; Result: reportOnlyNotApplied; ConditionsNotSatisfied: application; SessionControlsNotSatisfied: 
ID: e00078dd-d389-4a8f-ba33-ac7b690a7ce3; DisplayName: Brian Katz Montreal 3/15 - 3/21; Result: reportOnlyNotApplied; ConditionsNotSatisfied: users; SessionControlsNotSatisfied: 
ID: e4f6bd83-c762-4a93-9fb4-d77b558b5650; DisplayName: Devices - Enforce Device Compliance; Result: reportOnlyNotApplied; ConditionsNotSatisfied: deviceState; SessionControlsNotSatisfied: 
ID: da3712b4-2ee4-4d96-b702-9d73cb4e635a; DisplayName: Locations - Enforce Geo-IP Fencing; Result: reportOnlyNotApplied; ConditionsNotSatisfied: location,ipAddressSeenByAzureAD; SessionControlsNotSatisfied: 
ID: 7bd05172-0534-4c9a-a965-6e9370e281df; DisplayName: Protocols - Enforce Modern Authentication; Result: reportOnlyNotApplied; ConditionsNotSatisfied: clientType; SessionControlsNotSatisfied: 
ID: 6c493fe3-b17a-426e-af02-9f28f033239f; DisplayName: Sessions - Block Persistent Browser Sessions (Admins); Result: reportOnlyNotApplied; ConditionsNotSatisfied: users; SessionControlsNotSatisfied: 
ID: 77dbcd7f-566d-4b90-a928-edf2235d1c96; DisplayName: Users - Block Interactive Logins (Service Accounts); Result: reportOnlyNotApplied; ConditionsNotSatisfied: users; SessionControlsNotSatisfied: 
ID: 72f697df-0563-4339-8a40-3a0e56607bcb; DisplayName: Users - Restrict Admin Portal Access; Result: reportOnlyNotApplied; ConditionsNotSatisfied: application; SessionControlsNotSatisfied: ","networkType: namedNetwork; networkNames: Block Countries Per User Per Period","AuthenticationStepDateTime: 2026-08-17T19:04:11Z; AuthenticationMethod: Previously satisfied; AuthenticationMethodDetail: ; Succeeded: True; AuthenticationStepResultDetail: First factor requirement satisfied by claim in the token; AuthenticationStepRequirement: ;
AuthenticationStepDateTime: 2026-08-17T19:04:11Z; AuthenticationMethod: Previously satisfied; AuthenticationMethodDetail: ; Succeeded: True; AuthenticationStepResultDetail: MFA requirement satisfied by claim in the token; AuthenticationStepRequirement: ;"
"2026-08-17T19:02:10Z","Vic Pellegrino","vpellegrino@katzcapital.com","89bee1f7-5e6e-4d8a-9f3d-ecd601259da7","Office365 Shell WCSS-Client","71.46.218.18","Browser","Mozilla/5.0 (Windows NT 10.0; Win64; x64) AppleWebKit/537.36 (KHTML, like Gecko) Chrome/151.0.0.0 Safari/537.36 Edg/151.0.0.0","01a0111a-481b-74eb-a6f4-279ba7840fcd","True","multiFactorAuthentication","errorCode: 0; failureReason: Other.; additionalDetails: MFA requirement satisfied by claim in the token","deviceId: 1f32f206-823d-4edb-8433-42eb108dd013; displayName: PWC-L-26-01; operatingSystem: Windows10; browser: Edge 151.0.0; isCompliant: False; isManaged: False; trustType: Azure AD joined","city: Tampa; state: Florida; countryOrRegion: US; geoCoordinates: @{altitude=; latitude=28.00153; longitude=-82.37678}","success","ID: a08e9a43-c474-45ce-854f-67d0f7b3deec; DisplayName: Enable MFA - All Users; Result: success; ConditionsNotSatisfied: none; SessionControlsNotSatisfied: 
ID: b8e8a1ff-dfc9-4eff-8c45-e209f4e26e5b; DisplayName: KaztCap SSL VPN Access; Result: notApplied; ConditionsNotSatisfied: users; SessionControlsNotSatisfied: 
ID: c6569448-6b9b-4329-8356-6cdb035f7cf2; DisplayName: Enable MFA - bwadmin; Result: notApplied; ConditionsNotSatisfied: users; SessionControlsNotSatisfied: 
ID: 2c6518a2-ced4-420b-99b2-7a01741512b8; DisplayName: Location Based Access - Allow Specific Countries; Result: notEnabled; ConditionsNotSatisfied: none; SessionControlsNotSatisfied: 
ID: 9dba74f8-0de6-406e-b38c-ba05ea657153; DisplayName: Microsoft-managed: Multifactor authentication for per-user multifactor authentication users; Result: notEnabled; ConditionsNotSatisfied: none; SessionControlsNotSatisfied: 
ID: 7249cafd-bd3b-4f0c-9f6a-de4933e0a484; DisplayName: Location Based Access - Block Outside US; Result: notApplied; ConditionsNotSatisfied: location,ipAddressSeenByAzureAD; SessionControlsNotSatisfied: 
ID: e51298da-9965-4f54-be5a-a1bfa7391207; DisplayName: Microsoft-managed: Multifactor authentication and reauthentication for risky sign-ins; Result: notApplied; ConditionsNotSatisfied: users; SessionControlsNotSatisfied: 
ID: 3cc748c6-e739-4559-b56f-dc898b93b757; DisplayName: Brian Katz Travel Cayman - 12/21-12/28; Result: notEnabled; ConditionsNotSatisfied: none; SessionControlsNotSatisfied: 
ID: dbe24e2b-7971-4159-92e7-029febd9403a; DisplayName: Jeff Lenderman Travel BVI 3/13-3/19; Result: notEnabled; ConditionsNotSatisfied: none; SessionControlsNotSatisfied: 
ID: bda0d60a-c582-4d69-9d7e-f9166be26b08; DisplayName: Brian Katz - Costa Rica; Result: notEnabled; ConditionsNotSatisfied: none; SessionControlsNotSatisfied: 
ID: 46ddead8-098c-4325-bbeb-836e364f64b5; DisplayName: Sessions - Block Persistent Browser Sessions (Untrusted Locations); Result: reportOnlySuccess; ConditionsNotSatisfied: none; SessionControlsNotSatisfied: 
ID: 0149a225-4092-4a09-ab18-ae7c47c5deeb; DisplayName: Sessions - Enforce Sign-In Frequency; Result: reportOnlySuccess; ConditionsNotSatisfied: none; SessionControlsNotSatisfied: 
ID: 408cead8-caca-4de6-bf52-6f34130a6459; DisplayName: Microsoft-managed: Multifactor authentication for admins accessing Microsoft Admin Portals; Result: reportOnlyNotApplied; ConditionsNotSatisfied: application; SessionControlsNotSatisfied: 
ID: e00078dd-d389-4a8f-ba33-ac7b690a7ce3; DisplayName: Brian Katz Montreal 3/15 - 3/21; Result: reportOnlyNotApplied; ConditionsNotSatisfied: users; SessionControlsNotSatisfied: 
ID: e4f6bd83-c762-4a93-9fb4-d77b558b5650; DisplayName: Devices - Enforce Device Compliance; Result: reportOnlyNotApplied; ConditionsNotSatisfied: deviceState; SessionControlsNotSatisfied: 
ID: da3712b4-2ee4-4d96-b702-9d73cb4e635a; DisplayName: Locations - Enforce Geo-IP Fencing; Result: reportOnlyNotApplied; ConditionsNotSatisfied: location,ipAddressSeenByAzureAD; SessionControlsNotSatisfied: 
ID: 7bd05172-0534-4c9a-a965-6e9370e281df; DisplayName: Protocols - Enforce Modern Authentication; Result: reportOnlyNotApplied; ConditionsNotSatisfied: clientType; SessionControlsNotSatisfied: 
ID: 6c493fe3-b17a-426e-af02-9f28f033239f; DisplayName: Sessions - Block Persistent Browser Sessions (Admins); Result: reportOnlyNotApplied; ConditionsNotSatisfied: users; SessionControlsNotSatisfied: 
ID: 77dbcd7f-566d-4b90-a928-edf2235d1c96; DisplayName: Users - Block Interactive Logins (Service Accounts); Result: reportOnlyNotApplied; ConditionsNotSatisfied: users; SessionControlsNotSatisfied: 
ID: 72f697df-0563-4339-8a40-3a0e56607bcb; DisplayName: Users - Restrict Admin Portal Access; Result: reportOnlyNotApplied; ConditionsNotSatisfied: application; SessionControlsNotSatisfied: ","networkType: namedNetwork; networkNames: Block Countries Per User Per Period","AuthenticationStepDateTime: 2026-08-17T19:02:10Z; AuthenticationMethod: Previously satisfied; AuthenticationMethodDetail: ; Succeeded: True; AuthenticationStepResultDetail: First factor requirement satisfied by claim in the token; AuthenticationStepRequirement: ;
AuthenticationStepDateTime: 2026-08-17T19:02:10Z; AuthenticationMethod: Previously satisfied; AuthenticationMethodDetail: ; Succeeded: True; AuthenticationStepResultDetail: MFA requirement satisfied by claim in the token; AuthenticationStepRequirement: ;"
"2026-08-17T19:02:10Z","Vic Pellegrino","vpellegrino@katzcapital.com","08e18876-6177-487e-b8b5-cf950c1e598c","SharePoint Online Web Client Extensibility","71.46.218.18","Browser","Mozilla/5.0 (Windows NT 10.0; Win64; x64) AppleWebKit/537.36 (KHTML, like Gecko) Chrome/151.0.0.0 Safari/537.36 Edg/151.0.0.0","c21d3764-e637-4077-bea2-5245386a2212","True","multiFactorAuthentication","errorCode: 0; failureReason: Other.; additionalDetails: MFA requirement satisfied by claim in the token","deviceId: 1f32f206-823d-4edb-8433-42eb108dd013; displayName: PWC-L-26-01; operatingSystem: Windows10; browser: Edge 151.0.0; isCompliant: False; isManaged: False; trustType: Azure AD joined","city: Tampa; state: Florida; countryOrRegion: US; geoCoordinates: @{altitude=; latitude=28.00153; longitude=-82.37678}","success","ID: a08e9a43-c474-45ce-854f-67d0f7b3deec; DisplayName: Enable MFA - All Users; Result: success; ConditionsNotSatisfied: none; SessionControlsNotSatisfied: 
ID: b8e8a1ff-dfc9-4eff-8c45-e209f4e26e5b; DisplayName: KaztCap SSL VPN Access; Result: notApplied; ConditionsNotSatisfied: users; SessionControlsNotSatisfied: 
ID: c6569448-6b9b-4329-8356-6cdb035f7cf2; DisplayName: Enable MFA - bwadmin; Result: notApplied; ConditionsNotSatisfied: users; SessionControlsNotSatisfied: 
ID: 2c6518a2-ced4-420b-99b2-7a01741512b8; DisplayName: Location Based Access - Allow Specific Countries; Result: notEnabled; ConditionsNotSatisfied: none; SessionControlsNotSatisfied: 
ID: 9dba74f8-0de6-406e-b38c-ba05ea657153; DisplayName: Microsoft-managed: Multifactor authentication for per-user multifactor authentication users; Result: notEnabled; ConditionsNotSatisfied: none; SessionControlsNotSatisfied: 
ID: 7249cafd-bd3b-4f0c-9f6a-de4933e0a484; DisplayName: Location Based Access - Block Outside US; Result: notApplied; ConditionsNotSatisfied: location,ipAddressSeenByAzureAD; SessionControlsNotSatisfied: 
ID: e51298da-9965-4f54-be5a-a1bfa7391207; DisplayName: Microsoft-managed: Multifactor authentication and reauthentication for risky sign-ins; Result: notApplied; ConditionsNotSatisfied: users; SessionControlsNotSatisfied: 
ID: 3cc748c6-e739-4559-b56f-dc898b93b757; DisplayName: Brian Katz Travel Cayman - 12/21-12/28; Result: notEnabled; ConditionsNotSatisfied: none; SessionControlsNotSatisfied: 
ID: dbe24e2b-7971-4159-92e7-029febd9403a; DisplayName: Jeff Lenderman Travel BVI 3/13-3/19; Result: notEnabled; ConditionsNotSatisfied: none; SessionControlsNotSatisfied: 
ID: bda0d60a-c582-4d69-9d7e-f9166be26b08; DisplayName: Brian Katz - Costa Rica; Result: notEnabled; ConditionsNotSatisfied: none; SessionControlsNotSatisfied: 
ID: 46ddead8-098c-4325-bbeb-836e364f64b5; DisplayName: Sessions - Block Persistent Browser Sessions (Untrusted Locations); Result: reportOnlySuccess; ConditionsNotSatisfied: none; SessionControlsNotSatisfied: 
ID: 0149a225-4092-4a09-ab18-ae7c47c5deeb; DisplayName: Sessions - Enforce Sign-In Frequency; Result: reportOnlySuccess; ConditionsNotSatisfied: none; SessionControlsNotSatisfied: 
ID: 408cead8-caca-4de6-bf52-6f34130a6459; DisplayName: Microsoft-managed: Multifactor authentication for admins accessing Microsoft Admin Portals; Result: reportOnlyNotApplied; ConditionsNotSatisfied: application; SessionControlsNotSatisfied: 
ID: e00078dd-d389-4a8f-ba33-ac7b690a7ce3; DisplayName: Brian Katz Montreal 3/15 - 3/21; Result: reportOnlyNotApplied; ConditionsNotSatisfied: users; SessionControlsNotSatisfied: 
ID: e4f6bd83-c762-4a93-9fb4-d77b558b5650; DisplayName: Devices - Enforce Device Compliance; Result: reportOnlyNotApplied; ConditionsNotSatisfied: deviceState; SessionControlsNotSatisfied: 
ID: da3712b4-2ee4-4d96-b702-9d73cb4e635a; DisplayName: Locations - Enforce Geo-IP Fencing; Result: reportOnlyNotApplied; ConditionsNotSatisfied: location,ipAddressSeenByAzureAD; SessionControlsNotSatisfied: 
ID: 7bd05172-0534-4c9a-a965-6e9370e281df; DisplayName: Protocols - Enforce Modern Authentication; Result: reportOnlyNotApplied; ConditionsNotSatisfied: clientType; SessionControlsNotSatisfied: 
ID: 6c493fe3-b17a-426e-af02-9f28f033239f; DisplayName: Sessions - Block Persistent Browser Sessions (Admins); Result: reportOnlyNotApplied; ConditionsNotSatisfied: users; SessionControlsNotSatisfied: 
ID: 77dbcd7f-566d-4b90-a928-edf2235d1c96; DisplayName: Users - Block Interactive Logins (Service Accounts); Result: reportOnlyNotApplied; ConditionsNotSatisfied: users; SessionControlsNotSatisfied: 
ID: 72f697df-0563-4339-8a40-3a0e56607bcb; DisplayName: Users - Restrict Admin Portal Access; Result: reportOnlyNotApplied; ConditionsNotSatisfied: application; SessionControlsNotSatisfied: ","networkType: namedNetwork; networkNames: Block Countries Per User Per Period","AuthenticationStepDateTime: 2026-08-17T19:02:10Z; AuthenticationMethod: Previously satisfied; AuthenticationMethodDetail: ; Succeeded: True; AuthenticationStepResultDetail: First factor requirement satisfied by claim in the token; AuthenticationStepRequirement: ;
AuthenticationStepDateTime: 2026-08-17T19:02:10Z; AuthenticationMethod: Previously satisfied; AuthenticationMethodDetail: ; Succeeded: True; AuthenticationStepResultDetail: MFA requirement satisfied by claim in the token; AuthenticationStepRequirement: ;"
"2026-08-17T19:00:07Z","Ashley Savala","asavala@pineywoodsrealtyfl.com","9199bf20-a13f-4107-85dc-02114787ef48","One Outlook Web","47.198.26.60","Browser","Mozilla/5.0 (Windows NT 10.0; Win64; x64) AppleWebKit/537.36 (KHTML, like Gecko) Chrome/151.0.0.0 Safari/537.36","97f6a4b0-f974-4c24-e486-e9ea3cd48228","True","multiFactorAuthentication","errorCode: 0; failureReason: Other.; additionalDetails: MFA requirement satisfied by claim in the token","deviceId: ; displayName: ; operatingSystem: Windows10; browser: Chrome 151.0.0; isCompliant: False; isManaged: False; trustType: ","city: Odessa; state: Florida; countryOrRegion: US; geoCoordinates: @{altitude=; latitude=28.1414; longitude=-82.59334}","success","ID: a08e9a43-c474-45ce-854f-67d0f7b3deec; DisplayName: Enable MFA - All Users; Result: success; ConditionsNotSatisfied: none; SessionControlsNotSatisfied: 
ID: b8e8a1ff-dfc9-4eff-8c45-e209f4e26e5b; DisplayName: KaztCap SSL VPN Access; Result: notApplied; ConditionsNotSatisfied: users; SessionControlsNotSatisfied: 
ID: c6569448-6b9b-4329-8356-6cdb035f7cf2; DisplayName: Enable MFA - bwadmin; Result: notApplied; ConditionsNotSatisfied: users; SessionControlsNotSatisfied: 
ID: 9dba74f8-0de6-406e-b38c-ba05ea657153; DisplayName: Microsoft-managed: Multifactor authentication for per-user multifactor authentication users; Result: notEnabled; ConditionsNotSatisfied: none; SessionControlsNotSatisfied: 
ID: 7249cafd-bd3b-4f0c-9f6a-de4933e0a484; DisplayName: Location Based Access - Block Outside US; Result: notApplied; ConditionsNotSatisfied: location,ipAddressSeenByAzureAD; SessionControlsNotSatisfied: 
ID: 2c6518a2-ced4-420b-99b2-7a01741512b8; DisplayName: Location Based Access - Allow Specific Countries; Result: notEnabled; ConditionsNotSatisfied: none; SessionControlsNotSatisfied: 
ID: e51298da-9965-4f54-be5a-a1bfa7391207; DisplayName: Microsoft-managed: Multifactor authentication and reauthentication for risky sign-ins; Result: notApplied; ConditionsNotSatisfied: signInRisk; SessionControlsNotSatisfied: 
ID: 3cc748c6-e739-4559-b56f-dc898b93b757; DisplayName: Brian Katz Travel Cayman - 12/21-12/28; Result: notEnabled; ConditionsNotSatisfied: none; SessionControlsNotSatisfied: 
ID: dbe24e2b-7971-4159-92e7-029febd9403a; DisplayName: Jeff Lenderman Travel BVI 3/13-3/19; Result: notEnabled; ConditionsNotSatisfied: none; SessionControlsNotSatisfied: 
ID: bda0d60a-c582-4d69-9d7e-f9166be26b08; DisplayName: Brian Katz - Costa Rica; Result: notEnabled; ConditionsNotSatisfied: none; SessionControlsNotSatisfied: 
ID: e4f6bd83-c762-4a93-9fb4-d77b558b5650; DisplayName: Devices - Enforce Device Compliance; Result: reportOnlyFailure; ConditionsNotSatisfied: none; SessionControlsNotSatisfied: 
ID: 46ddead8-098c-4325-bbeb-836e364f64b5; DisplayName: Sessions - Block Persistent Browser Sessions (Untrusted Locations); Result: reportOnlySuccess; ConditionsNotSatisfied: none; SessionControlsNotSatisfied: 
ID: 0149a225-4092-4a09-ab18-ae7c47c5deeb; DisplayName: Sessions - Enforce Sign-In Frequency; Result: reportOnlySuccess; ConditionsNotSatisfied: none; SessionControlsNotSatisfied: 
ID: 408cead8-caca-4de6-bf52-6f34130a6459; DisplayName: Microsoft-managed: Multifactor authentication for admins accessing Microsoft Admin Portals; Result: reportOnlyNotApplied; ConditionsNotSatisfied: application; SessionControlsNotSatisfied: 
ID: e00078dd-d389-4a8f-ba33-ac7b690a7ce3; DisplayName: Brian Katz Montreal 3/15 - 3/21; Result: reportOnlyNotApplied; ConditionsNotSatisfied: users; SessionControlsNotSatisfied: 
ID: da3712b4-2ee4-4d96-b702-9d73cb4e635a; DisplayName: Locations - Enforce Geo-IP Fencing; Result: reportOnlyNotApplied; ConditionsNotSatisfied: location,ipAddressSeenByAzureAD; SessionControlsNotSatisfied: 
ID: 7bd05172-0534-4c9a-a965-6e9370e281df; DisplayName: Protocols - Enforce Modern Authentication; Result: reportOnlyNotApplied; ConditionsNotSatisfied: clientType; SessionControlsNotSatisfied: 
ID: 6c493fe3-b17a-426e-af02-9f28f033239f; DisplayName: Sessions - Block Persistent Browser Sessions (Admins); Result: reportOnlyNotApplied; ConditionsNotSatisfied: users; SessionControlsNotSatisfied: 
ID: 77dbcd7f-566d-4b90-a928-edf2235d1c96; DisplayName: Users - Block Interactive Logins (Service Accounts); Result: reportOnlyNotApplied; ConditionsNotSatisfied: users; SessionControlsNotSatisfied: 
ID: 72f697df-0563-4339-8a40-3a0e56607bcb; DisplayName: Users - Restrict Admin Portal Access; Result: reportOnlyNotApplied; ConditionsNotSatisfied: application; SessionControlsNotSatisfied: ","networkType: namedNetwork; networkNames: Block Countries Per User Per Period","AuthenticationStepDateTime: 2026-08-17T19:00:07Z; AuthenticationMethod: Previously satisfied; AuthenticationMethodDetail: ; Succeeded: True; AuthenticationStepResultDetail: First factor requirement satisfied by claim in the token; AuthenticationStepRequirement: ;
AuthenticationStepDateTime: 2026-08-17T19:00:07Z; AuthenticationMethod: Previously satisfied; AuthenticationMethodDetail: ; Succeeded: True; AuthenticationStepResultDetail: MFA requirement satisfied by claim in the token; AuthenticationStepRequirement: ;"
"2026-08-17T18:52:26Z","Garrett Thomas","gthomas@pineywoodscapital.com","38aa3b87-a06d-4817-b275-7a316988d93b","Windows Sign In","71.46.218.18","Mobile Apps and Desktop clients","Windows-AzureAD-Authentication-Provider/1.0","481b54f6-d7a5-458e-88e3-958cf969bcf0","True","singleFactorAuthentication","errorCode: 0; failureReason: Other.; additionalDetails: MFA requirement satisfied by claim in the token","deviceId: dbf8ac27-e930-437b-8f1c-2fb1187de4ec; displayName: PWC-L-23-03; operatingSystem: Windows; browser: ; isCompliant: False; isManaged: False; trustType: Azure AD joined","city: Tampa; state: Florida; countryOrRegion: US; geoCoordinates: @{altitude=; latitude=28.00153; longitude=-82.37678}","notApplied","","networkType: namedNetwork; networkNames: Block Countries Per User Per Period","AuthenticationStepDateTime: 2026-08-17T18:52:26Z; AuthenticationMethod: Windows Hello for Business; AuthenticationMethodDetail: ; Succeeded: True; AuthenticationStepResultDetail: User approved; AuthenticationStepRequirement: ;"
"2026-08-17T17:27:57Z","Brian Katz","bkatz@katzcapital.com","5e3ce6c0-2b1f-4285-8d4b-75ee78787346","Microsoft Teams Web Client","71.46.218.18","Browser","Mozilla/5.0 (Windows NT 10.0; Win64; x64) AppleWebKit/537.36 (KHTML, like Gecko) Chrome/142.0.0.0 Safari/537.36","72a10cff-43c1-4fb5-b03c-980eceea133d","True","multiFactorAuthentication","errorCode: 0; failureReason: Other.; additionalDetails: MFA requirement satisfied by claim in the token","deviceId: ; displayName: ; operatingSystem: Windows10; browser: Chrome 142.0.0; isCompliant: False; isManaged: False; trustType: ","city: Tampa; state: Florida; countryOrRegion: US; geoCoordinates: @{altitude=; latitude=28.00153; longitude=-82.37678}","success","ID: b8e8a1ff-dfc9-4eff-8c45-e209f4e26e5b; DisplayName: KaztCap SSL VPN Access; Result: success; ConditionsNotSatisfied: none; SessionControlsNotSatisfied: 
ID: a08e9a43-c474-45ce-854f-67d0f7b3deec; DisplayName: Enable MFA - All Users; Result: success; ConditionsNotSatisfied: none; SessionControlsNotSatisfied: 
ID: 2c6518a2-ced4-420b-99b2-7a01741512b8; DisplayName: Location Based Access - Allow Specific Countries; Result: notEnabled; ConditionsNotSatisfied: none; SessionControlsNotSatisfied: 
ID: 9dba74f8-0de6-406e-b38c-ba05ea657153; DisplayName: Microsoft-managed: Multifactor authentication for per-user multifactor authentication users; Result: notEnabled; ConditionsNotSatisfied: none; SessionControlsNotSatisfied: 
ID: e51298da-9965-4f54-be5a-a1bfa7391207; DisplayName: Microsoft-managed: Multifactor authentication and reauthentication for risky sign-ins; Result: notApplied; ConditionsNotSatisfied: signInRisk; SessionControlsNotSatisfied: 
ID: c6569448-6b9b-4329-8356-6cdb035f7cf2; DisplayName: Enable MFA - bwadmin; Result: notApplied; ConditionsNotSatisfied: users; SessionControlsNotSatisfied: 
ID: 3cc748c6-e739-4559-b56f-dc898b93b757; DisplayName: Brian Katz Travel Cayman - 12/21-12/28; Result: notEnabled; ConditionsNotSatisfied: none; SessionControlsNotSatisfied: 
ID: 7249cafd-bd3b-4f0c-9f6a-de4933e0a484; DisplayName: Location Based Access - Block Outside US; Result: notApplied; ConditionsNotSatisfied: location,ipAddressSeenByAzureAD; SessionControlsNotSatisfied: 
ID: dbe24e2b-7971-4159-92e7-029febd9403a; DisplayName: Jeff Lenderman Travel BVI 3/13-3/19; Result: notEnabled; ConditionsNotSatisfied: none; SessionControlsNotSatisfied: 
ID: bda0d60a-c582-4d69-9d7e-f9166be26b08; DisplayName: Brian Katz - Costa Rica; Result: notEnabled; ConditionsNotSatisfied: none; SessionControlsNotSatisfied: 
ID: e4f6bd83-c762-4a93-9fb4-d77b558b5650; DisplayName: Devices - Enforce Device Compliance; Result: reportOnlyFailure; ConditionsNotSatisfied: none; SessionControlsNotSatisfied: 
ID: 46ddead8-098c-4325-bbeb-836e364f64b5; DisplayName: Sessions - Block Persistent Browser Sessions (Untrusted Locations); Result: reportOnlySuccess; ConditionsNotSatisfied: none; SessionControlsNotSatisfied: 
ID: 0149a225-4092-4a09-ab18-ae7c47c5deeb; DisplayName: Sessions - Enforce Sign-In Frequency; Result: reportOnlySuccess; ConditionsNotSatisfied: none; SessionControlsNotSatisfied: 
ID: 408cead8-caca-4de6-bf52-6f34130a6459; DisplayName: Microsoft-managed: Multifactor authentication for admins accessing Microsoft Admin Portals; Result: reportOnlyNotApplied; ConditionsNotSatisfied: application; SessionControlsNotSatisfied: 
ID: e00078dd-d389-4a8f-ba33-ac7b690a7ce3; DisplayName: Brian Katz Montreal 3/15 - 3/21; Result: reportOnlyNotApplied; ConditionsNotSatisfied: location,ipAddressSeenByAzureAD; SessionControlsNotSatisfied: 
ID: da3712b4-2ee4-4d96-b702-9d73cb4e635a; DisplayName: Locations - Enforce Geo-IP Fencing; Result: reportOnlyNotApplied; ConditionsNotSatisfied: location,ipAddressSeenByAzureAD; SessionControlsNotSatisfied: 
ID: 7bd05172-0534-4c9a-a965-6e9370e281df; DisplayName: Protocols - Enforce Modern Authentication; Result: reportOnlyNotApplied; ConditionsNotSatisfied: clientType; SessionControlsNotSatisfied: 
ID: 6c493fe3-b17a-426e-af02-9f28f033239f; DisplayName: Sessions - Block Persistent Browser Sessions (Admins); Result: reportOnlyNotApplied; ConditionsNotSatisfied: users; SessionControlsNotSatisfied: 
ID: 77dbcd7f-566d-4b90-a928-edf2235d1c96; DisplayName: Users - Block Interactive Logins (Service Accounts); Result: reportOnlyNotApplied; ConditionsNotSatisfied: users; SessionControlsNotSatisfied: 
ID: 72f697df-0563-4339-8a40-3a0e56607bcb; DisplayName: Users - Restrict Admin Portal Access; Result: reportOnlyNotApplied; ConditionsNotSatisfied: application; SessionControlsNotSatisfied: ","networkType: namedNetwork; networkNames: Block Countries Per User Per Period","AuthenticationStepDateTime: 2026-08-17T17:27:57Z; AuthenticationMethod: Previously satisfied; AuthenticationMethodDetail: ; Succeeded: True; AuthenticationStepResultDetail: First factor requirement satisfied by claim in the token; AuthenticationStepRequirement: ;
AuthenticationStepDateTime: 2026-08-17T17:27:57Z; AuthenticationMethod: Previously satisfied; AuthenticationMethodDetail: ; Succeeded: True; AuthenticationStepResultDetail: MFA requirement satisfied by claim in the token; AuthenticationStepRequirement: ;"
"2026-08-17T17:07:55Z","Pineywoods Realty Admin","admin@pineywoodsrealtyfl.com","9199bf20-a13f-4107-85dc-02114787ef48","One Outlook Web","47.206.189.128","Browser","Mozilla/5.0 (Windows NT 10.0; Win64; x64) AppleWebKit/537.36 (KHTML, like Gecko) Chrome/150.0.0.0 Safari/537.36","644f94a2-848f-65e5-fd13-6dacec0adc1d","True","multiFactorAuthentication","errorCode: 0; failureReason: Other.; additionalDetails: MFA requirement satisfied by claim in the token","deviceId: ; displayName: ; operatingSystem: Windows10; browser: Chrome 150.0.0; isCompliant: False; isManaged: False; trustType: ","city: Tampa; state: Florida; countryOrRegion: US; geoCoordinates: @{altitude=; latitude=27.94497; longitude=-82.44757}","success","ID: a08e9a43-c474-45ce-854f-67d0f7b3deec; DisplayName: Enable MFA - All Users; Result: success; ConditionsNotSatisfied: none; SessionControlsNotSatisfied: 
ID: b8e8a1ff-dfc9-4eff-8c45-e209f4e26e5b; DisplayName: KaztCap SSL VPN Access; Result: notApplied; ConditionsNotSatisfied: users; SessionControlsNotSatisfied: 
ID: c6569448-6b9b-4329-8356-6cdb035f7cf2; DisplayName: Enable MFA - bwadmin; Result: notApplied; ConditionsNotSatisfied: users; SessionControlsNotSatisfied: 
ID: 2c6518a2-ced4-420b-99b2-7a01741512b8; DisplayName: Location Based Access - Allow Specific Countries; Result: notEnabled; ConditionsNotSatisfied: none; SessionControlsNotSatisfied: 
ID: 9dba74f8-0de6-406e-b38c-ba05ea657153; DisplayName: Microsoft-managed: Multifactor authentication for per-user multifactor authentication users; Result: notEnabled; ConditionsNotSatisfied: none; SessionControlsNotSatisfied: 
ID: 7249cafd-bd3b-4f0c-9f6a-de4933e0a484; DisplayName: Location Based Access - Block Outside US; Result: notApplied; ConditionsNotSatisfied: location,ipAddressSeenByAzureAD; SessionControlsNotSatisfied: 
ID: e51298da-9965-4f54-be5a-a1bfa7391207; DisplayName: Microsoft-managed: Multifactor authentication and reauthentication for risky sign-ins; Result: notApplied; ConditionsNotSatisfied: signInRisk; SessionControlsNotSatisfied: 
ID: 3cc748c6-e739-4559-b56f-dc898b93b757; DisplayName: Brian Katz Travel Cayman - 12/21-12/28; Result: notEnabled; ConditionsNotSatisfied: none; SessionControlsNotSatisfied: 
ID: dbe24e2b-7971-4159-92e7-029febd9403a; DisplayName: Jeff Lenderman Travel BVI 3/13-3/19; Result: notEnabled; ConditionsNotSatisfied: none; SessionControlsNotSatisfied: 
ID: bda0d60a-c582-4d69-9d7e-f9166be26b08; DisplayName: Brian Katz - Costa Rica; Result: notEnabled; ConditionsNotSatisfied: none; SessionControlsNotSatisfied: 
ID: e4f6bd83-c762-4a93-9fb4-d77b558b5650; DisplayName: Devices - Enforce Device Compliance; Result: reportOnlyFailure; ConditionsNotSatisfied: none; SessionControlsNotSatisfied: 
ID: 46ddead8-098c-4325-bbeb-836e364f64b5; DisplayName: Sessions - Block Persistent Browser Sessions (Untrusted Locations); Result: reportOnlySuccess; ConditionsNotSatisfied: none; SessionControlsNotSatisfied: 
ID: 0149a225-4092-4a09-ab18-ae7c47c5deeb; DisplayName: Sessions - Enforce Sign-In Frequency; Result: reportOnlySuccess; ConditionsNotSatisfied: none; SessionControlsNotSatisfied: 
ID: 408cead8-caca-4de6-bf52-6f34130a6459; DisplayName: Microsoft-managed: Multifactor authentication for admins accessing Microsoft Admin Portals; Result: reportOnlyNotApplied; ConditionsNotSatisfied: application; SessionControlsNotSatisfied: 
ID: e00078dd-d389-4a8f-ba33-ac7b690a7ce3; DisplayName: Brian Katz Montreal 3/15 - 3/21; Result: reportOnlyNotApplied; ConditionsNotSatisfied: users; SessionControlsNotSatisfied: 
ID: da3712b4-2ee4-4d96-b702-9d73cb4e635a; DisplayName: Locations - Enforce Geo-IP Fencing; Result: reportOnlyNotApplied; ConditionsNotSatisfied: location,ipAddressSeenByAzureAD; SessionControlsNotSatisfied: 
ID: 7bd05172-0534-4c9a-a965-6e9370e281df; DisplayName: Protocols - Enforce Modern Authentication; Result: reportOnlyNotApplied; ConditionsNotSatisfied: clientType; SessionControlsNotSatisfied: 
ID: 6c493fe3-b17a-426e-af02-9f28f033239f; DisplayName: Sessions - Block Persistent Browser Sessions (Admins); Result: reportOnlyNotApplied; ConditionsNotSatisfied: users; SessionControlsNotSatisfied: 
ID: 77dbcd7f-566d-4b90-a928-edf2235d1c96; DisplayName: Users - Block Interactive Logins (Service Accounts); Result: reportOnlyNotApplied; ConditionsNotSatisfied: users; SessionControlsNotSatisfied: 
ID: 72f697df-0563-4339-8a40-3a0e56607bcb; DisplayName: Users - Restrict Admin Portal Access; Result: reportOnlyNotApplied; ConditionsNotSatisfied: application; SessionControlsNotSatisfied: ","networkType: namedNetwork; networkNames: Block Countries Per User Per Period","AuthenticationStepDateTime: 2026-08-17T17:07:55Z; AuthenticationMethod: Previously satisfied; AuthenticationMethodDetail: ; Succeeded: True; AuthenticationStepResultDetail: First factor requirement satisfied by claim in the token; AuthenticationStepRequirement: ;
AuthenticationStepDateTime: 2026-08-17T17:07:55Z; AuthenticationMethod: Previously satisfied; AuthenticationMethodDetail: ; Succeeded: True; AuthenticationStepResultDetail: MFA requirement satisfied by claim in the token; AuthenticationStepRequirement: ;"
"2026-08-17T17:00:00Z","Brian Katz","bkatz@katzcapital.com","38aa3b87-a06d-4817-b275-7a316988d93b","Windows Sign In","71.46.218.18","Mobile Apps and Desktop clients","Windows-AzureAD-Authentication-Provider/1.0","e032c03a-4917-4e3b-8799-2465f00ff6e5","True","singleFactorAuthentication","errorCode: 0; failureReason: Other.; additionalDetails: MFA requirement satisfied by claim in the token","deviceId: 96b5d6dc-e36d-480c-9d95-ea47db6fb789; displayName: PWD-L-22-02; operatingSystem: Windows; browser: ; isCompliant: False; isManaged: False; trustType: Azure AD joined","city: Tampa; state: Florida; countryOrRegion: US; geoCoordinates: @{altitude=; latitude=28.00153; longitude=-82.37678}","notApplied","","networkType: namedNetwork; networkNames: Block Countries Per User Per Period","AuthenticationStepDateTime: 2026-08-17T17:00:00Z; AuthenticationMethod: Windows Hello for Business; AuthenticationMethodDetail: ; Succeeded: True; AuthenticationStepResultDetail: User approved; AuthenticationStepRequirement: ;"
"2026-08-17T16:59:11Z","Charles Cleveland","ccleveland@katzcapital.com","89bee1f7-5e6e-4d8a-9f3d-ecd601259da7","Office365 Shell WCSS-Client","71.46.218.18","Browser","Mozilla/5.0 (Windows NT 10.0; Win64; x64) AppleWebKit/537.36 (KHTML, like Gecko) Chrome/151.0.0.0 Safari/537.36 Edg/151.0.0.0","01a010a9-b59b-7c7e-8fa4-e3cb2e83c9bc","True","multiFactorAuthentication","errorCode: 0; failureReason: Other.; additionalDetails: MFA requirement satisfied by claim in the token","deviceId: bc7374e3-f031-4efa-95c8-64485e11cc7c; displayName: PWC-L-23-01; operatingSystem: Windows10; browser: Edge 151.0.0; isCompliant: False; isManaged: False; trustType: Azure AD joined","city: Tampa; state: Florida; countryOrRegion: US; geoCoordinates: @{altitude=; latitude=28.00153; longitude=-82.37678}","success","ID: a08e9a43-c474-45ce-854f-67d0f7b3deec; DisplayName: Enable MFA - All Users; Result: success; ConditionsNotSatisfied: none; SessionControlsNotSatisfied: 
ID: b8e8a1ff-dfc9-4eff-8c45-e209f4e26e5b; DisplayName: KaztCap SSL VPN Access; Result: notApplied; ConditionsNotSatisfied: users; SessionControlsNotSatisfied: 
ID: c6569448-6b9b-4329-8356-6cdb035f7cf2; DisplayName: Enable MFA - bwadmin; Result: notApplied; ConditionsNotSatisfied: users; SessionControlsNotSatisfied: 
ID: 9dba74f8-0de6-406e-b38c-ba05ea657153; DisplayName: Microsoft-managed: Multifactor authentication for per-user multifactor authentication users; Result: notEnabled; ConditionsNotSatisfied: none; SessionControlsNotSatisfied: 
ID: 7249cafd-bd3b-4f0c-9f6a-de4933e0a484; DisplayName: Location Based Access - Block Outside US; Result: notApplied; ConditionsNotSatisfied: location,ipAddressSeenByAzureAD; SessionControlsNotSatisfied: 
ID: 2c6518a2-ced4-420b-99b2-7a01741512b8; DisplayName: Location Based Access - Allow Specific Countries; Result: notEnabled; ConditionsNotSatisfied: none; SessionControlsNotSatisfied: 
ID: e51298da-9965-4f54-be5a-a1bfa7391207; DisplayName: Microsoft-managed: Multifactor authentication and reauthentication for risky sign-ins; Result: notApplied; ConditionsNotSatisfied: signInRisk; SessionControlsNotSatisfied: 
ID: 3cc748c6-e739-4559-b56f-dc898b93b757; DisplayName: Brian Katz Travel Cayman - 12/21-12/28; Result: notEnabled; ConditionsNotSatisfied: none; SessionControlsNotSatisfied: 
ID: dbe24e2b-7971-4159-92e7-029febd9403a; DisplayName: Jeff Lenderman Travel BVI 3/13-3/19; Result: notEnabled; ConditionsNotSatisfied: none; SessionControlsNotSatisfied: 
ID: bda0d60a-c582-4d69-9d7e-f9166be26b08; DisplayName: Brian Katz - Costa Rica; Result: notEnabled; ConditionsNotSatisfied: none; SessionControlsNotSatisfied: 
ID: 46ddead8-098c-4325-bbeb-836e364f64b5; DisplayName: Sessions - Block Persistent Browser Sessions (Untrusted Locations); Result: reportOnlySuccess; ConditionsNotSatisfied: none; SessionControlsNotSatisfied: 
ID: 0149a225-4092-4a09-ab18-ae7c47c5deeb; DisplayName: Sessions - Enforce Sign-In Frequency; Result: reportOnlySuccess; ConditionsNotSatisfied: none; SessionControlsNotSatisfied: 
ID: 408cead8-caca-4de6-bf52-6f34130a6459; DisplayName: Microsoft-managed: Multifactor authentication for admins accessing Microsoft Admin Portals; Result: reportOnlyNotApplied; ConditionsNotSatisfied: application; SessionControlsNotSatisfied: 
ID: e00078dd-d389-4a8f-ba33-ac7b690a7ce3; DisplayName: Brian Katz Montreal 3/15 - 3/21; Result: reportOnlyNotApplied; ConditionsNotSatisfied: users; SessionControlsNotSatisfied: 
ID: e4f6bd83-c762-4a93-9fb4-d77b558b5650; DisplayName: Devices - Enforce Device Compliance; Result: reportOnlyNotApplied; ConditionsNotSatisfied: deviceState; SessionControlsNotSatisfied: 
ID: da3712b4-2ee4-4d96-b702-9d73cb4e635a; DisplayName: Locations - Enforce Geo-IP Fencing; Result: reportOnlyNotApplied; ConditionsNotSatisfied: location,ipAddressSeenByAzureAD; SessionControlsNotSatisfied: 
ID: 7bd05172-0534-4c9a-a965-6e9370e281df; DisplayName: Protocols - Enforce Modern Authentication; Result: reportOnlyNotApplied; ConditionsNotSatisfied: clientType; SessionControlsNotSatisfied: 
ID: 6c493fe3-b17a-426e-af02-9f28f033239f; DisplayName: Sessions - Block Persistent Browser Sessions (Admins); Result: reportOnlyNotApplied; ConditionsNotSatisfied: users; SessionControlsNotSatisfied: 
ID: 77dbcd7f-566d-4b90-a928-edf2235d1c96; DisplayName: Users - Block Interactive Logins (Service Accounts); Result: reportOnlyNotApplied; ConditionsNotSatisfied: users; SessionControlsNotSatisfied: 
ID: 72f697df-0563-4339-8a40-3a0e56607bcb; DisplayName: Users - Restrict Admin Portal Access; Result: reportOnlyNotApplied; ConditionsNotSatisfied: application; SessionControlsNotSatisfied: ","networkType: namedNetwork; networkNames: Block Countries Per User Per Period","AuthenticationStepDateTime: 2026-08-17T16:59:11Z; AuthenticationMethod: Previously satisfied; AuthenticationMethodDetail: ; Succeeded: True; AuthenticationStepResultDetail: First factor requirement satisfied by claim in the token; AuthenticationStepRequirement: ;
AuthenticationStepDateTime: 2026-08-17T16:59:11Z; AuthenticationMethod: Previously satisfied; AuthenticationMethodDetail: ; Succeeded: True; AuthenticationStepResultDetail: MFA requirement satisfied by claim in the token; AuthenticationStepRequirement: ;"
"2026-08-17T15:27:14Z","Gary Alderman","galderman@pineywoodstitle.com","38aa3b87-a06d-4817-b275-7a316988d93b","Windows Sign In","47.194.85.102","Mobile Apps and Desktop clients","Windows-AzureAD-Authentication-Provider/1.0","caa68e6d-d4cc-4094-8036-d9506fc12973","True","singleFactorAuthentication","errorCode: 0; failureReason: Other.; additionalDetails: MFA requirement satisfied by claim in the token","deviceId: 3def13b5-3a33-41e0-ac8d-2408f1be14cf; displayName: PWT-5cg0378ctp-lt; operatingSystem: Windows; browser: ; isCompliant: False; isManaged: False; trustType: Azure AD joined","city: Palmetto; state: Florida; countryOrRegion: US; geoCoordinates: @{altitude=; latitude=27.57457; longitude=-82.5496}","notApplied","","networkType: namedNetwork; networkNames: Block Countries Per User Per Period","AuthenticationStepDateTime: 2026-08-17T15:27:14Z; AuthenticationMethod: Windows Hello for Business; AuthenticationMethodDetail: ; Succeeded: True; AuthenticationStepResultDetail: User approved; AuthenticationStepRequirement: ;"
"2026-08-17T15:04:58Z","Charles Cleveland","ccleveland@katzcapital.com","89bee1f7-5e6e-4d8a-9f3d-ecd601259da7","Office365 Shell WCSS-Client","71.46.218.18","Browser","Mozilla/5.0 (Windows NT 10.0; Win64; x64) AppleWebKit/537.36 (KHTML, like Gecko) Chrome/151.0.0.0 Safari/537.36 Edg/151.0.0.0","01a01041-23ae-7cdc-8a91-4613b2a48ebf","True","multiFactorAuthentication","errorCode: 0; failureReason: Other.; additionalDetails: MFA requirement satisfied by claim in the token","deviceId: bc7374e3-f031-4efa-95c8-64485e11cc7c; displayName: PWC-L-23-01; operatingSystem: Windows10; browser: Edge 151.0.0; isCompliant: False; isManaged: False; trustType: Azure AD joined","city: Tampa; state: Florida; countryOrRegion: US; geoCoordinates: @{altitude=; latitude=28.00153; longitude=-82.37678}","success","ID: a08e9a43-c474-45ce-854f-67d0f7b3deec; DisplayName: Enable MFA - All Users; Result: success; ConditionsNotSatisfied: none; SessionControlsNotSatisfied: 
ID: b8e8a1ff-dfc9-4eff-8c45-e209f4e26e5b; DisplayName: KaztCap SSL VPN Access; Result: notApplied; ConditionsNotSatisfied: users; SessionControlsNotSatisfied: 
ID: 2c6518a2-ced4-420b-99b2-7a01741512b8; DisplayName: Location Based Access - Allow Specific Countries; Result: notEnabled; ConditionsNotSatisfied: none; SessionControlsNotSatisfied: 
ID: 9dba74f8-0de6-406e-b38c-ba05ea657153; DisplayName: Microsoft-managed: Multifactor authentication for per-user multifactor authentication users; Result: notEnabled; ConditionsNotSatisfied: none; SessionControlsNotSatisfied: 
ID: e51298da-9965-4f54-be5a-a1bfa7391207; DisplayName: Microsoft-managed: Multifactor authentication and reauthentication for risky sign-ins; Result: notApplied; ConditionsNotSatisfied: signInRisk; SessionControlsNotSatisfied: 
ID: c6569448-6b9b-4329-8356-6cdb035f7cf2; DisplayName: Enable MFA - bwadmin; Result: notApplied; ConditionsNotSatisfied: users; SessionControlsNotSatisfied: 
ID: 3cc748c6-e739-4559-b56f-dc898b93b757; DisplayName: Brian Katz Travel Cayman - 12/21-12/28; Result: notEnabled; ConditionsNotSatisfied: none; SessionControlsNotSatisfied: 
ID: 7249cafd-bd3b-4f0c-9f6a-de4933e0a484; DisplayName: Location Based Access - Block Outside US; Result: notApplied; ConditionsNotSatisfied: location,ipAddressSeenByAzureAD; SessionControlsNotSatisfied: 
ID: dbe24e2b-7971-4159-92e7-029febd9403a; DisplayName: Jeff Lenderman Travel BVI 3/13-3/19; Result: notEnabled; ConditionsNotSatisfied: none; SessionControlsNotSatisfied: 
ID: bda0d60a-c582-4d69-9d7e-f9166be26b08; DisplayName: Brian Katz - Costa Rica; Result: notEnabled; ConditionsNotSatisfied: none; SessionControlsNotSatisfied: 
ID: 46ddead8-098c-4325-bbeb-836e364f64b5; DisplayName: Sessions - Block Persistent Browser Sessions (Untrusted Locations); Result: reportOnlySuccess; ConditionsNotSatisfied: none; SessionControlsNotSatisfied: 
ID: 0149a225-4092-4a09-ab18-ae7c47c5deeb; DisplayName: Sessions - Enforce Sign-In Frequency; Result: reportOnlySuccess; ConditionsNotSatisfied: none; SessionControlsNotSatisfied: 
ID: 408cead8-caca-4de6-bf52-6f34130a6459; DisplayName: Microsoft-managed: Multifactor authentication for admins accessing Microsoft Admin Portals; Result: reportOnlyNotApplied; ConditionsNotSatisfied: application; SessionControlsNotSatisfied: 
ID: e00078dd-d389-4a8f-ba33-ac7b690a7ce3; DisplayName: Brian Katz Montreal 3/15 - 3/21; Result: reportOnlyNotApplied; ConditionsNotSatisfied: users; SessionControlsNotSatisfied: 
ID: e4f6bd83-c762-4a93-9fb4-d77b558b5650; DisplayName: Devices - Enforce Device Compliance; Result: reportOnlyNotApplied; ConditionsNotSatisfied: deviceState; SessionControlsNotSatisfied: 
ID: da3712b4-2ee4-4d96-b702-9d73cb4e635a; DisplayName: Locations - Enforce Geo-IP Fencing; Result: reportOnlyNotApplied; ConditionsNotSatisfied: location,ipAddressSeenByAzureAD; SessionControlsNotSatisfied: 
ID: 7bd05172-0534-4c9a-a965-6e9370e281df; DisplayName: Protocols - Enforce Modern Authentication; Result: reportOnlyNotApplied; ConditionsNotSatisfied: clientType; SessionControlsNotSatisfied: 
ID: 6c493fe3-b17a-426e-af02-9f28f033239f; DisplayName: Sessions - Block Persistent Browser Sessions (Admins); Result: reportOnlyNotApplied; ConditionsNotSatisfied: users; SessionControlsNotSatisfied: 
ID: 77dbcd7f-566d-4b90-a928-edf2235d1c96; DisplayName: Users - Block Interactive Logins (Service Accounts); Result: reportOnlyNotApplied; ConditionsNotSatisfied: users; SessionControlsNotSatisfied: 
ID: 72f697df-0563-4339-8a40-3a0e56607bcb; DisplayName: Users - Restrict Admin Portal Access; Result: reportOnlyNotApplied; ConditionsNotSatisfied: application; SessionControlsNotSatisfied: ","networkType: namedNetwork; networkNames: Block Countries Per User Per Period","AuthenticationStepDateTime: 2026-08-17T15:04:58Z; AuthenticationMethod: Previously satisfied; AuthenticationMethodDetail: ; Succeeded: True; AuthenticationStepResultDetail: First factor requirement satisfied by claim in the token; AuthenticationStepRequirement: ;
AuthenticationStepDateTime: 2026-08-17T15:04:58Z; AuthenticationMethod: Previously satisfied; AuthenticationMethodDetail: ; Succeeded: True; AuthenticationStepResultDetail: MFA requirement satisfied by claim in the token; AuthenticationStepRequirement: ;"
"2026-08-17T14:51:11Z","Ashley Savala","asavala@pineywoodsrealtyfl.com","9199bf20-a13f-4107-85dc-02114787ef48","One Outlook Web","47.198.26.60","Browser","Mozilla/5.0 (Windows NT 10.0; Win64; x64) AppleWebKit/537.36 (KHTML, like Gecko) Chrome/151.0.0.0 Safari/537.36","44c616ed-1ed9-4c2f-2f1a-8a8648673451","True","multiFactorAuthentication","errorCode: 0; failureReason: Other.; additionalDetails: MFA requirement satisfied by claim in the token","deviceId: ; displayName: ; operatingSystem: Windows10; browser: Chrome 151.0.0; isCompliant: False; isManaged: False; trustType: ","city: Odessa; state: Florida; countryOrRegion: US; geoCoordinates: @{altitude=; latitude=28.1414; longitude=-82.59334}","success","ID: a08e9a43-c474-45ce-854f-67d0f7b3deec; DisplayName: Enable MFA - All Users; Result: success; ConditionsNotSatisfied: none; SessionControlsNotSatisfied: 
ID: b8e8a1ff-dfc9-4eff-8c45-e209f4e26e5b; DisplayName: KaztCap SSL VPN Access; Result: notApplied; ConditionsNotSatisfied: users; SessionControlsNotSatisfied: 
ID: 2c6518a2-ced4-420b-99b2-7a01741512b8; DisplayName: Location Based Access - Allow Specific Countries; Result: notEnabled; ConditionsNotSatisfied: none; SessionControlsNotSatisfied: 
ID: 9dba74f8-0de6-406e-b38c-ba05ea657153; DisplayName: Microsoft-managed: Multifactor authentication for per-user multifactor authentication users; Result: notEnabled; ConditionsNotSatisfied: none; SessionControlsNotSatisfied: 
ID: e51298da-9965-4f54-be5a-a1bfa7391207; DisplayName: Microsoft-managed: Multifactor authentication and reauthentication for risky sign-ins; Result: notApplied; ConditionsNotSatisfied: signInRisk; SessionControlsNotSatisfied: 
ID: c6569448-6b9b-4329-8356-6cdb035f7cf2; DisplayName: Enable MFA - bwadmin; Result: notApplied; ConditionsNotSatisfied: users; SessionControlsNotSatisfied: 
ID: 3cc748c6-e739-4559-b56f-dc898b93b757; DisplayName: Brian Katz Travel Cayman - 12/21-12/28; Result: notEnabled; ConditionsNotSatisfied: none; SessionControlsNotSatisfied: 
ID: 7249cafd-bd3b-4f0c-9f6a-de4933e0a484; DisplayName: Location Based Access - Block Outside US; Result: notApplied; ConditionsNotSatisfied: location,ipAddressSeenByAzureAD; SessionControlsNotSatisfied: 
ID: dbe24e2b-7971-4159-92e7-029febd9403a; DisplayName: Jeff Lenderman Travel BVI 3/13-3/19; Result: notEnabled; ConditionsNotSatisfied: none; SessionControlsNotSatisfied: 
ID: bda0d60a-c582-4d69-9d7e-f9166be26b08; DisplayName: Brian Katz - Costa Rica; Result: notEnabled; ConditionsNotSatisfied: none; SessionControlsNotSatisfied: 
ID: e4f6bd83-c762-4a93-9fb4-d77b558b5650; DisplayName: Devices - Enforce Device Compliance; Result: reportOnlyFailure; ConditionsNotSatisfied: none; SessionControlsNotSatisfied: 
ID: 46ddead8-098c-4325-bbeb-836e364f64b5; DisplayName: Sessions - Block Persistent Browser Sessions (Untrusted Locations); Result: reportOnlySuccess; ConditionsNotSatisfied: none; SessionControlsNotSatisfied: 
ID: 0149a225-4092-4a09-ab18-ae7c47c5deeb; DisplayName: Sessions - Enforce Sign-In Frequency; Result: reportOnlySuccess; ConditionsNotSatisfied: none; SessionControlsNotSatisfied: 
ID: 408cead8-caca-4de6-bf52-6f34130a6459; DisplayName: Microsoft-managed: Multifactor authentication for admins accessing Microsoft Admin Portals; Result: reportOnlyNotApplied; ConditionsNotSatisfied: application; SessionControlsNotSatisfied: 
ID: e00078dd-d389-4a8f-ba33-ac7b690a7ce3; DisplayName: Brian Katz Montreal 3/15 - 3/21; Result: reportOnlyNotApplied; ConditionsNotSatisfied: users; SessionControlsNotSatisfied: 
ID: da3712b4-2ee4-4d96-b702-9d73cb4e635a; DisplayName: Locations - Enforce Geo-IP Fencing; Result: reportOnlyNotApplied; ConditionsNotSatisfied: location,ipAddressSeenByAzureAD; SessionControlsNotSatisfied: 
ID: 7bd05172-0534-4c9a-a965-6e9370e281df; DisplayName: Protocols - Enforce Modern Authentication; Result: reportOnlyNotApplied; ConditionsNotSatisfied: clientType; SessionControlsNotSatisfied: 
ID: 6c493fe3-b17a-426e-af02-9f28f033239f; DisplayName: Sessions - Block Persistent Browser Sessions (Admins); Result: reportOnlyNotApplied; ConditionsNotSatisfied: users; SessionControlsNotSatisfied: 
ID: 77dbcd7f-566d-4b90-a928-edf2235d1c96; DisplayName: Users - Block Interactive Logins (Service Accounts); Result: reportOnlyNotApplied; ConditionsNotSatisfied: users; SessionControlsNotSatisfied: 
ID: 72f697df-0563-4339-8a40-3a0e56607bcb; DisplayName: Users - Restrict Admin Portal Access; Result: reportOnlyNotApplied; ConditionsNotSatisfied: application; SessionControlsNotSatisfied: ","networkType: namedNetwork; networkNames: Block Countries Per User Per Period","AuthenticationStepDateTime: 2026-08-17T14:51:11Z; AuthenticationMethod: Previously satisfied; AuthenticationMethodDetail: ; Succeeded: True; AuthenticationStepResultDetail: First factor requirement satisfied by claim in the token; AuthenticationStepRequirement: ;
AuthenticationStepDateTime: 2026-08-17T14:51:11Z; AuthenticationMethod: Previously satisfied; AuthenticationMethodDetail: ; Succeeded: True; AuthenticationStepResultDetail: MFA requirement satisfied by claim in the token; AuthenticationStepRequirement: ;"
"2026-08-17T14:22:00Z","Garrett Thomas","gthomas@pineywoodscapital.com","38aa3b87-a06d-4817-b275-7a316988d93b","Windows Sign In","71.46.218.18","Mobile Apps and Desktop clients","Windows-AzureAD-Authentication-Provider/1.0","9836c91b-7410-4887-b4ca-42d5e71e8b26","True","singleFactorAuthentication","errorCode: 0; failureReason: Other.; additionalDetails: MFA requirement satisfied by claim in the token","deviceId: dbf8ac27-e930-437b-8f1c-2fb1187de4ec; displayName: PWC-L-23-03; operatingSystem: Windows; browser: ; isCompliant: False; isManaged: False; trustType: Azure AD joined","city: Tampa; state: Florida; countryOrRegion: US; geoCoordinates: @{altitude=; latitude=28.00153; longitude=-82.37678}","notApplied","","networkType: namedNetwork; networkNames: Block Countries Per User Per Period","AuthenticationStepDateTime: 2026-08-17T14:22:00Z; AuthenticationMethod: Windows Hello for Business; AuthenticationMethodDetail: ; Succeeded: True; AuthenticationStepResultDetail: User approved; AuthenticationStepRequirement: ;"
"2026-08-17T13:56:16Z","Brian Katz","bkatz@katzcapital.com","89bee1f7-5e6e-4d8a-9f3d-ecd601259da7","Office365 Shell WCSS-Client","71.46.218.18","Browser","Mozilla/5.0 (Windows NT 10.0; Win64; x64) AppleWebKit/537.36 (KHTML, like Gecko) Chrome/142.0.0.0 Safari/537.36","01a01002-3946-7a80-b32c-a9238bd5044e","True","multiFactorAuthentication","errorCode: 0; failureReason: Other.; additionalDetails: MFA requirement satisfied by claim in the token","deviceId: ; displayName: ; operatingSystem: Windows10; browser: Chrome 142.0.0; isCompliant: False; isManaged: False; trustType: ","city: Tampa; state: Florida; countryOrRegion: US; geoCoordinates: @{altitude=; latitude=28.00153; longitude=-82.37678}","success","ID: b8e8a1ff-dfc9-4eff-8c45-e209f4e26e5b; DisplayName: KaztCap SSL VPN Access; Result: success; ConditionsNotSatisfied: none; SessionControlsNotSatisfied: 
ID: a08e9a43-c474-45ce-854f-67d0f7b3deec; DisplayName: Enable MFA - All Users; Result: success; ConditionsNotSatisfied: none; SessionControlsNotSatisfied: 
ID: 2c6518a2-ced4-420b-99b2-7a01741512b8; DisplayName: Location Based Access - Allow Specific Countries; Result: notEnabled; ConditionsNotSatisfied: none; SessionControlsNotSatisfied: 
ID: 9dba74f8-0de6-406e-b38c-ba05ea657153; DisplayName: Microsoft-managed: Multifactor authentication for per-user multifactor authentication users; Result: notEnabled; ConditionsNotSatisfied: none; SessionControlsNotSatisfied: 
ID: e51298da-9965-4f54-be5a-a1bfa7391207; DisplayName: Microsoft-managed: Multifactor authentication and reauthentication for risky sign-ins; Result: notApplied; ConditionsNotSatisfied: signInRisk; SessionControlsNotSatisfied: 
ID: c6569448-6b9b-4329-8356-6cdb035f7cf2; DisplayName: Enable MFA - bwadmin; Result: notApplied; ConditionsNotSatisfied: users; SessionControlsNotSatisfied: 
ID: 3cc748c6-e739-4559-b56f-dc898b93b757; DisplayName: Brian Katz Travel Cayman - 12/21-12/28; Result: notEnabled; ConditionsNotSatisfied: none; SessionControlsNotSatisfied: 
ID: 7249cafd-bd3b-4f0c-9f6a-de4933e0a484; DisplayName: Location Based Access - Block Outside US; Result: notApplied; ConditionsNotSatisfied: location,ipAddressSeenByAzureAD; SessionControlsNotSatisfied: 
ID: dbe24e2b-7971-4159-92e7-029febd9403a; DisplayName: Jeff Lenderman Travel BVI 3/13-3/19; Result: notEnabled; ConditionsNotSatisfied: none; SessionControlsNotSatisfied: 
ID: bda0d60a-c582-4d69-9d7e-f9166be26b08; DisplayName: Brian Katz - Costa Rica; Result: notEnabled; ConditionsNotSatisfied: none; SessionControlsNotSatisfied: 
ID: e4f6bd83-c762-4a93-9fb4-d77b558b5650; DisplayName: Devices - Enforce Device Compliance; Result: reportOnlyFailure; ConditionsNotSatisfied: none; SessionControlsNotSatisfied: 
ID: 46ddead8-098c-4325-bbeb-836e364f64b5; DisplayName: Sessions - Block Persistent Browser Sessions (Untrusted Locations); Result: reportOnlySuccess; ConditionsNotSatisfied: none; SessionControlsNotSatisfied: 
ID: 0149a225-4092-4a09-ab18-ae7c47c5deeb; DisplayName: Sessions - Enforce Sign-In Frequency; Result: reportOnlySuccess; ConditionsNotSatisfied: none; SessionControlsNotSatisfied: 
ID: 408cead8-caca-4de6-bf52-6f34130a6459; DisplayName: Microsoft-managed: Multifactor authentication for admins accessing Microsoft Admin Portals; Result: reportOnlyNotApplied; ConditionsNotSatisfied: application; SessionControlsNotSatisfied: 
ID: e00078dd-d389-4a8f-ba33-ac7b690a7ce3; DisplayName: Brian Katz Montreal 3/15 - 3/21; Result: reportOnlyNotApplied; ConditionsNotSatisfied: location,ipAddressSeenByAzureAD; SessionControlsNotSatisfied: 
ID: da3712b4-2ee4-4d96-b702-9d73cb4e635a; DisplayName: Locations - Enforce Geo-IP Fencing; Result: reportOnlyNotApplied; ConditionsNotSatisfied: location,ipAddressSeenByAzureAD; SessionControlsNotSatisfied: 
ID: 7bd05172-0534-4c9a-a965-6e9370e281df; DisplayName: Protocols - Enforce Modern Authentication; Result: reportOnlyNotApplied; ConditionsNotSatisfied: clientType; SessionControlsNotSatisfied: 
ID: 6c493fe3-b17a-426e-af02-9f28f033239f; DisplayName: Sessions - Block Persistent Browser Sessions (Admins); Result: reportOnlyNotApplied; ConditionsNotSatisfied: users; SessionControlsNotSatisfied: 
ID: 77dbcd7f-566d-4b90-a928-edf2235d1c96; DisplayName: Users - Block Interactive Logins (Service Accounts); Result: reportOnlyNotApplied; ConditionsNotSatisfied: users; SessionControlsNotSatisfied: 
ID: 72f697df-0563-4339-8a40-3a0e56607bcb; DisplayName: Users - Restrict Admin Portal Access; Result: reportOnlyNotApplied; ConditionsNotSatisfied: application; SessionControlsNotSatisfied: ","networkType: namedNetwork; networkNames: Block Countries Per User Per Period","AuthenticationStepDateTime: 2026-08-17T13:56:16Z; AuthenticationMethod: Previously satisfied; AuthenticationMethodDetail: ; Succeeded: True; AuthenticationStepResultDetail: First factor requirement satisfied by claim in the token; AuthenticationStepRequirement: ;
AuthenticationStepDateTime: 2026-08-17T13:56:16Z; AuthenticationMethod: Previously satisfied; AuthenticationMethodDetail: ; Succeeded: True; AuthenticationStepResultDetail: MFA requirement satisfied by claim in the token; AuthenticationStepRequirement: ;"
"2026-08-17T13:56:16Z","Brian Katz","bkatz@katzcapital.com","89bee1f7-5e6e-4d8a-9f3d-ecd601259da7","Office365 Shell WCSS-Client","71.46.218.18","Browser","Mozilla/5.0 (Windows NT 10.0; Win64; x64) AppleWebKit/537.36 (KHTML, like Gecko) Chrome/142.0.0.0 Safari/537.36","01a01002-3962-7832-9918-10c472ce87bc","True","multiFactorAuthentication","errorCode: 0; failureReason: Other.; additionalDetails: MFA requirement satisfied by claim in the token","deviceId: ; displayName: ; operatingSystem: Windows10; browser: Chrome 142.0.0; isCompliant: False; isManaged: False; trustType: ","city: Tampa; state: Florida; countryOrRegion: US; geoCoordinates: @{altitude=; latitude=28.00153; longitude=-82.37678}","success","ID: b8e8a1ff-dfc9-4eff-8c45-e209f4e26e5b; DisplayName: KaztCap SSL VPN Access; Result: success; ConditionsNotSatisfied: none; SessionControlsNotSatisfied: 
ID: a08e9a43-c474-45ce-854f-67d0f7b3deec; DisplayName: Enable MFA - All Users; Result: success; ConditionsNotSatisfied: none; SessionControlsNotSatisfied: 
ID: c6569448-6b9b-4329-8356-6cdb035f7cf2; DisplayName: Enable MFA - bwadmin; Result: notApplied; ConditionsNotSatisfied: users; SessionControlsNotSatisfied: 
ID: 9dba74f8-0de6-406e-b38c-ba05ea657153; DisplayName: Microsoft-managed: Multifactor authentication for per-user multifactor authentication users; Result: notEnabled; ConditionsNotSatisfied: none; SessionControlsNotSatisfied: 
ID: 7249cafd-bd3b-4f0c-9f6a-de4933e0a484; DisplayName: Location Based Access - Block Outside US; Result: notApplied; ConditionsNotSatisfied: location,ipAddressSeenByAzureAD; SessionControlsNotSatisfied: 
ID: 2c6518a2-ced4-420b-99b2-7a01741512b8; DisplayName: Location Based Access - Allow Specific Countries; Result: notEnabled; ConditionsNotSatisfied: none; SessionControlsNotSatisfied: 
ID: e51298da-9965-4f54-be5a-a1bfa7391207; DisplayName: Microsoft-managed: Multifactor authentication and reauthentication for risky sign-ins; Result: notApplied; ConditionsNotSatisfied: signInRisk; SessionControlsNotSatisfied: 
ID: 3cc748c6-e739-4559-b56f-dc898b93b757; DisplayName: Brian Katz Travel Cayman - 12/21-12/28; Result: notEnabled; ConditionsNotSatisfied: none; SessionControlsNotSatisfied: 
ID: dbe24e2b-7971-4159-92e7-029febd9403a; DisplayName: Jeff Lenderman Travel BVI 3/13-3/19; Result: notEnabled; ConditionsNotSatisfied: none; SessionControlsNotSatisfied: 
ID: bda0d60a-c582-4d69-9d7e-f9166be26b08; DisplayName: Brian Katz - Costa Rica; Result: notEnabled; ConditionsNotSatisfied: none; SessionControlsNotSatisfied: 
ID: e4f6bd83-c762-4a93-9fb4-d77b558b5650; DisplayName: Devices - Enforce Device Compliance; Result: reportOnlyFailure; ConditionsNotSatisfied: none; SessionControlsNotSatisfied: 
ID: 46ddead8-098c-4325-bbeb-836e364f64b5; DisplayName: Sessions - Block Persistent Browser Sessions (Untrusted Locations); Result: reportOnlySuccess; ConditionsNotSatisfied: none; SessionControlsNotSatisfied: 
ID: 0149a225-4092-4a09-ab18-ae7c47c5deeb; DisplayName: Sessions - Enforce Sign-In Frequency; Result: reportOnlySuccess; ConditionsNotSatisfied: none; SessionControlsNotSatisfied: 
ID: 408cead8-caca-4de6-bf52-6f34130a6459; DisplayName: Microsoft-managed: Multifactor authentication for admins accessing Microsoft Admin Portals; Result: reportOnlyNotApplied; ConditionsNotSatisfied: application; SessionControlsNotSatisfied: 
ID: e00078dd-d389-4a8f-ba33-ac7b690a7ce3; DisplayName: Brian Katz Montreal 3/15 - 3/21; Result: reportOnlyNotApplied; ConditionsNotSatisfied: location,ipAddressSeenByAzureAD; SessionControlsNotSatisfied: 
ID: da3712b4-2ee4-4d96-b702-9d73cb4e635a; DisplayName: Locations - Enforce Geo-IP Fencing; Result: reportOnlyNotApplied; ConditionsNotSatisfied: location,ipAddressSeenByAzureAD; SessionControlsNotSatisfied: 
ID: 7bd05172-0534-4c9a-a965-6e9370e281df; DisplayName: Protocols - Enforce Modern Authentication; Result: reportOnlyNotApplied; ConditionsNotSatisfied: clientType; SessionControlsNotSatisfied: 
ID: 6c493fe3-b17a-426e-af02-9f28f033239f; DisplayName: Sessions - Block Persistent Browser Sessions (Admins); Result: reportOnlyNotApplied; ConditionsNotSatisfied: users; SessionControlsNotSatisfied: 
ID: 77dbcd7f-566d-4b90-a928-edf2235d1c96; DisplayName: Users - Block Interactive Logins (Service Accounts); Result: reportOnlyNotApplied; ConditionsNotSatisfied: users; SessionControlsNotSatisfied: 
ID: 72f697df-0563-4339-8a40-3a0e56607bcb; DisplayName: Users - Restrict Admin Portal Access; Result: reportOnlyNotApplied; ConditionsNotSatisfied: application; SessionControlsNotSatisfied: ","networkType: namedNetwork; networkNames: Block Countries Per User Per Period","AuthenticationStepDateTime: 2026-08-17T13:56:16Z; AuthenticationMethod: Previously satisfied; AuthenticationMethodDetail: ; Succeeded: True; AuthenticationStepResultDetail: First factor requirement satisfied by claim in the token; AuthenticationStepRequirement: ;
AuthenticationStepDateTime: 2026-08-17T13:56:16Z; AuthenticationMethod: Previously satisfied; AuthenticationMethodDetail: ; Succeeded: True; AuthenticationStepResultDetail: MFA requirement satisfied by claim in the token; AuthenticationStepRequirement: ;"
"2026-08-17T13:56:16Z","Brian Katz","bkatz@katzcapital.com","89bee1f7-5e6e-4d8a-9f3d-ecd601259da7","Office365 Shell WCSS-Client","71.46.218.18","Browser","Mozilla/5.0 (Windows NT 10.0; Win64; x64) AppleWebKit/537.36 (KHTML, like Gecko) Chrome/142.0.0.0 Safari/537.36","01a01002-3957-763f-af48-def8ea946ef7","True","multiFactorAuthentication","errorCode: 0; failureReason: Other.; additionalDetails: MFA requirement satisfied by claim in the token","deviceId: ; displayName: ; operatingSystem: Windows10; browser: Chrome 142.0.0; isCompliant: False; isManaged: False; trustType: ","city: Tampa; state: Florida; countryOrRegion: US; geoCoordinates: @{altitude=; latitude=28.00153; longitude=-82.37678}","success","ID: b8e8a1ff-dfc9-4eff-8c45-e209f4e26e5b; DisplayName: KaztCap SSL VPN Access; Result: success; ConditionsNotSatisfied: none; SessionControlsNotSatisfied: 
ID: a08e9a43-c474-45ce-854f-67d0f7b3deec; DisplayName: Enable MFA - All Users; Result: success; ConditionsNotSatisfied: none; SessionControlsNotSatisfied: 
ID: c6569448-6b9b-4329-8356-6cdb035f7cf2; DisplayName: Enable MFA - bwadmin; Result: notApplied; ConditionsNotSatisfied: users; SessionControlsNotSatisfied: 
ID: 2c6518a2-ced4-420b-99b2-7a01741512b8; DisplayName: Location Based Access - Allow Specific Countries; Result: notEnabled; ConditionsNotSatisfied: none; SessionControlsNotSatisfied: 
ID: 9dba74f8-0de6-406e-b38c-ba05ea657153; DisplayName: Microsoft-managed: Multifactor authentication for per-user multifactor authentication users; Result: notEnabled; ConditionsNotSatisfied: none; SessionControlsNotSatisfied: 
ID: 7249cafd-bd3b-4f0c-9f6a-de4933e0a484; DisplayName: Location Based Access - Block Outside US; Result: notApplied; ConditionsNotSatisfied: location,ipAddressSeenByAzureAD; SessionControlsNotSatisfied: 
ID: e51298da-9965-4f54-be5a-a1bfa7391207; DisplayName: Microsoft-managed: Multifactor authentication and reauthentication for risky sign-ins; Result: notApplied; ConditionsNotSatisfied: signInRisk; SessionControlsNotSatisfied: 
ID: 3cc748c6-e739-4559-b56f-dc898b93b757; DisplayName: Brian Katz Travel Cayman - 12/21-12/28; Result: notEnabled; ConditionsNotSatisfied: none; SessionControlsNotSatisfied: 
ID: dbe24e2b-7971-4159-92e7-029febd9403a; DisplayName: Jeff Lenderman Travel BVI 3/13-3/19; Result: notEnabled; ConditionsNotSatisfied: none; SessionControlsNotSatisfied: 
ID: bda0d60a-c582-4d69-9d7e-f9166be26b08; DisplayName: Brian Katz - Costa Rica; Result: notEnabled; ConditionsNotSatisfied: none; SessionControlsNotSatisfied: 
ID: e4f6bd83-c762-4a93-9fb4-d77b558b5650; DisplayName: Devices - Enforce Device Compliance; Result: reportOnlyFailure; ConditionsNotSatisfied: none; SessionControlsNotSatisfied: 
ID: 46ddead8-098c-4325-bbeb-836e364f64b5; DisplayName: Sessions - Block Persistent Browser Sessions (Untrusted Locations); Result: reportOnlySuccess; ConditionsNotSatisfied: none; SessionControlsNotSatisfied: 
ID: 0149a225-4092-4a09-ab18-ae7c47c5deeb; DisplayName: Sessions - Enforce Sign-In Frequency; Result: reportOnlySuccess; ConditionsNotSatisfied: none; SessionControlsNotSatisfied: 
ID: 408cead8-caca-4de6-bf52-6f34130a6459; DisplayName: Microsoft-managed: Multifactor authentication for admins accessing Microsoft Admin Portals; Result: reportOnlyNotApplied; ConditionsNotSatisfied: application; SessionControlsNotSatisfied: 
ID: e00078dd-d389-4a8f-ba33-ac7b690a7ce3; DisplayName: Brian Katz Montreal 3/15 - 3/21; Result: reportOnlyNotApplied; ConditionsNotSatisfied: location,ipAddressSeenByAzureAD; SessionControlsNotSatisfied: 
ID: da3712b4-2ee4-4d96-b702-9d73cb4e635a; DisplayName: Locations - Enforce Geo-IP Fencing; Result: reportOnlyNotApplied; ConditionsNotSatisfied: location,ipAddressSeenByAzureAD; SessionControlsNotSatisfied: 
ID: 7bd05172-0534-4c9a-a965-6e9370e281df; DisplayName: Protocols - Enforce Modern Authentication; Result: reportOnlyNotApplied; ConditionsNotSatisfied: clientType; SessionControlsNotSatisfied: 
ID: 6c493fe3-b17a-426e-af02-9f28f033239f; DisplayName: Sessions - Block Persistent Browser Sessions (Admins); Result: reportOnlyNotApplied; ConditionsNotSatisfied: users; SessionControlsNotSatisfied: 
ID: 77dbcd7f-566d-4b90-a928-edf2235d1c96; DisplayName: Users - Block Interactive Logins (Service Accounts); Result: reportOnlyNotApplied; ConditionsNotSatisfied: users; SessionControlsNotSatisfied: 
ID: 72f697df-0563-4339-8a40-3a0e56607bcb; DisplayName: Users - Restrict Admin Portal Access; Result: reportOnlyNotApplied; ConditionsNotSatisfied: application; SessionControlsNotSatisfied: ","networkType: namedNetwork; networkNames: Block Countries Per User Per Period","AuthenticationStepDateTime: 2026-08-17T13:56:16Z; AuthenticationMethod: Previously satisfied; AuthenticationMethodDetail: ; Succeeded: True; AuthenticationStepResultDetail: First factor requirement satisfied by claim in the token; AuthenticationStepRequirement: ;
AuthenticationStepDateTime: 2026-08-17T13:56:16Z; AuthenticationMethod: Previously satisfied; AuthenticationMethodDetail: ; Succeeded: True; AuthenticationStepResultDetail: MFA requirement satisfied by claim in the token; AuthenticationStepRequirement: ;"
"2026-08-17T13:56:06Z","Brian Katz","bkatz@katzcapital.com","80ccca67-54bd-44ab-8625-4b79c4dc7775","Microsoft 365 Security and Compliance Center","71.46.218.18","Browser","Mozilla/5.0 (Windows NT 10.0; Win64; x64) AppleWebKit/537.36 (KHTML, like Gecko) Chrome/142.0.0.0 Safari/537.36","8ef5af21-8bbf-4347-b385-fcd354fe8985","True","multiFactorAuthentication","errorCode: 0; failureReason: Other.; additionalDetails: MFA requirement satisfied by claim in the token","deviceId: ; displayName: ; operatingSystem: Windows10; browser: Chrome 142.0.0; isCompliant: False; isManaged: False; trustType: ","city: Tampa; state: Florida; countryOrRegion: US; geoCoordinates: @{altitude=; latitude=28.00153; longitude=-82.37678}","success","ID: b8e8a1ff-dfc9-4eff-8c45-e209f4e26e5b; DisplayName: KaztCap SSL VPN Access; Result: success; ConditionsNotSatisfied: none; SessionControlsNotSatisfied: 
ID: a08e9a43-c474-45ce-854f-67d0f7b3deec; DisplayName: Enable MFA - All Users; Result: success; ConditionsNotSatisfied: none; SessionControlsNotSatisfied: 
ID: c6569448-6b9b-4329-8356-6cdb035f7cf2; DisplayName: Enable MFA - bwadmin; Result: notApplied; ConditionsNotSatisfied: users; SessionControlsNotSatisfied: 
ID: 9dba74f8-0de6-406e-b38c-ba05ea657153; DisplayName: Microsoft-managed: Multifactor authentication for per-user multifactor authentication users; Result: notEnabled; ConditionsNotSatisfied: none; SessionControlsNotSatisfied: 
ID: 7249cafd-bd3b-4f0c-9f6a-de4933e0a484; DisplayName: Location Based Access - Block Outside US; Result: notApplied; ConditionsNotSatisfied: location,ipAddressSeenByAzureAD; SessionControlsNotSatisfied: 
ID: 2c6518a2-ced4-420b-99b2-7a01741512b8; DisplayName: Location Based Access - Allow Specific Countries; Result: notEnabled; ConditionsNotSatisfied: none; SessionControlsNotSatisfied: 
ID: e51298da-9965-4f54-be5a-a1bfa7391207; DisplayName: Microsoft-managed: Multifactor authentication and reauthentication for risky sign-ins; Result: notApplied; ConditionsNotSatisfied: signInRisk; SessionControlsNotSatisfied: 
ID: 3cc748c6-e739-4559-b56f-dc898b93b757; DisplayName: Brian Katz Travel Cayman - 12/21-12/28; Result: notEnabled; ConditionsNotSatisfied: none; SessionControlsNotSatisfied: 
ID: dbe24e2b-7971-4159-92e7-029febd9403a; DisplayName: Jeff Lenderman Travel BVI 3/13-3/19; Result: notEnabled; ConditionsNotSatisfied: none; SessionControlsNotSatisfied: 
ID: bda0d60a-c582-4d69-9d7e-f9166be26b08; DisplayName: Brian Katz - Costa Rica; Result: notEnabled; ConditionsNotSatisfied: none; SessionControlsNotSatisfied: 
ID: e4f6bd83-c762-4a93-9fb4-d77b558b5650; DisplayName: Devices - Enforce Device Compliance; Result: reportOnlyFailure; ConditionsNotSatisfied: none; SessionControlsNotSatisfied: 
ID: 46ddead8-098c-4325-bbeb-836e364f64b5; DisplayName: Sessions - Block Persistent Browser Sessions (Untrusted Locations); Result: reportOnlySuccess; ConditionsNotSatisfied: none; SessionControlsNotSatisfied: 
ID: 0149a225-4092-4a09-ab18-ae7c47c5deeb; DisplayName: Sessions - Enforce Sign-In Frequency; Result: reportOnlySuccess; ConditionsNotSatisfied: none; SessionControlsNotSatisfied: 
ID: 72f697df-0563-4339-8a40-3a0e56607bcb; DisplayName: Users - Restrict Admin Portal Access; Result: reportOnlyFailure; ConditionsNotSatisfied: none; SessionControlsNotSatisfied: 
ID: 408cead8-caca-4de6-bf52-6f34130a6459; DisplayName: Microsoft-managed: Multifactor authentication for admins accessing Microsoft Admin Portals; Result: reportOnlyNotApplied; ConditionsNotSatisfied: users; SessionControlsNotSatisfied: 
ID: e00078dd-d389-4a8f-ba33-ac7b690a7ce3; DisplayName: Brian Katz Montreal 3/15 - 3/21; Result: reportOnlyNotApplied; ConditionsNotSatisfied: location,ipAddressSeenByAzureAD; SessionControlsNotSatisfied: 
ID: da3712b4-2ee4-4d96-b702-9d73cb4e635a; DisplayName: Locations - Enforce Geo-IP Fencing; Result: reportOnlyNotApplied; ConditionsNotSatisfied: location,ipAddressSeenByAzureAD; SessionControlsNotSatisfied: 
ID: 7bd05172-0534-4c9a-a965-6e9370e281df; DisplayName: Protocols - Enforce Modern Authentication; Result: reportOnlyNotApplied; ConditionsNotSatisfied: clientType; SessionControlsNotSatisfied: 
ID: 6c493fe3-b17a-426e-af02-9f28f033239f; DisplayName: Sessions - Block Persistent Browser Sessions (Admins); Result: reportOnlyNotApplied; ConditionsNotSatisfied: users; SessionControlsNotSatisfied: 
ID: 77dbcd7f-566d-4b90-a928-edf2235d1c96; DisplayName: Users - Block Interactive Logins (Service Accounts); Result: reportOnlyNotApplied; ConditionsNotSatisfied: users; SessionControlsNotSatisfied: ","networkType: namedNetwork; networkNames: Block Countries Per User Per Period","AuthenticationStepDateTime: 2026-08-17T13:56:06Z; AuthenticationMethod: Previously satisfied; AuthenticationMethodDetail: ; Succeeded: True; AuthenticationStepResultDetail: First factor requirement satisfied by claim in the token; AuthenticationStepRequirement: ;
AuthenticationStepDateTime: 2026-08-17T13:56:06Z; AuthenticationMethod: Previously satisfied; AuthenticationMethodDetail: ; Succeeded: True; AuthenticationStepResultDetail: MFA requirement satisfied by claim in the token; AuthenticationStepRequirement: ;"
"2026-08-17T13:48:59Z","Eric Fischman","efischman@pineywoodsmortgage.com","38aa3b87-a06d-4817-b275-7a316988d93b","Windows Sign In","68.204.65.64","Mobile Apps and Desktop clients","Windows-AzureAD-Authentication-Provider/1.0","3bed1332-6935-40d8-91d3-bb8fbe3005ce","True","singleFactorAuthentication","errorCode: 0; failureReason: Other.; additionalDetails: MFA requirement satisfied by claim in the token","deviceId: 67cf7947-db50-469b-a3d8-cbdbc3d193d4; displayName: PWC-L-25-01; operatingSystem: Windows; browser: ; isCompliant: False; isManaged: False; trustType: Azure AD joined","city: Tampa; state: Florida; countryOrRegion: US; geoCoordinates: @{altitude=; latitude=28.00153; longitude=-82.37678}","notApplied","","networkType: namedNetwork; networkNames: Block Countries Per User Per Period","AuthenticationStepDateTime: 2026-08-17T13:48:59Z; AuthenticationMethod: Windows Hello for Business; AuthenticationMethodDetail: ; Succeeded: True; AuthenticationStepResultDetail: User approved; AuthenticationStepRequirement: ;"
"2026-08-17T13:05:55Z","Pineywoods Realty Admin","admin@pineywoodsrealtyfl.com","9199bf20-a13f-4107-85dc-02114787ef48","One Outlook Web","47.206.189.128","Browser","Mozilla/5.0 (Windows NT 10.0; Win64; x64) AppleWebKit/537.36 (KHTML, like Gecko) Chrome/150.0.0.0 Safari/537.36","6602eee1-4773-5254-d963-06974d3ff76c","True","multiFactorAuthentication","errorCode: 0; failureReason: Other.; additionalDetails: MFA requirement satisfied by claim in the token","deviceId: ; displayName: ; operatingSystem: Windows10; browser: Chrome 150.0.0; isCompliant: False; isManaged: False; trustType: ","city: Tampa; state: Florida; countryOrRegion: US; geoCoordinates: @{altitude=; latitude=27.94497; longitude=-82.44757}","success","ID: a08e9a43-c474-45ce-854f-67d0f7b3deec; DisplayName: Enable MFA - All Users; Result: success; ConditionsNotSatisfied: none; SessionControlsNotSatisfied: 
ID: b8e8a1ff-dfc9-4eff-8c45-e209f4e26e5b; DisplayName: KaztCap SSL VPN Access; Result: notApplied; ConditionsNotSatisfied: users; SessionControlsNotSatisfied: 
ID: c6569448-6b9b-4329-8356-6cdb035f7cf2; DisplayName: Enable MFA - bwadmin; Result: notApplied; ConditionsNotSatisfied: users; SessionControlsNotSatisfied: 
ID: 9dba74f8-0de6-406e-b38c-ba05ea657153; DisplayName: Microsoft-managed: Multifactor authentication for per-user multifactor authentication users; Result: notEnabled; ConditionsNotSatisfied: none; SessionControlsNotSatisfied: 
ID: 7249cafd-bd3b-4f0c-9f6a-de4933e0a484; DisplayName: Location Based Access - Block Outside US; Result: notApplied; ConditionsNotSatisfied: location,ipAddressSeenByAzureAD; SessionControlsNotSatisfied: 
ID: 2c6518a2-ced4-420b-99b2-7a01741512b8; DisplayName: Location Based Access - Allow Specific Countries; Result: notEnabled; ConditionsNotSatisfied: none; SessionControlsNotSatisfied: 
ID: e51298da-9965-4f54-be5a-a1bfa7391207; DisplayName: Microsoft-managed: Multifactor authentication and reauthentication for risky sign-ins; Result: notApplied; ConditionsNotSatisfied: signInRisk; SessionControlsNotSatisfied: 
ID: 3cc748c6-e739-4559-b56f-dc898b93b757; DisplayName: Brian Katz Travel Cayman - 12/21-12/28; Result: notEnabled; ConditionsNotSatisfied: none; SessionControlsNotSatisfied: 
ID: dbe24e2b-7971-4159-92e7-029febd9403a; DisplayName: Jeff Lenderman Travel BVI 3/13-3/19; Result: notEnabled; ConditionsNotSatisfied: none; SessionControlsNotSatisfied: 
ID: bda0d60a-c582-4d69-9d7e-f9166be26b08; DisplayName: Brian Katz - Costa Rica; Result: notEnabled; ConditionsNotSatisfied: none; SessionControlsNotSatisfied: 
ID: e4f6bd83-c762-4a93-9fb4-d77b558b5650; DisplayName: Devices - Enforce Device Compliance; Result: reportOnlyFailure; ConditionsNotSatisfied: none; SessionControlsNotSatisfied: 
ID: 46ddead8-098c-4325-bbeb-836e364f64b5; DisplayName: Sessions - Block Persistent Browser Sessions (Untrusted Locations); Result: reportOnlySuccess; ConditionsNotSatisfied: none; SessionControlsNotSatisfied: 
ID: 0149a225-4092-4a09-ab18-ae7c47c5deeb; DisplayName: Sessions - Enforce Sign-In Frequency; Result: reportOnlySuccess; ConditionsNotSatisfied: none; SessionControlsNotSatisfied: 
ID: 408cead8-caca-4de6-bf52-6f34130a6459; DisplayName: Microsoft-managed: Multifactor authentication for admins accessing Microsoft Admin Portals; Result: reportOnlyNotApplied; ConditionsNotSatisfied: application; SessionControlsNotSatisfied: 
ID: e00078dd-d389-4a8f-ba33-ac7b690a7ce3; DisplayName: Brian Katz Montreal 3/15 - 3/21; Result: reportOnlyNotApplied; ConditionsNotSatisfied: users; SessionControlsNotSatisfied: 
ID: da3712b4-2ee4-4d96-b702-9d73cb4e635a; DisplayName: Locations - Enforce Geo-IP Fencing; Result: reportOnlyNotApplied; ConditionsNotSatisfied: location,ipAddressSeenByAzureAD; SessionControlsNotSatisfied: 
ID: 7bd05172-0534-4c9a-a965-6e9370e281df; DisplayName: Protocols - Enforce Modern Authentication; Result: reportOnlyNotApplied; ConditionsNotSatisfied: clientType; SessionControlsNotSatisfied: 
ID: 6c493fe3-b17a-426e-af02-9f28f033239f; DisplayName: Sessions - Block Persistent Browser Sessions (Admins); Result: reportOnlyNotApplied; ConditionsNotSatisfied: users; SessionControlsNotSatisfied: 
ID: 77dbcd7f-566d-4b90-a928-edf2235d1c96; DisplayName: Users - Block Interactive Logins (Service Accounts); Result: reportOnlyNotApplied; ConditionsNotSatisfied: users; SessionControlsNotSatisfied: 
ID: 72f697df-0563-4339-8a40-3a0e56607bcb; DisplayName: Users - Restrict Admin Portal Access; Result: reportOnlyNotApplied; ConditionsNotSatisfied: application; SessionControlsNotSatisfied: ","networkType: namedNetwork; networkNames: Block Countries Per User Per Period","AuthenticationStepDateTime: 2026-08-17T13:05:55Z; AuthenticationMethod: Previously satisfied; AuthenticationMethodDetail: ; Succeeded: True; AuthenticationStepResultDetail: First factor requirement satisfied by claim in the token; AuthenticationStepRequirement: ;
AuthenticationStepDateTime: 2026-08-17T13:05:55Z; AuthenticationMethod: Previously satisfied; AuthenticationMethodDetail: ; Succeeded: True; AuthenticationStepResultDetail: MFA requirement satisfied by claim in the token; AuthenticationStepRequirement: ;"
"2026-08-17T12:56:39Z","Michael Fraska","mfraska@pineywoodstitle.com","38aa3b87-a06d-4817-b275-7a316988d93b","Windows Sign In","47.206.189.128","Mobile Apps and Desktop clients","Windows-AzureAD-Authentication-Provider/1.0","28956979-f82a-482a-a96c-305c8c1409e3","True","singleFactorAuthentication","errorCode: 0; failureReason: Other.; additionalDetails: MFA requirement satisfied by claim in the token","deviceId: a8bc19e9-c2d8-433c-b864-0099328cc8de; displayName: DESKTOP-49S384O; operatingSystem: Windows; browser: ; isCompliant: False; isManaged: False; trustType: Azure AD joined","city: Tampa; state: Florida; countryOrRegion: US; geoCoordinates: @{altitude=; latitude=27.94497; longitude=-82.44757}","notApplied","","networkType: namedNetwork; networkNames: Block Countries Per User Per Period","AuthenticationStepDateTime: 2026-08-17T12:56:39Z; AuthenticationMethod: Windows Hello for Business; AuthenticationMethodDetail: ; Succeeded: True; AuthenticationStepResultDetail: User approved; AuthenticationStepRequirement: ;"
"2026-08-17T12:48:32Z","Patrick Kenny","pkenny@katzcapital.com","38aa3b87-a06d-4817-b275-7a316988d93b","Windows Sign In","71.46.218.18","Mobile Apps and Desktop clients","Windows-AzureAD-Authentication-Provider/1.0","42bf27cd-592e-42ea-ba3a-771e66f1738b","True","singleFactorAuthentication","errorCode: 0; failureReason: Other.; additionalDetails: MFA requirement satisfied by claim in the token","deviceId: 16c6fa36-c0b1-49fe-8eaa-8f8d987918df; displayName: PWC-L-25-02; operatingSystem: Windows; browser: ; isCompliant: False; isManaged: False; trustType: Azure AD joined","city: Tampa; state: Florida; countryOrRegion: US; geoCoordinates: @{altitude=; latitude=28.00153; longitude=-82.37678}","notApplied","","networkType: namedNetwork; networkNames: Block Countries Per User Per Period","AuthenticationStepDateTime: 2026-08-17T12:48:32Z; AuthenticationMethod: Windows Hello for Business; AuthenticationMethodDetail: ; Succeeded: True; AuthenticationStepResultDetail: User approved; AuthenticationStepRequirement: ;"
"2026-08-17T12:44:08Z","Charles Cleveland","ccleveland@katzcapital.com","89bee1f7-5e6e-4d8a-9f3d-ecd601259da7","Office365 Shell WCSS-Client","71.46.218.18","Browser","Mozilla/5.0 (Windows NT 10.0; Win64; x64) AppleWebKit/537.36 (KHTML, like Gecko) Chrome/151.0.0.0 Safari/537.36 Edg/151.0.0.0","01a00fc0-3721-7fb3-a85a-283d60510ca8","True","multiFactorAuthentication","errorCode: 0; failureReason: Other.; additionalDetails: MFA requirement satisfied by claim in the token","deviceId: bc7374e3-f031-4efa-95c8-64485e11cc7c; displayName: PWC-L-23-01; operatingSystem: Windows10; browser: Edge 151.0.0; isCompliant: False; isManaged: False; trustType: Azure AD joined","city: Tampa; state: Florida; countryOrRegion: US; geoCoordinates: @{altitude=; latitude=28.00153; longitude=-82.37678}","success","ID: a08e9a43-c474-45ce-854f-67d0f7b3deec; DisplayName: Enable MFA - All Users; Result: success; ConditionsNotSatisfied: none; SessionControlsNotSatisfied: 
ID: b8e8a1ff-dfc9-4eff-8c45-e209f4e26e5b; DisplayName: KaztCap SSL VPN Access; Result: notApplied; ConditionsNotSatisfied: users; SessionControlsNotSatisfied: 
ID: 2c6518a2-ced4-420b-99b2-7a01741512b8; DisplayName: Location Based Access - Allow Specific Countries; Result: notEnabled; ConditionsNotSatisfied: none; SessionControlsNotSatisfied: 
ID: 9dba74f8-0de6-406e-b38c-ba05ea657153; DisplayName: Microsoft-managed: Multifactor authentication for per-user multifactor authentication users; Result: notEnabled; ConditionsNotSatisfied: none; SessionControlsNotSatisfied: 
ID: e51298da-9965-4f54-be5a-a1bfa7391207; DisplayName: Microsoft-managed: Multifactor authentication and reauthentication for risky sign-ins; Result: notApplied; ConditionsNotSatisfied: signInRisk; SessionControlsNotSatisfied: 
ID: c6569448-6b9b-4329-8356-6cdb035f7cf2; DisplayName: Enable MFA - bwadmin; Result: notApplied; ConditionsNotSatisfied: users; SessionControlsNotSatisfied: 
ID: 3cc748c6-e739-4559-b56f-dc898b93b757; DisplayName: Brian Katz Travel Cayman - 12/21-12/28; Result: notEnabled; ConditionsNotSatisfied: none; SessionControlsNotSatisfied: 
ID: 7249cafd-bd3b-4f0c-9f6a-de4933e0a484; DisplayName: Location Based Access - Block Outside US; Result: notApplied; ConditionsNotSatisfied: location,ipAddressSeenByAzureAD; SessionControlsNotSatisfied: 
ID: dbe24e2b-7971-4159-92e7-029febd9403a; DisplayName: Jeff Lenderman Travel BVI 3/13-3/19; Result: notEnabled; ConditionsNotSatisfied: none; SessionControlsNotSatisfied: 
ID: bda0d60a-c582-4d69-9d7e-f9166be26b08; DisplayName: Brian Katz - Costa Rica; Result: notEnabled; ConditionsNotSatisfied: none; SessionControlsNotSatisfied: 
ID: 46ddead8-098c-4325-bbeb-836e364f64b5; DisplayName: Sessions - Block Persistent Browser Sessions (Untrusted Locations); Result: reportOnlySuccess; ConditionsNotSatisfied: none; SessionControlsNotSatisfied: 
ID: 0149a225-4092-4a09-ab18-ae7c47c5deeb; DisplayName: Sessions - Enforce Sign-In Frequency; Result: reportOnlySuccess; ConditionsNotSatisfied: none; SessionControlsNotSatisfied: 
ID: 408cead8-caca-4de6-bf52-6f34130a6459; DisplayName: Microsoft-managed: Multifactor authentication for admins accessing Microsoft Admin Portals; Result: reportOnlyNotApplied; ConditionsNotSatisfied: application; SessionControlsNotSatisfied: 
ID: e00078dd-d389-4a8f-ba33-ac7b690a7ce3; DisplayName: Brian Katz Montreal 3/15 - 3/21; Result: reportOnlyNotApplied; ConditionsNotSatisfied: users; SessionControlsNotSatisfied: 
ID: e4f6bd83-c762-4a93-9fb4-d77b558b5650; DisplayName: Devices - Enforce Device Compliance; Result: reportOnlyNotApplied; ConditionsNotSatisfied: deviceState; SessionControlsNotSatisfied: 
ID: da3712b4-2ee4-4d96-b702-9d73cb4e635a; DisplayName: Locations - Enforce Geo-IP Fencing; Result: reportOnlyNotApplied; ConditionsNotSatisfied: location,ipAddressSeenByAzureAD; SessionControlsNotSatisfied: 
ID: 7bd05172-0534-4c9a-a965-6e9370e281df; DisplayName: Protocols - Enforce Modern Authentication; Result: reportOnlyNotApplied; ConditionsNotSatisfied: clientType; SessionControlsNotSatisfied: 
ID: 6c493fe3-b17a-426e-af02-9f28f033239f; DisplayName: Sessions - Block Persistent Browser Sessions (Admins); Result: reportOnlyNotApplied; ConditionsNotSatisfied: users; SessionControlsNotSatisfied: 
ID: 77dbcd7f-566d-4b90-a928-edf2235d1c96; DisplayName: Users - Block Interactive Logins (Service Accounts); Result: reportOnlyNotApplied; ConditionsNotSatisfied: users; SessionControlsNotSatisfied: 
ID: 72f697df-0563-4339-8a40-3a0e56607bcb; DisplayName: Users - Restrict Admin Portal Access; Result: reportOnlyNotApplied; ConditionsNotSatisfied: application; SessionControlsNotSatisfied: ","networkType: namedNetwork; networkNames: Block Countries Per User Per Period","AuthenticationStepDateTime: 2026-08-17T12:44:08Z; AuthenticationMethod: Previously satisfied; AuthenticationMethodDetail: ; Succeeded: True; AuthenticationStepResultDetail: First factor requirement satisfied by claim in the token; AuthenticationStepRequirement: ;
AuthenticationStepDateTime: 2026-08-17T12:44:08Z; AuthenticationMethod: Previously satisfied; AuthenticationMethodDetail: ; Succeeded: True; AuthenticationStepResultDetail: MFA requirement satisfied by claim in the token; AuthenticationStepRequirement: ;"
"2026-08-17T12:35:27Z","Charles Cleveland","ccleveland@katzcapital.com","89bee1f7-5e6e-4d8a-9f3d-ecd601259da7","Office365 Shell WCSS-Client","71.46.218.18","Browser","Mozilla/5.0 (Windows NT 10.0; Win64; x64) AppleWebKit/537.36 (KHTML, like Gecko) Chrome/151.0.0.0 Safari/537.36 Edg/151.0.0.0","01a00fb8-4362-778a-81ee-a9ccda43db56","True","multiFactorAuthentication","errorCode: 0; failureReason: Other.; additionalDetails: MFA requirement satisfied by claim in the token","deviceId: bc7374e3-f031-4efa-95c8-64485e11cc7c; displayName: PWC-L-23-01; operatingSystem: Windows10; browser: Edge 151.0.0; isCompliant: False; isManaged: False; trustType: Azure AD joined","city: Tampa; state: Florida; countryOrRegion: US; geoCoordinates: @{altitude=; latitude=28.00153; longitude=-82.37678}","success","ID: a08e9a43-c474-45ce-854f-67d0f7b3deec; DisplayName: Enable MFA - All Users; Result: success; ConditionsNotSatisfied: none; SessionControlsNotSatisfied: 
ID: b8e8a1ff-dfc9-4eff-8c45-e209f4e26e5b; DisplayName: KaztCap SSL VPN Access; Result: notApplied; ConditionsNotSatisfied: users; SessionControlsNotSatisfied: 
ID: c6569448-6b9b-4329-8356-6cdb035f7cf2; DisplayName: Enable MFA - bwadmin; Result: notApplied; ConditionsNotSatisfied: users; SessionControlsNotSatisfied: 
ID: 9dba74f8-0de6-406e-b38c-ba05ea657153; DisplayName: Microsoft-managed: Multifactor authentication for per-user multifactor authentication users; Result: notEnabled; ConditionsNotSatisfied: none; SessionControlsNotSatisfied: 
ID: 7249cafd-bd3b-4f0c-9f6a-de4933e0a484; DisplayName: Location Based Access - Block Outside US; Result: notApplied; ConditionsNotSatisfied: location,ipAddressSeenByAzureAD; SessionControlsNotSatisfied: 
ID: 2c6518a2-ced4-420b-99b2-7a01741512b8; DisplayName: Location Based Access - Allow Specific Countries; Result: notEnabled; ConditionsNotSatisfied: none; SessionControlsNotSatisfied: 
ID: e51298da-9965-4f54-be5a-a1bfa7391207; DisplayName: Microsoft-managed: Multifactor authentication and reauthentication for risky sign-ins; Result: notApplied; ConditionsNotSatisfied: signInRisk; SessionControlsNotSatisfied: 
ID: 3cc748c6-e739-4559-b56f-dc898b93b757; DisplayName: Brian Katz Travel Cayman - 12/21-12/28; Result: notEnabled; ConditionsNotSatisfied: none; SessionControlsNotSatisfied: 
ID: dbe24e2b-7971-4159-92e7-029febd9403a; DisplayName: Jeff Lenderman Travel BVI 3/13-3/19; Result: notEnabled; ConditionsNotSatisfied: none; SessionControlsNotSatisfied: 
ID: bda0d60a-c582-4d69-9d7e-f9166be26b08; DisplayName: Brian Katz - Costa Rica; Result: notEnabled; ConditionsNotSatisfied: none; SessionControlsNotSatisfied: 
ID: 46ddead8-098c-4325-bbeb-836e364f64b5; DisplayName: Sessions - Block Persistent Browser Sessions (Untrusted Locations); Result: reportOnlySuccess; ConditionsNotSatisfied: none; SessionControlsNotSatisfied: 
ID: 0149a225-4092-4a09-ab18-ae7c47c5deeb; DisplayName: Sessions - Enforce Sign-In Frequency; Result: reportOnlySuccess; ConditionsNotSatisfied: none; SessionControlsNotSatisfied: 
ID: 408cead8-caca-4de6-bf52-6f34130a6459; DisplayName: Microsoft-managed: Multifactor authentication for admins accessing Microsoft Admin Portals; Result: reportOnlyNotApplied; ConditionsNotSatisfied: application; SessionControlsNotSatisfied: 
ID: e00078dd-d389-4a8f-ba33-ac7b690a7ce3; DisplayName: Brian Katz Montreal 3/15 - 3/21; Result: reportOnlyNotApplied; ConditionsNotSatisfied: users; SessionControlsNotSatisfied: 
ID: e4f6bd83-c762-4a93-9fb4-d77b558b5650; DisplayName: Devices - Enforce Device Compliance; Result: reportOnlyNotApplied; ConditionsNotSatisfied: deviceState; SessionControlsNotSatisfied: 
ID: da3712b4-2ee4-4d96-b702-9d73cb4e635a; DisplayName: Locations - Enforce Geo-IP Fencing; Result: reportOnlyNotApplied; ConditionsNotSatisfied: location,ipAddressSeenByAzureAD; SessionControlsNotSatisfied: 
ID: 7bd05172-0534-4c9a-a965-6e9370e281df; DisplayName: Protocols - Enforce Modern Authentication; Result: reportOnlyNotApplied; ConditionsNotSatisfied: clientType; SessionControlsNotSatisfied: 
ID: 6c493fe3-b17a-426e-af02-9f28f033239f; DisplayName: Sessions - Block Persistent Browser Sessions (Admins); Result: reportOnlyNotApplied; ConditionsNotSatisfied: users; SessionControlsNotSatisfied: 
ID: 77dbcd7f-566d-4b90-a928-edf2235d1c96; DisplayName: Users - Block Interactive Logins (Service Accounts); Result: reportOnlyNotApplied; ConditionsNotSatisfied: users; SessionControlsNotSatisfied: 
ID: 72f697df-0563-4339-8a40-3a0e56607bcb; DisplayName: Users - Restrict Admin Portal Access; Result: reportOnlyNotApplied; ConditionsNotSatisfied: application; SessionControlsNotSatisfied: ","networkType: namedNetwork; networkNames: Block Countries Per User Per Period","AuthenticationStepDateTime: 2026-08-17T12:35:27Z; AuthenticationMethod: Previously satisfied; AuthenticationMethodDetail: ; Succeeded: True; AuthenticationStepResultDetail: First factor requirement satisfied by claim in the token; AuthenticationStepRequirement: ;
AuthenticationStepDateTime: 2026-08-17T12:35:27Z; AuthenticationMethod: Previously satisfied; AuthenticationMethodDetail: ; Succeeded: True; AuthenticationStepResultDetail: MFA requirement satisfied by claim in the token; AuthenticationStepRequirement: ;"
"2026-08-17T12:35:17Z","Charles Cleveland","ccleveland@katzcapital.com","243c63a3-247d-41c5-9d83-7788c43f1c43","Office Online Core SSO","71.46.218.18","Browser","Mozilla/5.0 (Windows NT 10.0; Win64; x64) AppleWebKit/537.36 (KHTML, like Gecko) Chrome/151.0.0.0 Safari/537.36 Edg/151.0.0.0","c3517c28-bc90-4030-8cd7-eeb8961acc2a","True","multiFactorAuthentication","errorCode: 0; failureReason: Other.; additionalDetails: MFA requirement satisfied by claim in the token","deviceId: bc7374e3-f031-4efa-95c8-64485e11cc7c; displayName: PWC-L-23-01; operatingSystem: Windows10; browser: Edge 151.0.0; isCompliant: False; isManaged: False; trustType: Azure AD joined","city: Tampa; state: Florida; countryOrRegion: US; geoCoordinates: @{altitude=; latitude=28.00153; longitude=-82.37678}","success","ID: a08e9a43-c474-45ce-854f-67d0f7b3deec; DisplayName: Enable MFA - All Users; Result: success; ConditionsNotSatisfied: none; SessionControlsNotSatisfied: 
ID: b8e8a1ff-dfc9-4eff-8c45-e209f4e26e5b; DisplayName: KaztCap SSL VPN Access; Result: notApplied; ConditionsNotSatisfied: users; SessionControlsNotSatisfied: 
ID: c6569448-6b9b-4329-8356-6cdb035f7cf2; DisplayName: Enable MFA - bwadmin; Result: notApplied; ConditionsNotSatisfied: users; SessionControlsNotSatisfied: 
ID: 2c6518a2-ced4-420b-99b2-7a01741512b8; DisplayName: Location Based Access - Allow Specific Countries; Result: notEnabled; ConditionsNotSatisfied: none; SessionControlsNotSatisfied: 
ID: 9dba74f8-0de6-406e-b38c-ba05ea657153; DisplayName: Microsoft-managed: Multifactor authentication for per-user multifactor authentication users; Result: notEnabled; ConditionsNotSatisfied: none; SessionControlsNotSatisfied: 
ID: 7249cafd-bd3b-4f0c-9f6a-de4933e0a484; DisplayName: Location Based Access - Block Outside US; Result: notApplied; ConditionsNotSatisfied: location,ipAddressSeenByAzureAD; SessionControlsNotSatisfied: 
ID: e51298da-9965-4f54-be5a-a1bfa7391207; DisplayName: Microsoft-managed: Multifactor authentication and reauthentication for risky sign-ins; Result: notApplied; ConditionsNotSatisfied: signInRisk; SessionControlsNotSatisfied: 
ID: 3cc748c6-e739-4559-b56f-dc898b93b757; DisplayName: Brian Katz Travel Cayman - 12/21-12/28; Result: notEnabled; ConditionsNotSatisfied: none; SessionControlsNotSatisfied: 
ID: dbe24e2b-7971-4159-92e7-029febd9403a; DisplayName: Jeff Lenderman Travel BVI 3/13-3/19; Result: notEnabled; ConditionsNotSatisfied: none; SessionControlsNotSatisfied: 
ID: bda0d60a-c582-4d69-9d7e-f9166be26b08; DisplayName: Brian Katz - Costa Rica; Result: notEnabled; ConditionsNotSatisfied: none; SessionControlsNotSatisfied: 
ID: 46ddead8-098c-4325-bbeb-836e364f64b5; DisplayName: Sessions - Block Persistent Browser Sessions (Untrusted Locations); Result: reportOnlySuccess; ConditionsNotSatisfied: none; SessionControlsNotSatisfied: 
ID: 0149a225-4092-4a09-ab18-ae7c47c5deeb; DisplayName: Sessions - Enforce Sign-In Frequency; Result: reportOnlySuccess; ConditionsNotSatisfied: none; SessionControlsNotSatisfied: 
ID: 408cead8-caca-4de6-bf52-6f34130a6459; DisplayName: Microsoft-managed: Multifactor authentication for admins accessing Microsoft Admin Portals; Result: reportOnlyNotApplied; ConditionsNotSatisfied: application; SessionControlsNotSatisfied: 
ID: e00078dd-d389-4a8f-ba33-ac7b690a7ce3; DisplayName: Brian Katz Montreal 3/15 - 3/21; Result: reportOnlyNotApplied; ConditionsNotSatisfied: users; SessionControlsNotSatisfied: 
ID: e4f6bd83-c762-4a93-9fb4-d77b558b5650; DisplayName: Devices - Enforce Device Compliance; Result: reportOnlyNotApplied; ConditionsNotSatisfied: deviceState; SessionControlsNotSatisfied: 
ID: da3712b4-2ee4-4d96-b702-9d73cb4e635a; DisplayName: Locations - Enforce Geo-IP Fencing; Result: reportOnlyNotApplied; ConditionsNotSatisfied: location,ipAddressSeenByAzureAD; SessionControlsNotSatisfied: 
ID: 7bd05172-0534-4c9a-a965-6e9370e281df; DisplayName: Protocols - Enforce Modern Authentication; Result: reportOnlyNotApplied; ConditionsNotSatisfied: clientType; SessionControlsNotSatisfied: 
ID: 6c493fe3-b17a-426e-af02-9f28f033239f; DisplayName: Sessions - Block Persistent Browser Sessions (Admins); Result: reportOnlyNotApplied; ConditionsNotSatisfied: users; SessionControlsNotSatisfied: 
ID: 77dbcd7f-566d-4b90-a928-edf2235d1c96; DisplayName: Users - Block Interactive Logins (Service Accounts); Result: reportOnlyNotApplied; ConditionsNotSatisfied: users; SessionControlsNotSatisfied: 
ID: 72f697df-0563-4339-8a40-3a0e56607bcb; DisplayName: Users - Restrict Admin Portal Access; Result: reportOnlyNotApplied; ConditionsNotSatisfied: application; SessionControlsNotSatisfied: ","networkType: namedNetwork; networkNames: Block Countries Per User Per Period","AuthenticationStepDateTime: 2026-08-17T12:35:17Z; AuthenticationMethod: Previously satisfied; AuthenticationMethodDetail: ; Succeeded: True; AuthenticationStepResultDetail: First factor requirement satisfied by claim in the token; AuthenticationStepRequirement: ;
AuthenticationStepDateTime: 2026-08-17T12:35:17Z; AuthenticationMethod: Previously satisfied; AuthenticationMethodDetail: ; Succeeded: True; AuthenticationStepResultDetail: MFA requirement satisfied by claim in the token; AuthenticationStepRequirement: ;"
"2026-08-17T12:19:07Z","Charles Cleveland","ccleveland@katzcapital.com","38aa3b87-a06d-4817-b275-7a316988d93b","Windows Sign In","71.46.218.18","Mobile Apps and Desktop clients","Windows-AzureAD-Authentication-Provider/1.0","058f767a-5401-478f-a8e1-3729c79a2d51","True","singleFactorAuthentication","errorCode: 0; failureReason: Other.; additionalDetails: MFA requirement satisfied by claim in the token","deviceId: bc7374e3-f031-4efa-95c8-64485e11cc7c; displayName: PWC-L-23-01; operatingSystem: Windows; browser: ; isCompliant: False; isManaged: False; trustType: Azure AD joined","city: Tampa; state: Florida; countryOrRegion: US; geoCoordinates: @{altitude=; latitude=28.00153; longitude=-82.37678}","notApplied","","networkType: namedNetwork; networkNames: Block Countries Per User Per Period","AuthenticationStepDateTime: 2026-08-17T12:19:07Z; AuthenticationMethod: Windows Hello for Business; AuthenticationMethodDetail: ; Succeeded: True; AuthenticationStepResultDetail: User approved; AuthenticationStepRequirement: ;"
"2026-08-17T11:35:35Z","Brian Katz","bkatz@katzcapital.com","38aa3b87-a06d-4817-b275-7a316988d93b","Windows Sign In","71.46.218.18","Mobile Apps and Desktop clients","Windows-AzureAD-Authentication-Provider/1.0","022a2660-8607-4556-9df3-e5e7567e930c","True","singleFactorAuthentication","errorCode: 0; failureReason: Other.; additionalDetails: MFA requirement satisfied by claim in the token","deviceId: 96b5d6dc-e36d-480c-9d95-ea47db6fb789; displayName: PWD-L-22-02; operatingSystem: Windows; browser: ; isCompliant: False; isManaged: False; trustType: Azure AD joined","city: Tampa; state: Florida; countryOrRegion: US; geoCoordinates: @{altitude=; latitude=28.00153; longitude=-82.37678}","notApplied","","networkType: namedNetwork; networkNames: Block Countries Per User Per Period","AuthenticationStepDateTime: 2026-08-17T11:35:35Z; AuthenticationMethod: Windows Hello for Business; AuthenticationMethodDetail: ; Succeeded: True; AuthenticationStepResultDetail: User approved; AuthenticationStepRequirement: ;"
"2026-08-17T11:16:55Z","Vic Pellegrino","vpellegrino@katzcapital.com","38aa3b87-a06d-4817-b275-7a316988d93b","Windows Sign In","71.46.218.18","Mobile Apps and Desktop clients","Windows-AzureAD-Authentication-Provider/1.0","97b6249f-37f1-486f-a900-8fc10cec2d1b","True","singleFactorAuthentication","errorCode: 0; failureReason: Other.; additionalDetails: MFA requirement satisfied by claim in the token","deviceId: 1f32f206-823d-4edb-8433-42eb108dd013; displayName: PWC-L-26-01; operatingSystem: Windows; browser: ; isCompliant: False; isManaged: False; trustType: Azure AD joined","city: Tampa; state: Florida; countryOrRegion: US; geoCoordinates: @{altitude=; latitude=28.00153; longitude=-82.37678}","notApplied","","networkType: namedNetwork; networkNames: Block Countries Per User Per Period","AuthenticationStepDateTime: 2026-08-17T11:16:55Z; AuthenticationMethod: Windows Hello for Business; AuthenticationMethodDetail: ; Succeeded: True; AuthenticationStepResultDetail: User approved; AuthenticationStepRequirement: ;"
"2026-08-17T09:46:06Z","Ashley Savala","asavala@pineywoodsrealtyfl.com","9199bf20-a13f-4107-85dc-02114787ef48","One Outlook Web","47.198.26.60","Browser","Mozilla/5.0 (Windows NT 10.0; Win64; x64) AppleWebKit/537.36 (KHTML, like Gecko) Chrome/151.0.0.0 Safari/537.36","4f077815-077b-6e28-f6b8-7508c1dd8c4e","True","multiFactorAuthentication","errorCode: 0; failureReason: Other.; additionalDetails: MFA requirement satisfied by claim in the token","deviceId: ; displayName: ; operatingSystem: Windows10; browser: Chrome 151.0.0; isCompliant: False; isManaged: False; trustType: ","city: Odessa; state: Florida; countryOrRegion: US; geoCoordinates: @{altitude=; latitude=28.1414; longitude=-82.59334}","success","ID: a08e9a43-c474-45ce-854f-67d0f7b3deec; DisplayName: Enable MFA - All Users; Result: success; ConditionsNotSatisfied: none; SessionControlsNotSatisfied: 
ID: b8e8a1ff-dfc9-4eff-8c45-e209f4e26e5b; DisplayName: KaztCap SSL VPN Access; Result: notApplied; ConditionsNotSatisfied: users; SessionControlsNotSatisfied: 
ID: c6569448-6b9b-4329-8356-6cdb035f7cf2; DisplayName: Enable MFA - bwadmin; Result: notApplied; ConditionsNotSatisfied: users; SessionControlsNotSatisfied: 
ID: 9dba74f8-0de6-406e-b38c-ba05ea657153; DisplayName: Microsoft-managed: Multifactor authentication for per-user multifactor authentication users; Result: notEnabled; ConditionsNotSatisfied: none; SessionControlsNotSatisfied: 
ID: 7249cafd-bd3b-4f0c-9f6a-de4933e0a484; DisplayName: Location Based Access - Block Outside US; Result: notApplied; ConditionsNotSatisfied: location,ipAddressSeenByAzureAD; SessionControlsNotSatisfied: 
ID: 2c6518a2-ced4-420b-99b2-7a01741512b8; DisplayName: Location Based Access - Allow Specific Countries; Result: notEnabled; ConditionsNotSatisfied: none; SessionControlsNotSatisfied: 
ID: e51298da-9965-4f54-be5a-a1bfa7391207; DisplayName: Microsoft-managed: Multifactor authentication and reauthentication for risky sign-ins; Result: notApplied; ConditionsNotSatisfied: signInRisk; SessionControlsNotSatisfied: 
ID: 3cc748c6-e739-4559-b56f-dc898b93b757; DisplayName: Brian Katz Travel Cayman - 12/21-12/28; Result: notEnabled; ConditionsNotSatisfied: none; SessionControlsNotSatisfied: 
ID: dbe24e2b-7971-4159-92e7-029febd9403a; DisplayName: Jeff Lenderman Travel BVI 3/13-3/19; Result: notEnabled; ConditionsNotSatisfied: none; SessionControlsNotSatisfied: 
ID: bda0d60a-c582-4d69-9d7e-f9166be26b08; DisplayName: Brian Katz - Costa Rica; Result: notEnabled; ConditionsNotSatisfied: none; SessionControlsNotSatisfied: 
ID: e4f6bd83-c762-4a93-9fb4-d77b558b5650; DisplayName: Devices - Enforce Device Compliance; Result: reportOnlyFailure; ConditionsNotSatisfied: none; SessionControlsNotSatisfied: 
ID: 46ddead8-098c-4325-bbeb-836e364f64b5; DisplayName: Sessions - Block Persistent Browser Sessions (Untrusted Locations); Result: reportOnlySuccess; ConditionsNotSatisfied: none; SessionControlsNotSatisfied: 
ID: 0149a225-4092-4a09-ab18-ae7c47c5deeb; DisplayName: Sessions - Enforce Sign-In Frequency; Result: reportOnlySuccess; ConditionsNotSatisfied: none; SessionControlsNotSatisfied: 
ID: 408cead8-caca-4de6-bf52-6f34130a6459; DisplayName: Microsoft-managed: Multifactor authentication for admins accessing Microsoft Admin Portals; Result: reportOnlyNotApplied; ConditionsNotSatisfied: application; SessionControlsNotSatisfied: 
ID: e00078dd-d389-4a8f-ba33-ac7b690a7ce3; DisplayName: Brian Katz Montreal 3/15 - 3/21; Result: reportOnlyNotApplied; ConditionsNotSatisfied: users; SessionControlsNotSatisfied: 
ID: da3712b4-2ee4-4d96-b702-9d73cb4e635a; DisplayName: Locations - Enforce Geo-IP Fencing; Result: reportOnlyNotApplied; ConditionsNotSatisfied: location,ipAddressSeenByAzureAD; SessionControlsNotSatisfied: 
ID: 7bd05172-0534-4c9a-a965-6e9370e281df; DisplayName: Protocols - Enforce Modern Authentication; Result: reportOnlyNotApplied; ConditionsNotSatisfied: clientType; SessionControlsNotSatisfied: 
ID: 6c493fe3-b17a-426e-af02-9f28f033239f; DisplayName: Sessions - Block Persistent Browser Sessions (Admins); Result: reportOnlyNotApplied; ConditionsNotSatisfied: users; SessionControlsNotSatisfied: 
ID: 77dbcd7f-566d-4b90-a928-edf2235d1c96; DisplayName: Users - Block Interactive Logins (Service Accounts); Result: reportOnlyNotApplied; ConditionsNotSatisfied: users; SessionControlsNotSatisfied: 
ID: 72f697df-0563-4339-8a40-3a0e56607bcb; DisplayName: Users - Restrict Admin Portal Access; Result: reportOnlyNotApplied; ConditionsNotSatisfied: application; SessionControlsNotSatisfied: ","networkType: namedNetwork; networkNames: Block Countries Per User Per Period","AuthenticationStepDateTime: 2026-08-17T09:46:06Z; AuthenticationMethod: Previously satisfied; AuthenticationMethodDetail: ; Succeeded: True; AuthenticationStepResultDetail: First factor requirement satisfied by claim in the token; AuthenticationStepRequirement: ;
AuthenticationStepDateTime: 2026-08-17T09:46:06Z; AuthenticationMethod: Previously satisfied; AuthenticationMethodDetail: ; Succeeded: True; AuthenticationStepResultDetail: MFA requirement satisfied by claim in the token; AuthenticationStepRequirement: ;"
"2026-08-17T09:02:55Z","Pineywoods Realty Admin","admin@pineywoodsrealtyfl.com","9199bf20-a13f-4107-85dc-02114787ef48","One Outlook Web","47.206.189.128","Browser","Mozilla/5.0 (Windows NT 10.0; Win64; x64) AppleWebKit/537.36 (KHTML, like Gecko) Chrome/150.0.0.0 Safari/537.36","7d66ab9e-f3b9-cada-8f26-73ffa8dc1c6b","True","multiFactorAuthentication","errorCode: 0; failureReason: Other.; additionalDetails: MFA requirement satisfied by claim in the token","deviceId: ; displayName: ; operatingSystem: Windows10; browser: Chrome 150.0.0; isCompliant: False; isManaged: False; trustType: ","city: Tampa; state: Florida; countryOrRegion: US; geoCoordinates: @{altitude=; latitude=27.94497; longitude=-82.44757}","success","ID: a08e9a43-c474-45ce-854f-67d0f7b3deec; DisplayName: Enable MFA - All Users; Result: success; ConditionsNotSatisfied: none; SessionControlsNotSatisfied: 
ID: b8e8a1ff-dfc9-4eff-8c45-e209f4e26e5b; DisplayName: KaztCap SSL VPN Access; Result: notApplied; ConditionsNotSatisfied: users; SessionControlsNotSatisfied: 
ID: c6569448-6b9b-4329-8356-6cdb035f7cf2; DisplayName: Enable MFA - bwadmin; Result: notApplied; ConditionsNotSatisfied: users; SessionControlsNotSatisfied: 
ID: 9dba74f8-0de6-406e-b38c-ba05ea657153; DisplayName: Microsoft-managed: Multifactor authentication for per-user multifactor authentication users; Result: notEnabled; ConditionsNotSatisfied: none; SessionControlsNotSatisfied: 
ID: 7249cafd-bd3b-4f0c-9f6a-de4933e0a484; DisplayName: Location Based Access - Block Outside US; Result: notApplied; ConditionsNotSatisfied: location,ipAddressSeenByAzureAD; SessionControlsNotSatisfied: 
ID: 2c6518a2-ced4-420b-99b2-7a01741512b8; DisplayName: Location Based Access - Allow Specific Countries; Result: notEnabled; ConditionsNotSatisfied: none; SessionControlsNotSatisfied: 
ID: e51298da-9965-4f54-be5a-a1bfa7391207; DisplayName: Microsoft-managed: Multifactor authentication and reauthentication for risky sign-ins; Result: notApplied; ConditionsNotSatisfied: signInRisk; SessionControlsNotSatisfied: 
ID: 3cc748c6-e739-4559-b56f-dc898b93b757; DisplayName: Brian Katz Travel Cayman - 12/21-12/28; Result: notEnabled; ConditionsNotSatisfied: none; SessionControlsNotSatisfied: 
ID: dbe24e2b-7971-4159-92e7-029febd9403a; DisplayName: Jeff Lenderman Travel BVI 3/13-3/19; Result: notEnabled; ConditionsNotSatisfied: none; SessionControlsNotSatisfied: 
ID: bda0d60a-c582-4d69-9d7e-f9166be26b08; DisplayName: Brian Katz - Costa Rica; Result: notEnabled; ConditionsNotSatisfied: none; SessionControlsNotSatisfied: 
ID: e4f6bd83-c762-4a93-9fb4-d77b558b5650; DisplayName: Devices - Enforce Device Compliance; Result: reportOnlyFailure; ConditionsNotSatisfied: none; SessionControlsNotSatisfied: 
ID: 46ddead8-098c-4325-bbeb-836e364f64b5; DisplayName: Sessions - Block Persistent Browser Sessions (Untrusted Locations); Result: reportOnlySuccess; ConditionsNotSatisfied: none; SessionControlsNotSatisfied: 
ID: 0149a225-4092-4a09-ab18-ae7c47c5deeb; DisplayName: Sessions - Enforce Sign-In Frequency; Result: reportOnlySuccess; ConditionsNotSatisfied: none; SessionControlsNotSatisfied: 
ID: 408cead8-caca-4de6-bf52-6f34130a6459; DisplayName: Microsoft-managed: Multifactor authentication for admins accessing Microsoft Admin Portals; Result: reportOnlyNotApplied; ConditionsNotSatisfied: application; SessionControlsNotSatisfied: 
ID: e00078dd-d389-4a8f-ba33-ac7b690a7ce3; DisplayName: Brian Katz Montreal 3/15 - 3/21; Result: reportOnlyNotApplied; ConditionsNotSatisfied: users; SessionControlsNotSatisfied: 
ID: da3712b4-2ee4-4d96-b702-9d73cb4e635a; DisplayName: Locations - Enforce Geo-IP Fencing; Result: reportOnlyNotApplied; ConditionsNotSatisfied: location,ipAddressSeenByAzureAD; SessionControlsNotSatisfied: 
ID: 7bd05172-0534-4c9a-a965-6e9370e281df; DisplayName: Protocols - Enforce Modern Authentication; Result: reportOnlyNotApplied; ConditionsNotSatisfied: clientType; SessionControlsNotSatisfied: 
ID: 6c493fe3-b17a-426e-af02-9f28f033239f; DisplayName: Sessions - Block Persistent Browser Sessions (Admins); Result: reportOnlyNotApplied; ConditionsNotSatisfied: users; SessionControlsNotSatisfied: 
ID: 77dbcd7f-566d-4b90-a928-edf2235d1c96; DisplayName: Users - Block Interactive Logins (Service Accounts); Result: reportOnlyNotApplied; ConditionsNotSatisfied: users; SessionControlsNotSatisfied: 
ID: 72f697df-0563-4339-8a40-3a0e56607bcb; DisplayName: Users - Restrict Admin Portal Access; Result: reportOnlyNotApplied; ConditionsNotSatisfied: application; SessionControlsNotSatisfied: ","networkType: namedNetwork; networkNames: Block Countries Per User Per Period","AuthenticationStepDateTime: 2026-08-17T09:02:55Z; AuthenticationMethod: Previously satisfied; AuthenticationMethodDetail: ; Succeeded: True; AuthenticationStepResultDetail: First factor requirement satisfied by claim in the token; AuthenticationStepRequirement: ;
AuthenticationStepDateTime: 2026-08-17T09:02:55Z; AuthenticationMethod: Previously satisfied; AuthenticationMethodDetail: ; Succeeded: True; AuthenticationStepResultDetail: MFA requirement satisfied by claim in the token; AuthenticationStepRequirement: ;"
"2026-08-17T05:00:55Z","Pineywoods Realty Admin","admin@pineywoodsrealtyfl.com","9199bf20-a13f-4107-85dc-02114787ef48","One Outlook Web","47.206.189.128","Browser","Mozilla/5.0 (Windows NT 10.0; Win64; x64) AppleWebKit/537.36 (KHTML, like Gecko) Chrome/150.0.0.0 Safari/537.36","9191326b-a54d-24cd-4936-04a1cd826621","True","multiFactorAuthentication","errorCode: 0; failureReason: Other.; additionalDetails: MFA requirement satisfied by claim in the token","deviceId: ; displayName: ; operatingSystem: Windows10; browser: Chrome 150.0.0; isCompliant: False; isManaged: False; trustType: ","city: Tampa; state: Florida; countryOrRegion: US; geoCoordinates: @{altitude=; latitude=27.94497; longitude=-82.44757}","success","ID: a08e9a43-c474-45ce-854f-67d0f7b3deec; DisplayName: Enable MFA - All Users; Result: success; ConditionsNotSatisfied: none; SessionControlsNotSatisfied: 
ID: b8e8a1ff-dfc9-4eff-8c45-e209f4e26e5b; DisplayName: KaztCap SSL VPN Access; Result: notApplied; ConditionsNotSatisfied: users; SessionControlsNotSatisfied: 
ID: c6569448-6b9b-4329-8356-6cdb035f7cf2; DisplayName: Enable MFA - bwadmin; Result: notApplied; ConditionsNotSatisfied: users; SessionControlsNotSatisfied: 
ID: 2c6518a2-ced4-420b-99b2-7a01741512b8; DisplayName: Location Based Access - Allow Specific Countries; Result: notEnabled; ConditionsNotSatisfied: none; SessionControlsNotSatisfied: 
ID: 9dba74f8-0de6-406e-b38c-ba05ea657153; DisplayName: Microsoft-managed: Multifactor authentication for per-user multifactor authentication users; Result: notEnabled; ConditionsNotSatisfied: none; SessionControlsNotSatisfied: 
ID: 7249cafd-bd3b-4f0c-9f6a-de4933e0a484; DisplayName: Location Based Access - Block Outside US; Result: notApplied; ConditionsNotSatisfied: location,ipAddressSeenByAzureAD; SessionControlsNotSatisfied: 
ID: e51298da-9965-4f54-be5a-a1bfa7391207; DisplayName: Microsoft-managed: Multifactor authentication and reauthentication for risky sign-ins; Result: notApplied; ConditionsNotSatisfied: signInRisk; SessionControlsNotSatisfied: 
ID: 3cc748c6-e739-4559-b56f-dc898b93b757; DisplayName: Brian Katz Travel Cayman - 12/21-12/28; Result: notEnabled; ConditionsNotSatisfied: none; SessionControlsNotSatisfied: 
ID: dbe24e2b-7971-4159-92e7-029febd9403a; DisplayName: Jeff Lenderman Travel BVI 3/13-3/19; Result: notEnabled; ConditionsNotSatisfied: none; SessionControlsNotSatisfied: 
ID: bda0d60a-c582-4d69-9d7e-f9166be26b08; DisplayName: Brian Katz - Costa Rica; Result: notEnabled; ConditionsNotSatisfied: none; SessionControlsNotSatisfied: 
ID: e4f6bd83-c762-4a93-9fb4-d77b558b5650; DisplayName: Devices - Enforce Device Compliance; Result: reportOnlyFailure; ConditionsNotSatisfied: none; SessionControlsNotSatisfied: 
ID: 46ddead8-098c-4325-bbeb-836e364f64b5; DisplayName: Sessions - Block Persistent Browser Sessions (Untrusted Locations); Result: reportOnlySuccess; ConditionsNotSatisfied: none; SessionControlsNotSatisfied: 
ID: 0149a225-4092-4a09-ab18-ae7c47c5deeb; DisplayName: Sessions - Enforce Sign-In Frequency; Result: reportOnlySuccess; ConditionsNotSatisfied: none; SessionControlsNotSatisfied: 
ID: 408cead8-caca-4de6-bf52-6f34130a6459; DisplayName: Microsoft-managed: Multifactor authentication for admins accessing Microsoft Admin Portals; Result: reportOnlyNotApplied; ConditionsNotSatisfied: application; SessionControlsNotSatisfied: 
ID: e00078dd-d389-4a8f-ba33-ac7b690a7ce3; DisplayName: Brian Katz Montreal 3/15 - 3/21; Result: reportOnlyNotApplied; ConditionsNotSatisfied: users; SessionControlsNotSatisfied: 
ID: da3712b4-2ee4-4d96-b702-9d73cb4e635a; DisplayName: Locations - Enforce Geo-IP Fencing; Result: reportOnlyNotApplied; ConditionsNotSatisfied: location,ipAddressSeenByAzureAD; SessionControlsNotSatisfied: 
ID: 7bd05172-0534-4c9a-a965-6e9370e281df; DisplayName: Protocols - Enforce Modern Authentication; Result: reportOnlyNotApplied; ConditionsNotSatisfied: clientType; SessionControlsNotSatisfied: 
ID: 6c493fe3-b17a-426e-af02-9f28f033239f; DisplayName: Sessions - Block Persistent Browser Sessions (Admins); Result: reportOnlyNotApplied; ConditionsNotSatisfied: users; SessionControlsNotSatisfied: 
ID: 77dbcd7f-566d-4b90-a928-edf2235d1c96; DisplayName: Users - Block Interactive Logins (Service Accounts); Result: reportOnlyNotApplied; ConditionsNotSatisfied: users; SessionControlsNotSatisfied: 
ID: 72f697df-0563-4339-8a40-3a0e56607bcb; DisplayName: Users - Restrict Admin Portal Access; Result: reportOnlyNotApplied; ConditionsNotSatisfied: application; SessionControlsNotSatisfied: ","networkType: namedNetwork; networkNames: Block Countries Per User Per Period","AuthenticationStepDateTime: 2026-08-17T05:00:55Z; AuthenticationMethod: Previously satisfied; AuthenticationMethodDetail: ; Succeeded: True; AuthenticationStepResultDetail: First factor requirement satisfied by claim in the token; AuthenticationStepRequirement: ;
AuthenticationStepDateTime: 2026-08-17T05:00:55Z; AuthenticationMethod: Previously satisfied; AuthenticationMethodDetail: ; Succeeded: True; AuthenticationStepResultDetail: MFA requirement satisfied by claim in the token; AuthenticationStepRequirement: ;"
"2026-08-17T03:05:27Z","Ashley Savala","asavala@pineywoodsrealtyfl.com","9199bf20-a13f-4107-85dc-02114787ef48","One Outlook Web","47.198.26.60","Browser","Mozilla/5.0 (Windows NT 10.0; Win64; x64) AppleWebKit/537.36 (KHTML, like Gecko) Chrome/151.0.0.0 Safari/537.36","acbc9e3f-f145-7de6-65af-ccae8f6efe6b","True","multiFactorAuthentication","errorCode: 0; failureReason: Other.; additionalDetails: MFA requirement satisfied by claim in the token","deviceId: ; displayName: ; operatingSystem: Windows10; browser: Chrome 151.0.0; isCompliant: False; isManaged: False; trustType: ","city: Odessa; state: Florida; countryOrRegion: US; geoCoordinates: @{altitude=; latitude=28.1414; longitude=-82.59334}","success","ID: a08e9a43-c474-45ce-854f-67d0f7b3deec; DisplayName: Enable MFA - All Users; Result: success; ConditionsNotSatisfied: none; SessionControlsNotSatisfied: 
ID: b8e8a1ff-dfc9-4eff-8c45-e209f4e26e5b; DisplayName: KaztCap SSL VPN Access; Result: notApplied; ConditionsNotSatisfied: users; SessionControlsNotSatisfied: 
ID: c6569448-6b9b-4329-8356-6cdb035f7cf2; DisplayName: Enable MFA - bwadmin; Result: notApplied; ConditionsNotSatisfied: users; SessionControlsNotSatisfied: 
ID: 9dba74f8-0de6-406e-b38c-ba05ea657153; DisplayName: Microsoft-managed: Multifactor authentication for per-user multifactor authentication users; Result: notEnabled; ConditionsNotSatisfied: none; SessionControlsNotSatisfied: 
ID: 7249cafd-bd3b-4f0c-9f6a-de4933e0a484; DisplayName: Location Based Access - Block Outside US; Result: notApplied; ConditionsNotSatisfied: location,ipAddressSeenByAzureAD; SessionControlsNotSatisfied: 
ID: 2c6518a2-ced4-420b-99b2-7a01741512b8; DisplayName: Location Based Access - Allow Specific Countries; Result: notEnabled; ConditionsNotSatisfied: none; SessionControlsNotSatisfied: 
ID: e51298da-9965-4f54-be5a-a1bfa7391207; DisplayName: Microsoft-managed: Multifactor authentication and reauthentication for risky sign-ins; Result: notApplied; ConditionsNotSatisfied: signInRisk; SessionControlsNotSatisfied: 
ID: 3cc748c6-e739-4559-b56f-dc898b93b757; DisplayName: Brian Katz Travel Cayman - 12/21-12/28; Result: notEnabled; ConditionsNotSatisfied: none; SessionControlsNotSatisfied: 
ID: dbe24e2b-7971-4159-92e7-029febd9403a; DisplayName: Jeff Lenderman Travel BVI 3/13-3/19; Result: notEnabled; ConditionsNotSatisfied: none; SessionControlsNotSatisfied: 
ID: bda0d60a-c582-4d69-9d7e-f9166be26b08; DisplayName: Brian Katz - Costa Rica; Result: notEnabled; ConditionsNotSatisfied: none; SessionControlsNotSatisfied: 
ID: e4f6bd83-c762-4a93-9fb4-d77b558b5650; DisplayName: Devices - Enforce Device Compliance; Result: reportOnlyFailure; ConditionsNotSatisfied: none; SessionControlsNotSatisfied: 
ID: 46ddead8-098c-4325-bbeb-836e364f64b5; DisplayName: Sessions - Block Persistent Browser Sessions (Untrusted Locations); Result: reportOnlySuccess; ConditionsNotSatisfied: none; SessionControlsNotSatisfied: 
ID: 0149a225-4092-4a09-ab18-ae7c47c5deeb; DisplayName: Sessions - Enforce Sign-In Frequency; Result: reportOnlySuccess; ConditionsNotSatisfied: none; SessionControlsNotSatisfied: 
ID: 408cead8-caca-4de6-bf52-6f34130a6459; DisplayName: Microsoft-managed: Multifactor authentication for admins accessing Microsoft Admin Portals; Result: reportOnlyNotApplied; ConditionsNotSatisfied: application; SessionControlsNotSatisfied: 
ID: e00078dd-d389-4a8f-ba33-ac7b690a7ce3; DisplayName: Brian Katz Montreal 3/15 - 3/21; Result: reportOnlyNotApplied; ConditionsNotSatisfied: users; SessionControlsNotSatisfied: 
ID: da3712b4-2ee4-4d96-b702-9d73cb4e635a; DisplayName: Locations - Enforce Geo-IP Fencing; Result: reportOnlyNotApplied; ConditionsNotSatisfied: location,ipAddressSeenByAzureAD; SessionControlsNotSatisfied: 
ID: 7bd05172-0534-4c9a-a965-6e9370e281df; DisplayName: Protocols - Enforce Modern Authentication; Result: reportOnlyNotApplied; ConditionsNotSatisfied: clientType; SessionControlsNotSatisfied: 
ID: 6c493fe3-b17a-426e-af02-9f28f033239f; DisplayName: Sessions - Block Persistent Browser Sessions (Admins); Result: reportOnlyNotApplied; ConditionsNotSatisfied: users; SessionControlsNotSatisfied: 
ID: 77dbcd7f-566d-4b90-a928-edf2235d1c96; DisplayName: Users - Block Interactive Logins (Service Accounts); Result: reportOnlyNotApplied; ConditionsNotSatisfied: users; SessionControlsNotSatisfied: 
ID: 72f697df-0563-4339-8a40-3a0e56607bcb; DisplayName: Users - Restrict Admin Portal Access; Result: reportOnlyNotApplied; ConditionsNotSatisfied: application; SessionControlsNotSatisfied: ","networkType: namedNetwork; networkNames: Block Countries Per User Per Period","AuthenticationStepDateTime: 2026-08-17T03:05:27Z; AuthenticationMethod: Previously satisfied; AuthenticationMethodDetail: ; Succeeded: True; AuthenticationStepResultDetail: First factor requirement satisfied by claim in the token; AuthenticationStepRequirement: ;
AuthenticationStepDateTime: 2026-08-17T03:05:27Z; AuthenticationMethod: Previously satisfied; AuthenticationMethodDetail: ; Succeeded: True; AuthenticationStepResultDetail: MFA requirement satisfied by claim in the token; AuthenticationStepRequirement: ;"
"2026-08-17T00:58:55Z","Pineywoods Realty Admin","admin@pineywoodsrealtyfl.com","9199bf20-a13f-4107-85dc-02114787ef48","One Outlook Web","47.206.189.128","Browser","Mozilla/5.0 (Windows NT 10.0; Win64; x64) AppleWebKit/537.36 (KHTML, like Gecko) Chrome/150.0.0.0 Safari/537.36","f9ae47a4-0310-9b75-bbae-ec5e31e0adf2","True","multiFactorAuthentication","errorCode: 0; failureReason: Other.; additionalDetails: MFA requirement satisfied by claim in the token","deviceId: ; displayName: ; operatingSystem: Windows10; browser: Chrome 150.0.0; isCompliant: False; isManaged: False; trustType: ","city: Tampa; state: Florida; countryOrRegion: US; geoCoordinates: @{altitude=; latitude=27.94497; longitude=-82.44757}","success","ID: a08e9a43-c474-45ce-854f-67d0f7b3deec; DisplayName: Enable MFA - All Users; Result: success; ConditionsNotSatisfied: none; SessionControlsNotSatisfied: 
ID: b8e8a1ff-dfc9-4eff-8c45-e209f4e26e5b; DisplayName: KaztCap SSL VPN Access; Result: notApplied; ConditionsNotSatisfied: users; SessionControlsNotSatisfied: 
ID: 2c6518a2-ced4-420b-99b2-7a01741512b8; DisplayName: Location Based Access - Allow Specific Countries; Result: notEnabled; ConditionsNotSatisfied: none; SessionControlsNotSatisfied: 
ID: 9dba74f8-0de6-406e-b38c-ba05ea657153; DisplayName: Microsoft-managed: Multifactor authentication for per-user multifactor authentication users; Result: notEnabled; ConditionsNotSatisfied: none; SessionControlsNotSatisfied: 
ID: e51298da-9965-4f54-be5a-a1bfa7391207; DisplayName: Microsoft-managed: Multifactor authentication and reauthentication for risky sign-ins; Result: notApplied; ConditionsNotSatisfied: signInRisk; SessionControlsNotSatisfied: 
ID: c6569448-6b9b-4329-8356-6cdb035f7cf2; DisplayName: Enable MFA - bwadmin; Result: notApplied; ConditionsNotSatisfied: users; SessionControlsNotSatisfied: 
ID: 3cc748c6-e739-4559-b56f-dc898b93b757; DisplayName: Brian Katz Travel Cayman - 12/21-12/28; Result: notEnabled; ConditionsNotSatisfied: none; SessionControlsNotSatisfied: 
ID: 7249cafd-bd3b-4f0c-9f6a-de4933e0a484; DisplayName: Location Based Access - Block Outside US; Result: notApplied; ConditionsNotSatisfied: location,ipAddressSeenByAzureAD; SessionControlsNotSatisfied: 
ID: dbe24e2b-7971-4159-92e7-029febd9403a; DisplayName: Jeff Lenderman Travel BVI 3/13-3/19; Result: notEnabled; ConditionsNotSatisfied: none; SessionControlsNotSatisfied: 
ID: bda0d60a-c582-4d69-9d7e-f9166be26b08; DisplayName: Brian Katz - Costa Rica; Result: notEnabled; ConditionsNotSatisfied: none; SessionControlsNotSatisfied: 
ID: e4f6bd83-c762-4a93-9fb4-d77b558b5650; DisplayName: Devices - Enforce Device Compliance; Result: reportOnlyFailure; ConditionsNotSatisfied: none; SessionControlsNotSatisfied: 
ID: 46ddead8-098c-4325-bbeb-836e364f64b5; DisplayName: Sessions - Block Persistent Browser Sessions (Untrusted Locations); Result: reportOnlySuccess; ConditionsNotSatisfied: none; SessionControlsNotSatisfied: 
ID: 0149a225-4092-4a09-ab18-ae7c47c5deeb; DisplayName: Sessions - Enforce Sign-In Frequency; Result: reportOnlySuccess; ConditionsNotSatisfied: none; SessionControlsNotSatisfied: 
ID: 408cead8-caca-4de6-bf52-6f34130a6459; DisplayName: Microsoft-managed: Multifactor authentication for admins accessing Microsoft Admin Portals; Result: reportOnlyNotApplied; ConditionsNotSatisfied: application; SessionControlsNotSatisfied: 
ID: e00078dd-d389-4a8f-ba33-ac7b690a7ce3; DisplayName: Brian Katz Montreal 3/15 - 3/21; Result: reportOnlyNotApplied; ConditionsNotSatisfied: users; SessionControlsNotSatisfied: 
ID: da3712b4-2ee4-4d96-b702-9d73cb4e635a; DisplayName: Locations - Enforce Geo-IP Fencing; Result: reportOnlyNotApplied; ConditionsNotSatisfied: location,ipAddressSeenByAzureAD; SessionControlsNotSatisfied: 
ID: 7bd05172-0534-4c9a-a965-6e9370e281df; DisplayName: Protocols - Enforce Modern Authentication; Result: reportOnlyNotApplied; ConditionsNotSatisfied: clientType; SessionControlsNotSatisfied: 
ID: 6c493fe3-b17a-426e-af02-9f28f033239f; DisplayName: Sessions - Block Persistent Browser Sessions (Admins); Result: reportOnlyNotApplied; ConditionsNotSatisfied: users; SessionControlsNotSatisfied: 
ID: 77dbcd7f-566d-4b90-a928-edf2235d1c96; DisplayName: Users - Block Interactive Logins (Service Accounts); Result: reportOnlyNotApplied; ConditionsNotSatisfied: users; SessionControlsNotSatisfied: 
ID: 72f697df-0563-4339-8a40-3a0e56607bcb; DisplayName: Users - Restrict Admin Portal Access; Result: reportOnlyNotApplied; ConditionsNotSatisfied: application; SessionControlsNotSatisfied: ","networkType: namedNetwork; networkNames: Block Countries Per User Per Period","AuthenticationStepDateTime: 2026-08-17T00:58:55Z; AuthenticationMethod: Previously satisfied; AuthenticationMethodDetail: ; Succeeded: True; AuthenticationStepResultDetail: First factor requirement satisfied by claim in the token; AuthenticationStepRequirement: ;
AuthenticationStepDateTime: 2026-08-17T00:58:55Z; AuthenticationMethod: Previously satisfied; AuthenticationMethodDetail: ; Succeeded: True; AuthenticationStepResultDetail: MFA requirement satisfied by claim in the token; AuthenticationStepRequirement: ;"
"2026-08-16T23:18:04Z","Brian Katz","bkatz@katzcapital.com","38aa3b87-a06d-4817-b275-7a316988d93b","Windows Sign In","2603:9000:6900:40a2:a960:a686:7c05:69cb","Mobile Apps and Desktop clients","Windows-AzureAD-Authentication-Provider/1.0","39913f71-48dd-4003-a1e2-08d6d5ee924e","True","singleFactorAuthentication","errorCode: 0; failureReason: Other.; additionalDetails: MFA requirement satisfied by claim in the token","deviceId: 96b5d6dc-e36d-480c-9d95-ea47db6fb789; displayName: PWD-L-22-02; operatingSystem: Windows; browser: ; isCompliant: False; isManaged: False; trustType: Azure AD joined","city: Tampa; state: Florida; countryOrRegion: US; geoCoordinates: @{altitude=; latitude=27.95895; longitude=-82.46092}","notApplied","","networkType: namedNetwork; networkNames: Block Countries Per User Per Period","AuthenticationStepDateTime: 2026-08-16T23:18:04Z; AuthenticationMethod: Windows Hello for Business; AuthenticationMethodDetail: ; Succeeded: True; AuthenticationStepResultDetail: User approved; AuthenticationStepRequirement: ;"
"2026-08-16T22:44:50Z","Vic Pellegrino","vpellegrino@katzcapital.com","38aa3b87-a06d-4817-b275-7a316988d93b","Windows Sign In","47.198.208.210","Mobile Apps and Desktop clients","Windows-AzureAD-Authentication-Provider/1.0","e0105fec-7392-4534-a862-8c6ee4fa00f3","True","singleFactorAuthentication","errorCode: 0; failureReason: Other.; additionalDetails: MFA requirement satisfied by claim in the token","deviceId: 1f32f206-823d-4edb-8433-42eb108dd013; displayName: PWC-L-26-01; operatingSystem: Windows; browser: ; isCompliant: False; isManaged: False; trustType: Azure AD joined","city: Tampa; state: Florida; countryOrRegion: US; geoCoordinates: @{altitude=; latitude=28.0348; longitude=-82.60217}","notApplied","","networkType: namedNetwork; networkNames: Block Countries Per User Per Period","AuthenticationStepDateTime: 2026-08-16T22:44:50Z; AuthenticationMethod: Windows Hello for Business; AuthenticationMethodDetail: ; Succeeded: True; AuthenticationStepResultDetail: User approved; AuthenticationStepRequirement: ;"
"2026-08-16T20:56:55Z","Pineywoods Realty Admin","admin@pineywoodsrealtyfl.com","9199bf20-a13f-4107-85dc-02114787ef48","One Outlook Web","47.206.189.128","Browser","Mozilla/5.0 (Windows NT 10.0; Win64; x64) AppleWebKit/537.36 (KHTML, like Gecko) Chrome/150.0.0.0 Safari/537.36","9ec87ac4-e59b-96ec-5500-f7c7af257eec","True","multiFactorAuthentication","errorCode: 0; failureReason: Other.; additionalDetails: MFA requirement satisfied by claim in the token","deviceId: ; displayName: ; operatingSystem: Windows10; browser: Chrome 150.0.0; isCompliant: False; isManaged: False; trustType: ","city: Tampa; state: Florida; countryOrRegion: US; geoCoordinates: @{altitude=; latitude=27.94497; longitude=-82.44757}","success","ID: a08e9a43-c474-45ce-854f-67d0f7b3deec; DisplayName: Enable MFA - All Users; Result: success; ConditionsNotSatisfied: none; SessionControlsNotSatisfied: 
ID: b8e8a1ff-dfc9-4eff-8c45-e209f4e26e5b; DisplayName: KaztCap SSL VPN Access; Result: notApplied; ConditionsNotSatisfied: users; SessionControlsNotSatisfied: 
ID: 2c6518a2-ced4-420b-99b2-7a01741512b8; DisplayName: Location Based Access - Allow Specific Countries; Result: notEnabled; ConditionsNotSatisfied: none; SessionControlsNotSatisfied: 
ID: 9dba74f8-0de6-406e-b38c-ba05ea657153; DisplayName: Microsoft-managed: Multifactor authentication for per-user multifactor authentication users; Result: notEnabled; ConditionsNotSatisfied: none; SessionControlsNotSatisfied: 
ID: e51298da-9965-4f54-be5a-a1bfa7391207; DisplayName: Microsoft-managed: Multifactor authentication and reauthentication for risky sign-ins; Result: notApplied; ConditionsNotSatisfied: signInRisk; SessionControlsNotSatisfied: 
ID: c6569448-6b9b-4329-8356-6cdb035f7cf2; DisplayName: Enable MFA - bwadmin; Result: notApplied; ConditionsNotSatisfied: users; SessionControlsNotSatisfied: 
ID: 3cc748c6-e739-4559-b56f-dc898b93b757; DisplayName: Brian Katz Travel Cayman - 12/21-12/28; Result: notEnabled; ConditionsNotSatisfied: none; SessionControlsNotSatisfied: 
ID: 7249cafd-bd3b-4f0c-9f6a-de4933e0a484; DisplayName: Location Based Access - Block Outside US; Result: notApplied; ConditionsNotSatisfied: location,ipAddressSeenByAzureAD; SessionControlsNotSatisfied: 
ID: dbe24e2b-7971-4159-92e7-029febd9403a; DisplayName: Jeff Lenderman Travel BVI 3/13-3/19; Result: notEnabled; ConditionsNotSatisfied: none; SessionControlsNotSatisfied: 
ID: bda0d60a-c582-4d69-9d7e-f9166be26b08; DisplayName: Brian Katz - Costa Rica; Result: notEnabled; ConditionsNotSatisfied: none; SessionControlsNotSatisfied: 
ID: e4f6bd83-c762-4a93-9fb4-d77b558b5650; DisplayName: Devices - Enforce Device Compliance; Result: reportOnlyFailure; ConditionsNotSatisfied: none; SessionControlsNotSatisfied: 
ID: 46ddead8-098c-4325-bbeb-836e364f64b5; DisplayName: Sessions - Block Persistent Browser Sessions (Untrusted Locations); Result: reportOnlySuccess; ConditionsNotSatisfied: none; SessionControlsNotSatisfied: 
ID: 0149a225-4092-4a09-ab18-ae7c47c5deeb; DisplayName: Sessions - Enforce Sign-In Frequency; Result: reportOnlySuccess; ConditionsNotSatisfied: none; SessionControlsNotSatisfied: 
ID: 408cead8-caca-4de6-bf52-6f34130a6459; DisplayName: Microsoft-managed: Multifactor authentication for admins accessing Microsoft Admin Portals; Result: reportOnlyNotApplied; ConditionsNotSatisfied: application; SessionControlsNotSatisfied: 
ID: e00078dd-d389-4a8f-ba33-ac7b690a7ce3; DisplayName: Brian Katz Montreal 3/15 - 3/21; Result: reportOnlyNotApplied; ConditionsNotSatisfied: users; SessionControlsNotSatisfied: 
ID: da3712b4-2ee4-4d96-b702-9d73cb4e635a; DisplayName: Locations - Enforce Geo-IP Fencing; Result: reportOnlyNotApplied; ConditionsNotSatisfied: location,ipAddressSeenByAzureAD; SessionControlsNotSatisfied: 
ID: 7bd05172-0534-4c9a-a965-6e9370e281df; DisplayName: Protocols - Enforce Modern Authentication; Result: reportOnlyNotApplied; ConditionsNotSatisfied: clientType; SessionControlsNotSatisfied: 
ID: 6c493fe3-b17a-426e-af02-9f28f033239f; DisplayName: Sessions - Block Persistent Browser Sessions (Admins); Result: reportOnlyNotApplied; ConditionsNotSatisfied: users; SessionControlsNotSatisfied: 
ID: 77dbcd7f-566d-4b90-a928-edf2235d1c96; DisplayName: Users - Block Interactive Logins (Service Accounts); Result: reportOnlyNotApplied; ConditionsNotSatisfied: users; SessionControlsNotSatisfied: 
ID: 72f697df-0563-4339-8a40-3a0e56607bcb; DisplayName: Users - Restrict Admin Portal Access; Result: reportOnlyNotApplied; ConditionsNotSatisfied: application; SessionControlsNotSatisfied: ","networkType: namedNetwork; networkNames: Block Countries Per User Per Period","AuthenticationStepDateTime: 2026-08-16T20:56:55Z; AuthenticationMethod: Previously satisfied; AuthenticationMethodDetail: ; Succeeded: True; AuthenticationStepResultDetail: First factor requirement satisfied by claim in the token; AuthenticationStepRequirement: ;
AuthenticationStepDateTime: 2026-08-16T20:56:55Z; AuthenticationMethod: Previously satisfied; AuthenticationMethodDetail: ; Succeeded: True; AuthenticationStepResultDetail: MFA requirement satisfied by claim in the token; AuthenticationStepRequirement: ;"
"2026-08-16T18:51:11Z","Ashley Savala","asavala@pineywoodsrealtyfl.com","9199bf20-a13f-4107-85dc-02114787ef48","One Outlook Web","47.198.26.60","Browser","Mozilla/5.0 (Windows NT 10.0; Win64; x64) AppleWebKit/537.36 (KHTML, like Gecko) Chrome/151.0.0.0 Safari/537.36","2a3fff8b-8e58-a530-c9f4-b1b803d2ca7b","True","multiFactorAuthentication","errorCode: 0; failureReason: Other.; additionalDetails: MFA requirement satisfied by claim in the token","deviceId: ; displayName: ; operatingSystem: Windows10; browser: Chrome 151.0.0; isCompliant: False; isManaged: False; trustType: ","city: Odessa; state: Florida; countryOrRegion: US; geoCoordinates: @{altitude=; latitude=28.1414; longitude=-82.59334}","success","ID: a08e9a43-c474-45ce-854f-67d0f7b3deec; DisplayName: Enable MFA - All Users; Result: success; ConditionsNotSatisfied: none; SessionControlsNotSatisfied: 
ID: b8e8a1ff-dfc9-4eff-8c45-e209f4e26e5b; DisplayName: KaztCap SSL VPN Access; Result: notApplied; ConditionsNotSatisfied: users; SessionControlsNotSatisfied: 
ID: c6569448-6b9b-4329-8356-6cdb035f7cf2; DisplayName: Enable MFA - bwadmin; Result: notApplied; ConditionsNotSatisfied: users; SessionControlsNotSatisfied: 
ID: 9dba74f8-0de6-406e-b38c-ba05ea657153; DisplayName: Microsoft-managed: Multifactor authentication for per-user multifactor authentication users; Result: notEnabled; ConditionsNotSatisfied: none; SessionControlsNotSatisfied: 
ID: 7249cafd-bd3b-4f0c-9f6a-de4933e0a484; DisplayName: Location Based Access - Block Outside US; Result: notApplied; ConditionsNotSatisfied: location,ipAddressSeenByAzureAD; SessionControlsNotSatisfied: 
ID: 2c6518a2-ced4-420b-99b2-7a01741512b8; DisplayName: Location Based Access - Allow Specific Countries; Result: notEnabled; ConditionsNotSatisfied: none; SessionControlsNotSatisfied: 
ID: e51298da-9965-4f54-be5a-a1bfa7391207; DisplayName: Microsoft-managed: Multifactor authentication and reauthentication for risky sign-ins; Result: notApplied; ConditionsNotSatisfied: signInRisk; SessionControlsNotSatisfied: 
ID: 3cc748c6-e739-4559-b56f-dc898b93b757; DisplayName: Brian Katz Travel Cayman - 12/21-12/28; Result: notEnabled; ConditionsNotSatisfied: none; SessionControlsNotSatisfied: 
ID: dbe24e2b-7971-4159-92e7-029febd9403a; DisplayName: Jeff Lenderman Travel BVI 3/13-3/19; Result: notEnabled; ConditionsNotSatisfied: none; SessionControlsNotSatisfied: 
ID: bda0d60a-c582-4d69-9d7e-f9166be26b08; DisplayName: Brian Katz - Costa Rica; Result: notEnabled; ConditionsNotSatisfied: none; SessionControlsNotSatisfied: 
ID: e4f6bd83-c762-4a93-9fb4-d77b558b5650; DisplayName: Devices - Enforce Device Compliance; Result: reportOnlyFailure; ConditionsNotSatisfied: none; SessionControlsNotSatisfied: 
ID: 46ddead8-098c-4325-bbeb-836e364f64b5; DisplayName: Sessions - Block Persistent Browser Sessions (Untrusted Locations); Result: reportOnlySuccess; ConditionsNotSatisfied: none; SessionControlsNotSatisfied: 
ID: 0149a225-4092-4a09-ab18-ae7c47c5deeb; DisplayName: Sessions - Enforce Sign-In Frequency; Result: reportOnlySuccess; ConditionsNotSatisfied: none; SessionControlsNotSatisfied: 
ID: 408cead8-caca-4de6-bf52-6f34130a6459; DisplayName: Microsoft-managed: Multifactor authentication for admins accessing Microsoft Admin Portals; Result: reportOnlyNotApplied; ConditionsNotSatisfied: application; SessionControlsNotSatisfied: 
ID: e00078dd-d389-4a8f-ba33-ac7b690a7ce3; DisplayName: Brian Katz Montreal 3/15 - 3/21; Result: reportOnlyNotApplied; ConditionsNotSatisfied: users; SessionControlsNotSatisfied: 
ID: da3712b4-2ee4-4d96-b702-9d73cb4e635a; DisplayName: Locations - Enforce Geo-IP Fencing; Result: reportOnlyNotApplied; ConditionsNotSatisfied: location,ipAddressSeenByAzureAD; SessionControlsNotSatisfied: 
ID: 7bd05172-0534-4c9a-a965-6e9370e281df; DisplayName: Protocols - Enforce Modern Authentication; Result: reportOnlyNotApplied; ConditionsNotSatisfied: clientType; SessionControlsNotSatisfied: 
ID: 6c493fe3-b17a-426e-af02-9f28f033239f; DisplayName: Sessions - Block Persistent Browser Sessions (Admins); Result: reportOnlyNotApplied; ConditionsNotSatisfied: users; SessionControlsNotSatisfied: 
ID: 77dbcd7f-566d-4b90-a928-edf2235d1c96; DisplayName: Users - Block Interactive Logins (Service Accounts); Result: reportOnlyNotApplied; ConditionsNotSatisfied: users; SessionControlsNotSatisfied: 
ID: 72f697df-0563-4339-8a40-3a0e56607bcb; DisplayName: Users - Restrict Admin Portal Access; Result: reportOnlyNotApplied; ConditionsNotSatisfied: application; SessionControlsNotSatisfied: ","networkType: namedNetwork; networkNames: Block Countries Per User Per Period","AuthenticationStepDateTime: 2026-08-16T18:51:11Z; AuthenticationMethod: Previously satisfied; AuthenticationMethodDetail: ; Succeeded: True; AuthenticationStepResultDetail: First factor requirement satisfied by claim in the token; AuthenticationStepRequirement: ;
AuthenticationStepDateTime: 2026-08-16T18:51:11Z; AuthenticationMethod: Previously satisfied; AuthenticationMethodDetail: ; Succeeded: True; AuthenticationStepResultDetail: MFA requirement satisfied by claim in the token; AuthenticationStepRequirement: ;"
"2026-08-16T16:54:55Z","Pineywoods Realty Admin","admin@pineywoodsrealtyfl.com","9199bf20-a13f-4107-85dc-02114787ef48","One Outlook Web","47.206.189.128","Browser","Mozilla/5.0 (Windows NT 10.0; Win64; x64) AppleWebKit/537.36 (KHTML, like Gecko) Chrome/150.0.0.0 Safari/537.36","488a71cd-534f-748a-c39d-bcc54e389921","True","multiFactorAuthentication","errorCode: 0; failureReason: Other.; additionalDetails: MFA requirement satisfied by claim in the token","deviceId: ; displayName: ; operatingSystem: Windows10; browser: Chrome 150.0.0; isCompliant: False; isManaged: False; trustType: ","city: Tampa; state: Florida; countryOrRegion: US; geoCoordinates: @{altitude=; latitude=27.94497; longitude=-82.44757}","success","ID: a08e9a43-c474-45ce-854f-67d0f7b3deec; DisplayName: Enable MFA - All Users; Result: success; ConditionsNotSatisfied: none; SessionControlsNotSatisfied: 
ID: b8e8a1ff-dfc9-4eff-8c45-e209f4e26e5b; DisplayName: KaztCap SSL VPN Access; Result: notApplied; ConditionsNotSatisfied: users; SessionControlsNotSatisfied: 
ID: c6569448-6b9b-4329-8356-6cdb035f7cf2; DisplayName: Enable MFA - bwadmin; Result: notApplied; ConditionsNotSatisfied: users; SessionControlsNotSatisfied: 
ID: 9dba74f8-0de6-406e-b38c-ba05ea657153; DisplayName: Microsoft-managed: Multifactor authentication for per-user multifactor authentication users; Result: notEnabled; ConditionsNotSatisfied: none; SessionControlsNotSatisfied: 
ID: 7249cafd-bd3b-4f0c-9f6a-de4933e0a484; DisplayName: Location Based Access - Block Outside US; Result: notApplied; ConditionsNotSatisfied: location,ipAddressSeenByAzureAD; SessionControlsNotSatisfied: 
ID: 2c6518a2-ced4-420b-99b2-7a01741512b8; DisplayName: Location Based Access - Allow Specific Countries; Result: notEnabled; ConditionsNotSatisfied: none; SessionControlsNotSatisfied: 
ID: e51298da-9965-4f54-be5a-a1bfa7391207; DisplayName: Microsoft-managed: Multifactor authentication and reauthentication for risky sign-ins; Result: notApplied; ConditionsNotSatisfied: signInRisk; SessionControlsNotSatisfied: 
ID: 3cc748c6-e739-4559-b56f-dc898b93b757; DisplayName: Brian Katz Travel Cayman - 12/21-12/28; Result: notEnabled; ConditionsNotSatisfied: none; SessionControlsNotSatisfied: 
ID: dbe24e2b-7971-4159-92e7-029febd9403a; DisplayName: Jeff Lenderman Travel BVI 3/13-3/19; Result: notEnabled; ConditionsNotSatisfied: none; SessionControlsNotSatisfied: 
ID: bda0d60a-c582-4d69-9d7e-f9166be26b08; DisplayName: Brian Katz - Costa Rica; Result: notEnabled; ConditionsNotSatisfied: none; SessionControlsNotSatisfied: 
ID: e4f6bd83-c762-4a93-9fb4-d77b558b5650; DisplayName: Devices - Enforce Device Compliance; Result: reportOnlyFailure; ConditionsNotSatisfied: none; SessionControlsNotSatisfied: 
ID: 46ddead8-098c-4325-bbeb-836e364f64b5; DisplayName: Sessions - Block Persistent Browser Sessions (Untrusted Locations); Result: reportOnlySuccess; ConditionsNotSatisfied: none; SessionControlsNotSatisfied: 
ID: 0149a225-4092-4a09-ab18-ae7c47c5deeb; DisplayName: Sessions - Enforce Sign-In Frequency; Result: reportOnlySuccess; ConditionsNotSatisfied: none; SessionControlsNotSatisfied: 
ID: 408cead8-caca-4de6-bf52-6f34130a6459; DisplayName: Microsoft-managed: Multifactor authentication for admins accessing Microsoft Admin Portals; Result: reportOnlyNotApplied; ConditionsNotSatisfied: application; SessionControlsNotSatisfied: 
ID: e00078dd-d389-4a8f-ba33-ac7b690a7ce3; DisplayName: Brian Katz Montreal 3/15 - 3/21; Result: reportOnlyNotApplied; ConditionsNotSatisfied: users; SessionControlsNotSatisfied: 
ID: da3712b4-2ee4-4d96-b702-9d73cb4e635a; DisplayName: Locations - Enforce Geo-IP Fencing; Result: reportOnlyNotApplied; ConditionsNotSatisfied: location,ipAddressSeenByAzureAD; SessionControlsNotSatisfied: 
ID: 7bd05172-0534-4c9a-a965-6e9370e281df; DisplayName: Protocols - Enforce Modern Authentication; Result: reportOnlyNotApplied; ConditionsNotSatisfied: clientType; SessionControlsNotSatisfied: 
ID: 6c493fe3-b17a-426e-af02-9f28f033239f; DisplayName: Sessions - Block Persistent Browser Sessions (Admins); Result: reportOnlyNotApplied; ConditionsNotSatisfied: users; SessionControlsNotSatisfied: 
ID: 77dbcd7f-566d-4b90-a928-edf2235d1c96; DisplayName: Users - Block Interactive Logins (Service Accounts); Result: reportOnlyNotApplied; ConditionsNotSatisfied: users; SessionControlsNotSatisfied: 
ID: 72f697df-0563-4339-8a40-3a0e56607bcb; DisplayName: Users - Restrict Admin Portal Access; Result: reportOnlyNotApplied; ConditionsNotSatisfied: application; SessionControlsNotSatisfied: ","networkType: namedNetwork; networkNames: Block Countries Per User Per Period","AuthenticationStepDateTime: 2026-08-16T16:54:55Z; AuthenticationMethod: Previously satisfied; AuthenticationMethodDetail: ; Succeeded: True; AuthenticationStepResultDetail: First factor requirement satisfied by claim in the token; AuthenticationStepRequirement: ;
AuthenticationStepDateTime: 2026-08-16T16:54:55Z; AuthenticationMethod: Previously satisfied; AuthenticationMethodDetail: ; Succeeded: True; AuthenticationStepResultDetail: MFA requirement satisfied by claim in the token; AuthenticationStepRequirement: ;"
"2026-08-16T16:37:55Z","Charles Cleveland","ccleveland@katzcapital.com","38aa3b87-a06d-4817-b275-7a316988d93b","Windows Sign In","35.139.145.125","Mobile Apps and Desktop clients","Windows-AzureAD-Authentication-Provider/1.0","b372ee38-742a-4f74-b33c-0ca486aae949","True","singleFactorAuthentication","errorCode: 0; failureReason: Other.; additionalDetails: MFA requirement satisfied by claim in the token","deviceId: bc7374e3-f031-4efa-95c8-64485e11cc7c; displayName: PWC-L-23-01; operatingSystem: Windows; browser: ; isCompliant: False; isManaged: False; trustType: Azure AD joined","city: Lutz; state: Florida; countryOrRegion: US; geoCoordinates: @{altitude=; latitude=28.13612; longitude=-82.44712}","notApplied","","networkType: namedNetwork; networkNames: Block Countries Per User Per Period","AuthenticationStepDateTime: 2026-08-16T16:37:55Z; AuthenticationMethod: Windows Hello for Business; AuthenticationMethodDetail: ; Succeeded: True; AuthenticationStepResultDetail: User approved; AuthenticationStepRequirement: ;"
"2026-08-16T16:05:50Z","Eric Fischman","efischman@pineywoodsmortgage.com","38aa3b87-a06d-4817-b275-7a316988d93b","Windows Sign In","68.204.65.64","Mobile Apps and Desktop clients","Windows-AzureAD-Authentication-Provider/1.0","9c695ad3-e649-4631-b0d9-0b2a89df8ba7","True","singleFactorAuthentication","errorCode: 0; failureReason: Other.; additionalDetails: MFA requirement satisfied by claim in the token","deviceId: 67cf7947-db50-469b-a3d8-cbdbc3d193d4; displayName: PWC-L-25-01; operatingSystem: Windows; browser: ; isCompliant: False; isManaged: False; trustType: Azure AD joined","city: Tampa; state: Florida; countryOrRegion: US; geoCoordinates: @{altitude=; latitude=28.00153; longitude=-82.37678}","notApplied","","networkType: namedNetwork; networkNames: Block Countries Per User Per Period","AuthenticationStepDateTime: 2026-08-16T16:05:50Z; AuthenticationMethod: Windows Hello for Business; AuthenticationMethodDetail: ; Succeeded: True; AuthenticationStepResultDetail: User approved; AuthenticationStepRequirement: ;"
"2026-08-16T13:57:12Z","Brian Katz","bkatz@katzcapital.com","89bee1f7-5e6e-4d8a-9f3d-ecd601259da7","Office365 Shell WCSS-Client","2603:9000:6900:40a2:a960:a686:7c05:69cb","Browser","Mozilla/5.0 (Windows NT 10.0; Win64; x64) AppleWebKit/537.36 (KHTML, like Gecko) Chrome/142.0.0.0 Safari/537.36","01a00adc-b55e-713c-8ad8-138f6fcd5137","True","multiFactorAuthentication","errorCode: 0; failureReason: Other.; additionalDetails: MFA requirement satisfied by claim in the token","deviceId: ; displayName: ; operatingSystem: Windows10; browser: Chrome 142.0.0; isCompliant: False; isManaged: False; trustType: ","city: Tampa; state: Florida; countryOrRegion: US; geoCoordinates: @{altitude=; latitude=27.95895; longitude=-82.46092}","success","ID: b8e8a1ff-dfc9-4eff-8c45-e209f4e26e5b; DisplayName: KaztCap SSL VPN Access; Result: success; ConditionsNotSatisfied: none; SessionControlsNotSatisfied: 
ID: a08e9a43-c474-45ce-854f-67d0f7b3deec; DisplayName: Enable MFA - All Users; Result: success; ConditionsNotSatisfied: none; SessionControlsNotSatisfied: 
ID: c6569448-6b9b-4329-8356-6cdb035f7cf2; DisplayName: Enable MFA - bwadmin; Result: notApplied; ConditionsNotSatisfied: users; SessionControlsNotSatisfied: 
ID: 9dba74f8-0de6-406e-b38c-ba05ea657153; DisplayName: Microsoft-managed: Multifactor authentication for per-user multifactor authentication users; Result: notEnabled; ConditionsNotSatisfied: none; SessionControlsNotSatisfied: 
ID: 7249cafd-bd3b-4f0c-9f6a-de4933e0a484; DisplayName: Location Based Access - Block Outside US; Result: notApplied; ConditionsNotSatisfied: location,ipAddressSeenByAzureAD; SessionControlsNotSatisfied: 
ID: 2c6518a2-ced4-420b-99b2-7a01741512b8; DisplayName: Location Based Access - Allow Specific Countries; Result: notEnabled; ConditionsNotSatisfied: none; SessionControlsNotSatisfied: 
ID: e51298da-9965-4f54-be5a-a1bfa7391207; DisplayName: Microsoft-managed: Multifactor authentication and reauthentication for risky sign-ins; Result: notApplied; ConditionsNotSatisfied: signInRisk; SessionControlsNotSatisfied: 
ID: 3cc748c6-e739-4559-b56f-dc898b93b757; DisplayName: Brian Katz Travel Cayman - 12/21-12/28; Result: notEnabled; ConditionsNotSatisfied: none; SessionControlsNotSatisfied: 
ID: dbe24e2b-7971-4159-92e7-029febd9403a; DisplayName: Jeff Lenderman Travel BVI 3/13-3/19; Result: notEnabled; ConditionsNotSatisfied: none; SessionControlsNotSatisfied: 
ID: bda0d60a-c582-4d69-9d7e-f9166be26b08; DisplayName: Brian Katz - Costa Rica; Result: notEnabled; ConditionsNotSatisfied: none; SessionControlsNotSatisfied: 
ID: e4f6bd83-c762-4a93-9fb4-d77b558b5650; DisplayName: Devices - Enforce Device Compliance; Result: reportOnlyFailure; ConditionsNotSatisfied: none; SessionControlsNotSatisfied: 
ID: 46ddead8-098c-4325-bbeb-836e364f64b5; DisplayName: Sessions - Block Persistent Browser Sessions (Untrusted Locations); Result: reportOnlySuccess; ConditionsNotSatisfied: none; SessionControlsNotSatisfied: 
ID: 0149a225-4092-4a09-ab18-ae7c47c5deeb; DisplayName: Sessions - Enforce Sign-In Frequency; Result: reportOnlySuccess; ConditionsNotSatisfied: none; SessionControlsNotSatisfied: 
ID: 408cead8-caca-4de6-bf52-6f34130a6459; DisplayName: Microsoft-managed: Multifactor authentication for admins accessing Microsoft Admin Portals; Result: reportOnlyNotApplied; ConditionsNotSatisfied: application; SessionControlsNotSatisfied: 
ID: e00078dd-d389-4a8f-ba33-ac7b690a7ce3; DisplayName: Brian Katz Montreal 3/15 - 3/21; Result: reportOnlyNotApplied; ConditionsNotSatisfied: location,ipAddressSeenByAzureAD; SessionControlsNotSatisfied: 
ID: da3712b4-2ee4-4d96-b702-9d73cb4e635a; DisplayName: Locations - Enforce Geo-IP Fencing; Result: reportOnlyNotApplied; ConditionsNotSatisfied: location,ipAddressSeenByAzureAD; SessionControlsNotSatisfied: 
ID: 7bd05172-0534-4c9a-a965-6e9370e281df; DisplayName: Protocols - Enforce Modern Authentication; Result: reportOnlyNotApplied; ConditionsNotSatisfied: clientType; SessionControlsNotSatisfied: 
ID: 6c493fe3-b17a-426e-af02-9f28f033239f; DisplayName: Sessions - Block Persistent Browser Sessions (Admins); Result: reportOnlyNotApplied; ConditionsNotSatisfied: users; SessionControlsNotSatisfied: 
ID: 77dbcd7f-566d-4b90-a928-edf2235d1c96; DisplayName: Users - Block Interactive Logins (Service Accounts); Result: reportOnlyNotApplied; ConditionsNotSatisfied: users; SessionControlsNotSatisfied: 
ID: 72f697df-0563-4339-8a40-3a0e56607bcb; DisplayName: Users - Restrict Admin Portal Access; Result: reportOnlyNotApplied; ConditionsNotSatisfied: application; SessionControlsNotSatisfied: ","networkType: namedNetwork; networkNames: Block Countries Per User Per Period","AuthenticationStepDateTime: 2026-08-16T13:57:12Z; AuthenticationMethod: Previously satisfied; AuthenticationMethodDetail: ; Succeeded: True; AuthenticationStepResultDetail: First factor requirement satisfied by claim in the token; AuthenticationStepRequirement: ;
AuthenticationStepDateTime: 2026-08-16T13:57:12Z; AuthenticationMethod: Previously satisfied; AuthenticationMethodDetail: ; Succeeded: True; AuthenticationStepResultDetail: MFA requirement satisfied by claim in the token; AuthenticationStepRequirement: ;"
"2026-08-16T13:57:12Z","Brian Katz","bkatz@katzcapital.com","89bee1f7-5e6e-4d8a-9f3d-ecd601259da7","Office365 Shell WCSS-Client","2603:9000:6900:40a2:a960:a686:7c05:69cb","Browser","Mozilla/5.0 (Windows NT 10.0; Win64; x64) AppleWebKit/537.36 (KHTML, like Gecko) Chrome/142.0.0.0 Safari/537.36","01a00adc-b590-7c11-937d-bf2ee1ed8b1e","True","multiFactorAuthentication","errorCode: 0; failureReason: Other.; additionalDetails: MFA requirement satisfied by claim in the token","deviceId: ; displayName: ; operatingSystem: Windows10; browser: Chrome 142.0.0; isCompliant: False; isManaged: False; trustType: ","city: Tampa; state: Florida; countryOrRegion: US; geoCoordinates: @{altitude=; latitude=27.95895; longitude=-82.46092}","success","ID: b8e8a1ff-dfc9-4eff-8c45-e209f4e26e5b; DisplayName: KaztCap SSL VPN Access; Result: success; ConditionsNotSatisfied: none; SessionControlsNotSatisfied: 
ID: a08e9a43-c474-45ce-854f-67d0f7b3deec; DisplayName: Enable MFA - All Users; Result: success; ConditionsNotSatisfied: none; SessionControlsNotSatisfied: 
ID: c6569448-6b9b-4329-8356-6cdb035f7cf2; DisplayName: Enable MFA - bwadmin; Result: notApplied; ConditionsNotSatisfied: users; SessionControlsNotSatisfied: 
ID: 2c6518a2-ced4-420b-99b2-7a01741512b8; DisplayName: Location Based Access - Allow Specific Countries; Result: notEnabled; ConditionsNotSatisfied: none; SessionControlsNotSatisfied: 
ID: 9dba74f8-0de6-406e-b38c-ba05ea657153; DisplayName: Microsoft-managed: Multifactor authentication for per-user multifactor authentication users; Result: notEnabled; ConditionsNotSatisfied: none; SessionControlsNotSatisfied: 
ID: 7249cafd-bd3b-4f0c-9f6a-de4933e0a484; DisplayName: Location Based Access - Block Outside US; Result: notApplied; ConditionsNotSatisfied: location,ipAddressSeenByAzureAD; SessionControlsNotSatisfied: 
ID: e51298da-9965-4f54-be5a-a1bfa7391207; DisplayName: Microsoft-managed: Multifactor authentication and reauthentication for risky sign-ins; Result: notApplied; ConditionsNotSatisfied: signInRisk; SessionControlsNotSatisfied: 
ID: 3cc748c6-e739-4559-b56f-dc898b93b757; DisplayName: Brian Katz Travel Cayman - 12/21-12/28; Result: notEnabled; ConditionsNotSatisfied: none; SessionControlsNotSatisfied: 
ID: dbe24e2b-7971-4159-92e7-029febd9403a; DisplayName: Jeff Lenderman Travel BVI 3/13-3/19; Result: notEnabled; ConditionsNotSatisfied: none; SessionControlsNotSatisfied: 
ID: bda0d60a-c582-4d69-9d7e-f9166be26b08; DisplayName: Brian Katz - Costa Rica; Result: notEnabled; ConditionsNotSatisfied: none; SessionControlsNotSatisfied: 
ID: e4f6bd83-c762-4a93-9fb4-d77b558b5650; DisplayName: Devices - Enforce Device Compliance; Result: reportOnlyFailure; ConditionsNotSatisfied: none; SessionControlsNotSatisfied: 
ID: 46ddead8-098c-4325-bbeb-836e364f64b5; DisplayName: Sessions - Block Persistent Browser Sessions (Untrusted Locations); Result: reportOnlySuccess; ConditionsNotSatisfied: none; SessionControlsNotSatisfied: 
ID: 0149a225-4092-4a09-ab18-ae7c47c5deeb; DisplayName: Sessions - Enforce Sign-In Frequency; Result: reportOnlySuccess; ConditionsNotSatisfied: none; SessionControlsNotSatisfied: 
ID: 408cead8-caca-4de6-bf52-6f34130a6459; DisplayName: Microsoft-managed: Multifactor authentication for admins accessing Microsoft Admin Portals; Result: reportOnlyNotApplied; ConditionsNotSatisfied: application; SessionControlsNotSatisfied: 
ID: e00078dd-d389-4a8f-ba33-ac7b690a7ce3; DisplayName: Brian Katz Montreal 3/15 - 3/21; Result: reportOnlyNotApplied; ConditionsNotSatisfied: location,ipAddressSeenByAzureAD; SessionControlsNotSatisfied: 
ID: da3712b4-2ee4-4d96-b702-9d73cb4e635a; DisplayName: Locations - Enforce Geo-IP Fencing; Result: reportOnlyNotApplied; ConditionsNotSatisfied: location,ipAddressSeenByAzureAD; SessionControlsNotSatisfied: 
ID: 7bd05172-0534-4c9a-a965-6e9370e281df; DisplayName: Protocols - Enforce Modern Authentication; Result: reportOnlyNotApplied; ConditionsNotSatisfied: clientType; SessionControlsNotSatisfied: 
ID: 6c493fe3-b17a-426e-af02-9f28f033239f; DisplayName: Sessions - Block Persistent Browser Sessions (Admins); Result: reportOnlyNotApplied; ConditionsNotSatisfied: users; SessionControlsNotSatisfied: 
ID: 77dbcd7f-566d-4b90-a928-edf2235d1c96; DisplayName: Users - Block Interactive Logins (Service Accounts); Result: reportOnlyNotApplied; ConditionsNotSatisfied: users; SessionControlsNotSatisfied: 
ID: 72f697df-0563-4339-8a40-3a0e56607bcb; DisplayName: Users - Restrict Admin Portal Access; Result: reportOnlyNotApplied; ConditionsNotSatisfied: application; SessionControlsNotSatisfied: ","networkType: namedNetwork; networkNames: Block Countries Per User Per Period","AuthenticationStepDateTime: 2026-08-16T13:57:12Z; AuthenticationMethod: Previously satisfied; AuthenticationMethodDetail: ; Succeeded: True; AuthenticationStepResultDetail: First factor requirement satisfied by claim in the token; AuthenticationStepRequirement: ;
AuthenticationStepDateTime: 2026-08-16T13:57:12Z; AuthenticationMethod: Previously satisfied; AuthenticationMethodDetail: ; Succeeded: True; AuthenticationStepResultDetail: MFA requirement satisfied by claim in the token; AuthenticationStepRequirement: ;"
"2026-08-16T13:57:12Z","Brian Katz","bkatz@katzcapital.com","89bee1f7-5e6e-4d8a-9f3d-ecd601259da7","Office365 Shell WCSS-Client","2603:9000:6900:40a2:a960:a686:7c05:69cb","Browser","Mozilla/5.0 (Windows NT 10.0; Win64; x64) AppleWebKit/537.36 (KHTML, like Gecko) Chrome/142.0.0.0 Safari/537.36","01a00adc-b57f-7166-9cf7-4d355a1dd2b3","True","multiFactorAuthentication","errorCode: 0; failureReason: Other.; additionalDetails: MFA requirement satisfied by claim in the token","deviceId: ; displayName: ; operatingSystem: Windows10; browser: Chrome 142.0.0; isCompliant: False; isManaged: False; trustType: ","city: Tampa; state: Florida; countryOrRegion: US; geoCoordinates: @{altitude=; latitude=27.95895; longitude=-82.46092}","success","ID: b8e8a1ff-dfc9-4eff-8c45-e209f4e26e5b; DisplayName: KaztCap SSL VPN Access; Result: success; ConditionsNotSatisfied: none; SessionControlsNotSatisfied: 
ID: a08e9a43-c474-45ce-854f-67d0f7b3deec; DisplayName: Enable MFA - All Users; Result: success; ConditionsNotSatisfied: none; SessionControlsNotSatisfied: 
ID: 2c6518a2-ced4-420b-99b2-7a01741512b8; DisplayName: Location Based Access - Allow Specific Countries; Result: notEnabled; ConditionsNotSatisfied: none; SessionControlsNotSatisfied: 
ID: 9dba74f8-0de6-406e-b38c-ba05ea657153; DisplayName: Microsoft-managed: Multifactor authentication for per-user multifactor authentication users; Result: notEnabled; ConditionsNotSatisfied: none; SessionControlsNotSatisfied: 
ID: e51298da-9965-4f54-be5a-a1bfa7391207; DisplayName: Microsoft-managed: Multifactor authentication and reauthentication for risky sign-ins; Result: notApplied; ConditionsNotSatisfied: signInRisk; SessionControlsNotSatisfied: 
ID: c6569448-6b9b-4329-8356-6cdb035f7cf2; DisplayName: Enable MFA - bwadmin; Result: notApplied; ConditionsNotSatisfied: users; SessionControlsNotSatisfied: 
ID: 3cc748c6-e739-4559-b56f-dc898b93b757; DisplayName: Brian Katz Travel Cayman - 12/21-12/28; Result: notEnabled; ConditionsNotSatisfied: none; SessionControlsNotSatisfied: 
ID: 7249cafd-bd3b-4f0c-9f6a-de4933e0a484; DisplayName: Location Based Access - Block Outside US; Result: notApplied; ConditionsNotSatisfied: location,ipAddressSeenByAzureAD; SessionControlsNotSatisfied: 
ID: dbe24e2b-7971-4159-92e7-029febd9403a; DisplayName: Jeff Lenderman Travel BVI 3/13-3/19; Result: notEnabled; ConditionsNotSatisfied: none; SessionControlsNotSatisfied: 
ID: bda0d60a-c582-4d69-9d7e-f9166be26b08; DisplayName: Brian Katz - Costa Rica; Result: notEnabled; ConditionsNotSatisfied: none; SessionControlsNotSatisfied: 
ID: e4f6bd83-c762-4a93-9fb4-d77b558b5650; DisplayName: Devices - Enforce Device Compliance; Result: reportOnlyFailure; ConditionsNotSatisfied: none; SessionControlsNotSatisfied: 
ID: 46ddead8-098c-4325-bbeb-836e364f64b5; DisplayName: Sessions - Block Persistent Browser Sessions (Untrusted Locations); Result: reportOnlySuccess; ConditionsNotSatisfied: none; SessionControlsNotSatisfied: 
ID: 0149a225-4092-4a09-ab18-ae7c47c5deeb; DisplayName: Sessions - Enforce Sign-In Frequency; Result: reportOnlySuccess; ConditionsNotSatisfied: none; SessionControlsNotSatisfied: 
ID: 408cead8-caca-4de6-bf52-6f34130a6459; DisplayName: Microsoft-managed: Multifactor authentication for admins accessing Microsoft Admin Portals; Result: reportOnlyNotApplied; ConditionsNotSatisfied: application; SessionControlsNotSatisfied: 
ID: e00078dd-d389-4a8f-ba33-ac7b690a7ce3; DisplayName: Brian Katz Montreal 3/15 - 3/21; Result: reportOnlyNotApplied; ConditionsNotSatisfied: location,ipAddressSeenByAzureAD; SessionControlsNotSatisfied: 
ID: da3712b4-2ee4-4d96-b702-9d73cb4e635a; DisplayName: Locations - Enforce Geo-IP Fencing; Result: reportOnlyNotApplied; ConditionsNotSatisfied: location,ipAddressSeenByAzureAD; SessionControlsNotSatisfied: 
ID: 7bd05172-0534-4c9a-a965-6e9370e281df; DisplayName: Protocols - Enforce Modern Authentication; Result: reportOnlyNotApplied; ConditionsNotSatisfied: clientType; SessionControlsNotSatisfied: 
ID: 6c493fe3-b17a-426e-af02-9f28f033239f; DisplayName: Sessions - Block Persistent Browser Sessions (Admins); Result: reportOnlyNotApplied; ConditionsNotSatisfied: users; SessionControlsNotSatisfied: 
ID: 77dbcd7f-566d-4b90-a928-edf2235d1c96; DisplayName: Users - Block Interactive Logins (Service Accounts); Result: reportOnlyNotApplied; ConditionsNotSatisfied: users; SessionControlsNotSatisfied: 
ID: 72f697df-0563-4339-8a40-3a0e56607bcb; DisplayName: Users - Restrict Admin Portal Access; Result: reportOnlyNotApplied; ConditionsNotSatisfied: application; SessionControlsNotSatisfied: ","networkType: namedNetwork; networkNames: Block Countries Per User Per Period","AuthenticationStepDateTime: 2026-08-16T13:57:12Z; AuthenticationMethod: Previously satisfied; AuthenticationMethodDetail: ; Succeeded: True; AuthenticationStepResultDetail: First factor requirement satisfied by claim in the token; AuthenticationStepRequirement: ;
AuthenticationStepDateTime: 2026-08-16T13:57:12Z; AuthenticationMethod: Previously satisfied; AuthenticationMethodDetail: ; Succeeded: True; AuthenticationStepResultDetail: MFA requirement satisfied by claim in the token; AuthenticationStepRequirement: ;"
"2026-08-16T13:57:03Z","Brian Katz","bkatz@katzcapital.com","80ccca67-54bd-44ab-8625-4b79c4dc7775","Microsoft 365 Security and Compliance Center","2603:9000:6900:40a2:a960:a686:7c05:69cb","Browser","Mozilla/5.0 (Windows NT 10.0; Win64; x64) AppleWebKit/537.36 (KHTML, like Gecko) Chrome/142.0.0.0 Safari/537.36","9c08f4cf-1910-43f6-8a74-9e37eeee4c84","True","multiFactorAuthentication","errorCode: 0; failureReason: Other.; additionalDetails: MFA requirement satisfied by claim in the token","deviceId: ; displayName: ; operatingSystem: Windows10; browser: Chrome 142.0.0; isCompliant: False; isManaged: False; trustType: ","city: Tampa; state: Florida; countryOrRegion: US; geoCoordinates: @{altitude=; latitude=27.95895; longitude=-82.46092}","success","ID: b8e8a1ff-dfc9-4eff-8c45-e209f4e26e5b; DisplayName: KaztCap SSL VPN Access; Result: success; ConditionsNotSatisfied: none; SessionControlsNotSatisfied: 
ID: a08e9a43-c474-45ce-854f-67d0f7b3deec; DisplayName: Enable MFA - All Users; Result: success; ConditionsNotSatisfied: none; SessionControlsNotSatisfied: 
ID: c6569448-6b9b-4329-8356-6cdb035f7cf2; DisplayName: Enable MFA - bwadmin; Result: notApplied; ConditionsNotSatisfied: users; SessionControlsNotSatisfied: 
ID: 9dba74f8-0de6-406e-b38c-ba05ea657153; DisplayName: Microsoft-managed: Multifactor authentication for per-user multifactor authentication users; Result: notEnabled; ConditionsNotSatisfied: none; SessionControlsNotSatisfied: 
ID: 7249cafd-bd3b-4f0c-9f6a-de4933e0a484; DisplayName: Location Based Access - Block Outside US; Result: notApplied; ConditionsNotSatisfied: location,ipAddressSeenByAzureAD; SessionControlsNotSatisfied: 
ID: 2c6518a2-ced4-420b-99b2-7a01741512b8; DisplayName: Location Based Access - Allow Specific Countries; Result: notEnabled; ConditionsNotSatisfied: none; SessionControlsNotSatisfied: 
ID: e51298da-9965-4f54-be5a-a1bfa7391207; DisplayName: Microsoft-managed: Multifactor authentication and reauthentication for risky sign-ins; Result: notApplied; ConditionsNotSatisfied: signInRisk; SessionControlsNotSatisfied: 
ID: 3cc748c6-e739-4559-b56f-dc898b93b757; DisplayName: Brian Katz Travel Cayman - 12/21-12/28; Result: notEnabled; ConditionsNotSatisfied: none; SessionControlsNotSatisfied: 
ID: dbe24e2b-7971-4159-92e7-029febd9403a; DisplayName: Jeff Lenderman Travel BVI 3/13-3/19; Result: notEnabled; ConditionsNotSatisfied: none; SessionControlsNotSatisfied: 
ID: bda0d60a-c582-4d69-9d7e-f9166be26b08; DisplayName: Brian Katz - Costa Rica; Result: notEnabled; ConditionsNotSatisfied: none; SessionControlsNotSatisfied: 
ID: e4f6bd83-c762-4a93-9fb4-d77b558b5650; DisplayName: Devices - Enforce Device Compliance; Result: reportOnlyFailure; ConditionsNotSatisfied: none; SessionControlsNotSatisfied: 
ID: 46ddead8-098c-4325-bbeb-836e364f64b5; DisplayName: Sessions - Block Persistent Browser Sessions (Untrusted Locations); Result: reportOnlySuccess; ConditionsNotSatisfied: none; SessionControlsNotSatisfied: 
ID: 0149a225-4092-4a09-ab18-ae7c47c5deeb; DisplayName: Sessions - Enforce Sign-In Frequency; Result: reportOnlySuccess; ConditionsNotSatisfied: none; SessionControlsNotSatisfied: 
ID: 72f697df-0563-4339-8a40-3a0e56607bcb; DisplayName: Users - Restrict Admin Portal Access; Result: reportOnlyFailure; ConditionsNotSatisfied: none; SessionControlsNotSatisfied: 
ID: 408cead8-caca-4de6-bf52-6f34130a6459; DisplayName: Microsoft-managed: Multifactor authentication for admins accessing Microsoft Admin Portals; Result: reportOnlyNotApplied; ConditionsNotSatisfied: users; SessionControlsNotSatisfied: 
ID: e00078dd-d389-4a8f-ba33-ac7b690a7ce3; DisplayName: Brian Katz Montreal 3/15 - 3/21; Result: reportOnlyNotApplied; ConditionsNotSatisfied: location,ipAddressSeenByAzureAD; SessionControlsNotSatisfied: 
ID: da3712b4-2ee4-4d96-b702-9d73cb4e635a; DisplayName: Locations - Enforce Geo-IP Fencing; Result: reportOnlyNotApplied; ConditionsNotSatisfied: location,ipAddressSeenByAzureAD; SessionControlsNotSatisfied: 
ID: 7bd05172-0534-4c9a-a965-6e9370e281df; DisplayName: Protocols - Enforce Modern Authentication; Result: reportOnlyNotApplied; ConditionsNotSatisfied: clientType; SessionControlsNotSatisfied: 
ID: 6c493fe3-b17a-426e-af02-9f28f033239f; DisplayName: Sessions - Block Persistent Browser Sessions (Admins); Result: reportOnlyNotApplied; ConditionsNotSatisfied: users; SessionControlsNotSatisfied: 
ID: 77dbcd7f-566d-4b90-a928-edf2235d1c96; DisplayName: Users - Block Interactive Logins (Service Accounts); Result: reportOnlyNotApplied; ConditionsNotSatisfied: users; SessionControlsNotSatisfied: ","networkType: namedNetwork; networkNames: Block Countries Per User Per Period","AuthenticationStepDateTime: 2026-08-16T13:57:03Z; AuthenticationMethod: Previously satisfied; AuthenticationMethodDetail: ; Succeeded: True; AuthenticationStepResultDetail: First factor requirement satisfied by claim in the token; AuthenticationStepRequirement: ;
AuthenticationStepDateTime: 2026-08-16T13:57:03Z; AuthenticationMethod: Previously satisfied; AuthenticationMethodDetail: ; Succeeded: True; AuthenticationStepResultDetail: MFA requirement satisfied by claim in the token; AuthenticationStepRequirement: ;"
"2026-08-16T13:36:30Z","Vic Pellegrino","vpellegrino@katzcapital.com","38aa3b87-a06d-4817-b275-7a316988d93b","Windows Sign In","47.198.208.210","Mobile Apps and Desktop clients","Windows-AzureAD-Authentication-Provider/1.0","8f67b3a4-6892-4057-94e3-29f160ba9107","True","singleFactorAuthentication","errorCode: 0; failureReason: Other.; additionalDetails: MFA requirement satisfied by claim in the token","deviceId: 1f32f206-823d-4edb-8433-42eb108dd013; displayName: PWC-L-26-01; operatingSystem: Windows; browser: ; isCompliant: False; isManaged: False; trustType: Azure AD joined","city: Tampa; state: Florida; countryOrRegion: US; geoCoordinates: @{altitude=; latitude=28.0348; longitude=-82.60217}","notApplied","","networkType: namedNetwork; networkNames: Block Countries Per User Per Period","AuthenticationStepDateTime: 2026-08-16T13:36:30Z; AuthenticationMethod: Windows Hello for Business; AuthenticationMethodDetail: ; Succeeded: True; AuthenticationStepResultDetail: User approved; AuthenticationStepRequirement: ;"
"2026-08-16T13:21:55Z","Brian Katz","bkatz@katzcapital.com","38aa3b87-a06d-4817-b275-7a316988d93b","Windows Sign In","2603:9000:6900:40a2:a960:a686:7c05:69cb","Mobile Apps and Desktop clients","Windows-AzureAD-Authentication-Provider/1.0","63646302-d7cd-4355-9d77-37500ee745ea","True","singleFactorAuthentication","errorCode: 0; failureReason: Other.; additionalDetails: MFA requirement satisfied by claim in the token","deviceId: 96b5d6dc-e36d-480c-9d95-ea47db6fb789; displayName: PWD-L-22-02; operatingSystem: Windows; browser: ; isCompliant: False; isManaged: False; trustType: Azure AD joined","city: Tampa; state: Florida; countryOrRegion: US; geoCoordinates: @{altitude=; latitude=27.95895; longitude=-82.46092}","notApplied","","networkType: namedNetwork; networkNames: Block Countries Per User Per Period","AuthenticationStepDateTime: 2026-08-16T13:21:55Z; AuthenticationMethod: Windows Hello for Business; AuthenticationMethodDetail: ; Succeeded: True; AuthenticationStepResultDetail: User approved; AuthenticationStepRequirement: ;"
"2026-08-16T12:52:55Z","Pineywoods Realty Admin","admin@pineywoodsrealtyfl.com","9199bf20-a13f-4107-85dc-02114787ef48","One Outlook Web","47.206.189.128","Browser","Mozilla/5.0 (Windows NT 10.0; Win64; x64) AppleWebKit/537.36 (KHTML, like Gecko) Chrome/150.0.0.0 Safari/537.36","0d421f42-b797-e964-4514-67d14bdda601","True","multiFactorAuthentication","errorCode: 0; failureReason: Other.; additionalDetails: MFA requirement satisfied by claim in the token","deviceId: ; displayName: ; operatingSystem: Windows10; browser: Chrome 150.0.0; isCompliant: False; isManaged: False; trustType: ","city: Tampa; state: Florida; countryOrRegion: US; geoCoordinates: @{altitude=; latitude=27.94497; longitude=-82.44757}","success","ID: a08e9a43-c474-45ce-854f-67d0f7b3deec; DisplayName: Enable MFA - All Users; Result: success; ConditionsNotSatisfied: none; SessionControlsNotSatisfied: 
ID: b8e8a1ff-dfc9-4eff-8c45-e209f4e26e5b; DisplayName: KaztCap SSL VPN Access; Result: notApplied; ConditionsNotSatisfied: users; SessionControlsNotSatisfied: 
ID: c6569448-6b9b-4329-8356-6cdb035f7cf2; DisplayName: Enable MFA - bwadmin; Result: notApplied; ConditionsNotSatisfied: users; SessionControlsNotSatisfied: 
ID: 9dba74f8-0de6-406e-b38c-ba05ea657153; DisplayName: Microsoft-managed: Multifactor authentication for per-user multifactor authentication users; Result: notEnabled; ConditionsNotSatisfied: none; SessionControlsNotSatisfied: 
ID: 7249cafd-bd3b-4f0c-9f6a-de4933e0a484; DisplayName: Location Based Access - Block Outside US; Result: notApplied; ConditionsNotSatisfied: location,ipAddressSeenByAzureAD; SessionControlsNotSatisfied: 
ID: 2c6518a2-ced4-420b-99b2-7a01741512b8; DisplayName: Location Based Access - Allow Specific Countries; Result: notEnabled; ConditionsNotSatisfied: none; SessionControlsNotSatisfied: 
ID: e51298da-9965-4f54-be5a-a1bfa7391207; DisplayName: Microsoft-managed: Multifactor authentication and reauthentication for risky sign-ins; Result: notApplied; ConditionsNotSatisfied: signInRisk; SessionControlsNotSatisfied: 
ID: 3cc748c6-e739-4559-b56f-dc898b93b757; DisplayName: Brian Katz Travel Cayman - 12/21-12/28; Result: notEnabled; ConditionsNotSatisfied: none; SessionControlsNotSatisfied: 
ID: dbe24e2b-7971-4159-92e7-029febd9403a; DisplayName: Jeff Lenderman Travel BVI 3/13-3/19; Result: notEnabled; ConditionsNotSatisfied: none; SessionControlsNotSatisfied: 
ID: bda0d60a-c582-4d69-9d7e-f9166be26b08; DisplayName: Brian Katz - Costa Rica; Result: notEnabled; ConditionsNotSatisfied: none; SessionControlsNotSatisfied: 
ID: e4f6bd83-c762-4a93-9fb4-d77b558b5650; DisplayName: Devices - Enforce Device Compliance; Result: reportOnlyFailure; ConditionsNotSatisfied: none; SessionControlsNotSatisfied: 
ID: 46ddead8-098c-4325-bbeb-836e364f64b5; DisplayName: Sessions - Block Persistent Browser Sessions (Untrusted Locations); Result: reportOnlySuccess; ConditionsNotSatisfied: none; SessionControlsNotSatisfied: 
ID: 0149a225-4092-4a09-ab18-ae7c47c5deeb; DisplayName: Sessions - Enforce Sign-In Frequency; Result: reportOnlySuccess; ConditionsNotSatisfied: none; SessionControlsNotSatisfied: 
ID: 408cead8-caca-4de6-bf52-6f34130a6459; DisplayName: Microsoft-managed: Multifactor authentication for admins accessing Microsoft Admin Portals; Result: reportOnlyNotApplied; ConditionsNotSatisfied: application; SessionControlsNotSatisfied: 
ID: e00078dd-d389-4a8f-ba33-ac7b690a7ce3; DisplayName: Brian Katz Montreal 3/15 - 3/21; Result: reportOnlyNotApplied; ConditionsNotSatisfied: users; SessionControlsNotSatisfied: 
ID: da3712b4-2ee4-4d96-b702-9d73cb4e635a; DisplayName: Locations - Enforce Geo-IP Fencing; Result: reportOnlyNotApplied; ConditionsNotSatisfied: location,ipAddressSeenByAzureAD; SessionControlsNotSatisfied: 
ID: 7bd05172-0534-4c9a-a965-6e9370e281df; DisplayName: Protocols - Enforce Modern Authentication; Result: reportOnlyNotApplied; ConditionsNotSatisfied: clientType; SessionControlsNotSatisfied: 
ID: 6c493fe3-b17a-426e-af02-9f28f033239f; DisplayName: Sessions - Block Persistent Browser Sessions (Admins); Result: reportOnlyNotApplied; ConditionsNotSatisfied: users; SessionControlsNotSatisfied: 
ID: 77dbcd7f-566d-4b90-a928-edf2235d1c96; DisplayName: Users - Block Interactive Logins (Service Accounts); Result: reportOnlyNotApplied; ConditionsNotSatisfied: users; SessionControlsNotSatisfied: 
ID: 72f697df-0563-4339-8a40-3a0e56607bcb; DisplayName: Users - Restrict Admin Portal Access; Result: reportOnlyNotApplied; ConditionsNotSatisfied: application; SessionControlsNotSatisfied: ","networkType: namedNetwork; networkNames: Block Countries Per User Per Period","AuthenticationStepDateTime: 2026-08-16T12:52:55Z; AuthenticationMethod: Previously satisfied; AuthenticationMethodDetail: ; Succeeded: True; AuthenticationStepResultDetail: First factor requirement satisfied by claim in the token; AuthenticationStepRequirement: ;
AuthenticationStepDateTime: 2026-08-16T12:52:55Z; AuthenticationMethod: Previously satisfied; AuthenticationMethodDetail: ; Succeeded: True; AuthenticationStepResultDetail: MFA requirement satisfied by claim in the token; AuthenticationStepRequirement: ;"
"2026-08-16T11:28:42Z","Charles Cleveland","ccleveland@katzcapital.com","38aa3b87-a06d-4817-b275-7a316988d93b","Windows Sign In","35.139.145.125","Mobile Apps and Desktop clients","Windows-AzureAD-Authentication-Provider/1.0","6b3ae7b7-2ef4-4fcc-b92b-484bf3398a0e","True","singleFactorAuthentication","errorCode: 0; failureReason: Other.; additionalDetails: MFA requirement satisfied by claim in the token","deviceId: bc7374e3-f031-4efa-95c8-64485e11cc7c; displayName: PWC-L-23-01; operatingSystem: Windows; browser: ; isCompliant: False; isManaged: False; trustType: Azure AD joined","city: Lutz; state: Florida; countryOrRegion: US; geoCoordinates: @{altitude=; latitude=28.13612; longitude=-82.44712}","notApplied","","networkType: namedNetwork; networkNames: Block Countries Per User Per Period","AuthenticationStepDateTime: 2026-08-16T11:28:42Z; AuthenticationMethod: Windows Hello for Business; AuthenticationMethodDetail: ; Succeeded: True; AuthenticationStepResultDetail: User approved; AuthenticationStepRequirement: ;"
"2026-08-16T08:50:54Z","Pineywoods Realty Admin","admin@pineywoodsrealtyfl.com","9199bf20-a13f-4107-85dc-02114787ef48","One Outlook Web","47.206.189.128","Browser","Mozilla/5.0 (Windows NT 10.0; Win64; x64) AppleWebKit/537.36 (KHTML, like Gecko) Chrome/150.0.0.0 Safari/537.36","f2306369-2fa3-4271-cb7d-34b3d0b69f48","True","multiFactorAuthentication","errorCode: 0; failureReason: Other.; additionalDetails: MFA requirement satisfied by claim in the token","deviceId: ; displayName: ; operatingSystem: Windows10; browser: Chrome 150.0.0; isCompliant: False; isManaged: False; trustType: ","city: Tampa; state: Florida; countryOrRegion: US; geoCoordinates: @{altitude=; latitude=27.94497; longitude=-82.44757}","success","ID: a08e9a43-c474-45ce-854f-67d0f7b3deec; DisplayName: Enable MFA - All Users; Result: success; ConditionsNotSatisfied: none; SessionControlsNotSatisfied: 
ID: b8e8a1ff-dfc9-4eff-8c45-e209f4e26e5b; DisplayName: KaztCap SSL VPN Access; Result: notApplied; ConditionsNotSatisfied: users; SessionControlsNotSatisfied: 
ID: c6569448-6b9b-4329-8356-6cdb035f7cf2; DisplayName: Enable MFA - bwadmin; Result: notApplied; ConditionsNotSatisfied: users; SessionControlsNotSatisfied: 
ID: 9dba74f8-0de6-406e-b38c-ba05ea657153; DisplayName: Microsoft-managed: Multifactor authentication for per-user multifactor authentication users; Result: notEnabled; ConditionsNotSatisfied: none; SessionControlsNotSatisfied: 
ID: 7249cafd-bd3b-4f0c-9f6a-de4933e0a484; DisplayName: Location Based Access - Block Outside US; Result: notApplied; ConditionsNotSatisfied: location,ipAddressSeenByAzureAD; SessionControlsNotSatisfied: 
ID: 2c6518a2-ced4-420b-99b2-7a01741512b8; DisplayName: Location Based Access - Allow Specific Countries; Result: notEnabled; ConditionsNotSatisfied: none; SessionControlsNotSatisfied: 
ID: e51298da-9965-4f54-be5a-a1bfa7391207; DisplayName: Microsoft-managed: Multifactor authentication and reauthentication for risky sign-ins; Result: notApplied; ConditionsNotSatisfied: signInRisk; SessionControlsNotSatisfied: 
ID: 3cc748c6-e739-4559-b56f-dc898b93b757; DisplayName: Brian Katz Travel Cayman - 12/21-12/28; Result: notEnabled; ConditionsNotSatisfied: none; SessionControlsNotSatisfied: 
ID: dbe24e2b-7971-4159-92e7-029febd9403a; DisplayName: Jeff Lenderman Travel BVI 3/13-3/19; Result: notEnabled; ConditionsNotSatisfied: none; SessionControlsNotSatisfied: 
ID: bda0d60a-c582-4d69-9d7e-f9166be26b08; DisplayName: Brian Katz - Costa Rica; Result: notEnabled; ConditionsNotSatisfied: none; SessionControlsNotSatisfied: 
ID: e4f6bd83-c762-4a93-9fb4-d77b558b5650; DisplayName: Devices - Enforce Device Compliance; Result: reportOnlyFailure; ConditionsNotSatisfied: none; SessionControlsNotSatisfied: 
ID: 46ddead8-098c-4325-bbeb-836e364f64b5; DisplayName: Sessions - Block Persistent Browser Sessions (Untrusted Locations); Result: reportOnlySuccess; ConditionsNotSatisfied: none; SessionControlsNotSatisfied: 
ID: 0149a225-4092-4a09-ab18-ae7c47c5deeb; DisplayName: Sessions - Enforce Sign-In Frequency; Result: reportOnlySuccess; ConditionsNotSatisfied: none; SessionControlsNotSatisfied: 
ID: 408cead8-caca-4de6-bf52-6f34130a6459; DisplayName: Microsoft-managed: Multifactor authentication for admins accessing Microsoft Admin Portals; Result: reportOnlyNotApplied; ConditionsNotSatisfied: application; SessionControlsNotSatisfied: 
ID: e00078dd-d389-4a8f-ba33-ac7b690a7ce3; DisplayName: Brian Katz Montreal 3/15 - 3/21; Result: reportOnlyNotApplied; ConditionsNotSatisfied: users; SessionControlsNotSatisfied: 
ID: da3712b4-2ee4-4d96-b702-9d73cb4e635a; DisplayName: Locations - Enforce Geo-IP Fencing; Result: reportOnlyNotApplied; ConditionsNotSatisfied: location,ipAddressSeenByAzureAD; SessionControlsNotSatisfied: 
ID: 7bd05172-0534-4c9a-a965-6e9370e281df; DisplayName: Protocols - Enforce Modern Authentication; Result: reportOnlyNotApplied; ConditionsNotSatisfied: clientType; SessionControlsNotSatisfied: 
ID: 6c493fe3-b17a-426e-af02-9f28f033239f; DisplayName: Sessions - Block Persistent Browser Sessions (Admins); Result: reportOnlyNotApplied; ConditionsNotSatisfied: users; SessionControlsNotSatisfied: 
ID: 77dbcd7f-566d-4b90-a928-edf2235d1c96; DisplayName: Users - Block Interactive Logins (Service Accounts); Result: reportOnlyNotApplied; ConditionsNotSatisfied: users; SessionControlsNotSatisfied: 
ID: 72f697df-0563-4339-8a40-3a0e56607bcb; DisplayName: Users - Restrict Admin Portal Access; Result: reportOnlyNotApplied; ConditionsNotSatisfied: application; SessionControlsNotSatisfied: ","networkType: namedNetwork; networkNames: Block Countries Per User Per Period","AuthenticationStepDateTime: 2026-08-16T08:50:54Z; AuthenticationMethod: Previously satisfied; AuthenticationMethodDetail: ; Succeeded: True; AuthenticationStepResultDetail: First factor requirement satisfied by claim in the token; AuthenticationStepRequirement: ;
AuthenticationStepDateTime: 2026-08-16T08:50:54Z; AuthenticationMethod: Previously satisfied; AuthenticationMethodDetail: ; Succeeded: True; AuthenticationStepResultDetail: MFA requirement satisfied by claim in the token; AuthenticationStepRequirement: ;"
"2026-08-16T04:48:54Z","Pineywoods Realty Admin","admin@pineywoodsrealtyfl.com","9199bf20-a13f-4107-85dc-02114787ef48","One Outlook Web","47.206.189.128","Browser","Mozilla/5.0 (Windows NT 10.0; Win64; x64) AppleWebKit/537.36 (KHTML, like Gecko) Chrome/150.0.0.0 Safari/537.36","b6b2c1d5-bf1c-f76f-4a83-6b7ac56e24db","True","multiFactorAuthentication","errorCode: 0; failureReason: Other.; additionalDetails: MFA requirement satisfied by claim in the token","deviceId: ; displayName: ; operatingSystem: Windows10; browser: Chrome 150.0.0; isCompliant: False; isManaged: False; trustType: ","city: Tampa; state: Florida; countryOrRegion: US; geoCoordinates: @{altitude=; latitude=27.94497; longitude=-82.44757}","success","ID: a08e9a43-c474-45ce-854f-67d0f7b3deec; DisplayName: Enable MFA - All Users; Result: success; ConditionsNotSatisfied: none; SessionControlsNotSatisfied: 
ID: b8e8a1ff-dfc9-4eff-8c45-e209f4e26e5b; DisplayName: KaztCap SSL VPN Access; Result: notApplied; ConditionsNotSatisfied: users; SessionControlsNotSatisfied: 
ID: 2c6518a2-ced4-420b-99b2-7a01741512b8; DisplayName: Location Based Access - Allow Specific Countries; Result: notEnabled; ConditionsNotSatisfied: none; SessionControlsNotSatisfied: 
ID: 9dba74f8-0de6-406e-b38c-ba05ea657153; DisplayName: Microsoft-managed: Multifactor authentication for per-user multifactor authentication users; Result: notEnabled; ConditionsNotSatisfied: none; SessionControlsNotSatisfied: 
ID: e51298da-9965-4f54-be5a-a1bfa7391207; DisplayName: Microsoft-managed: Multifactor authentication and reauthentication for risky sign-ins; Result: notApplied; ConditionsNotSatisfied: signInRisk; SessionControlsNotSatisfied: 
ID: c6569448-6b9b-4329-8356-6cdb035f7cf2; DisplayName: Enable MFA - bwadmin; Result: notApplied; ConditionsNotSatisfied: users; SessionControlsNotSatisfied: 
ID: 3cc748c6-e739-4559-b56f-dc898b93b757; DisplayName: Brian Katz Travel Cayman - 12/21-12/28; Result: notEnabled; ConditionsNotSatisfied: none; SessionControlsNotSatisfied: 
ID: 7249cafd-bd3b-4f0c-9f6a-de4933e0a484; DisplayName: Location Based Access - Block Outside US; Result: notApplied; ConditionsNotSatisfied: location,ipAddressSeenByAzureAD; SessionControlsNotSatisfied: 
ID: dbe24e2b-7971-4159-92e7-029febd9403a; DisplayName: Jeff Lenderman Travel BVI 3/13-3/19; Result: notEnabled; ConditionsNotSatisfied: none; SessionControlsNotSatisfied: 
ID: bda0d60a-c582-4d69-9d7e-f9166be26b08; DisplayName: Brian Katz - Costa Rica; Result: notEnabled; ConditionsNotSatisfied: none; SessionControlsNotSatisfied: 
ID: e4f6bd83-c762-4a93-9fb4-d77b558b5650; DisplayName: Devices - Enforce Device Compliance; Result: reportOnlyFailure; ConditionsNotSatisfied: none; SessionControlsNotSatisfied: 
ID: 46ddead8-098c-4325-bbeb-836e364f64b5; DisplayName: Sessions - Block Persistent Browser Sessions (Untrusted Locations); Result: reportOnlySuccess; ConditionsNotSatisfied: none; SessionControlsNotSatisfied: 
ID: 0149a225-4092-4a09-ab18-ae7c47c5deeb; DisplayName: Sessions - Enforce Sign-In Frequency; Result: reportOnlySuccess; ConditionsNotSatisfied: none; SessionControlsNotSatisfied: 
ID: 408cead8-caca-4de6-bf52-6f34130a6459; DisplayName: Microsoft-managed: Multifactor authentication for admins accessing Microsoft Admin Portals; Result: reportOnlyNotApplied; ConditionsNotSatisfied: application; SessionControlsNotSatisfied: 
ID: e00078dd-d389-4a8f-ba33-ac7b690a7ce3; DisplayName: Brian Katz Montreal 3/15 - 3/21; Result: reportOnlyNotApplied; ConditionsNotSatisfied: users; SessionControlsNotSatisfied: 
ID: da3712b4-2ee4-4d96-b702-9d73cb4e635a; DisplayName: Locations - Enforce Geo-IP Fencing; Result: reportOnlyNotApplied; ConditionsNotSatisfied: location,ipAddressSeenByAzureAD; SessionControlsNotSatisfied: 
ID: 7bd05172-0534-4c9a-a965-6e9370e281df; DisplayName: Protocols - Enforce Modern Authentication; Result: reportOnlyNotApplied; ConditionsNotSatisfied: clientType; SessionControlsNotSatisfied: 
ID: 6c493fe3-b17a-426e-af02-9f28f033239f; DisplayName: Sessions - Block Persistent Browser Sessions (Admins); Result: reportOnlyNotApplied; ConditionsNotSatisfied: users; SessionControlsNotSatisfied: 
ID: 77dbcd7f-566d-4b90-a928-edf2235d1c96; DisplayName: Users - Block Interactive Logins (Service Accounts); Result: reportOnlyNotApplied; ConditionsNotSatisfied: users; SessionControlsNotSatisfied: 
ID: 72f697df-0563-4339-8a40-3a0e56607bcb; DisplayName: Users - Restrict Admin Portal Access; Result: reportOnlyNotApplied; ConditionsNotSatisfied: application; SessionControlsNotSatisfied: ","networkType: namedNetwork; networkNames: Block Countries Per User Per Period","AuthenticationStepDateTime: 2026-08-16T04:48:54Z; AuthenticationMethod: Previously satisfied; AuthenticationMethodDetail: ; Succeeded: True; AuthenticationStepResultDetail: First factor requirement satisfied by claim in the token; AuthenticationStepRequirement: ;
AuthenticationStepDateTime: 2026-08-16T04:48:54Z; AuthenticationMethod: Previously satisfied; AuthenticationMethodDetail: ; Succeeded: True; AuthenticationStepResultDetail: MFA requirement satisfied by claim in the token; AuthenticationStepRequirement: ;"
"2026-08-16T03:04:30Z","Ashley Savala","asavala@pineywoodsrealtyfl.com","9199bf20-a13f-4107-85dc-02114787ef48","One Outlook Web","47.198.26.60","Browser","Mozilla/5.0 (Windows NT 10.0; Win64; x64) AppleWebKit/537.36 (KHTML, like Gecko) Chrome/151.0.0.0 Safari/537.36","f4ddbd78-f962-51d0-86db-1a207c9968d6","True","multiFactorAuthentication","errorCode: 0; failureReason: Other.; additionalDetails: MFA requirement satisfied by claim in the token","deviceId: ; displayName: ; operatingSystem: Windows10; browser: Chrome 151.0.0; isCompliant: False; isManaged: False; trustType: ","city: Odessa; state: Florida; countryOrRegion: US; geoCoordinates: @{altitude=; latitude=28.1414; longitude=-82.59334}","success","ID: a08e9a43-c474-45ce-854f-67d0f7b3deec; DisplayName: Enable MFA - All Users; Result: success; ConditionsNotSatisfied: none; SessionControlsNotSatisfied: 
ID: b8e8a1ff-dfc9-4eff-8c45-e209f4e26e5b; DisplayName: KaztCap SSL VPN Access; Result: notApplied; ConditionsNotSatisfied: users; SessionControlsNotSatisfied: 
ID: c6569448-6b9b-4329-8356-6cdb035f7cf2; DisplayName: Enable MFA - bwadmin; Result: notApplied; ConditionsNotSatisfied: users; SessionControlsNotSatisfied: 
ID: 9dba74f8-0de6-406e-b38c-ba05ea657153; DisplayName: Microsoft-managed: Multifactor authentication for per-user multifactor authentication users; Result: notEnabled; ConditionsNotSatisfied: none; SessionControlsNotSatisfied: 
ID: 7249cafd-bd3b-4f0c-9f6a-de4933e0a484; DisplayName: Location Based Access - Block Outside US; Result: notApplied; ConditionsNotSatisfied: location,ipAddressSeenByAzureAD; SessionControlsNotSatisfied: 
ID: 2c6518a2-ced4-420b-99b2-7a01741512b8; DisplayName: Location Based Access - Allow Specific Countries; Result: notEnabled; ConditionsNotSatisfied: none; SessionControlsNotSatisfied: 
ID: e51298da-9965-4f54-be5a-a1bfa7391207; DisplayName: Microsoft-managed: Multifactor authentication and reauthentication for risky sign-ins; Result: notApplied; ConditionsNotSatisfied: signInRisk; SessionControlsNotSatisfied: 
ID: 3cc748c6-e739-4559-b56f-dc898b93b757; DisplayName: Brian Katz Travel Cayman - 12/21-12/28; Result: notEnabled; ConditionsNotSatisfied: none; SessionControlsNotSatisfied: 
ID: dbe24e2b-7971-4159-92e7-029febd9403a; DisplayName: Jeff Lenderman Travel BVI 3/13-3/19; Result: notEnabled; ConditionsNotSatisfied: none; SessionControlsNotSatisfied: 
ID: bda0d60a-c582-4d69-9d7e-f9166be26b08; DisplayName: Brian Katz - Costa Rica; Result: notEnabled; ConditionsNotSatisfied: none; SessionControlsNotSatisfied: 
ID: e4f6bd83-c762-4a93-9fb4-d77b558b5650; DisplayName: Devices - Enforce Device Compliance; Result: reportOnlyFailure; ConditionsNotSatisfied: none; SessionControlsNotSatisfied: 
ID: 46ddead8-098c-4325-bbeb-836e364f64b5; DisplayName: Sessions - Block Persistent Browser Sessions (Untrusted Locations); Result: reportOnlySuccess; ConditionsNotSatisfied: none; SessionControlsNotSatisfied: 
ID: 0149a225-4092-4a09-ab18-ae7c47c5deeb; DisplayName: Sessions - Enforce Sign-In Frequency; Result: reportOnlySuccess; ConditionsNotSatisfied: none; SessionControlsNotSatisfied: 
ID: 408cead8-caca-4de6-bf52-6f34130a6459; DisplayName: Microsoft-managed: Multifactor authentication for admins accessing Microsoft Admin Portals; Result: reportOnlyNotApplied; ConditionsNotSatisfied: application; SessionControlsNotSatisfied: 
ID: e00078dd-d389-4a8f-ba33-ac7b690a7ce3; DisplayName: Brian Katz Montreal 3/15 - 3/21; Result: reportOnlyNotApplied; ConditionsNotSatisfied: users; SessionControlsNotSatisfied: 
ID: da3712b4-2ee4-4d96-b702-9d73cb4e635a; DisplayName: Locations - Enforce Geo-IP Fencing; Result: reportOnlyNotApplied; ConditionsNotSatisfied: location,ipAddressSeenByAzureAD; SessionControlsNotSatisfied: 
ID: 7bd05172-0534-4c9a-a965-6e9370e281df; DisplayName: Protocols - Enforce Modern Authentication; Result: reportOnlyNotApplied; ConditionsNotSatisfied: clientType; SessionControlsNotSatisfied: 
ID: 6c493fe3-b17a-426e-af02-9f28f033239f; DisplayName: Sessions - Block Persistent Browser Sessions (Admins); Result: reportOnlyNotApplied; ConditionsNotSatisfied: users; SessionControlsNotSatisfied: 
ID: 77dbcd7f-566d-4b90-a928-edf2235d1c96; DisplayName: Users - Block Interactive Logins (Service Accounts); Result: reportOnlyNotApplied; ConditionsNotSatisfied: users; SessionControlsNotSatisfied: 
ID: 72f697df-0563-4339-8a40-3a0e56607bcb; DisplayName: Users - Restrict Admin Portal Access; Result: reportOnlyNotApplied; ConditionsNotSatisfied: application; SessionControlsNotSatisfied: ","networkType: namedNetwork; networkNames: Block Countries Per User Per Period","AuthenticationStepDateTime: 2026-08-16T03:04:30Z; AuthenticationMethod: Previously satisfied; AuthenticationMethodDetail: ; Succeeded: True; AuthenticationStepResultDetail: First factor requirement satisfied by claim in the token; AuthenticationStepRequirement: ;
AuthenticationStepDateTime: 2026-08-16T03:04:30Z; AuthenticationMethod: Previously satisfied; AuthenticationMethodDetail: ; Succeeded: True; AuthenticationStepResultDetail: MFA requirement satisfied by claim in the token; AuthenticationStepRequirement: ;"
"2026-08-16T00:46:54Z","Pineywoods Realty Admin","admin@pineywoodsrealtyfl.com","9199bf20-a13f-4107-85dc-02114787ef48","One Outlook Web","47.206.189.128","Browser","Mozilla/5.0 (Windows NT 10.0; Win64; x64) AppleWebKit/537.36 (KHTML, like Gecko) Chrome/150.0.0.0 Safari/537.36","ab3d82e2-0691-b45f-e3e6-10f74b2b6d5b","True","multiFactorAuthentication","errorCode: 0; failureReason: Other.; additionalDetails: MFA requirement satisfied by claim in the token","deviceId: ; displayName: ; operatingSystem: Windows10; browser: Chrome 150.0.0; isCompliant: False; isManaged: False; trustType: ","city: Tampa; state: Florida; countryOrRegion: US; geoCoordinates: @{altitude=; latitude=27.94497; longitude=-82.44757}","success","ID: a08e9a43-c474-45ce-854f-67d0f7b3deec; DisplayName: Enable MFA - All Users; Result: success; ConditionsNotSatisfied: none; SessionControlsNotSatisfied: 
ID: b8e8a1ff-dfc9-4eff-8c45-e209f4e26e5b; DisplayName: KaztCap SSL VPN Access; Result: notApplied; ConditionsNotSatisfied: users; SessionControlsNotSatisfied: 
ID: c6569448-6b9b-4329-8356-6cdb035f7cf2; DisplayName: Enable MFA - bwadmin; Result: notApplied; ConditionsNotSatisfied: users; SessionControlsNotSatisfied: 
ID: 2c6518a2-ced4-420b-99b2-7a01741512b8; DisplayName: Location Based Access - Allow Specific Countries; Result: notEnabled; ConditionsNotSatisfied: none; SessionControlsNotSatisfied: 
ID: 9dba74f8-0de6-406e-b38c-ba05ea657153; DisplayName: Microsoft-managed: Multifactor authentication for per-user multifactor authentication users; Result: notEnabled; ConditionsNotSatisfied: none; SessionControlsNotSatisfied: 
ID: 7249cafd-bd3b-4f0c-9f6a-de4933e0a484; DisplayName: Location Based Access - Block Outside US; Result: notApplied; ConditionsNotSatisfied: location,ipAddressSeenByAzureAD; SessionControlsNotSatisfied: 
ID: e51298da-9965-4f54-be5a-a1bfa7391207; DisplayName: Microsoft-managed: Multifactor authentication and reauthentication for risky sign-ins; Result: notApplied; ConditionsNotSatisfied: signInRisk; SessionControlsNotSatisfied: 
ID: 3cc748c6-e739-4559-b56f-dc898b93b757; DisplayName: Brian Katz Travel Cayman - 12/21-12/28; Result: notEnabled; ConditionsNotSatisfied: none; SessionControlsNotSatisfied: 
ID: dbe24e2b-7971-4159-92e7-029febd9403a; DisplayName: Jeff Lenderman Travel BVI 3/13-3/19; Result: notEnabled; ConditionsNotSatisfied: none; SessionControlsNotSatisfied: 
ID: bda0d60a-c582-4d69-9d7e-f9166be26b08; DisplayName: Brian Katz - Costa Rica; Result: notEnabled; ConditionsNotSatisfied: none; SessionControlsNotSatisfied: 
ID: e4f6bd83-c762-4a93-9fb4-d77b558b5650; DisplayName: Devices - Enforce Device Compliance; Result: reportOnlyFailure; ConditionsNotSatisfied: none; SessionControlsNotSatisfied: 
ID: 46ddead8-098c-4325-bbeb-836e364f64b5; DisplayName: Sessions - Block Persistent Browser Sessions (Untrusted Locations); Result: reportOnlySuccess; ConditionsNotSatisfied: none; SessionControlsNotSatisfied: 
ID: 0149a225-4092-4a09-ab18-ae7c47c5deeb; DisplayName: Sessions - Enforce Sign-In Frequency; Result: reportOnlySuccess; ConditionsNotSatisfied: none; SessionControlsNotSatisfied: 
ID: 408cead8-caca-4de6-bf52-6f34130a6459; DisplayName: Microsoft-managed: Multifactor authentication for admins accessing Microsoft Admin Portals; Result: reportOnlyNotApplied; ConditionsNotSatisfied: application; SessionControlsNotSatisfied: 
ID: e00078dd-d389-4a8f-ba33-ac7b690a7ce3; DisplayName: Brian Katz Montreal 3/15 - 3/21; Result: reportOnlyNotApplied; ConditionsNotSatisfied: users; SessionControlsNotSatisfied: 
ID: da3712b4-2ee4-4d96-b702-9d73cb4e635a; DisplayName: Locations - Enforce Geo-IP Fencing; Result: reportOnlyNotApplied; ConditionsNotSatisfied: location,ipAddressSeenByAzureAD; SessionControlsNotSatisfied: 
ID: 7bd05172-0534-4c9a-a965-6e9370e281df; DisplayName: Protocols - Enforce Modern Authentication; Result: reportOnlyNotApplied; ConditionsNotSatisfied: clientType; SessionControlsNotSatisfied: 
ID: 6c493fe3-b17a-426e-af02-9f28f033239f; DisplayName: Sessions - Block Persistent Browser Sessions (Admins); Result: reportOnlyNotApplied; ConditionsNotSatisfied: users; SessionControlsNotSatisfied: 
ID: 77dbcd7f-566d-4b90-a928-edf2235d1c96; DisplayName: Users - Block Interactive Logins (Service Accounts); Result: reportOnlyNotApplied; ConditionsNotSatisfied: users; SessionControlsNotSatisfied: 
ID: 72f697df-0563-4339-8a40-3a0e56607bcb; DisplayName: Users - Restrict Admin Portal Access; Result: reportOnlyNotApplied; ConditionsNotSatisfied: application; SessionControlsNotSatisfied: ","networkType: namedNetwork; networkNames: Block Countries Per User Per Period","AuthenticationStepDateTime: 2026-08-16T00:46:54Z; AuthenticationMethod: Previously satisfied; AuthenticationMethodDetail: ; Succeeded: True; AuthenticationStepResultDetail: First factor requirement satisfied by claim in the token; AuthenticationStepRequirement: ;
AuthenticationStepDateTime: 2026-08-16T00:46:54Z; AuthenticationMethod: Previously satisfied; AuthenticationMethodDetail: ; Succeeded: True; AuthenticationStepResultDetail: MFA requirement satisfied by claim in the token; AuthenticationStepRequirement: ;"
"2026-08-15T23:54:12Z","Brian Katz","bkatz@katzcapital.com","38aa3b87-a06d-4817-b275-7a316988d93b","Windows Sign In","2603:9000:6900:40a2:a960:a686:7c05:69cb","Mobile Apps and Desktop clients","Windows-AzureAD-Authentication-Provider/1.0","0375c336-dd72-4e53-9fe5-1f0c03163fe2","True","singleFactorAuthentication","errorCode: 0; failureReason: Other.; additionalDetails: MFA requirement satisfied by claim in the token","deviceId: 96b5d6dc-e36d-480c-9d95-ea47db6fb789; displayName: PWD-L-22-02; operatingSystem: Windows; browser: ; isCompliant: False; isManaged: False; trustType: Azure AD joined","city: Tampa; state: Florida; countryOrRegion: US; geoCoordinates: @{altitude=; latitude=27.95895; longitude=-82.46092}","notApplied","","networkType: namedNetwork; networkNames: Block Countries Per User Per Period","AuthenticationStepDateTime: 2026-08-15T23:54:12Z; AuthenticationMethod: Windows Hello for Business; AuthenticationMethodDetail: ; Succeeded: True; AuthenticationStepResultDetail: User approved; AuthenticationStepRequirement: ;"
"2026-08-15T20:44:54Z","Pineywoods Realty Admin","admin@pineywoodsrealtyfl.com","9199bf20-a13f-4107-85dc-02114787ef48","One Outlook Web","47.206.189.128","Browser","Mozilla/5.0 (Windows NT 10.0; Win64; x64) AppleWebKit/537.36 (KHTML, like Gecko) Chrome/150.0.0.0 Safari/537.36","5f6e65de-3a69-afd8-dbae-6fcbeeeffea0","True","multiFactorAuthentication","errorCode: 0; failureReason: Other.; additionalDetails: MFA requirement satisfied by claim in the token","deviceId: ; displayName: ; operatingSystem: Windows10; browser: Chrome 150.0.0; isCompliant: False; isManaged: False; trustType: ","city: Tampa; state: Florida; countryOrRegion: US; geoCoordinates: @{altitude=; latitude=27.94497; longitude=-82.44757}","success","ID: a08e9a43-c474-45ce-854f-67d0f7b3deec; DisplayName: Enable MFA - All Users; Result: success; ConditionsNotSatisfied: none; SessionControlsNotSatisfied: 
ID: b8e8a1ff-dfc9-4eff-8c45-e209f4e26e5b; DisplayName: KaztCap SSL VPN Access; Result: notApplied; ConditionsNotSatisfied: users; SessionControlsNotSatisfied: 
ID: c6569448-6b9b-4329-8356-6cdb035f7cf2; DisplayName: Enable MFA - bwadmin; Result: notApplied; ConditionsNotSatisfied: users; SessionControlsNotSatisfied: 
ID: 9dba74f8-0de6-406e-b38c-ba05ea657153; DisplayName: Microsoft-managed: Multifactor authentication for per-user multifactor authentication users; Result: notEnabled; ConditionsNotSatisfied: none; SessionControlsNotSatisfied: 
ID: 7249cafd-bd3b-4f0c-9f6a-de4933e0a484; DisplayName: Location Based Access - Block Outside US; Result: notApplied; ConditionsNotSatisfied: location,ipAddressSeenByAzureAD; SessionControlsNotSatisfied: 
ID: 2c6518a2-ced4-420b-99b2-7a01741512b8; DisplayName: Location Based Access - Allow Specific Countries; Result: notEnabled; ConditionsNotSatisfied: none; SessionControlsNotSatisfied: 
ID: e51298da-9965-4f54-be5a-a1bfa7391207; DisplayName: Microsoft-managed: Multifactor authentication and reauthentication for risky sign-ins; Result: notApplied; ConditionsNotSatisfied: signInRisk; SessionControlsNotSatisfied: 
ID: 3cc748c6-e739-4559-b56f-dc898b93b757; DisplayName: Brian Katz Travel Cayman - 12/21-12/28; Result: notEnabled; ConditionsNotSatisfied: none; SessionControlsNotSatisfied: 
ID: dbe24e2b-7971-4159-92e7-029febd9403a; DisplayName: Jeff Lenderman Travel BVI 3/13-3/19; Result: notEnabled; ConditionsNotSatisfied: none; SessionControlsNotSatisfied: 
ID: bda0d60a-c582-4d69-9d7e-f9166be26b08; DisplayName: Brian Katz - Costa Rica; Result: notEnabled; ConditionsNotSatisfied: none; SessionControlsNotSatisfied: 
ID: e4f6bd83-c762-4a93-9fb4-d77b558b5650; DisplayName: Devices - Enforce Device Compliance; Result: reportOnlyFailure; ConditionsNotSatisfied: none; SessionControlsNotSatisfied: 
ID: 46ddead8-098c-4325-bbeb-836e364f64b5; DisplayName: Sessions - Block Persistent Browser Sessions (Untrusted Locations); Result: reportOnlySuccess; ConditionsNotSatisfied: none; SessionControlsNotSatisfied: 
ID: 0149a225-4092-4a09-ab18-ae7c47c5deeb; DisplayName: Sessions - Enforce Sign-In Frequency; Result: reportOnlySuccess; ConditionsNotSatisfied: none; SessionControlsNotSatisfied: 
ID: 408cead8-caca-4de6-bf52-6f34130a6459; DisplayName: Microsoft-managed: Multifactor authentication for admins accessing Microsoft Admin Portals; Result: reportOnlyNotApplied; ConditionsNotSatisfied: application; SessionControlsNotSatisfied: 
ID: e00078dd-d389-4a8f-ba33-ac7b690a7ce3; DisplayName: Brian Katz Montreal 3/15 - 3/21; Result: reportOnlyNotApplied; ConditionsNotSatisfied: users; SessionControlsNotSatisfied: 
ID: da3712b4-2ee4-4d96-b702-9d73cb4e635a; DisplayName: Locations - Enforce Geo-IP Fencing; Result: reportOnlyNotApplied; ConditionsNotSatisfied: location,ipAddressSeenByAzureAD; SessionControlsNotSatisfied: 
ID: 7bd05172-0534-4c9a-a965-6e9370e281df; DisplayName: Protocols - Enforce Modern Authentication; Result: reportOnlyNotApplied; ConditionsNotSatisfied: clientType; SessionControlsNotSatisfied: 
ID: 6c493fe3-b17a-426e-af02-9f28f033239f; DisplayName: Sessions - Block Persistent Browser Sessions (Admins); Result: reportOnlyNotApplied; ConditionsNotSatisfied: users; SessionControlsNotSatisfied: 
ID: 77dbcd7f-566d-4b90-a928-edf2235d1c96; DisplayName: Users - Block Interactive Logins (Service Accounts); Result: reportOnlyNotApplied; ConditionsNotSatisfied: users; SessionControlsNotSatisfied: 
ID: 72f697df-0563-4339-8a40-3a0e56607bcb; DisplayName: Users - Restrict Admin Portal Access; Result: reportOnlyNotApplied; ConditionsNotSatisfied: application; SessionControlsNotSatisfied: ","networkType: namedNetwork; networkNames: Block Countries Per User Per Period","AuthenticationStepDateTime: 2026-08-15T20:44:54Z; AuthenticationMethod: Previously satisfied; AuthenticationMethodDetail: ; Succeeded: True; AuthenticationStepResultDetail: First factor requirement satisfied by claim in the token; AuthenticationStepRequirement: ;
AuthenticationStepDateTime: 2026-08-15T20:44:54Z; AuthenticationMethod: Previously satisfied; AuthenticationMethodDetail: ; Succeeded: True; AuthenticationStepResultDetail: MFA requirement satisfied by claim in the token; AuthenticationStepRequirement: ;"
"2026-08-15T19:53:51Z","Charles Cleveland","ccleveland@katzcapital.com","38aa3b87-a06d-4817-b275-7a316988d93b","Windows Sign In","35.139.145.125","Mobile Apps and Desktop clients","Windows-AzureAD-Authentication-Provider/1.0","ed789eb2-f41a-4eb6-985c-2a9f81b036ae","True","singleFactorAuthentication","errorCode: 0; failureReason: Other.; additionalDetails: MFA requirement satisfied by claim in the token","deviceId: bc7374e3-f031-4efa-95c8-64485e11cc7c; displayName: PWC-L-23-01; operatingSystem: Windows; browser: ; isCompliant: False; isManaged: False; trustType: Azure AD joined","city: Lutz; state: Florida; countryOrRegion: US; geoCoordinates: @{altitude=; latitude=28.13612; longitude=-82.44712}","notApplied","","networkType: namedNetwork; networkNames: Block Countries Per User Per Period","AuthenticationStepDateTime: 2026-08-15T19:53:51Z; AuthenticationMethod: Windows Hello for Business; AuthenticationMethodDetail: ; Succeeded: True; AuthenticationStepResultDetail: User approved; AuthenticationStepRequirement: ;"
"2026-08-15T19:36:25Z","Ashley Savala","asavala@pineywoodsrealtyfl.com","9199bf20-a13f-4107-85dc-02114787ef48","One Outlook Web","47.198.26.60","Browser","Mozilla/5.0 (Windows NT 10.0; Win64; x64) AppleWebKit/537.36 (KHTML, like Gecko) Chrome/151.0.0.0 Safari/537.36","7fb91a10-2289-0337-1141-539ac079b218","True","multiFactorAuthentication","errorCode: 0; failureReason: Other.; additionalDetails: MFA requirement satisfied by claim in the token","deviceId: ; displayName: ; operatingSystem: Windows10; browser: Chrome 151.0.0; isCompliant: False; isManaged: False; trustType: ","city: Odessa; state: Florida; countryOrRegion: US; geoCoordinates: @{altitude=; latitude=28.1414; longitude=-82.59334}","success","ID: a08e9a43-c474-45ce-854f-67d0f7b3deec; DisplayName: Enable MFA - All Users; Result: success; ConditionsNotSatisfied: none; SessionControlsNotSatisfied: 
ID: b8e8a1ff-dfc9-4eff-8c45-e209f4e26e5b; DisplayName: KaztCap SSL VPN Access; Result: notApplied; ConditionsNotSatisfied: users; SessionControlsNotSatisfied: 
ID: c6569448-6b9b-4329-8356-6cdb035f7cf2; DisplayName: Enable MFA - bwadmin; Result: notApplied; ConditionsNotSatisfied: users; SessionControlsNotSatisfied: 
ID: 2c6518a2-ced4-420b-99b2-7a01741512b8; DisplayName: Location Based Access - Allow Specific Countries; Result: notEnabled; ConditionsNotSatisfied: none; SessionControlsNotSatisfied: 
ID: 9dba74f8-0de6-406e-b38c-ba05ea657153; DisplayName: Microsoft-managed: Multifactor authentication for per-user multifactor authentication users; Result: notEnabled; ConditionsNotSatisfied: none; SessionControlsNotSatisfied: 
ID: 7249cafd-bd3b-4f0c-9f6a-de4933e0a484; DisplayName: Location Based Access - Block Outside US; Result: notApplied; ConditionsNotSatisfied: location,ipAddressSeenByAzureAD; SessionControlsNotSatisfied: 
ID: e51298da-9965-4f54-be5a-a1bfa7391207; DisplayName: Microsoft-managed: Multifactor authentication and reauthentication for risky sign-ins; Result: notApplied; ConditionsNotSatisfied: signInRisk; SessionControlsNotSatisfied: 
ID: 3cc748c6-e739-4559-b56f-dc898b93b757; DisplayName: Brian Katz Travel Cayman - 12/21-12/28; Result: notEnabled; ConditionsNotSatisfied: none; SessionControlsNotSatisfied: 
ID: dbe24e2b-7971-4159-92e7-029febd9403a; DisplayName: Jeff Lenderman Travel BVI 3/13-3/19; Result: notEnabled; ConditionsNotSatisfied: none; SessionControlsNotSatisfied: 
ID: bda0d60a-c582-4d69-9d7e-f9166be26b08; DisplayName: Brian Katz - Costa Rica; Result: notEnabled; ConditionsNotSatisfied: none; SessionControlsNotSatisfied: 
ID: e4f6bd83-c762-4a93-9fb4-d77b558b5650; DisplayName: Devices - Enforce Device Compliance; Result: reportOnlyFailure; ConditionsNotSatisfied: none; SessionControlsNotSatisfied: 
ID: 46ddead8-098c-4325-bbeb-836e364f64b5; DisplayName: Sessions - Block Persistent Browser Sessions (Untrusted Locations); Result: reportOnlySuccess; ConditionsNotSatisfied: none; SessionControlsNotSatisfied: 
ID: 0149a225-4092-4a09-ab18-ae7c47c5deeb; DisplayName: Sessions - Enforce Sign-In Frequency; Result: reportOnlySuccess; ConditionsNotSatisfied: none; SessionControlsNotSatisfied: 
ID: 408cead8-caca-4de6-bf52-6f34130a6459; DisplayName: Microsoft-managed: Multifactor authentication for admins accessing Microsoft Admin Portals; Result: reportOnlyNotApplied; ConditionsNotSatisfied: application; SessionControlsNotSatisfied: 
ID: e00078dd-d389-4a8f-ba33-ac7b690a7ce3; DisplayName: Brian Katz Montreal 3/15 - 3/21; Result: reportOnlyNotApplied; ConditionsNotSatisfied: users; SessionControlsNotSatisfied: 
ID: da3712b4-2ee4-4d96-b702-9d73cb4e635a; DisplayName: Locations - Enforce Geo-IP Fencing; Result: reportOnlyNotApplied; ConditionsNotSatisfied: location,ipAddressSeenByAzureAD; SessionControlsNotSatisfied: 
ID: 7bd05172-0534-4c9a-a965-6e9370e281df; DisplayName: Protocols - Enforce Modern Authentication; Result: reportOnlyNotApplied; ConditionsNotSatisfied: clientType; SessionControlsNotSatisfied: 
ID: 6c493fe3-b17a-426e-af02-9f28f033239f; DisplayName: Sessions - Block Persistent Browser Sessions (Admins); Result: reportOnlyNotApplied; ConditionsNotSatisfied: users; SessionControlsNotSatisfied: 
ID: 77dbcd7f-566d-4b90-a928-edf2235d1c96; DisplayName: Users - Block Interactive Logins (Service Accounts); Result: reportOnlyNotApplied; ConditionsNotSatisfied: users; SessionControlsNotSatisfied: 
ID: 72f697df-0563-4339-8a40-3a0e56607bcb; DisplayName: Users - Restrict Admin Portal Access; Result: reportOnlyNotApplied; ConditionsNotSatisfied: application; SessionControlsNotSatisfied: ","networkType: namedNetwork; networkNames: Block Countries Per User Per Period","AuthenticationStepDateTime: 2026-08-15T19:36:25Z; AuthenticationMethod: Previously satisfied; AuthenticationMethodDetail: ; Succeeded: True; AuthenticationStepResultDetail: First factor requirement satisfied by claim in the token; AuthenticationStepRequirement: ;
AuthenticationStepDateTime: 2026-08-15T19:36:25Z; AuthenticationMethod: Previously satisfied; AuthenticationMethodDetail: ; Succeeded: True; AuthenticationStepResultDetail: MFA requirement satisfied by claim in the token; AuthenticationStepRequirement: ;"
"2026-08-15T16:41:54Z","Pineywoods Realty Admin","admin@pineywoodsrealtyfl.com","9199bf20-a13f-4107-85dc-02114787ef48","One Outlook Web","47.206.189.128","Browser","Mozilla/5.0 (Windows NT 10.0; Win64; x64) AppleWebKit/537.36 (KHTML, like Gecko) Chrome/150.0.0.0 Safari/537.36","6e188d65-0a41-bb70-53b1-c9a945a23804","True","multiFactorAuthentication","errorCode: 0; failureReason: Other.; additionalDetails: MFA requirement satisfied by claim in the token","deviceId: ; displayName: ; operatingSystem: Windows10; browser: Chrome 150.0.0; isCompliant: False; isManaged: False; trustType: ","city: Tampa; state: Florida; countryOrRegion: US; geoCoordinates: @{altitude=; latitude=27.94497; longitude=-82.44757}","success","ID: a08e9a43-c474-45ce-854f-67d0f7b3deec; DisplayName: Enable MFA - All Users; Result: success; ConditionsNotSatisfied: none; SessionControlsNotSatisfied: 
ID: b8e8a1ff-dfc9-4eff-8c45-e209f4e26e5b; DisplayName: KaztCap SSL VPN Access; Result: notApplied; ConditionsNotSatisfied: users; SessionControlsNotSatisfied: 
ID: c6569448-6b9b-4329-8356-6cdb035f7cf2; DisplayName: Enable MFA - bwadmin; Result: notApplied; ConditionsNotSatisfied: users; SessionControlsNotSatisfied: 
ID: 9dba74f8-0de6-406e-b38c-ba05ea657153; DisplayName: Microsoft-managed: Multifactor authentication for per-user multifactor authentication users; Result: notEnabled; ConditionsNotSatisfied: none; SessionControlsNotSatisfied: 
ID: 7249cafd-bd3b-4f0c-9f6a-de4933e0a484; DisplayName: Location Based Access - Block Outside US; Result: notApplied; ConditionsNotSatisfied: location,ipAddressSeenByAzureAD; SessionControlsNotSatisfied: 
ID: 2c6518a2-ced4-420b-99b2-7a01741512b8; DisplayName: Location Based Access - Allow Specific Countries; Result: notEnabled; ConditionsNotSatisfied: none; SessionControlsNotSatisfied: 
ID: e51298da-9965-4f54-be5a-a1bfa7391207; DisplayName: Microsoft-managed: Multifactor authentication and reauthentication for risky sign-ins; Result: notApplied; ConditionsNotSatisfied: signInRisk; SessionControlsNotSatisfied: 
ID: 3cc748c6-e739-4559-b56f-dc898b93b757; DisplayName: Brian Katz Travel Cayman - 12/21-12/28; Result: notEnabled; ConditionsNotSatisfied: none; SessionControlsNotSatisfied: 
ID: dbe24e2b-7971-4159-92e7-029febd9403a; DisplayName: Jeff Lenderman Travel BVI 3/13-3/19; Result: notEnabled; ConditionsNotSatisfied: none; SessionControlsNotSatisfied: 
ID: bda0d60a-c582-4d69-9d7e-f9166be26b08; DisplayName: Brian Katz - Costa Rica; Result: notEnabled; ConditionsNotSatisfied: none; SessionControlsNotSatisfied: 
ID: e4f6bd83-c762-4a93-9fb4-d77b558b5650; DisplayName: Devices - Enforce Device Compliance; Result: reportOnlyFailure; ConditionsNotSatisfied: none; SessionControlsNotSatisfied: 
ID: 46ddead8-098c-4325-bbeb-836e364f64b5; DisplayName: Sessions - Block Persistent Browser Sessions (Untrusted Locations); Result: reportOnlySuccess; ConditionsNotSatisfied: none; SessionControlsNotSatisfied: 
ID: 0149a225-4092-4a09-ab18-ae7c47c5deeb; DisplayName: Sessions - Enforce Sign-In Frequency; Result: reportOnlySuccess; ConditionsNotSatisfied: none; SessionControlsNotSatisfied: 
ID: 408cead8-caca-4de6-bf52-6f34130a6459; DisplayName: Microsoft-managed: Multifactor authentication for admins accessing Microsoft Admin Portals; Result: reportOnlyNotApplied; ConditionsNotSatisfied: application; SessionControlsNotSatisfied: 
ID: e00078dd-d389-4a8f-ba33-ac7b690a7ce3; DisplayName: Brian Katz Montreal 3/15 - 3/21; Result: reportOnlyNotApplied; ConditionsNotSatisfied: users; SessionControlsNotSatisfied: 
ID: da3712b4-2ee4-4d96-b702-9d73cb4e635a; DisplayName: Locations - Enforce Geo-IP Fencing; Result: reportOnlyNotApplied; ConditionsNotSatisfied: location,ipAddressSeenByAzureAD; SessionControlsNotSatisfied: 
ID: 7bd05172-0534-4c9a-a965-6e9370e281df; DisplayName: Protocols - Enforce Modern Authentication; Result: reportOnlyNotApplied; ConditionsNotSatisfied: clientType; SessionControlsNotSatisfied: 
ID: 6c493fe3-b17a-426e-af02-9f28f033239f; DisplayName: Sessions - Block Persistent Browser Sessions (Admins); Result: reportOnlyNotApplied; ConditionsNotSatisfied: users; SessionControlsNotSatisfied: 
ID: 77dbcd7f-566d-4b90-a928-edf2235d1c96; DisplayName: Users - Block Interactive Logins (Service Accounts); Result: reportOnlyNotApplied; ConditionsNotSatisfied: users; SessionControlsNotSatisfied: 
ID: 72f697df-0563-4339-8a40-3a0e56607bcb; DisplayName: Users - Restrict Admin Portal Access; Result: reportOnlyNotApplied; ConditionsNotSatisfied: application; SessionControlsNotSatisfied: ","networkType: namedNetwork; networkNames: Block Countries Per User Per Period","AuthenticationStepDateTime: 2026-08-15T16:41:54Z; AuthenticationMethod: Previously satisfied; AuthenticationMethodDetail: ; Succeeded: True; AuthenticationStepResultDetail: First factor requirement satisfied by claim in the token; AuthenticationStepRequirement: ;
AuthenticationStepDateTime: 2026-08-15T16:41:54Z; AuthenticationMethod: Previously satisfied; AuthenticationMethodDetail: ; Succeeded: True; AuthenticationStepResultDetail: MFA requirement satisfied by claim in the token; AuthenticationStepRequirement: ;"
"2026-08-15T16:12:35Z","Vic Pellegrino","vpellegrino@katzcapital.com","7eadcef8-456d-4611-9480-4fff72b8b9e2","Microsoft Account Controls V2","142.190.150.195","Browser","Mozilla/5.0 (Windows NT 10.0; Win64; x64) AppleWebKit/537.36 (KHTML, like Gecko) Chrome/151.0.0.0 Safari/537.36","9001a2bc-cc0b-4b56-ab87-c95487d43f2d","True","multiFactorAuthentication","errorCode: 0; failureReason: Other.; additionalDetails: MFA requirement satisfied by claim in the token","deviceId: ; displayName: ; operatingSystem: Windows10; browser: Chrome 151.0.0; isCompliant: False; isManaged: False; trustType: ","city: Monroeville; state: Alabama; countryOrRegion: US; geoCoordinates: @{altitude=; latitude=31.5068; longitude=-87.34198}","success","ID: a08e9a43-c474-45ce-854f-67d0f7b3deec; DisplayName: Enable MFA - All Users; Result: success; ConditionsNotSatisfied: none; SessionControlsNotSatisfied: 
ID: b8e8a1ff-dfc9-4eff-8c45-e209f4e26e5b; DisplayName: KaztCap SSL VPN Access; Result: notApplied; ConditionsNotSatisfied: users; SessionControlsNotSatisfied: 
ID: c6569448-6b9b-4329-8356-6cdb035f7cf2; DisplayName: Enable MFA - bwadmin; Result: notApplied; ConditionsNotSatisfied: users; SessionControlsNotSatisfied: 
ID: 9dba74f8-0de6-406e-b38c-ba05ea657153; DisplayName: Microsoft-managed: Multifactor authentication for per-user multifactor authentication users; Result: notEnabled; ConditionsNotSatisfied: none; SessionControlsNotSatisfied: 
ID: 7249cafd-bd3b-4f0c-9f6a-de4933e0a484; DisplayName: Location Based Access - Block Outside US; Result: notApplied; ConditionsNotSatisfied: location,ipAddressSeenByAzureAD; SessionControlsNotSatisfied: 
ID: 2c6518a2-ced4-420b-99b2-7a01741512b8; DisplayName: Location Based Access - Allow Specific Countries; Result: notEnabled; ConditionsNotSatisfied: none; SessionControlsNotSatisfied: 
ID: e51298da-9965-4f54-be5a-a1bfa7391207; DisplayName: Microsoft-managed: Multifactor authentication and reauthentication for risky sign-ins; Result: notApplied; ConditionsNotSatisfied: users; SessionControlsNotSatisfied: 
ID: 3cc748c6-e739-4559-b56f-dc898b93b757; DisplayName: Brian Katz Travel Cayman - 12/21-12/28; Result: notEnabled; ConditionsNotSatisfied: none; SessionControlsNotSatisfied: 
ID: dbe24e2b-7971-4159-92e7-029febd9403a; DisplayName: Jeff Lenderman Travel BVI 3/13-3/19; Result: notEnabled; ConditionsNotSatisfied: none; SessionControlsNotSatisfied: 
ID: bda0d60a-c582-4d69-9d7e-f9166be26b08; DisplayName: Brian Katz - Costa Rica; Result: notEnabled; ConditionsNotSatisfied: none; SessionControlsNotSatisfied: 
ID: e4f6bd83-c762-4a93-9fb4-d77b558b5650; DisplayName: Devices - Enforce Device Compliance; Result: reportOnlyFailure; ConditionsNotSatisfied: none; SessionControlsNotSatisfied: 
ID: 46ddead8-098c-4325-bbeb-836e364f64b5; DisplayName: Sessions - Block Persistent Browser Sessions (Untrusted Locations); Result: reportOnlySuccess; ConditionsNotSatisfied: none; SessionControlsNotSatisfied: 
ID: 0149a225-4092-4a09-ab18-ae7c47c5deeb; DisplayName: Sessions - Enforce Sign-In Frequency; Result: reportOnlySuccess; ConditionsNotSatisfied: none; SessionControlsNotSatisfied: 
ID: 408cead8-caca-4de6-bf52-6f34130a6459; DisplayName: Microsoft-managed: Multifactor authentication for admins accessing Microsoft Admin Portals; Result: reportOnlyNotApplied; ConditionsNotSatisfied: application; SessionControlsNotSatisfied: 
ID: e00078dd-d389-4a8f-ba33-ac7b690a7ce3; DisplayName: Brian Katz Montreal 3/15 - 3/21; Result: reportOnlyNotApplied; ConditionsNotSatisfied: users; SessionControlsNotSatisfied: 
ID: da3712b4-2ee4-4d96-b702-9d73cb4e635a; DisplayName: Locations - Enforce Geo-IP Fencing; Result: reportOnlyNotApplied; ConditionsNotSatisfied: location,ipAddressSeenByAzureAD; SessionControlsNotSatisfied: 
ID: 7bd05172-0534-4c9a-a965-6e9370e281df; DisplayName: Protocols - Enforce Modern Authentication; Result: reportOnlyNotApplied; ConditionsNotSatisfied: clientType; SessionControlsNotSatisfied: 
ID: 6c493fe3-b17a-426e-af02-9f28f033239f; DisplayName: Sessions - Block Persistent Browser Sessions (Admins); Result: reportOnlyNotApplied; ConditionsNotSatisfied: users; SessionControlsNotSatisfied: 
ID: 77dbcd7f-566d-4b90-a928-edf2235d1c96; DisplayName: Users - Block Interactive Logins (Service Accounts); Result: reportOnlyNotApplied; ConditionsNotSatisfied: users; SessionControlsNotSatisfied: 
ID: 72f697df-0563-4339-8a40-3a0e56607bcb; DisplayName: Users - Restrict Admin Portal Access; Result: reportOnlyNotApplied; ConditionsNotSatisfied: application; SessionControlsNotSatisfied: ","networkType: namedNetwork; networkNames: Block Countries Per User Per Period","AuthenticationStepDateTime: 2026-08-15T16:12:35Z; AuthenticationMethod: Previously satisfied; AuthenticationMethodDetail: ; Succeeded: True; AuthenticationStepResultDetail: First factor requirement satisfied by claim in the token; AuthenticationStepRequirement: ;
AuthenticationStepDateTime: 2026-08-15T16:12:35Z; AuthenticationMethod: Previously satisfied; AuthenticationMethodDetail: ; Succeeded: True; AuthenticationStepResultDetail: MFA requirement satisfied by claim in the token; AuthenticationStepRequirement: ;"
"2026-08-15T16:12:33Z","Vic Pellegrino","vpellegrino@katzcapital.com","10fa57ef-4895-4ab2-872c-8c3613d4f7fb","Cascade Authentication","142.190.150.195","Browser","Mozilla/5.0 (Windows NT 10.0; Win64; x64) AppleWebKit/537.36 (KHTML, like Gecko) Chrome/151.0.0.0 Safari/537.36","5fec56d4-6e51-4bea-bc1a-ed9f7a4ae4a4","True","multiFactorAuthentication","errorCode: 0; failureReason: Other.; additionalDetails: MFA requirement satisfied by claim in the token","deviceId: ; displayName: ; operatingSystem: Windows10; browser: Chrome 151.0.0; isCompliant: False; isManaged: False; trustType: ","city: Monroeville; state: Alabama; countryOrRegion: US; geoCoordinates: @{altitude=; latitude=31.5068; longitude=-87.34198}","success","ID: a08e9a43-c474-45ce-854f-67d0f7b3deec; DisplayName: Enable MFA - All Users; Result: success; ConditionsNotSatisfied: none; SessionControlsNotSatisfied: 
ID: b8e8a1ff-dfc9-4eff-8c45-e209f4e26e5b; DisplayName: KaztCap SSL VPN Access; Result: notApplied; ConditionsNotSatisfied: users; SessionControlsNotSatisfied: 
ID: c6569448-6b9b-4329-8356-6cdb035f7cf2; DisplayName: Enable MFA - bwadmin; Result: notApplied; ConditionsNotSatisfied: users; SessionControlsNotSatisfied: 
ID: 9dba74f8-0de6-406e-b38c-ba05ea657153; DisplayName: Microsoft-managed: Multifactor authentication for per-user multifactor authentication users; Result: notEnabled; ConditionsNotSatisfied: none; SessionControlsNotSatisfied: 
ID: 7249cafd-bd3b-4f0c-9f6a-de4933e0a484; DisplayName: Location Based Access - Block Outside US; Result: notApplied; ConditionsNotSatisfied: location,ipAddressSeenByAzureAD; SessionControlsNotSatisfied: 
ID: 2c6518a2-ced4-420b-99b2-7a01741512b8; DisplayName: Location Based Access - Allow Specific Countries; Result: notEnabled; ConditionsNotSatisfied: none; SessionControlsNotSatisfied: 
ID: e51298da-9965-4f54-be5a-a1bfa7391207; DisplayName: Microsoft-managed: Multifactor authentication and reauthentication for risky sign-ins; Result: notApplied; ConditionsNotSatisfied: users; SessionControlsNotSatisfied: 
ID: 3cc748c6-e739-4559-b56f-dc898b93b757; DisplayName: Brian Katz Travel Cayman - 12/21-12/28; Result: notEnabled; ConditionsNotSatisfied: none; SessionControlsNotSatisfied: 
ID: dbe24e2b-7971-4159-92e7-029febd9403a; DisplayName: Jeff Lenderman Travel BVI 3/13-3/19; Result: notEnabled; ConditionsNotSatisfied: none; SessionControlsNotSatisfied: 
ID: bda0d60a-c582-4d69-9d7e-f9166be26b08; DisplayName: Brian Katz - Costa Rica; Result: notEnabled; ConditionsNotSatisfied: none; SessionControlsNotSatisfied: 
ID: e4f6bd83-c762-4a93-9fb4-d77b558b5650; DisplayName: Devices - Enforce Device Compliance; Result: reportOnlyFailure; ConditionsNotSatisfied: none; SessionControlsNotSatisfied: 
ID: 46ddead8-098c-4325-bbeb-836e364f64b5; DisplayName: Sessions - Block Persistent Browser Sessions (Untrusted Locations); Result: reportOnlySuccess; ConditionsNotSatisfied: none; SessionControlsNotSatisfied: 
ID: 0149a225-4092-4a09-ab18-ae7c47c5deeb; DisplayName: Sessions - Enforce Sign-In Frequency; Result: reportOnlySuccess; ConditionsNotSatisfied: none; SessionControlsNotSatisfied: 
ID: 408cead8-caca-4de6-bf52-6f34130a6459; DisplayName: Microsoft-managed: Multifactor authentication for admins accessing Microsoft Admin Portals; Result: reportOnlyNotApplied; ConditionsNotSatisfied: application; SessionControlsNotSatisfied: 
ID: e00078dd-d389-4a8f-ba33-ac7b690a7ce3; DisplayName: Brian Katz Montreal 3/15 - 3/21; Result: reportOnlyNotApplied; ConditionsNotSatisfied: users; SessionControlsNotSatisfied: 
ID: da3712b4-2ee4-4d96-b702-9d73cb4e635a; DisplayName: Locations - Enforce Geo-IP Fencing; Result: reportOnlyNotApplied; ConditionsNotSatisfied: location,ipAddressSeenByAzureAD; SessionControlsNotSatisfied: 
ID: 7bd05172-0534-4c9a-a965-6e9370e281df; DisplayName: Protocols - Enforce Modern Authentication; Result: reportOnlyNotApplied; ConditionsNotSatisfied: clientType; SessionControlsNotSatisfied: 
ID: 6c493fe3-b17a-426e-af02-9f28f033239f; DisplayName: Sessions - Block Persistent Browser Sessions (Admins); Result: reportOnlyNotApplied; ConditionsNotSatisfied: users; SessionControlsNotSatisfied: 
ID: 77dbcd7f-566d-4b90-a928-edf2235d1c96; DisplayName: Users - Block Interactive Logins (Service Accounts); Result: reportOnlyNotApplied; ConditionsNotSatisfied: users; SessionControlsNotSatisfied: 
ID: 72f697df-0563-4339-8a40-3a0e56607bcb; DisplayName: Users - Restrict Admin Portal Access; Result: reportOnlyNotApplied; ConditionsNotSatisfied: application; SessionControlsNotSatisfied: ","networkType: namedNetwork; networkNames: Block Countries Per User Per Period","AuthenticationStepDateTime: 2026-08-15T16:12:33Z; AuthenticationMethod: Previously satisfied; AuthenticationMethodDetail: ; Succeeded: True; AuthenticationStepResultDetail: First factor requirement satisfied by claim in the token; AuthenticationStepRequirement: ;
AuthenticationStepDateTime: 2026-08-15T16:12:33Z; AuthenticationMethod: Previously satisfied; AuthenticationMethodDetail: ; Succeeded: True; AuthenticationStepResultDetail: MFA requirement satisfied by claim in the token; AuthenticationStepRequirement: ;"
"2026-08-15T16:12:13Z","Vic Pellegrino","vpellegrino@katzcapital.com","4765445b-32c6-49b0-83e6-1d93765276ca","OfficeHome","142.190.150.195","Browser","Mozilla/5.0 (Windows NT 10.0; Win64; x64) AppleWebKit/537.36 (KHTML, like Gecko) Chrome/151.0.0.0 Safari/537.36","01a00631-f6cc-73cf-8061-fbc5cbf76a2a","True","multiFactorAuthentication","errorCode: 0; failureReason: Other.; additionalDetails: MFA requirement satisfied by claim in the token","deviceId: ; displayName: ; operatingSystem: Windows10; browser: Chrome 151.0.0; isCompliant: False; isManaged: False; trustType: ","city: Monroeville; state: Alabama; countryOrRegion: US; geoCoordinates: @{altitude=; latitude=31.5068; longitude=-87.34198}","success","ID: a08e9a43-c474-45ce-854f-67d0f7b3deec; DisplayName: Enable MFA - All Users; Result: success; ConditionsNotSatisfied: none; SessionControlsNotSatisfied: 
ID: b8e8a1ff-dfc9-4eff-8c45-e209f4e26e5b; DisplayName: KaztCap SSL VPN Access; Result: notApplied; ConditionsNotSatisfied: users; SessionControlsNotSatisfied: 
ID: c6569448-6b9b-4329-8356-6cdb035f7cf2; DisplayName: Enable MFA - bwadmin; Result: notApplied; ConditionsNotSatisfied: users; SessionControlsNotSatisfied: 
ID: 9dba74f8-0de6-406e-b38c-ba05ea657153; DisplayName: Microsoft-managed: Multifactor authentication for per-user multifactor authentication users; Result: notEnabled; ConditionsNotSatisfied: none; SessionControlsNotSatisfied: 
ID: 7249cafd-bd3b-4f0c-9f6a-de4933e0a484; DisplayName: Location Based Access - Block Outside US; Result: notApplied; ConditionsNotSatisfied: location,ipAddressSeenByAzureAD; SessionControlsNotSatisfied: 
ID: 2c6518a2-ced4-420b-99b2-7a01741512b8; DisplayName: Location Based Access - Allow Specific Countries; Result: notEnabled; ConditionsNotSatisfied: none; SessionControlsNotSatisfied: 
ID: e51298da-9965-4f54-be5a-a1bfa7391207; DisplayName: Microsoft-managed: Multifactor authentication and reauthentication for risky sign-ins; Result: notApplied; ConditionsNotSatisfied: users; SessionControlsNotSatisfied: 
ID: 3cc748c6-e739-4559-b56f-dc898b93b757; DisplayName: Brian Katz Travel Cayman - 12/21-12/28; Result: notEnabled; ConditionsNotSatisfied: none; SessionControlsNotSatisfied: 
ID: dbe24e2b-7971-4159-92e7-029febd9403a; DisplayName: Jeff Lenderman Travel BVI 3/13-3/19; Result: notEnabled; ConditionsNotSatisfied: none; SessionControlsNotSatisfied: 
ID: bda0d60a-c582-4d69-9d7e-f9166be26b08; DisplayName: Brian Katz - Costa Rica; Result: notEnabled; ConditionsNotSatisfied: none; SessionControlsNotSatisfied: 
ID: e4f6bd83-c762-4a93-9fb4-d77b558b5650; DisplayName: Devices - Enforce Device Compliance; Result: reportOnlyFailure; ConditionsNotSatisfied: none; SessionControlsNotSatisfied: 
ID: 46ddead8-098c-4325-bbeb-836e364f64b5; DisplayName: Sessions - Block Persistent Browser Sessions (Untrusted Locations); Result: reportOnlySuccess; ConditionsNotSatisfied: none; SessionControlsNotSatisfied: 
ID: 0149a225-4092-4a09-ab18-ae7c47c5deeb; DisplayName: Sessions - Enforce Sign-In Frequency; Result: reportOnlySuccess; ConditionsNotSatisfied: none; SessionControlsNotSatisfied: 
ID: 408cead8-caca-4de6-bf52-6f34130a6459; DisplayName: Microsoft-managed: Multifactor authentication for admins accessing Microsoft Admin Portals; Result: reportOnlyNotApplied; ConditionsNotSatisfied: application; SessionControlsNotSatisfied: 
ID: e00078dd-d389-4a8f-ba33-ac7b690a7ce3; DisplayName: Brian Katz Montreal 3/15 - 3/21; Result: reportOnlyNotApplied; ConditionsNotSatisfied: users; SessionControlsNotSatisfied: 
ID: da3712b4-2ee4-4d96-b702-9d73cb4e635a; DisplayName: Locations - Enforce Geo-IP Fencing; Result: reportOnlyNotApplied; ConditionsNotSatisfied: location,ipAddressSeenByAzureAD; SessionControlsNotSatisfied: 
ID: 7bd05172-0534-4c9a-a965-6e9370e281df; DisplayName: Protocols - Enforce Modern Authentication; Result: reportOnlyNotApplied; ConditionsNotSatisfied: clientType; SessionControlsNotSatisfied: 
ID: 6c493fe3-b17a-426e-af02-9f28f033239f; DisplayName: Sessions - Block Persistent Browser Sessions (Admins); Result: reportOnlyNotApplied; ConditionsNotSatisfied: users; SessionControlsNotSatisfied: 
ID: 77dbcd7f-566d-4b90-a928-edf2235d1c96; DisplayName: Users - Block Interactive Logins (Service Accounts); Result: reportOnlyNotApplied; ConditionsNotSatisfied: users; SessionControlsNotSatisfied: 
ID: 72f697df-0563-4339-8a40-3a0e56607bcb; DisplayName: Users - Restrict Admin Portal Access; Result: reportOnlyNotApplied; ConditionsNotSatisfied: application; SessionControlsNotSatisfied: ","networkType: namedNetwork; networkNames: Block Countries Per User Per Period","AuthenticationStepDateTime: 2026-08-15T16:12:13Z; AuthenticationMethod: Previously satisfied; AuthenticationMethodDetail: ; Succeeded: True; AuthenticationStepResultDetail: First factor requirement satisfied by claim in the token; AuthenticationStepRequirement: ;
AuthenticationStepDateTime: 2026-08-15T16:12:13Z; AuthenticationMethod: Previously satisfied; AuthenticationMethodDetail: ; Succeeded: True; AuthenticationStepResultDetail: MFA requirement satisfied by claim in the token; AuthenticationStepRequirement: ;"
"2026-08-15T14:46:55Z","Eric Fischman","efischman@pineywoodsmortgage.com","38aa3b87-a06d-4817-b275-7a316988d93b","Windows Sign In","68.204.65.64","Mobile Apps and Desktop clients","Windows-AzureAD-Authentication-Provider/1.0","65925d8b-889a-4c7e-83e4-584a68064356","True","singleFactorAuthentication","errorCode: 0; failureReason: Other.; additionalDetails: MFA requirement satisfied by claim in the token","deviceId: 67cf7947-db50-469b-a3d8-cbdbc3d193d4; displayName: PWC-L-25-01; operatingSystem: Windows; browser: ; isCompliant: False; isManaged: False; trustType: Azure AD joined","city: Tampa; state: Florida; countryOrRegion: US; geoCoordinates: @{altitude=; latitude=28.00153; longitude=-82.37678}","notApplied","","networkType: namedNetwork; networkNames: Block Countries Per User Per Period","AuthenticationStepDateTime: 2026-08-15T14:46:55Z; AuthenticationMethod: Windows Hello for Business; AuthenticationMethodDetail: ; Succeeded: True; AuthenticationStepResultDetail: User approved; AuthenticationStepRequirement: ;"
"2026-08-15T13:33:42Z","Brian Katz","bkatz@katzcapital.com","38aa3b87-a06d-4817-b275-7a316988d93b","Windows Sign In","2603:9000:6900:40a2:a960:a686:7c05:69cb","Mobile Apps and Desktop clients","Windows-AzureAD-Authentication-Provider/1.0","8d44a846-42e4-494f-84b1-ba0d38518612","True","singleFactorAuthentication","errorCode: 0; failureReason: Other.; additionalDetails: MFA requirement satisfied by claim in the token","deviceId: 96b5d6dc-e36d-480c-9d95-ea47db6fb789; displayName: PWD-L-22-02; operatingSystem: Windows; browser: ; isCompliant: False; isManaged: False; trustType: Azure AD joined","city: Tampa; state: Florida; countryOrRegion: US; geoCoordinates: @{altitude=; latitude=27.95895; longitude=-82.46092}","notApplied","","networkType: namedNetwork; networkNames: Block Countries Per User Per Period","AuthenticationStepDateTime: 2026-08-15T13:33:42Z; AuthenticationMethod: Windows Hello for Business; AuthenticationMethodDetail: ; Succeeded: True; AuthenticationStepResultDetail: User approved; AuthenticationStepRequirement: ;"
"2026-08-15T13:06:29Z","Charles Cleveland","ccleveland@katzcapital.com","38aa3b87-a06d-4817-b275-7a316988d93b","Windows Sign In","35.139.145.125","Mobile Apps and Desktop clients","Windows-AzureAD-Authentication-Provider/1.0","19c77936-fa5a-46f8-90c3-5eafde73633f","True","singleFactorAuthentication","errorCode: 0; failureReason: Other.; additionalDetails: MFA requirement satisfied by claim in the token","deviceId: bc7374e3-f031-4efa-95c8-64485e11cc7c; displayName: PWC-L-23-01; operatingSystem: Windows; browser: ; isCompliant: False; isManaged: False; trustType: Azure AD joined","city: Lutz; state: Florida; countryOrRegion: US; geoCoordinates: @{altitude=; latitude=28.13612; longitude=-82.44712}","notApplied","","networkType: namedNetwork; networkNames: Block Countries Per User Per Period","AuthenticationStepDateTime: 2026-08-15T13:06:29Z; AuthenticationMethod: Windows Hello for Business; AuthenticationMethodDetail: ; Succeeded: True; AuthenticationStepResultDetail: User approved; AuthenticationStepRequirement: ;"
"2026-08-15T12:39:54Z","Pineywoods Realty Admin","admin@pineywoodsrealtyfl.com","9199bf20-a13f-4107-85dc-02114787ef48","One Outlook Web","47.206.189.128","Browser","Mozilla/5.0 (Windows NT 10.0; Win64; x64) AppleWebKit/537.36 (KHTML, like Gecko) Chrome/150.0.0.0 Safari/537.36","79bebeca-e4bb-f445-1e3f-3f7909241f1e","True","multiFactorAuthentication","errorCode: 0; failureReason: Other.; additionalDetails: MFA requirement satisfied by claim in the token","deviceId: ; displayName: ; operatingSystem: Windows10; browser: Chrome 150.0.0; isCompliant: False; isManaged: False; trustType: ","city: Tampa; state: Florida; countryOrRegion: US; geoCoordinates: @{altitude=; latitude=27.94497; longitude=-82.44757}","success","ID: a08e9a43-c474-45ce-854f-67d0f7b3deec; DisplayName: Enable MFA - All Users; Result: success; ConditionsNotSatisfied: none; SessionControlsNotSatisfied: 
ID: b8e8a1ff-dfc9-4eff-8c45-e209f4e26e5b; DisplayName: KaztCap SSL VPN Access; Result: notApplied; ConditionsNotSatisfied: users; SessionControlsNotSatisfied: 
ID: c6569448-6b9b-4329-8356-6cdb035f7cf2; DisplayName: Enable MFA - bwadmin; Result: notApplied; ConditionsNotSatisfied: users; SessionControlsNotSatisfied: 
ID: 2c6518a2-ced4-420b-99b2-7a01741512b8; DisplayName: Location Based Access - Allow Specific Countries; Result: notEnabled; ConditionsNotSatisfied: none; SessionControlsNotSatisfied: 
ID: 9dba74f8-0de6-406e-b38c-ba05ea657153; DisplayName: Microsoft-managed: Multifactor authentication for per-user multifactor authentication users; Result: notEnabled; ConditionsNotSatisfied: none; SessionControlsNotSatisfied: 
ID: 7249cafd-bd3b-4f0c-9f6a-de4933e0a484; DisplayName: Location Based Access - Block Outside US; Result: notApplied; ConditionsNotSatisfied: location,ipAddressSeenByAzureAD; SessionControlsNotSatisfied: 
ID: e51298da-9965-4f54-be5a-a1bfa7391207; DisplayName: Microsoft-managed: Multifactor authentication and reauthentication for risky sign-ins; Result: notApplied; ConditionsNotSatisfied: signInRisk; SessionControlsNotSatisfied: 
ID: 3cc748c6-e739-4559-b56f-dc898b93b757; DisplayName: Brian Katz Travel Cayman - 12/21-12/28; Result: notEnabled; ConditionsNotSatisfied: none; SessionControlsNotSatisfied: 
ID: dbe24e2b-7971-4159-92e7-029febd9403a; DisplayName: Jeff Lenderman Travel BVI 3/13-3/19; Result: notEnabled; ConditionsNotSatisfied: none; SessionControlsNotSatisfied: 
ID: bda0d60a-c582-4d69-9d7e-f9166be26b08; DisplayName: Brian Katz - Costa Rica; Result: notEnabled; ConditionsNotSatisfied: none; SessionControlsNotSatisfied: 
ID: e4f6bd83-c762-4a93-9fb4-d77b558b5650; DisplayName: Devices - Enforce Device Compliance; Result: reportOnlyFailure; ConditionsNotSatisfied: none; SessionControlsNotSatisfied: 
ID: 46ddead8-098c-4325-bbeb-836e364f64b5; DisplayName: Sessions - Block Persistent Browser Sessions (Untrusted Locations); Result: reportOnlySuccess; ConditionsNotSatisfied: none; SessionControlsNotSatisfied: 
ID: 0149a225-4092-4a09-ab18-ae7c47c5deeb; DisplayName: Sessions - Enforce Sign-In Frequency; Result: reportOnlySuccess; ConditionsNotSatisfied: none; SessionControlsNotSatisfied: 
ID: 408cead8-caca-4de6-bf52-6f34130a6459; DisplayName: Microsoft-managed: Multifactor authentication for admins accessing Microsoft Admin Portals; Result: reportOnlyNotApplied; ConditionsNotSatisfied: application; SessionControlsNotSatisfied: 
ID: e00078dd-d389-4a8f-ba33-ac7b690a7ce3; DisplayName: Brian Katz Montreal 3/15 - 3/21; Result: reportOnlyNotApplied; ConditionsNotSatisfied: users; SessionControlsNotSatisfied: 
ID: da3712b4-2ee4-4d96-b702-9d73cb4e635a; DisplayName: Locations - Enforce Geo-IP Fencing; Result: reportOnlyNotApplied; ConditionsNotSatisfied: location,ipAddressSeenByAzureAD; SessionControlsNotSatisfied: 
ID: 7bd05172-0534-4c9a-a965-6e9370e281df; DisplayName: Protocols - Enforce Modern Authentication; Result: reportOnlyNotApplied; ConditionsNotSatisfied: clientType; SessionControlsNotSatisfied: 
ID: 6c493fe3-b17a-426e-af02-9f28f033239f; DisplayName: Sessions - Block Persistent Browser Sessions (Admins); Result: reportOnlyNotApplied; ConditionsNotSatisfied: users; SessionControlsNotSatisfied: 
ID: 77dbcd7f-566d-4b90-a928-edf2235d1c96; DisplayName: Users - Block Interactive Logins (Service Accounts); Result: reportOnlyNotApplied; ConditionsNotSatisfied: users; SessionControlsNotSatisfied: 
ID: 72f697df-0563-4339-8a40-3a0e56607bcb; DisplayName: Users - Restrict Admin Portal Access; Result: reportOnlyNotApplied; ConditionsNotSatisfied: application; SessionControlsNotSatisfied: ","networkType: namedNetwork; networkNames: Block Countries Per User Per Period","AuthenticationStepDateTime: 2026-08-15T12:39:54Z; AuthenticationMethod: Previously satisfied; AuthenticationMethodDetail: ; Succeeded: True; AuthenticationStepResultDetail: First factor requirement satisfied by claim in the token; AuthenticationStepRequirement: ;
AuthenticationStepDateTime: 2026-08-15T12:39:54Z; AuthenticationMethod: Previously satisfied; AuthenticationMethodDetail: ; Succeeded: True; AuthenticationStepResultDetail: MFA requirement satisfied by claim in the token; AuthenticationStepRequirement: ;"
"2026-08-15T08:37:54Z","Pineywoods Realty Admin","admin@pineywoodsrealtyfl.com","9199bf20-a13f-4107-85dc-02114787ef48","One Outlook Web","47.206.189.128","Browser","Mozilla/5.0 (Windows NT 10.0; Win64; x64) AppleWebKit/537.36 (KHTML, like Gecko) Chrome/150.0.0.0 Safari/537.36","43948196-271f-4c06-e9d5-ac30e8854edd","True","multiFactorAuthentication","errorCode: 0; failureReason: Other.; additionalDetails: MFA requirement satisfied by claim in the token","deviceId: ; displayName: ; operatingSystem: Windows10; browser: Chrome 150.0.0; isCompliant: False; isManaged: False; trustType: ","city: Tampa; state: Florida; countryOrRegion: US; geoCoordinates: @{altitude=; latitude=27.94497; longitude=-82.44757}","success","ID: a08e9a43-c474-45ce-854f-67d0f7b3deec; DisplayName: Enable MFA - All Users; Result: success; ConditionsNotSatisfied: none; SessionControlsNotSatisfied: 
ID: b8e8a1ff-dfc9-4eff-8c45-e209f4e26e5b; DisplayName: KaztCap SSL VPN Access; Result: notApplied; ConditionsNotSatisfied: users; SessionControlsNotSatisfied: 
ID: c6569448-6b9b-4329-8356-6cdb035f7cf2; DisplayName: Enable MFA - bwadmin; Result: notApplied; ConditionsNotSatisfied: users; SessionControlsNotSatisfied: 
ID: 2c6518a2-ced4-420b-99b2-7a01741512b8; DisplayName: Location Based Access - Allow Specific Countries; Result: notEnabled; ConditionsNotSatisfied: none; SessionControlsNotSatisfied: 
ID: 9dba74f8-0de6-406e-b38c-ba05ea657153; DisplayName: Microsoft-managed: Multifactor authentication for per-user multifactor authentication users; Result: notEnabled; ConditionsNotSatisfied: none; SessionControlsNotSatisfied: 
ID: 7249cafd-bd3b-4f0c-9f6a-de4933e0a484; DisplayName: Location Based Access - Block Outside US; Result: notApplied; ConditionsNotSatisfied: location,ipAddressSeenByAzureAD; SessionControlsNotSatisfied: 
ID: e51298da-9965-4f54-be5a-a1bfa7391207; DisplayName: Microsoft-managed: Multifactor authentication and reauthentication for risky sign-ins; Result: notApplied; ConditionsNotSatisfied: signInRisk; SessionControlsNotSatisfied: 
ID: 3cc748c6-e739-4559-b56f-dc898b93b757; DisplayName: Brian Katz Travel Cayman - 12/21-12/28; Result: notEnabled; ConditionsNotSatisfied: none; SessionControlsNotSatisfied: 
ID: dbe24e2b-7971-4159-92e7-029febd9403a; DisplayName: Jeff Lenderman Travel BVI 3/13-3/19; Result: notEnabled; ConditionsNotSatisfied: none; SessionControlsNotSatisfied: 
ID: bda0d60a-c582-4d69-9d7e-f9166be26b08; DisplayName: Brian Katz - Costa Rica; Result: notEnabled; ConditionsNotSatisfied: none; SessionControlsNotSatisfied: 
ID: e4f6bd83-c762-4a93-9fb4-d77b558b5650; DisplayName: Devices - Enforce Device Compliance; Result: reportOnlyFailure; ConditionsNotSatisfied: none; SessionControlsNotSatisfied: 
ID: 46ddead8-098c-4325-bbeb-836e364f64b5; DisplayName: Sessions - Block Persistent Browser Sessions (Untrusted Locations); Result: reportOnlySuccess; ConditionsNotSatisfied: none; SessionControlsNotSatisfied: 
ID: 0149a225-4092-4a09-ab18-ae7c47c5deeb; DisplayName: Sessions - Enforce Sign-In Frequency; Result: reportOnlySuccess; ConditionsNotSatisfied: none; SessionControlsNotSatisfied: 
ID: 408cead8-caca-4de6-bf52-6f34130a6459; DisplayName: Microsoft-managed: Multifactor authentication for admins accessing Microsoft Admin Portals; Result: reportOnlyNotApplied; ConditionsNotSatisfied: application; SessionControlsNotSatisfied: 
ID: e00078dd-d389-4a8f-ba33-ac7b690a7ce3; DisplayName: Brian Katz Montreal 3/15 - 3/21; Result: reportOnlyNotApplied; ConditionsNotSatisfied: users; SessionControlsNotSatisfied: 
ID: da3712b4-2ee4-4d96-b702-9d73cb4e635a; DisplayName: Locations - Enforce Geo-IP Fencing; Result: reportOnlyNotApplied; ConditionsNotSatisfied: location,ipAddressSeenByAzureAD; SessionControlsNotSatisfied: 
ID: 7bd05172-0534-4c9a-a965-6e9370e281df; DisplayName: Protocols - Enforce Modern Authentication; Result: reportOnlyNotApplied; ConditionsNotSatisfied: clientType; SessionControlsNotSatisfied: 
ID: 6c493fe3-b17a-426e-af02-9f28f033239f; DisplayName: Sessions - Block Persistent Browser Sessions (Admins); Result: reportOnlyNotApplied; ConditionsNotSatisfied: users; SessionControlsNotSatisfied: 
ID: 77dbcd7f-566d-4b90-a928-edf2235d1c96; DisplayName: Users - Block Interactive Logins (Service Accounts); Result: reportOnlyNotApplied; ConditionsNotSatisfied: users; SessionControlsNotSatisfied: 
ID: 72f697df-0563-4339-8a40-3a0e56607bcb; DisplayName: Users - Restrict Admin Portal Access; Result: reportOnlyNotApplied; ConditionsNotSatisfied: application; SessionControlsNotSatisfied: ","networkType: namedNetwork; networkNames: Block Countries Per User Per Period","AuthenticationStepDateTime: 2026-08-15T08:37:54Z; AuthenticationMethod: Previously satisfied; AuthenticationMethodDetail: ; Succeeded: True; AuthenticationStepResultDetail: First factor requirement satisfied by claim in the token; AuthenticationStepRequirement: ;
AuthenticationStepDateTime: 2026-08-15T08:37:54Z; AuthenticationMethod: Previously satisfied; AuthenticationMethodDetail: ; Succeeded: True; AuthenticationStepResultDetail: MFA requirement satisfied by claim in the token; AuthenticationStepRequirement: ;"
"2026-08-15T07:20:38Z","Ashley Savala","asavala@pineywoodsrealtyfl.com","9199bf20-a13f-4107-85dc-02114787ef48","One Outlook Web","47.198.26.60","Browser","Mozilla/5.0 (Windows NT 10.0; Win64; x64) AppleWebKit/537.36 (KHTML, like Gecko) Chrome/151.0.0.0 Safari/537.36","743822b6-d9ba-df13-3e15-843b9d369154","True","multiFactorAuthentication","errorCode: 0; failureReason: Other.; additionalDetails: MFA requirement satisfied by claim in the token","deviceId: ; displayName: ; operatingSystem: Windows10; browser: Chrome 151.0.0; isCompliant: False; isManaged: False; trustType: ","city: Odessa; state: Florida; countryOrRegion: US; geoCoordinates: @{altitude=; latitude=28.1414; longitude=-82.59334}","success","ID: a08e9a43-c474-45ce-854f-67d0f7b3deec; DisplayName: Enable MFA - All Users; Result: success; ConditionsNotSatisfied: none; SessionControlsNotSatisfied: 
ID: b8e8a1ff-dfc9-4eff-8c45-e209f4e26e5b; DisplayName: KaztCap SSL VPN Access; Result: notApplied; ConditionsNotSatisfied: users; SessionControlsNotSatisfied: 
ID: c6569448-6b9b-4329-8356-6cdb035f7cf2; DisplayName: Enable MFA - bwadmin; Result: notApplied; ConditionsNotSatisfied: users; SessionControlsNotSatisfied: 
ID: 2c6518a2-ced4-420b-99b2-7a01741512b8; DisplayName: Location Based Access - Allow Specific Countries; Result: notEnabled; ConditionsNotSatisfied: none; SessionControlsNotSatisfied: 
ID: 9dba74f8-0de6-406e-b38c-ba05ea657153; DisplayName: Microsoft-managed: Multifactor authentication for per-user multifactor authentication users; Result: notEnabled; ConditionsNotSatisfied: none; SessionControlsNotSatisfied: 
ID: 7249cafd-bd3b-4f0c-9f6a-de4933e0a484; DisplayName: Location Based Access - Block Outside US; Result: notApplied; ConditionsNotSatisfied: location,ipAddressSeenByAzureAD; SessionControlsNotSatisfied: 
ID: e51298da-9965-4f54-be5a-a1bfa7391207; DisplayName: Microsoft-managed: Multifactor authentication and reauthentication for risky sign-ins; Result: notApplied; ConditionsNotSatisfied: signInRisk; SessionControlsNotSatisfied: 
ID: 3cc748c6-e739-4559-b56f-dc898b93b757; DisplayName: Brian Katz Travel Cayman - 12/21-12/28; Result: notEnabled; ConditionsNotSatisfied: none; SessionControlsNotSatisfied: 
ID: dbe24e2b-7971-4159-92e7-029febd9403a; DisplayName: Jeff Lenderman Travel BVI 3/13-3/19; Result: notEnabled; ConditionsNotSatisfied: none; SessionControlsNotSatisfied: 
ID: bda0d60a-c582-4d69-9d7e-f9166be26b08; DisplayName: Brian Katz - Costa Rica; Result: notEnabled; ConditionsNotSatisfied: none; SessionControlsNotSatisfied: 
ID: e4f6bd83-c762-4a93-9fb4-d77b558b5650; DisplayName: Devices - Enforce Device Compliance; Result: reportOnlyFailure; ConditionsNotSatisfied: none; SessionControlsNotSatisfied: 
ID: 46ddead8-098c-4325-bbeb-836e364f64b5; DisplayName: Sessions - Block Persistent Browser Sessions (Untrusted Locations); Result: reportOnlySuccess; ConditionsNotSatisfied: none; SessionControlsNotSatisfied: 
ID: 0149a225-4092-4a09-ab18-ae7c47c5deeb; DisplayName: Sessions - Enforce Sign-In Frequency; Result: reportOnlySuccess; ConditionsNotSatisfied: none; SessionControlsNotSatisfied: 
ID: 408cead8-caca-4de6-bf52-6f34130a6459; DisplayName: Microsoft-managed: Multifactor authentication for admins accessing Microsoft Admin Portals; Result: reportOnlyNotApplied; ConditionsNotSatisfied: application; SessionControlsNotSatisfied: 
ID: e00078dd-d389-4a8f-ba33-ac7b690a7ce3; DisplayName: Brian Katz Montreal 3/15 - 3/21; Result: reportOnlyNotApplied; ConditionsNotSatisfied: users; SessionControlsNotSatisfied: 
ID: da3712b4-2ee4-4d96-b702-9d73cb4e635a; DisplayName: Locations - Enforce Geo-IP Fencing; Result: reportOnlyNotApplied; ConditionsNotSatisfied: location,ipAddressSeenByAzureAD; SessionControlsNotSatisfied: 
ID: 7bd05172-0534-4c9a-a965-6e9370e281df; DisplayName: Protocols - Enforce Modern Authentication; Result: reportOnlyNotApplied; ConditionsNotSatisfied: clientType; SessionControlsNotSatisfied: 
ID: 6c493fe3-b17a-426e-af02-9f28f033239f; DisplayName: Sessions - Block Persistent Browser Sessions (Admins); Result: reportOnlyNotApplied; ConditionsNotSatisfied: users; SessionControlsNotSatisfied: 
ID: 77dbcd7f-566d-4b90-a928-edf2235d1c96; DisplayName: Users - Block Interactive Logins (Service Accounts); Result: reportOnlyNotApplied; ConditionsNotSatisfied: users; SessionControlsNotSatisfied: 
ID: 72f697df-0563-4339-8a40-3a0e56607bcb; DisplayName: Users - Restrict Admin Portal Access; Result: reportOnlyNotApplied; ConditionsNotSatisfied: application; SessionControlsNotSatisfied: ","networkType: namedNetwork; networkNames: Block Countries Per User Per Period","AuthenticationStepDateTime: 2026-08-15T07:20:38Z; AuthenticationMethod: Previously satisfied; AuthenticationMethodDetail: ; Succeeded: True; AuthenticationStepResultDetail: First factor requirement satisfied by claim in the token; AuthenticationStepRequirement: ;
AuthenticationStepDateTime: 2026-08-15T07:20:38Z; AuthenticationMethod: Previously satisfied; AuthenticationMethodDetail: ; Succeeded: True; AuthenticationStepResultDetail: MFA requirement satisfied by claim in the token; AuthenticationStepRequirement: ;"
"2026-08-15T04:35:54Z","Pineywoods Realty Admin","admin@pineywoodsrealtyfl.com","9199bf20-a13f-4107-85dc-02114787ef48","One Outlook Web","47.206.189.128","Browser","Mozilla/5.0 (Windows NT 10.0; Win64; x64) AppleWebKit/537.36 (KHTML, like Gecko) Chrome/150.0.0.0 Safari/537.36","32eced87-1b02-3f3d-0068-2317de503784","True","multiFactorAuthentication","errorCode: 0; failureReason: Other.; additionalDetails: MFA requirement satisfied by claim in the token","deviceId: ; displayName: ; operatingSystem: Windows10; browser: Chrome 150.0.0; isCompliant: False; isManaged: False; trustType: ","city: Tampa; state: Florida; countryOrRegion: US; geoCoordinates: @{altitude=; latitude=27.94497; longitude=-82.44757}","success","ID: a08e9a43-c474-45ce-854f-67d0f7b3deec; DisplayName: Enable MFA - All Users; Result: success; ConditionsNotSatisfied: none; SessionControlsNotSatisfied: 
ID: b8e8a1ff-dfc9-4eff-8c45-e209f4e26e5b; DisplayName: KaztCap SSL VPN Access; Result: notApplied; ConditionsNotSatisfied: users; SessionControlsNotSatisfied: 
ID: 2c6518a2-ced4-420b-99b2-7a01741512b8; DisplayName: Location Based Access - Allow Specific Countries; Result: notEnabled; ConditionsNotSatisfied: none; SessionControlsNotSatisfied: 
ID: 9dba74f8-0de6-406e-b38c-ba05ea657153; DisplayName: Microsoft-managed: Multifactor authentication for per-user multifactor authentication users; Result: notEnabled; ConditionsNotSatisfied: none; SessionControlsNotSatisfied: 
ID: e51298da-9965-4f54-be5a-a1bfa7391207; DisplayName: Microsoft-managed: Multifactor authentication and reauthentication for risky sign-ins; Result: notApplied; ConditionsNotSatisfied: signInRisk; SessionControlsNotSatisfied: 
ID: c6569448-6b9b-4329-8356-6cdb035f7cf2; DisplayName: Enable MFA - bwadmin; Result: notApplied; ConditionsNotSatisfied: users; SessionControlsNotSatisfied: 
ID: 7249cafd-bd3b-4f0c-9f6a-de4933e0a484; DisplayName: Location Based Access - Block Outside US; Result: notApplied; ConditionsNotSatisfied: location,ipAddressSeenByAzureAD; SessionControlsNotSatisfied: 
ID: 3cc748c6-e739-4559-b56f-dc898b93b757; DisplayName: Brian Katz Travel Cayman - 12/21-12/28; Result: notEnabled; ConditionsNotSatisfied: none; SessionControlsNotSatisfied: 
ID: dbe24e2b-7971-4159-92e7-029febd9403a; DisplayName: Jeff Lenderman Travel BVI 3/13-3/19; Result: notEnabled; ConditionsNotSatisfied: none; SessionControlsNotSatisfied: 
ID: bda0d60a-c582-4d69-9d7e-f9166be26b08; DisplayName: Brian Katz - Costa Rica; Result: notEnabled; ConditionsNotSatisfied: none; SessionControlsNotSatisfied: 
ID: e4f6bd83-c762-4a93-9fb4-d77b558b5650; DisplayName: Devices - Enforce Device Compliance; Result: reportOnlyFailure; ConditionsNotSatisfied: none; SessionControlsNotSatisfied: 
ID: 46ddead8-098c-4325-bbeb-836e364f64b5; DisplayName: Sessions - Block Persistent Browser Sessions (Untrusted Locations); Result: reportOnlySuccess; ConditionsNotSatisfied: none; SessionControlsNotSatisfied: 
ID: 0149a225-4092-4a09-ab18-ae7c47c5deeb; DisplayName: Sessions - Enforce Sign-In Frequency; Result: reportOnlySuccess; ConditionsNotSatisfied: none; SessionControlsNotSatisfied: 
ID: 408cead8-caca-4de6-bf52-6f34130a6459; DisplayName: Microsoft-managed: Multifactor authentication for admins accessing Microsoft Admin Portals; Result: reportOnlyNotApplied; ConditionsNotSatisfied: application; SessionControlsNotSatisfied: 
ID: e00078dd-d389-4a8f-ba33-ac7b690a7ce3; DisplayName: Brian Katz Montreal 3/15 - 3/21; Result: reportOnlyNotApplied; ConditionsNotSatisfied: users; SessionControlsNotSatisfied: 
ID: da3712b4-2ee4-4d96-b702-9d73cb4e635a; DisplayName: Locations - Enforce Geo-IP Fencing; Result: reportOnlyNotApplied; ConditionsNotSatisfied: location,ipAddressSeenByAzureAD; SessionControlsNotSatisfied: 
ID: 7bd05172-0534-4c9a-a965-6e9370e281df; DisplayName: Protocols - Enforce Modern Authentication; Result: reportOnlyNotApplied; ConditionsNotSatisfied: clientType; SessionControlsNotSatisfied: 
ID: 6c493fe3-b17a-426e-af02-9f28f033239f; DisplayName: Sessions - Block Persistent Browser Sessions (Admins); Result: reportOnlyNotApplied; ConditionsNotSatisfied: users; SessionControlsNotSatisfied: 
ID: 77dbcd7f-566d-4b90-a928-edf2235d1c96; DisplayName: Users - Block Interactive Logins (Service Accounts); Result: reportOnlyNotApplied; ConditionsNotSatisfied: users; SessionControlsNotSatisfied: 
ID: 72f697df-0563-4339-8a40-3a0e56607bcb; DisplayName: Users - Restrict Admin Portal Access; Result: reportOnlyNotApplied; ConditionsNotSatisfied: application; SessionControlsNotSatisfied: ","networkType: namedNetwork; networkNames: Block Countries Per User Per Period","AuthenticationStepDateTime: 2026-08-15T04:35:54Z; AuthenticationMethod: Previously satisfied; AuthenticationMethodDetail: ; Succeeded: True; AuthenticationStepResultDetail: First factor requirement satisfied by claim in the token; AuthenticationStepRequirement: ;
AuthenticationStepDateTime: 2026-08-15T04:35:54Z; AuthenticationMethod: Previously satisfied; AuthenticationMethodDetail: ; Succeeded: True; AuthenticationStepResultDetail: MFA requirement satisfied by claim in the token; AuthenticationStepRequirement: ;"
"2026-08-15T03:04:07Z","Ashley Savala","asavala@pineywoodsrealtyfl.com","9199bf20-a13f-4107-85dc-02114787ef48","One Outlook Web","47.198.26.60","Browser","Mozilla/5.0 (Windows NT 10.0; Win64; x64) AppleWebKit/537.36 (KHTML, like Gecko) Chrome/151.0.0.0 Safari/537.36","82202964-8312-1c36-5681-7cc6283760a6","True","multiFactorAuthentication","errorCode: 0; failureReason: Other.; additionalDetails: MFA requirement satisfied by claim in the token","deviceId: ; displayName: ; operatingSystem: Windows10; browser: Chrome 151.0.0; isCompliant: False; isManaged: False; trustType: ","city: Odessa; state: Florida; countryOrRegion: US; geoCoordinates: @{altitude=; latitude=28.1414; longitude=-82.59334}","success","ID: a08e9a43-c474-45ce-854f-67d0f7b3deec; DisplayName: Enable MFA - All Users; Result: success; ConditionsNotSatisfied: none; SessionControlsNotSatisfied: 
ID: b8e8a1ff-dfc9-4eff-8c45-e209f4e26e5b; DisplayName: KaztCap SSL VPN Access; Result: notApplied; ConditionsNotSatisfied: users; SessionControlsNotSatisfied: 
ID: c6569448-6b9b-4329-8356-6cdb035f7cf2; DisplayName: Enable MFA - bwadmin; Result: notApplied; ConditionsNotSatisfied: users; SessionControlsNotSatisfied: 
ID: 9dba74f8-0de6-406e-b38c-ba05ea657153; DisplayName: Microsoft-managed: Multifactor authentication for per-user multifactor authentication users; Result: notEnabled; ConditionsNotSatisfied: none; SessionControlsNotSatisfied: 
ID: 7249cafd-bd3b-4f0c-9f6a-de4933e0a484; DisplayName: Location Based Access - Block Outside US; Result: notApplied; ConditionsNotSatisfied: location,ipAddressSeenByAzureAD; SessionControlsNotSatisfied: 
ID: 2c6518a2-ced4-420b-99b2-7a01741512b8; DisplayName: Location Based Access - Allow Specific Countries; Result: notEnabled; ConditionsNotSatisfied: none; SessionControlsNotSatisfied: 
ID: e51298da-9965-4f54-be5a-a1bfa7391207; DisplayName: Microsoft-managed: Multifactor authentication and reauthentication for risky sign-ins; Result: notApplied; ConditionsNotSatisfied: signInRisk; SessionControlsNotSatisfied: 
ID: 3cc748c6-e739-4559-b56f-dc898b93b757; DisplayName: Brian Katz Travel Cayman - 12/21-12/28; Result: notEnabled; ConditionsNotSatisfied: none; SessionControlsNotSatisfied: 
ID: dbe24e2b-7971-4159-92e7-029febd9403a; DisplayName: Jeff Lenderman Travel BVI 3/13-3/19; Result: notEnabled; ConditionsNotSatisfied: none; SessionControlsNotSatisfied: 
ID: bda0d60a-c582-4d69-9d7e-f9166be26b08; DisplayName: Brian Katz - Costa Rica; Result: notEnabled; ConditionsNotSatisfied: none; SessionControlsNotSatisfied: 
ID: e4f6bd83-c762-4a93-9fb4-d77b558b5650; DisplayName: Devices - Enforce Device Compliance; Result: reportOnlyFailure; ConditionsNotSatisfied: none; SessionControlsNotSatisfied: 
ID: 46ddead8-098c-4325-bbeb-836e364f64b5; DisplayName: Sessions - Block Persistent Browser Sessions (Untrusted Locations); Result: reportOnlySuccess; ConditionsNotSatisfied: none; SessionControlsNotSatisfied: 
ID: 0149a225-4092-4a09-ab18-ae7c47c5deeb; DisplayName: Sessions - Enforce Sign-In Frequency; Result: reportOnlySuccess; ConditionsNotSatisfied: none; SessionControlsNotSatisfied: 
ID: 408cead8-caca-4de6-bf52-6f34130a6459; DisplayName: Microsoft-managed: Multifactor authentication for admins accessing Microsoft Admin Portals; Result: reportOnlyNotApplied; ConditionsNotSatisfied: application; SessionControlsNotSatisfied: 
ID: e00078dd-d389-4a8f-ba33-ac7b690a7ce3; DisplayName: Brian Katz Montreal 3/15 - 3/21; Result: reportOnlyNotApplied; ConditionsNotSatisfied: users; SessionControlsNotSatisfied: 
ID: da3712b4-2ee4-4d96-b702-9d73cb4e635a; DisplayName: Locations - Enforce Geo-IP Fencing; Result: reportOnlyNotApplied; ConditionsNotSatisfied: location,ipAddressSeenByAzureAD; SessionControlsNotSatisfied: 
ID: 7bd05172-0534-4c9a-a965-6e9370e281df; DisplayName: Protocols - Enforce Modern Authentication; Result: reportOnlyNotApplied; ConditionsNotSatisfied: clientType; SessionControlsNotSatisfied: 
ID: 6c493fe3-b17a-426e-af02-9f28f033239f; DisplayName: Sessions - Block Persistent Browser Sessions (Admins); Result: reportOnlyNotApplied; ConditionsNotSatisfied: users; SessionControlsNotSatisfied: 
ID: 77dbcd7f-566d-4b90-a928-edf2235d1c96; DisplayName: Users - Block Interactive Logins (Service Accounts); Result: reportOnlyNotApplied; ConditionsNotSatisfied: users; SessionControlsNotSatisfied: 
ID: 72f697df-0563-4339-8a40-3a0e56607bcb; DisplayName: Users - Restrict Admin Portal Access; Result: reportOnlyNotApplied; ConditionsNotSatisfied: application; SessionControlsNotSatisfied: ","networkType: namedNetwork; networkNames: Block Countries Per User Per Period","AuthenticationStepDateTime: 2026-08-15T03:04:07Z; AuthenticationMethod: Previously satisfied; AuthenticationMethodDetail: ; Succeeded: True; AuthenticationStepResultDetail: First factor requirement satisfied by claim in the token; AuthenticationStepRequirement: ;
AuthenticationStepDateTime: 2026-08-15T03:04:07Z; AuthenticationMethod: Previously satisfied; AuthenticationMethodDetail: ; Succeeded: True; AuthenticationStepResultDetail: MFA requirement satisfied by claim in the token; AuthenticationStepRequirement: ;"
