Customer,Site,Device Class,Device Name,OS,Status,Matched to Inventory
AV Powell and Associates LLC*,AV Powell and Associates LLC (HQ),Windows Laptop,AVP-2025LAPTOP,"Aug 18, 2026",Not Installed,True
AV Powell and Associates LLC*,AV Powell and Associates LLC (HQ),Windows Laptop,CNN-2026LAPTOP,"Aug 13, 2026",Not Installed,True
Ameriserve*,"Ameriserve (Birmingham, AL)",Windows Laptop,AMR-PW0EM5X2,"Aug 17, 2026",Not Installed,True
Ameriserve*,"Ameriserve (Birmingham, AL)",Windows Laptop,AMR-PW0FLZ6A,"Aug 18, 2026","Failed, Not Installed",True
Ameriserve*,"Ameriserve (Birmingham, AL)",Windows Workstation,DESKTOP-9HOU0V6,"Jul 27, 2026",Not Installed,True
Ameriserve*,"Ameriserve (Jacksonville, FL)",Windows Laptop,AMR-PF52KENM,"Aug 17, 2026",Not Installed,True
Ameriserve*,"Ameriserve (Jacksonville, FL)",Windows Laptop,AMR-PF52LCDZ,"Aug 17, 2026",Not Installed,True
Ameriserve*,"Ameriserve (Jacksonville, FL)",Windows Laptop,Beef,"Aug 18, 2026",Not Installed,True
Ameriserve*,"Ameriserve (Jacksonville, FL)",Windows Laptop,DESKTOP-AJH83PU,"Aug 18, 2026",Not Installed,True
Ameriserve*,"Ameriserve (Jacksonville, FL)",Windows Workstation,Desktop-MZ029WTL,"Aug 17, 2026",Not Installed,True
Ameriserve*,"Ameriserve (Jacksonville, FL)",Windows Laptop,LAPTOP-7THK2UM3,"Aug 18, 2026",Not Installed,True
Ameriserve*,"Ameriserve (Jacksonville, FL)",Windows Laptop,LAPTOP-PW0FLYJT,"Aug 17, 2026",Not Installed,True
Ameriserve*,"Ameriserve (Jacksonville, FL)",Windows Laptop,LAPTOP-SA005XHP,"Aug 18, 2026",Not Installed,True
Ameriserve*,"Ameriserve (Jacksonville, FL)",Windows Laptop,LAPTOP-SA005XRA,"Aug 18, 2026",Not Installed,True
Ameriserve*,"Ameriserve (Jacksonville, FL)",Windows Laptop,LAPTOP-SCAM8OIU,"Aug 18, 2026",Not Installed,True
Ameriserve*,"Ameriserve (Jefferson, GA)",Windows Laptop,AMR-PW0CKP96,"Aug 17, 2026",Not Installed,True
Ameriserve*,"Ameriserve (Jefferson, GA)",Windows Workstation,FRONTDESK,"Aug 18, 2026",Failed,True
Ameriserve*,"Ameriserve (Jefferson, GA)",Windows Laptop,JP-HP-LAP,"Aug 16, 2026",Not Installed,True
Ameriserve*,"Ameriserve (Jefferson, GA)",Windows Laptop,LAPTOP-PW0FLXBT,"Aug 18, 2026",Not Installed,True
Ameriserve*,"Ameriserve (Jefferson, GA)",Windows Laptop,LAPTOP-PW0FLZ7A,"Aug 13, 2026",Not Installed,True
Ameriserve*,"Ameriserve (Montgomery, AL)",Windows Laptop,AMR-PW0FWGR7,"Aug 04, 2026",Not Installed,True
Ameriserve*,"Ameriserve (Montgomery, AL)",Windows Laptop,AMR-PW0FWGRN,"Aug 18, 2026",Not Installed,True
Ameriserve*,"Ameriserve (Montgomery, AL)",Windows Laptop,AMR-PW0FWGS6,"Aug 11, 2026",Not Installed,True
Ameriserve*,"Ameriserve (Montgomery, AL)",Windows Laptop,AMR-PW0FWKN0,"Aug 18, 2026",Not Installed,True
Ameriserve*,"Ameriserve (Montgomery, AL)",Windows Laptop,AMR-PW0FWKRV,"Aug 17, 2026",Not Installed,True
Ameriserve*,"Ameriserve (Montgomery, AL)",Windows Laptop,AMR-PW0FWKWM,"Aug 17, 2026",Not Installed,True
Ameriserve*,"Ameriserve (Mooresville, NC)",Windows Laptop,LAPTOP-CBPO5428,"Jul 24, 2026",Not Installed,True
Ameriserve*,"Ameriserve (Mooresville, NC)",Windows Laptop,LAPTOP-PW0FLXBP,"Aug 17, 2026",Not Installed,True
Ameriserve*,"Ameriserve (Mooresville, NC)",Windows Laptop,LAPTOP-PW0FLZ77,"Aug 18, 2026",Not Installed,True
Ameriserve*,"Ameriserve (Mooresville, NC)",Windows Laptop,LAPTOP-PW0FWGVC,"Aug 18, 2026",Not Installed,True
Ameriserve*,"Ameriserve (Orlando, FL)",Windows Laptop,AMR-PW0FLYEM,"Apr 19, 2026",Not Installed,True
Ameriserve*,"Ameriserve (Orlando, FL)",Windows Laptop,AMR-PW0FLZ7W,"Aug 18, 2026",Not Installed,True
Ameriserve*,"Ameriserve (Statesboro, GA)",Windows Laptop,AMR-PW0FLXBW,"Aug 17, 2026",Not Installed,True
Ameriserve*,"Ameriserve (Tampa, FL)",Windows Workstation,GARSPC1,"Jun 30, 2026",Not Installed,True
Ameriserve*,"Ameriserve HQ (Tucker, GA)",Windows Laptop,AMR-PF52L5HG,"Aug 18, 2026",Not Installed,True
Ameriserve*,"Ameriserve HQ (Tucker, GA)",Windows Laptop,AMR-PW0CKPAG,"Aug 16, 2026",Not Installed,True
Ameriserve*,"Ameriserve HQ (Tucker, GA)",Windows Laptop,AMR-PW0EM5XH,"Aug 13, 2026",Not Installed,True
Ameriserve*,"Ameriserve HQ (Tucker, GA)",Windows Laptop,AMR-PW0FLYJB,"Aug 17, 2026",Not Installed,True
Ameriserve*,"Ameriserve HQ (Tucker, GA)",Windows Laptop,AMR-PW0FLZD5,"Aug 18, 2026",Not Installed,True
Ameriserve*,"Ameriserve HQ (Tucker, GA)",Windows Laptop,AMR-PW0FWGXW,"Jul 14, 2026",Not Installed,True
Ameriserve*,"Ameriserve HQ (Tucker, GA)",Windows Laptop,AMR-PW0FWKSP,"Aug 09, 2026",Not Installed,True
Ameriserve*,"Ameriserve HQ (Tucker, GA)",Windows Laptop,CSimon-Laptop,"Aug 06, 2026",Not Installed,True
Ameriserve*,"Ameriserve HQ (Tucker, GA)",Windows Laptop,GARSFinance,"Aug 18, 2026",Not Installed,True
Ameriserve*,"Ameriserve HQ (Tucker, GA)",Windows Laptop,Kwon-AmeriServe,"Jul 24, 2026",Not Installed,True
Ameriserve*,"Ameriserve HQ (Tucker, GA)",Windows Laptop,LAPTOP-5CG0355FN1,"Aug 18, 2026",Not Installed,True
Ameriserve*,"Ameriserve HQ (Tucker, GA)",Windows Laptop,LAPTOP-94C5MOQP,"Aug 17, 2026",Not Installed,True
Ameriserve*,"Ameriserve HQ (Tucker, GA)",Windows Laptop,LAPTOP-AJCK69TN,"Aug 17, 2026",Not Installed,True
Ameriserve*,"Ameriserve HQ (Tucker, GA)",Windows Laptop,LAPTOP-DUKOM1VG,"Aug 17, 2026",Not Installed,True
Ameriserve*,"Ameriserve HQ (Tucker, GA)",Windows Laptop,LAPTOP-MC8GDF70,"Aug 18, 2026",Not Installed,True
Ameriserve*,"Ameriserve HQ (Tucker, GA)",Windows Laptop,LAPTOP-PJ1C78EL,"Aug 16, 2026",Not Installed,True
Ameriserve*,"Ameriserve HQ (Tucker, GA)",Windows Laptop,LAPTOP-PS1LUUS1,"Aug 18, 2026",Not Installed,True
Ameriserve*,"Ameriserve HQ (Tucker, GA)",Windows Laptop,LAPTOP-PW0EMD4Y,"Aug 17, 2026",Not Installed,True
Ameriserve*,"Ameriserve HQ (Tucker, GA)",Windows Laptop,LAPTOP-PW0FLX6M,"Aug 18, 2026",Not Installed,True
Ameriserve*,"Ameriserve HQ (Tucker, GA)",Windows Laptop,LAPTOP-PW0FLYF1,"Aug 18, 2026",Not Installed,True
Ameriserve*,"Ameriserve HQ (Tucker, GA)",Windows Laptop,LAPTOP-PW0FWGZ2,"Aug 17, 2026",Not Installed,True
Ameriserve*,"Ameriserve HQ (Tucker, GA)",Windows Laptop,LAPTOP-SA005XQ0,"Aug 17, 2026",Not Installed,True
Ameriserve*,"Ameriserve HQ (Tucker, GA)",Windows Laptop,LAPTOP-SA00NKC1,"Aug 17, 2026",Not Installed,True
Ameriserve*,"Ameriserve HQ (Tucker, GA)",Windows Laptop,Michelle-Ameriserve,"Aug 17, 2026",Not Installed,True
Ameriserve*,"Ameriserve HQ (Tucker, GA)",Windows Laptop,MikeS-Laptop,"Aug 18, 2026",Not Installed,True
Ameriserve*,"Ameriserve HQ (Tucker, GA)",Windows Laptop,Misty,"Aug 15, 2026",Not Installed,True
Ameriserve*,"Ameriserve HQ (Tucker, GA)",Windows Laptop,SamanthaPostell,"Aug 18, 2026",Not Installed,True
Ameriserve*,"Ameriserve HQ (Tucker, GA)",Windows Laptop,TashasWorkLT,"Jun 24, 2026",Not Installed,True
Ameriserve*,"Ameriserve HQ (Tucker, GA)",Windows Laptop,USERWC-UCA0URDS,"Aug 14, 2026",Not Installed,True
Ameriserve*,Lampien Mechanical,Windows Laptop,LAPTOP-1SES81M8,"Aug 18, 2026",Not Installed,True
Ameriserve*,Lampien Mechanical,Windows Laptop,LAPTOP-B07SH2J4,"Aug 18, 2026",Not Installed,True
Ameriserve*,Lampien Mechanical,Windows Laptop,LAPTOP-HI30S021,"Aug 18, 2026",Not Installed,True
Ameriserve*,Lampien Mechanical,Windows Laptop,LAPTOP-NDFLNF2R,"Aug 14, 2026",Not Installed,True
"Asphalt Enterprises, Inc.",No Site,Windows Laptop,9GGBND3,"Apr 17, 2026",Not Installed,True
"Asphalt Enterprises, Inc.",No Site,Windows Workstation,AE-Jeremy,"Aug 18, 2026",Not Installed,True
"Asphalt Enterprises, Inc.",No Site,Windows Workstation,DCH05K3,"Aug 18, 2026",Not Installed,True
Beckway,No Site,Windows Laptop,BECKWAY-119,"Aug 18, 2026",Not Installed,True
Beckway,No Site,Windows Laptop,BECKWAY-12,"Aug 18, 2026",Not Installed,True
Beckway,No Site,Windows Laptop,BECKWAY-136,"Aug 17, 2026",Not Installed,True
Beckway,No Site,Windows Laptop,BECKWAY-137,"Aug 18, 2026",Not Installed,True
Beckway,No Site,Windows Laptop,BECKWAY-147,"Aug 18, 2026",Not Installed,True
Beckway,No Site,Windows Laptop,BECKWAY-67,"Aug 18, 2026",Not Installed,True
Beckway,No Site,Windows Laptop,Beckway-00,"Aug 18, 2026",Not Installed,True
Beckway,No Site,Windows Laptop,Beckway-04,"Aug 18, 2026",Not Installed,True
Beckway,No Site,Windows Laptop,Beckway-09,"Aug 14, 2026",Not Installed,True
Beckway,No Site,Windows Laptop,Beckway-10,"Aug 17, 2026",Not Installed,True
Beckway,No Site,Windows Laptop,Beckway-102,"Aug 18, 2026",Not Installed,True
Beckway,No Site,Windows Laptop,Beckway-117,"Aug 18, 2026",Not Installed,True
Beckway,No Site,Windows Laptop,Beckway-121,"Aug 18, 2026",Not Installed,True
Beckway,No Site,Windows Laptop,Beckway-122,"Aug 18, 2026",Not Installed,True
Beckway,No Site,Windows Laptop,Beckway-124,"Aug 18, 2026",Not Installed,True
Beckway,No Site,Windows Laptop,Beckway-130,"Aug 18, 2026",Not Installed,True
Beckway,No Site,Windows Laptop,Beckway-131,"Aug 18, 2026",Not Installed,True
Beckway,No Site,Windows Laptop,Beckway-134,"Aug 18, 2026",Not Installed,True
Beckway,No Site,Windows Laptop,Beckway-135,"Aug 18, 2026",Not Installed,True
Beckway,No Site,Windows Laptop,Beckway-138,"Aug 18, 2026",Not Installed,True
Beckway,No Site,Windows Laptop,Beckway-14,"Aug 18, 2026",Not Installed,True
Beckway,No Site,Windows Laptop,Beckway-141,"Aug 18, 2026",Not Installed,True
Beckway,No Site,Windows Laptop,Beckway-143,"Aug 18, 2026",Not Installed,True
Beckway,No Site,Windows Laptop,Beckway-150,"Aug 18, 2026",Not Installed,True
Beckway,No Site,Windows Laptop,Beckway-151,"Aug 18, 2026",Not Installed,True
Beckway,No Site,Windows Laptop,Beckway-152,"Aug 18, 2026",Not Installed,True
Beckway,No Site,Windows Laptop,Beckway-153,"Aug 18, 2026",Not Installed,True
Beckway,No Site,Windows Laptop,Beckway-154,"Aug 18, 2026",Not Installed,True
Beckway,No Site,Windows Laptop,Beckway-16,"Aug 10, 2026",Not Installed,True
Beckway,No Site,Windows Laptop,Beckway-17,"Aug 18, 2026",Not Installed,True
Beckway,No Site,Windows Laptop,Beckway-21,"Aug 18, 2026",Not Installed,True
Beckway,No Site,Windows Laptop,Beckway-24,"Aug 18, 2026",Not Installed,True
Beckway,No Site,Windows Laptop,Beckway-28,"Aug 18, 2026",Not Installed,True
Beckway,No Site,Windows Laptop,Beckway-29,"Aug 18, 2026",Not Installed,True
Beckway,No Site,Windows Laptop,Beckway-34,"Aug 18, 2026",Not Installed,True
Beckway,No Site,Windows Laptop,Beckway-35,"Aug 18, 2026",Not Installed,True
Beckway,No Site,Windows Laptop,Beckway-36,"Aug 18, 2026",Not Installed,True
Beckway,No Site,Windows Laptop,Beckway-37,"Aug 18, 2026",Not Installed,True
Beckway,No Site,Windows Laptop,Beckway-38,"Aug 18, 2026",Not Installed,True
Beckway,No Site,Windows Laptop,Beckway-39,"Aug 18, 2026",Not Installed,True
Beckway,No Site,Windows Laptop,Beckway-40,"Aug 18, 2026",Not Installed,True
Beckway,No Site,Windows Laptop,Beckway-42,"Aug 18, 2026",Not Installed,True
Beckway,No Site,Windows Laptop,Beckway-44,"Aug 18, 2026",Not Installed,True
Beckway,No Site,Windows Laptop,Beckway-45,"Aug 18, 2026",Not Installed,True
Beckway,No Site,Windows Laptop,Beckway-47,"Aug 18, 2026",Not Installed,True
Beckway,No Site,Windows Laptop,Beckway-48,"Aug 18, 2026",Not Installed,True
Beckway,No Site,Windows Laptop,Beckway-50,"Aug 18, 2026",Not Installed,True
Beckway,No Site,Windows Laptop,Beckway-51,"Jul 21, 2026",Not Installed,True
Beckway,No Site,Windows Laptop,Beckway-60,"Aug 06, 2026",Not Installed,True
Beckway,No Site,Windows Laptop,Beckway-62,"Aug 18, 2026",Not Installed,True
Beckway,No Site,Windows Laptop,Beckway-63,"Aug 18, 2026",Not Installed,True
Beckway,No Site,Windows Laptop,Beckway-65,"Aug 18, 2026",Not Installed,True
Beckway,No Site,Windows Laptop,Beckway-66,"Aug 18, 2026",Not Installed,True
Beckway,No Site,Windows Laptop,Beckway-72,"Aug 12, 2026",Not Installed,True
Beckway,No Site,Windows Laptop,Beckway-73,"Aug 18, 2026",Not Installed,True
Beckway,No Site,Windows Laptop,Beckway-76,"Aug 18, 2026",Not Installed,True
Beckway,No Site,Windows Laptop,Beckway-77,"Aug 18, 2026",Not Installed,True
Beckway,No Site,Windows Laptop,Beckway-78,"Aug 18, 2026",Not Installed,True
Beckway,No Site,Windows Laptop,Beckway-81,"Aug 18, 2026",Not Installed,True
Beckway,No Site,Windows Laptop,Beckway-82,"Aug 18, 2026",Not Installed,True
Beckway,No Site,Windows Laptop,Beckway-83,"Aug 18, 2026",Not Installed,True
Beckway,No Site,Windows Laptop,Beckway-84,"Aug 17, 2026",Not Installed,True
Beckway,No Site,Windows Laptop,Beckway-85,"Aug 18, 2026",Not Installed,True
Beckway,No Site,Windows Laptop,Beckway-88,"Aug 18, 2026",Not Installed,True
Beckway,No Site,Windows Laptop,Beckway-91,"Jul 28, 2026",Not Installed,True
Beckway,No Site,Windows Laptop,Beckway-93,"Aug 16, 2026",Not Installed,True
Beckway,No Site,Windows Laptop,Beckway-94,"Aug 18, 2026",Not Installed,True
Beckway,No Site,Windows Laptop,Beckway-95,"Aug 18, 2026",Not Installed,True
Beckway,No Site,Windows Laptop,Beckway-97,"Aug 18, 2026",Not Installed,True
Beckway,No Site,Windows Laptop,BeckwayOmen,"Aug 18, 2026",Not Installed,True
Beckway,No Site,Windows Laptop,LAPTOP-0242FU2O,"Aug 18, 2026",Not Installed,True
Beckway,No Site,Windows Laptop,LAPTOP-98DSDRNJ,"Aug 18, 2026",Not Installed,True
Beckway,No Site,Windows Laptop,LAPTOP-A32J5C3T,"Aug 11, 2026",Not Installed,True
Beckway,No Site,Windows Laptop,LAPTOP-FRU70V2C,"Aug 18, 2026",Not Installed,True
Beckway,No Site,Windows Laptop,LAPTOP-IR2KUSCN,"Aug 18, 2026",Not Installed,True
Beckway,No Site,Windows Laptop,LAPTOP-K1APLDAJ,"Aug 18, 2026",Not Installed,True
Beckway,No Site,Windows Laptop,LAPTOP-MO8PU9MB,"Aug 18, 2026",Not Installed,True
Beckway,No Site,Windows Laptop,LAPTOP-PF5QVNWZ,"Aug 18, 2026",Not Installed,True
Beckway,No Site,Windows Laptop,LAPTOP-PF5V50T5,"Aug 18, 2026",Not Installed,True
Beckway,No Site,Windows Laptop,LAPTOP-PMIC45A0,"Aug 18, 2026",Not Installed,True
Beckway,No Site,Windows Laptop,LAPTOP-UMBJS611,"Aug 18, 2026",Not Installed,True
Beckway,No Site,Windows Laptop,beckway-156,"Aug 18, 2026",Not Installed,True
Bercher Homes (Suite 100),No Site,Windows Laptop,Angie-Laptop,"Aug 18, 2026",Not Installed,True
Bercher Homes (Suite 100),No Site,Windows Workstation,BERCHER-05,"Aug 18, 2026",Not Installed,True
Bercher Homes (Suite 100),No Site,Windows Workstation,Brad-NewDesktop,"Aug 18, 2026",Not Installed,True
Bercher Homes (Suite 100),No Site,Windows Laptop,DALE-SURFACE,"Aug 18, 2026",Not Installed,True
Bercher Homes (Suite 100),No Site,Windows Laptop,DESKTOP-KQHFOMK,"Aug 18, 2026",Not Installed,True
Bercher Homes (Suite 100),No Site,Windows Laptop,MillieAnn-LT,"Aug 17, 2026",Not Installed,True
Bercher Homes (Suite 100),No Site,Windows Laptop,Thomas-NewLaptop,"Aug 18, 2026",Not Installed,True
Beulah Heights University (Main Campus),No Site,Windows Workstation,BU-D-3GB6FP1,"May 23, 2026",Failed,True
Beulah Heights University (Main Campus),No Site,Windows Workstation,BU-D-5TGWVR1,"Aug 18, 2026",Failed,True
Beulah Heights University (Main Campus),No Site,Windows Workstation,BU-D-6TKWVR1,"Aug 17, 2026",Not Installed,True
Beulah Heights University (Main Campus),No Site,Windows Workstation,BU-D-DGDJXG2,"Aug 18, 2026",Not Installed,True
Beulah Heights University (Main Campus),No Site,Windows Workstation,BU-D-DJQBXG2,"Aug 18, 2026",Not Installed,True
Beulah Heights University (Main Campus),No Site,Windows Workstation,BU-D-DKFJXG2,"Aug 18, 2026",Not Installed,True
Beulah Heights University (Main Campus),No Site,Windows Workstation,BU-D-DVM7XG2,"Aug 17, 2026","Failed, Not Installed",True
Beulah Heights University (Main Campus),No Site,Windows Workstation,BU-D-DZPGXG2,"Jul 22, 2026",Not Installed,True
Beulah Heights University (Main Campus),No Site,Windows Workstation,BU-D-H96RTR1,"Aug 18, 2026",Failed,True
Beulah Heights University (Main Campus),No Site,Windows Workstation,BU-D-S6ADFO4,"Aug 18, 2026",Not Installed,True
Beulah Heights University (Main Campus),No Site,Windows Laptop,BU-L-2WWQ494,"Aug 18, 2026",Not Installed,True
Beulah Heights University (Main Campus),No Site,Windows Laptop,BU-L-5VWQ494,"Aug 15, 2026",Not Installed,True
Beulah Heights University (Main Campus),No Site,Windows Laptop,BU-L-7VWQ494,"Aug 18, 2026",Not Installed,True
Beulah Heights University (Main Campus),No Site,Windows Laptop,BU-L-8VWQ494,"Aug 18, 2026",Not Installed,True
Beulah Heights University (Main Campus),No Site,Windows Laptop,BU-L-BTWQ494,"Aug 18, 2026",Not Installed,True
Beulah Heights University (Main Campus),No Site,Windows Laptop,BU-L-HVWQ494,"Aug 18, 2026",Not Installed,True
Beulah Heights University (Main Campus),No Site,Windows Workstation,DESKTOP-MARCELO,"Aug 18, 2026",Not Installed,True
Beulah Heights University (Main Campus),No Site,Windows Laptop,jackiearmstrong,"Aug 17, 2026",Not Installed,True
"Bickers Consulting Group, LLC",No Site,Windows Laptop,DESKTOP-LL6UV4K,"Aug 13, 2026",Not Installed,True
"Bickers Consulting Group, LLC",No Site,Windows Laptop,Kelly-9ZBCGC4,"Aug 18, 2026",Not Installed,True
Boxercraft*,Boxercraft: Division of NG Labs,Windows Laptop,BXC-7DTN594,"Aug 18, 2026",Not Installed,True
Boxercraft*,Boxercraft: Division of NG Labs,Windows Laptop,BXROFFICE-HR-Teams,"Aug 11, 2026",Not Installed,True
Boxercraft*,Boxercraft: Division of NG Labs,Windows Workstation,DESKTOP-1UC8RO3,"Apr 14, 2026",Not Installed,True
Boxercraft*,Boxercraft: Division of NG Labs,Windows Workstation,DESKTOP-4TOBOJ6,"Aug 18, 2026",Not Installed,True
Boxercraft*,Boxercraft: Division of NG Labs,Windows Workstation,DESKTOP-BJCLTH3,"Aug 18, 2026",Not Installed,True
Boxercraft*,Boxercraft: Division of NG Labs,Windows Workstation,DESKTOP-CBBK794,"Aug 18, 2026",Not Installed,True
Boxercraft*,Boxercraft: Division of NG Labs,Windows Laptop,DESKTOP-FC0JCME,"Aug 18, 2026",Not Installed,True
Boxercraft*,Boxercraft: Division of NG Labs,Windows Workstation,DESKTOP-FJCLTH3,"Aug 18, 2026",Not Installed,True
Boxercraft*,Boxercraft: Division of NG Labs,Windows Workstation,DESKTOP-JU2ASLK,"Aug 18, 2026",Not Installed,True
Boxercraft*,Boxercraft: Division of NG Labs,Windows Laptop,DESKTOP-LOM79VI,"Aug 18, 2026",Not Installed,True
Boxercraft*,Boxercraft: Division of NG Labs,Windows Laptop,DESKTOP-SPS2USG,"Aug 13, 2026",Not Installed,True
Boxercraft*,Boxercraft: Division of NG Labs,Windows Laptop,DESKTOP-TKR28JU,"Aug 17, 2026",Not Installed,True
Boxercraft*,Boxercraft: Division of NG Labs,Windows Laptop,JDruryLaptop,"Aug 18, 2026",Not Installed,True
Boxercraft*,Boxercraft: Division of NG Labs,Windows Laptop,LAPTOP-1CG3FG3,"Aug 18, 2026",Not Installed,True
Boxercraft*,Boxercraft: Division of NG Labs,Windows Laptop,LAPTOP-1CTF8BT,"Aug 18, 2026",Not Installed,True
Boxercraft*,Boxercraft: Division of NG Labs,Windows Laptop,LAPTOP-1NGSW64,"Aug 18, 2026",Not Installed,True
Boxercraft*,Boxercraft: Division of NG Labs,Windows Laptop,LAPTOP-2W4D164,"Aug 18, 2026",Not Installed,True
Boxercraft*,Boxercraft: Division of NG Labs,Windows Laptop,LAPTOP-400RGS3,"Aug 18, 2026",Not Installed,True
Boxercraft*,Boxercraft: Division of NG Labs,Windows Laptop,LAPTOP-4LWZGS3,"Aug 18, 2026",Not Installed,True
Boxercraft*,Boxercraft: Division of NG Labs,Windows Laptop,LAPTOP-5ZK1LY3,"Aug 18, 2026",Not Installed,True
Boxercraft*,Boxercraft: Division of NG Labs,Windows Laptop,LAPTOP-7RM2DT7,"Aug 18, 2026",Not Installed,True
Boxercraft*,Boxercraft: Division of NG Labs,Windows Laptop,LAPTOP-8LSP7S3,"Aug 17, 2026",Not Installed,True
Boxercraft*,Boxercraft: Division of NG Labs,Windows Laptop,LAPTOP-H9SLDQG,"Aug 15, 2026",Not Installed,True
Boxercraft*,Boxercraft: Division of NG Labs,Windows Laptop,Laura-LPT,"Aug 18, 2026",Not Installed,True
Boxercraft*,Boxercraft: Division of NG Labs,Windows Workstation,Shipper1,"Aug 18, 2026",Not Installed,True
Boxercraft*,Boxercraft: Division of NG Labs,Windows Workstation,VAS-DESKTOP-04,"Aug 18, 2026",Not Installed,True
Boxercraft*,Boxercraft: Division of NG Labs,Windows Laptop,bxroffice-lpt16,"Jul 28, 2026",Not Installed,True
Boxercraft*,Boxercraft: Division of NG Labs,Windows Laptop,bxroffice-lpt20,"Aug 18, 2026",Not Installed,True
Boxercraft*,Boxercraft: Division of NG Labs,Windows Laptop,bxroffice-lpt21-ovp,"Aug 18, 2026",Not Installed,True
Boxercraft*,Boxercraft: Division of NG Labs,Windows Laptop,bxroffice-lpt22,"Aug 18, 2026",Not Installed,True
Boxercraft*,Boxercraft: Division of NG Labs,Windows Laptop,bxroffice-lpt23,"Aug 18, 2026",Failed,True
Boxercraft*,Headsweats,Windows Laptop,LAPTOP-F33P594,"Aug 08, 2026",Not Installed,True
Boxercraft*,Headsweats,Windows Laptop,LAPTOP-J6Q4ZW3,"Aug 18, 2026",Not Installed,True
Boxercraft*,Recover Brands,Windows Laptop,LAPTOP-40XG864,"Aug 18, 2026",Not Installed,True
Boxercraft*,Recover Brands,Windows Laptop,LAPTOP-F4JXKY3,"Aug 18, 2026",Not Installed,True
Boxercraft*,Recover Brands,Windows Laptop,LAPTOP-GL6YDS3,"Aug 18, 2026",Not Installed,True
Boxercraft*,Recover Brands,Windows Laptop,RECOVER-7LVH8G3,"Aug 18, 2026",Failed,True
Brindlee Fire Services*,Brindlee Fire Services,Windows Laptop,5CG2087P0Q,"Aug 18, 2026",Not Installed,True
Brindlee Fire Services*,Brindlee Fire Services,Windows Laptop,DESKTOP-7GDL54T,"Aug 18, 2026",Not Installed,True
Brindlee Fire Services*,Brindlee Fire Services,Windows Laptop,DESKTOP-7U8TIKV,"Aug 17, 2026",Not Installed,True
Brindlee Fire Services*,Brindlee Fire Services,Windows Laptop,DESKTOP-DTE97CU,"Aug 17, 2026",Not Installed,True
Brindlee Fire Services*,Brindlee Fire Services,Windows Laptop,DESKTOP-EI0FURA,"Aug 17, 2026",Not Installed,True
Brindlee Fire Services*,Brindlee Fire Services,Windows Laptop,DESKTOP-FQQF3CS,"Aug 17, 2026",Not Installed,True
Brindlee Fire Services*,Brindlee Fire Services,Windows Laptop,DESKTOP-G9BOR3C,"Aug 18, 2026",Not Installed,True
Brindlee Fire Services*,Brindlee Fire Services,Windows Laptop,DESKTOP-IRFKN0G,"Aug 18, 2026",Not Installed,True
Brindlee Fire Services*,Brindlee Fire Services,Windows Laptop,DESKTOP-J8QTE60,"Jun 15, 2026",Not Installed,True
Brindlee Fire Services*,Brindlee Fire Services,Windows Laptop,DESKTOP-LD7H7TE,"Aug 17, 2026",Not Installed,True
Brindlee Fire Services*,Brindlee Fire Services,Windows Laptop,DESKTOP-S6B8V2U,"Aug 18, 2026",Not Installed,True
Brindlee Fire Services*,Brindlee Fire Services,Windows Laptop,DESKTOP-VIGJC68,"Aug 18, 2026",Not Installed,True
Brindlee Fire Services*,Brindlee Fire Services,Windows Workstation,DT_G6FKK74,"Aug 18, 2026",Not Installed,True
Brindlee Fire Services*,Brindlee Fire Services,Windows Laptop,RMF-001882220557,"Aug 12, 2026",Not Installed,True
Brindlee Fire Services*,Brindlee Fire Services,Windows Laptop,RMF-002703220557,"Aug 18, 2026",Not Installed,True
Brindlee Fire Services*,Brindlee Fire Services,Windows Laptop,RMF-020343214757,"Aug 17, 2026",Not Installed,True
Brindlee Fire Services*,Brindlee Fire Services,Windows Laptop,RMF-028266414857,"Aug 18, 2026",Not Installed,True
Brindlee Fire Services*,Brindlee Fire Services,Windows Laptop,RMF-046147614857,"Aug 18, 2026",Not Installed,True
Brindlee Fire Services*,Brindlee Fire Services,Windows Laptop,RMF-10392614357,"Aug 18, 2026",Not Installed,True
Brindlee Fire Services*,Brindlee Fire Services,Windows Laptop,RMF-13G0R74,"Aug 17, 2026",Not Installed,True
Brindlee Fire Services*,Brindlee Fire Services,Windows Laptop,RMF-15G0R74,"Aug 18, 2026",Not Installed,True
Brindlee Fire Services*,Brindlee Fire Services,Windows Laptop,RMF-167VQ74,"Aug 14, 2026",Not Installed,True
Brindlee Fire Services*,Brindlee Fire Services,Windows Laptop,RMF-1HDVQ74,"Aug 18, 2026",Not Installed,True
Brindlee Fire Services*,Brindlee Fire Services,Windows Laptop,RMF-1LDMN94,"Aug 17, 2026","Failed, Not Installed",True
Brindlee Fire Services*,Brindlee Fire Services,Windows Laptop,RMF-25ZYN94,"Aug 16, 2026",Not Installed,True
Brindlee Fire Services*,Brindlee Fire Services,Windows Laptop,RMF-2RNZN94,"Aug 17, 2026",Not Installed,True
Brindlee Fire Services*,Brindlee Fire Services,Windows Laptop,RMF-2S61R74,"Aug 15, 2026",Not Installed,True
Brindlee Fire Services*,Brindlee Fire Services,Windows Laptop,RMF-347VQ74,"Aug 17, 2026",Not Installed,True
Brindlee Fire Services*,Brindlee Fire Services,Windows Laptop,RMF-3CS0R74,"Aug 17, 2026",Not Installed,True
Brindlee Fire Services*,Brindlee Fire Services,Windows Laptop,RMF-3NT3N74,"Aug 18, 2026",Not Installed,True
Brindlee Fire Services*,Brindlee Fire Services,Windows Laptop,RMF-3XJ6N64,"Aug 11, 2026",Not Installed,True
Brindlee Fire Services*,Brindlee Fire Services,Windows Laptop,RMF-4R7XN94,"Aug 17, 2026",Not Installed,True
Brindlee Fire Services*,Brindlee Fire Services,Windows Laptop,RMF-4VV48F4,"Aug 18, 2026",Not Installed,True
Brindlee Fire Services*,Brindlee Fire Services,Windows Laptop,RMF-577VQ74,"Aug 18, 2026",Not Installed,True
Brindlee Fire Services*,Brindlee Fire Services,Windows Laptop,RMF-5CG00300MN,"Aug 17, 2026",Not Installed,True
Brindlee Fire Services*,Brindlee Fire Services,Windows Laptop,RMF-5CG05137DQ,"Aug 14, 2026",Not Installed,True
Brindlee Fire Services*,Brindlee Fire Services,Windows Laptop,RMF-5CG2087P0C,"Aug 16, 2026",Not Installed,True
Brindlee Fire Services*,Brindlee Fire Services,Windows Laptop,RMF-5CG2087PIN,"Aug 17, 2026",Not Installed,True
Brindlee Fire Services*,Brindlee Fire Services,Windows Laptop,RMF-5CG45006X6,"Aug 18, 2026",Not Installed,True
Brindlee Fire Services*,Brindlee Fire Services,Windows Laptop,RMF-5CG45006YK,"Mar 29, 2026",Not Installed,True
Brindlee Fire Services*,Brindlee Fire Services,Windows Laptop,RMF-5CG450079H,"Aug 17, 2026",Not Installed,True
Brindlee Fire Services*,Brindlee Fire Services,Windows Laptop,RMF-5CG45008C9,"Aug 17, 2026",Not Installed,True
Brindlee Fire Services*,Brindlee Fire Services,Windows Laptop,RMF-5CG9184381,"Jun 25, 2026",Not Installed,True
Brindlee Fire Services*,Brindlee Fire Services,Windows Laptop,RMF-5SKVQ74,"Aug 15, 2026",Not Installed,True
Brindlee Fire Services*,Brindlee Fire Services,Windows Laptop,RMF-5Y1VQ74,"Aug 14, 2026",Not Installed,True
Brindlee Fire Services*,Brindlee Fire Services,Windows Laptop,RMF-677VQ74,"Aug 17, 2026",Not Installed,True
Brindlee Fire Services*,Brindlee Fire Services,Windows Laptop,RMF-6CDVQ74,"Apr 23, 2026",Not Installed,True
Brindlee Fire Services*,Brindlee Fire Services,Windows Laptop,RMF-7041R74,"Aug 03, 2026",Not Installed,True
Brindlee Fire Services*,Brindlee Fire Services,Windows Laptop,RMF-7JDVQ74,"Aug 18, 2026",Not Installed,True
Brindlee Fire Services*,Brindlee Fire Services,Windows Workstation,RMF-8L49D9U,"Jul 12, 2026",Not Installed,True
Brindlee Fire Services*,Brindlee Fire Services,Windows Laptop,RMF-94ZYN94,"Jul 22, 2026",Not Installed,True
Brindlee Fire Services*,Brindlee Fire Services,Windows Laptop,RMF-97QVQ74,"Aug 11, 2026",Not Installed,True
Brindlee Fire Services*,Brindlee Fire Services,Windows Laptop,RMF-9C90R74,"Aug 13, 2026",Not Installed,True
Brindlee Fire Services*,Brindlee Fire Services,Windows Laptop,RMF-9J11R74,"Aug 17, 2026",Not Installed,True
Brindlee Fire Services*,Brindlee Fire Services,Windows Laptop,RMF-9JG1R74,"Jul 30, 2026",Not Installed,True
Brindlee Fire Services*,Brindlee Fire Services,Windows Laptop,RMF-9MYLN94,"Aug 18, 2026",Not Installed,True
Brindlee Fire Services*,Brindlee Fire Services,Windows Laptop,RMF-9YFRYJ4,"Aug 03, 2026",Not Installed,True
Brindlee Fire Services*,Brindlee Fire Services,Windows Laptop,RMF-B37VQ74,"Aug 06, 2026",Not Installed,True
Brindlee Fire Services*,Brindlee Fire Services,Windows Workstation,RMF-B4Z0X74,"Aug 18, 2026",Not Installed,True
Brindlee Fire Services*,Brindlee Fire Services,Windows Laptop,RMF-BBGRM74,"Aug 14, 2026","Failed, Not Installed",True
Brindlee Fire Services*,Brindlee Fire Services,Windows Workstation,RMF-BK80X74,"Aug 01, 2026",Not Installed,True
Brindlee Fire Services*,Brindlee Fire Services,Windows Laptop,RMF-BRS0R74,"Aug 18, 2026",Not Installed,True
Brindlee Fire Services*,Brindlee Fire Services,Windows Laptop,RMF-BS1VQ74,"Jan 29, 2026",Not Installed,True
Brindlee Fire Services*,Brindlee Fire Services,Windows Laptop,RMF-CFM46F4,"Aug 14, 2026",Not Installed,True
Brindlee Fire Services*,Brindlee Fire Services,Windows Laptop,RMF-CJ8BN74,"Aug 17, 2026",Not Installed,True
Brindlee Fire Services*,Brindlee Fire Services,Windows Laptop,RMF-D0MLN94,"Aug 17, 2026",Not Installed,True
Brindlee Fire Services*,Brindlee Fire Services,Windows Laptop,RMF-D2W0R74,"Aug 18, 2026",Not Installed,True
Brindlee Fire Services*,Brindlee Fire Services,Windows Laptop,RMF-D4RVQ74,"Aug 17, 2026",Not Installed,True
Brindlee Fire Services*,Brindlee Fire Services,Windows Laptop,RMF-D7K1R74,"Aug 17, 2026",Not Installed,True
Brindlee Fire Services*,Brindlee Fire Services,Windows Laptop,RMF-DC11R74,"Aug 17, 2026",Not Installed,True
Brindlee Fire Services*,Brindlee Fire Services,Windows Workstation,RMF-DT-39F6XB4,"Aug 17, 2026",Not Installed,True
Brindlee Fire Services*,Brindlee Fire Services,Windows Workstation,RMF-DT-5N21X74,"Jul 31, 2026",Not Installed,True
Brindlee Fire Services*,Brindlee Fire Services,Windows Workstation,RMF-DT-69F6XB4,"Jul 24, 2026",Not Installed,True
Brindlee Fire Services*,Brindlee Fire Services,Windows Workstation,RMF-DT-96Z0X74,"Aug 17, 2026",Not Installed,True
Brindlee Fire Services*,Brindlee Fire Services,Windows Workstation,RMF-DT-DVR0X74,"Aug 17, 2026",Not Installed,True
Brindlee Fire Services*,Brindlee Fire Services,Windows Workstation,RMF-DT-HP80X74,"Aug 18, 2026",Not Installed,True
Brindlee Fire Services*,Brindlee Fire Services,Windows Laptop,RMF-F0TZYJ4,"Aug 03, 2026",Not Installed,True
Brindlee Fire Services*,Brindlee Fire Services,Windows Laptop,RMF-F341R74,"Aug 13, 2026",Not Installed,True
Brindlee Fire Services*,Brindlee Fire Services,Windows Laptop,RMF-F7G0R74,"Aug 17, 2026",Not Installed,True
Brindlee Fire Services*,Brindlee Fire Services,Windows Laptop,RMF-F7GRM74,"Dec 12, 2025",Not Installed,True
Brindlee Fire Services*,Brindlee Fire Services,Windows Laptop,RMF-FJG1R74,"Aug 17, 2026",Not Installed,True
Brindlee Fire Services*,Brindlee Fire Services,Windows Laptop,RMF-FMJ5N64,"Aug 18, 2026",Not Installed,True
Brindlee Fire Services*,Brindlee Fire Services,Windows Laptop,RMF-G1ZYN94,"Aug 17, 2026",Not Installed,True
Brindlee Fire Services*,Brindlee Fire Services,Windows Laptop,RMF-GDM46F4,"Aug 14, 2026",Not Installed,True
Brindlee Fire Services*,Brindlee Fire Services,Windows Laptop,RMF-GG90R74,"Aug 17, 2026",Not Installed,True
Brindlee Fire Services*,Brindlee Fire Services,Windows Laptop,RMF-GJG1R74,"Aug 17, 2026",Not Installed,True
Brindlee Fire Services*,Brindlee Fire Services,Windows Laptop,RMF-GRV48F4,"Aug 17, 2026",Not Installed,True
Brindlee Fire Services*,Brindlee Fire Services,Windows Laptop,RMF-GYZ6N64,"Dec 30, 2025",Not Installed,True
Brindlee Fire Services*,Brindlee Fire Services,Windows Laptop,RMF-HMKVQ74,"Aug 13, 2026",Not Installed,True
Brindlee Fire Services*,Brindlee Fire Services,Windows Laptop,RMF-HQ1VQ74,"Aug 17, 2026",Not Installed,True
Brindlee Fire Services*,Brindlee Fire Services,Windows Laptop,RMF-J2H3N74,"Aug 14, 2026",Not Installed,True
Brindlee Fire Services*,Brindlee Fire Services,Windows Laptop,RMF-J2M0R74,"Aug 18, 2026",Not Installed,True
Brindlee Fire Services*,Brindlee Fire Services,Windows Laptop,RMF-JCZYN94,"Aug 18, 2026",Not Installed,True
Brindlee Fire Services*,Brindlee Fire Services,Windows Laptop,RMF-JGTLN94,"Aug 17, 2026",Not Installed,True
Brindlee Fire Services*,Brindlee Fire Services,Windows Laptop,RMF-JH90R74,"Aug 17, 2026",Not Installed,True
Brindlee Fire Services*,Brindlee Fire Services,Windows Laptop,RMF-JL40R74,"Aug 17, 2026",Not Installed,True
Brindlee Fire Services*,Brindlee Fire Services,Windows Laptop,RMF-LT-71W0R74,"May 18, 2026",Not Installed,True
Brindlee Fire Services*,Brindlee Fire Services,Windows Workstation,RMF-MXL4123QDS,"Aug 17, 2026",Not Installed,True
Brindlee Fire Services*,Brindlee Fire Services,Windows Workstation,RMF-MXL9482WHK,"Aug 17, 2026",Not Installed,True
Brindlee Fire Services*,Capstone Station 1 Admin,Windows Laptop,DESKTOP-5410MHM,"Apr 13, 2026",Not Installed,True
Brindlee Fire Services*,Capstone Station 1 Admin,Windows Laptop,RMF-046060514857,"Aug 17, 2026",Not Installed,True
Brindlee Fire Services*,Capstone Station 1 Admin,Windows Laptop,RMF-27GYN94,"Aug 18, 2026",Not Installed,True
Brindlee Fire Services*,Capstone Station 1 Admin,Windows Laptop,RMF-2mq4150d4x,"Aug 18, 2026",Not Installed,True
Brindlee Fire Services*,Capstone Station 1 Admin,Windows Laptop,RMF-33G0R74,"Aug 18, 2026",Not Installed,True
Brindlee Fire Services*,Capstone Station 1 Admin,Windows Laptop,RMF-3FB7F94,"Aug 14, 2026",Not Installed,True
Brindlee Fire Services*,Capstone Station 1 Admin,Windows Laptop,RMF-3VSYN94,"Aug 15, 2026",Not Installed,True
Brindlee Fire Services*,Capstone Station 1 Admin,Windows Laptop,RMF-58ZYN94,"Aug 18, 2026",Not Installed,True
Brindlee Fire Services*,Capstone Station 1 Admin,Windows Laptop,RMF-5CG2087NP83,"Aug 18, 2026",Not Installed,True
Brindlee Fire Services*,Capstone Station 1 Admin,Windows Laptop,RMF-5FM46F4,"Aug 17, 2026",Not Installed,True
Brindlee Fire Services*,Capstone Station 1 Admin,Windows Workstation,RMF-5KTTA42493,"Aug 10, 2026",Not Installed,True
Brindlee Fire Services*,Capstone Station 1 Admin,Windows Workstation,RMF-5KTTA42568,"Aug 18, 2026",Not Installed,True
Brindlee Fire Services*,Capstone Station 1 Admin,Windows Laptop,RMF-5L90R74,"Aug 18, 2026",Not Installed,True
Brindlee Fire Services*,Capstone Station 1 Admin,Windows Laptop,RMF-7KG1R74,"Mar 21, 2026",Not Installed,True
Brindlee Fire Services*,Capstone Station 1 Admin,Windows Workstation,RMF-7VC0X74,"Aug 17, 2026",Not Installed,True
Brindlee Fire Services*,Capstone Station 1 Admin,Windows Laptop,RMF-8Q61R74,"Aug 17, 2026",Not Installed,True
Brindlee Fire Services*,Capstone Station 1 Admin,Windows Laptop,RMF-BT36N74,"Aug 13, 2026",Not Installed,True
Brindlee Fire Services*,Capstone Station 1 Admin,Windows Laptop,RMF-C3G0R74,"Aug 18, 2026",Not Installed,True
Brindlee Fire Services*,Capstone Station 1 Admin,Windows Laptop,RMF-C9N3N74,"Aug 17, 2026",Not Installed,True
Brindlee Fire Services*,Capstone Station 1 Admin,Windows Laptop,RMF-D5H3N74,"Aug 04, 2026",Not Installed,True
Brindlee Fire Services*,Capstone Station 1 Admin,Windows Workstation,RMF-DT-2Q80X74,"Aug 02, 2026",Not Installed,True
Brindlee Fire Services*,Capstone Station 1 Admin,Windows Workstation,RMF-DT-9N80X74,"Aug 17, 2026",Not Installed,True
Brindlee Fire Services*,Capstone Station 1 Admin,Windows Workstation,RMF-DT-BP80X74,"Aug 17, 2026",Not Installed,True
Brindlee Fire Services*,Capstone Station 1 Admin,Windows Laptop,RMF-DXSYN94,"Aug 03, 2026",Not Installed,True
Brindlee Fire Services*,Capstone Station 1 Admin,Windows Laptop,RMF-F3ZYN94,"Jul 24, 2026",Not Installed,True
Brindlee Fire Services*,Capstone Station 1 Admin,Windows Workstation,RMF-GP80X74,"Aug 18, 2026",Not Installed,True
Brindlee Fire Services*,Capstone Station 1 Admin,Windows Laptop,RMF-VKDGDKC,"Aug 17, 2026",Not Installed,True
Brindlee Fire Services*,"Capstone Station 3 (Escondido, CA)",Windows Laptop,RMF-1951,"Aug 17, 2026",Not Installed,True
Brindlee Fire Services*,"Capstone Station 3 (Escondido, CA)",Windows Workstation,RMF-2N50X74,"Aug 18, 2026",Not Installed,True
Brindlee Fire Services*,"Capstone Station 4 (El Cajon, CA)",Windows Workstation,RMF-DT-DYC0X74,"Aug 17, 2026",Not Installed,True
Brindlee Fire Services*,Capstone Station 41  (Clearwater Paper),Windows Workstation,RMF-DT-79F6XB4,"Aug 17, 2026",Not Installed,True
Brindlee Fire Services*,"Capstone Station 5 (Valencia, CA)",Windows Workstation,RMF-DT-JQ80X74,"Aug 14, 2026",Not Installed,True
Brindlee Fire Services*,"Capstone Station 6 (Roseville, CA)",Windows Laptop,RMF-6W8YN94,"Aug 14, 2026",Not Installed,True
Brindlee Fire Services*,"Capstone Station 6 (Roseville, CA)",Windows Laptop,RMF-B0TYN94,"Aug 17, 2026",Not Installed,True
Brindlee Fire Services*,"Central AZ Fleet (Tempe, AZ)",Windows Laptop,RMF-24G0R74,"Aug 17, 2026","Failed, Not Installed",True
Brindlee Fire Services*,"Central AZ Fleet (Tempe, AZ)",Windows Laptop,RMF-5CG01696Z3,"Aug 12, 2026",Not Installed,True
Brindlee Fire Services*,"Central AZ Fleet (Tempe, AZ)",Windows Laptop,RMF-5CG0422RWW,"Aug 18, 2026",Not Installed,True
Brindlee Fire Services*,"Central AZ Fleet (Tempe, AZ)",Windows Laptop,RMF-5CG0422T4W,"Aug 15, 2026",Not Installed,True
Brindlee Fire Services*,"Central AZ Fleet (Tempe, AZ)",Windows Laptop,RMF-5NG1R74,"Aug 17, 2026",Not Installed,True
Brindlee Fire Services*,"Central AZ Fleet (Tempe, AZ)",Windows Laptop,RMF-70RVQ74,"Aug 17, 2026",Not Installed,True
Brindlee Fire Services*,"Central AZ Fleet (Tempe, AZ)",Windows Laptop,RMF-7SP0R74,"Aug 17, 2026",Not Installed,True
Brindlee Fire Services*,"Central AZ Fleet (Tempe, AZ)",Windows Workstation,RMF-8CG9142JYB,"Aug 17, 2026",Not Installed,True
Brindlee Fire Services*,"Central AZ Fleet (Tempe, AZ)",Windows Laptop,RMF-94W0R74,"Aug 17, 2026",Not Installed,True
Brindlee Fire Services*,"Central AZ Fleet (Tempe, AZ)",Windows Laptop,RMF-BTSYN94,"Aug 13, 2026",Not Installed,True
Brindlee Fire Services*,"Central AZ Fleet (Tempe, AZ)",Windows Laptop,RMF-CZQVQ74,"Aug 17, 2026",Not Installed,True
Brindlee Fire Services*,"Central AZ Fleet (Tempe, AZ)",Windows Laptop,RMF-GL4ZN94,"Aug 17, 2026",Not Installed,True
Brindlee Fire Services*,"Central AZ Fleet (Tempe, AZ)",Windows Laptop,RMF-GSZVTJ4,"Jul 09, 2026",Not Installed,True
Brindlee Fire Services*,"Central AZ Fleet (Tempe, AZ)",Windows Workstation,RMF-MXL0522Y5M,"Jul 16, 2026",Not Installed,True
Brindlee Fire Services*,Central AZ Station 821,Windows Workstation,RMF-MXL0522YBN,"Aug 18, 2026",Not Installed,True
Brindlee Fire Services*,Central AZ Station 826,Windows Workstation,RMF-DT-DJV7N23,"Aug 17, 2026",Not Installed,True
Brindlee Fire Services*,Central AZ Station 826,Windows Workstation,RMF-DT-JM80X74,"Aug 18, 2026",Not Installed,True
Brindlee Fire Services*,Central AZ Station 833,Windows Workstation,RMF-DT-JN80X74,"Aug 17, 2026",Not Installed,True
Brindlee Fire Services*,Central AZ Station 837,Windows Workstation,RMF-DT-2ZC0X74,"Aug 18, 2026",Not Installed,True
Brindlee Fire Services*,Central AZ Station 837,Windows Workstation,RMF-MXL4123QCS,"Aug 17, 2026",Not Installed,True
Brindlee Fire Services*,Central AZ Station 841,Windows Workstation,RMF-DT-3K50X74,"Aug 18, 2026",Not Installed,True
Brindlee Fire Services*,Central AZ Station 841,Windows Workstation,RMF-DT-CM80X74,"Aug 18, 2026",Not Installed,True
Brindlee Fire Services*,Central AZ Station 841,Windows Workstation,RMF-MXL0522Y5K,"Aug 16, 2026",Not Installed,True
Brindlee Fire Services*,Central AZ Station 842,Windows Laptop,RMF-5CG925B0T1,"Aug 18, 2026",Not Installed,True
Brindlee Fire Services*,Central AZ Station 842,Windows Workstation,RMF-DT-BQ80X74,"Aug 18, 2026",Not Installed,True
Brindlee Fire Services*,Central AZ Station 842,Windows Workstation,RMF-DT-GTC0X74,"Aug 18, 2026",Not Installed,True
Brindlee Fire Services*,Central AZ Station 842,Windows Workstation,RMF-MXL0521ZM7,"Aug 17, 2026",Not Installed,True
Brindlee Fire Services*,Central AZ Station 843,Windows Laptop,RMF-5CG2087NN7,"Aug 17, 2026",Not Installed,True
Brindlee Fire Services*,Central AZ Station 843,Windows Laptop,RMF-5CG2087PBK,"Aug 17, 2026",Not Installed,True
Brindlee Fire Services*,Central AZ Station 843,Windows Laptop,RMF-5CG91844GV,"Aug 07, 2026",Not Installed,True
Brindlee Fire Services*,Central AZ Station 843,Windows Workstation,RMF-DT-4VC0X74,"Aug 18, 2026",Not Installed,True
Brindlee Fire Services*,Central AZ Station 843,Windows Workstation,RMF-DT-GH50X74,"Aug 13, 2026",Not Installed,True
Brindlee Fire Services*,Central AZ Station 843,Windows Workstation,RMF-DT-GYC0X74,"Aug 18, 2026",Not Installed,True
Brindlee Fire Services*,Central AZ Station 857 Admin,Windows Workstation,DESKTOP-3338CH6,"Aug 18, 2026",Not Installed,True
Brindlee Fire Services*,Central AZ Station 857 Admin,Windows Workstation,DESKTOP-NKB3K7P,"Aug 16, 2026",Not Installed,True
Brindlee Fire Services*,Central AZ Station 857 Admin,Windows Workstation,DESKTOP-PDBFDTD,"Aug 17, 2026",Not Installed,True
Brindlee Fire Services*,Central AZ Station 857 Admin,Windows Workstation,DESKTOP-RGP3664,"Aug 08, 2026","Failed, Not Installed",True
Brindlee Fire Services*,Central AZ Station 857 Admin,Windows Laptop,DESKTOP-RU3P71R,"Aug 13, 2026",Not Installed,True
Brindlee Fire Services*,Central AZ Station 857 Admin,Windows Workstation,DESKTOP-RUEJC6K,"Feb 14, 2026",Not Installed,True
Brindlee Fire Services*,Central AZ Station 857 Admin,Windows Workstation,DESKTOP-S08QDS6,"Aug 12, 2026",Not Installed,True
Brindlee Fire Services*,Central AZ Station 857 Admin,Windows Workstation,DESKTOP-S88CESP,"Aug 18, 2026","Failed, Not Installed",True
Brindlee Fire Services*,Central AZ Station 857 Admin,Windows Laptop,RMF-5CG1335T2M,"Aug 12, 2026",Not Installed,True
Brindlee Fire Services*,Central AZ Station 857 Admin,Windows Laptop,RMF-5CG4500808,"Aug 17, 2026",Not Installed,True
Brindlee Fire Services*,Central AZ Station 857 Admin,Windows Laptop,RMF-5CG45008J5,"Aug 17, 2026",Not Installed,True
Brindlee Fire Services*,Central AZ Station 857 Admin,Windows Laptop,RMF-5CG9517M2Z,"Aug 17, 2026",Not Installed,True
Brindlee Fire Services*,Central AZ Station 857 Admin,Windows Laptop,RMF-D3RMN94,"Aug 17, 2026",Not Installed,True
Brindlee Fire Services*,Central AZ Station 857 Admin,Windows Laptop,RMF-DT-5CG2087N,"Aug 16, 2026",Not Installed,True
Brindlee Fire Services*,Central AZ Station 857 Admin,Windows Workstation,RMF-DT-5R80X74,"Aug 18, 2026",Not Installed,True
Brindlee Fire Services*,Central AZ Station 857 Admin,Windows Workstation,RMF-DT-HWC0X74,"Aug 18, 2026",Not Installed,True
Brindlee Fire Services*,Central AZ Station 859,Windows Workstation,RMF-DT-1VC0X74,"Aug 18, 2026",Not Installed,True
Brindlee Fire Services*,Central AZ Station 859,Windows Workstation,RMF-DT-9TC0X74,"Aug 18, 2026",Not Installed,True
Brindlee Fire Services*,Grants Pass Admin,Windows Laptop,RMF-31G0R74,"Aug 17, 2026",Not Installed,True
Brindlee Fire Services*,Grants Pass Admin,Windows Workstation,RMF-DT-1P80X74,"Aug 18, 2026",Not Installed,True
Brindlee Fire Services*,Grants Pass Admin,Windows Workstation,RMF-DT-2L50X74,"Aug 17, 2026",Not Installed,True
Brindlee Fire Services*,Grants Pass Admin,Windows Workstation,RMF-DT-4K50X74,"Jul 28, 2026",Not Installed,True
Brindlee Fire Services*,Grants Pass Admin,Windows Workstation,RMF-DT-6YC0X74,"Jul 22, 2026",Not Installed,True
Brindlee Fire Services*,Grants Pass Admin,Windows Workstation,RMF-DT-FP80X74,"Aug 17, 2026",Not Installed,True
Brindlee Fire Services*,Grants Pass Admin,Windows Workstation,RMF-DT-JK80X74,"Aug 17, 2026",Not Installed,True
Brindlee Fire Services*,Grants Pass Fleet,Windows Laptop,RMF-LT-5CG016DX,"Jun 11, 2025",Not Installed,True
Brindlee Fire Services*,Grants Pass Station 1,Windows Workstation,RMF-DT-HN80X74,"Aug 17, 2026",Not Installed,True
Brindlee Fire Services*,Grants Pass Station 1,Windows Laptop,RMF-LT-5CG05137,"Aug 18, 2026",Not Installed,True
Brindlee Fire Services*,Grants Pass Station 2,Windows Workstation,RMF-DT-GQ80X74,"Aug 17, 2026",Not Installed,True
Brindlee Fire Services*,Grants Pass Station 2,Windows Workstation,RMF-DT-JSC0X74,"Aug 17, 2026",Not Installed,True
Brindlee Fire Services*,Grants Pass Station 4,Windows Workstation,RMF-DT-DSC0X74,"Aug 17, 2026",Not Installed,True
Brindlee Fire Services*,Grants Pass Station 5,Windows Workstation,RMF-DT-3ZC0X74,"Aug 17, 2026",Not Installed,True
Brindlee Fire Services*,Grants Pass Station 5,Windows Laptop,RMF-LT-5CC8234J,"Aug 17, 2026",Not Installed,True
Brindlee Fire Services*,Knoxville Station 10,Windows Workstation,RMF-DT-2K21X74,"Jun 19, 2026",Not Installed,True
Brindlee Fire Services*,Knoxville Station 15,Windows Workstation,RMF-DT-D4RYW74,"Aug 18, 2026",Not Installed,True
Brindlee Fire Services*,Knoxville Station 15,Windows Workstation,RMF-DT-JZZ0X74,"Aug 17, 2026",Not Installed,True
Brindlee Fire Services*,Knoxville Station 17,Windows Workstation,RMF-DT-BS11X74,"Aug 17, 2026",Not Installed,True
Brindlee Fire Services*,Knoxville Station 25,Windows Workstation,RMF-DT-CWR0X74,"Aug 17, 2026",Not Installed,True
Brindlee Fire Services*,Knoxville Station 27,Windows Laptop,RMF-5CG0422T9B,"Aug 17, 2026",Not Installed,True
Brindlee Fire Services*,Knoxville Station 27,Windows Laptop,RMF-5CGO422S5P,"Aug 18, 2026",Not Installed,True
Brindlee Fire Services*,Knoxville Station 27,Windows Laptop,RMF-5CGO422SCD,"Aug 18, 2026",Not Installed,True
Brindlee Fire Services*,Knoxville Station 27,Windows Workstation,RMF-DT-3VXY74,"Aug 18, 2026",Not Installed,True
Brindlee Fire Services*,Knoxville Station 27,Windows Workstation,RMF-DT-FHVYW74,"Jul 12, 2026","Failed, Not Installed",True
Brindlee Fire Services*,Knoxville Station 28,Windows Workstation,RMF-DT-CTR0X74,"Aug 18, 2026",Not Installed,True
Brindlee Fire Services*,Knoxville Station 30,Windows Workstation,RMF-DT-9K53X74,"Aug 18, 2026",Not Installed,True
Brindlee Fire Services*,Knoxville Station 31,Windows Workstation,RMF-DT-HK53X74,"Aug 14, 2026",Not Installed,True
Brindlee Fire Services*,Knoxville Station 33,Windows Workstation,RMF-MXL05231T9,"Aug 18, 2026",Not Installed,True
Brindlee Fire Services*,Knoxville Station 34,Windows Workstation,RMF-DT-5M53X74,"Aug 17, 2026",Not Installed,True
Brindlee Fire Services*,Knoxville Station 36,Windows Laptop,RMF-2MQ4150CN5,"Aug 17, 2026",Not Installed,True
Brindlee Fire Services*,Knoxville Station 41 | Admin,Windows Workstation,DESKTOP-25BE5H9,"Aug 15, 2026",Not Installed,True
Brindlee Fire Services*,Knoxville Station 41 | Admin,Windows Workstation,DESKTOP-6EEE043,"Jul 13, 2026",Not Installed,True
Brindlee Fire Services*,Knoxville Station 41 | Admin,Windows Workstation,DESKTOP-7HJVFHG,"Jun 15, 2026",Not Installed,True
Brindlee Fire Services*,Knoxville Station 41 | Admin,Windows Workstation,DESKTOP-7P4NH67,"Aug 17, 2026",Not Installed,True
Brindlee Fire Services*,Knoxville Station 41 | Admin,Windows Workstation,DESKTOP-DKF17CA,"Jul 06, 2026","Failed, Not Installed",True
Brindlee Fire Services*,Knoxville Station 41 | Admin,Windows Laptop,RMF-2MQ4150D4T,"Aug 18, 2026",Not Installed,True
Brindlee Fire Services*,Knoxville Station 41 | Admin,Windows Laptop,RMF-73G0R74,"Aug 18, 2026",Not Installed,True
Brindlee Fire Services*,Knoxville Station 41 | Admin,Windows Laptop,RMF-8S1VQ74,"Aug 17, 2026",Not Installed,True
Brindlee Fire Services*,Knoxville Station 41 | Admin,Windows Laptop,RMF-8TN6N64,"Aug 14, 2026",Not Installed,True
Brindlee Fire Services*,Knoxville Station 41 | Admin,Windows Laptop,RMF-DSKVQ74,"Aug 17, 2026",Not Installed,True
Brindlee Fire Services*,Knoxville Station 41 | Admin,Windows Workstation,RMF-DT-B5Z0X74,"Aug 18, 2026",Not Installed,True
Brindlee Fire Services*,Knoxville Station 41 | Admin,Windows Workstation,RMF-DT-HTR0X74,"Aug 17, 2026","Failed, Not Installed",True
Brindlee Fire Services*,Knoxville Station 42,Windows Workstation,RMF-DT-7DHZW74,"Aug 18, 2026",Not Installed,True
Brindlee Fire Services*,Knoxville Station 44,Windows Workstation,RMF-DT-JYZ0X74,"Aug 18, 2026",Not Installed,True
Brindlee Fire Services*,PIMA Admin | Fleet,Windows Workstation,DESKTOP-1P15FPO,"Aug 17, 2026",Not Installed,True
Brindlee Fire Services*,PIMA Admin | Fleet,Windows Workstation,DESKTOP-4AOL3UA,"Aug 18, 2026",Not Installed,True
Brindlee Fire Services*,PIMA Admin | Fleet,Windows Workstation,DESKTOP-4QVPPT2,"Aug 15, 2026",Not Installed,True
Brindlee Fire Services*,PIMA Admin | Fleet,Windows Laptop,DESKTOP-78BDG3L,"Aug 16, 2026","Failed, Not Installed",True
Brindlee Fire Services*,PIMA Admin | Fleet,Windows Workstation,DESKTOP-83VEQTG,"Aug 15, 2026",Not Installed,True
Brindlee Fire Services*,PIMA Admin | Fleet,Windows Laptop,DESKTOP-A5G9KE9,"Jan 12, 2026","Failed, Not Installed",True
Brindlee Fire Services*,PIMA Admin | Fleet,Windows Laptop,DESKTOP-A81VMHV,"Aug 18, 2026",Not Installed,True
Brindlee Fire Services*,PIMA Admin | Fleet,Windows Workstation,DESKTOP-AMRANCM,"Aug 13, 2026",Not Installed,True
Brindlee Fire Services*,PIMA Admin | Fleet,Windows Laptop,DESKTOP-ATC99P9,"Aug 18, 2026",Not Installed,True
Brindlee Fire Services*,PIMA Admin | Fleet,Windows Laptop,DESKTOP-BP5HD0E,"Aug 18, 2026",Not Installed,True
Brindlee Fire Services*,PIMA Admin | Fleet,Windows Workstation,DESKTOP-FTHSED0,"Apr 22, 2026",Failed,True
Brindlee Fire Services*,PIMA Admin | Fleet,Windows Workstation,DESKTOP-FU1AB3H,"Mar 20, 2026",Not Installed,True
Brindlee Fire Services*,PIMA Admin | Fleet,Windows Laptop,DESKTOP-HSB4NKI,"Aug 18, 2026",Not Installed,True
Brindlee Fire Services*,PIMA Admin | Fleet,Windows Workstation,DESKTOP-NQFMEK1,"Jun 29, 2026",Not Installed,True
Brindlee Fire Services*,PIMA Admin | Fleet,Windows Workstation,DESKTOP-O01CG9Q,"May 07, 2026",Failed,True
Brindlee Fire Services*,PIMA Admin | Fleet,Windows Workstation,DESKTOP-OAF13QT,"Aug 14, 2026",Not Installed,True
Brindlee Fire Services*,PIMA Admin | Fleet,Windows Workstation,DESKTOP-QINBBJ3,"Jun 13, 2026",Not Installed,True
Brindlee Fire Services*,PIMA Admin | Fleet,Windows Laptop,RMF-12MLN94,"Aug 17, 2026",Not Installed,True
Brindlee Fire Services*,PIMA Admin | Fleet,Windows Laptop,RMF-3P40R74,"Aug 12, 2026",Not Installed,True
Brindlee Fire Services*,PIMA Admin | Fleet,Windows Laptop,RMF-4R61R74,"Aug 18, 2026",Not Installed,True
Brindlee Fire Services*,PIMA Admin | Fleet,Windows Laptop,RMF-4TT3N74,"Jul 30, 2026",Not Installed,True
Brindlee Fire Services*,PIMA Admin | Fleet,Windows Laptop,RMF-5CDVQ74,"Aug 17, 2026",Not Installed,True
Brindlee Fire Services*,PIMA Admin | Fleet,Windows Laptop,RMF-5CG04795SZ,"Aug 18, 2026",Not Installed,True
Brindlee Fire Services*,PIMA Admin | Fleet,Windows Workstation,RMF-8CG7481WP9,"Aug 18, 2026",Not Installed,True
Brindlee Fire Services*,PIMA Admin | Fleet,Windows Laptop,RMF-9SS0R74,"Aug 10, 2026",Not Installed,True
Brindlee Fire Services*,PIMA Admin | Fleet,Windows Laptop,RMF-B046N74,"Aug 17, 2026",Not Installed,True
Brindlee Fire Services*,PIMA Admin | Fleet,Windows Workstation,RMF-DT-6P80X74,"Aug 17, 2026",Not Installed,True
Brindlee Fire Services*,PIMA Admin | Fleet,Windows Workstation,RMF-DT-CZC0X74,"Aug 16, 2026",Not Installed,True
Brindlee Fire Services*,PIMA Admin | Fleet,Windows Laptop,RMF-DWC1R74,"Aug 14, 2026",Not Installed,True
Brindlee Fire Services*,PIMA Admin | Fleet,Windows Laptop,RMF-FRKVQ74,"Aug 18, 2026",Not Installed,True
Brindlee Fire Services*,PIMA Admin | Fleet,Windows Workstation,RMF-MXL15146LT,"Aug 17, 2026",Not Installed,True
Brindlee Fire Services*,PIMA Station 71,Windows Workstation,RMF-DT-9UFUQ93,"Aug 18, 2026",Not Installed,True
Brindlee Fire Services*,PIMA Station 71,Windows Workstation,RMF-DT-GN8oX74,"Aug 17, 2026",Not Installed,True
Brindlee Fire Services*,PIMA Station 71,Windows Workstation,RMF-DT-J9F6XB4,"Aug 17, 2026",Not Installed,True
Brindlee Fire Services*,PIMA Station 71,Windows Workstation,RMF-mxl0522lms,"Aug 17, 2026",Not Installed,True
Brindlee Fire Services*,PIMA Station 72,Windows Workstation,RMF-DT-2YC0X74,"Aug 18, 2026",Not Installed,True
Brindlee Fire Services*,PIMA Station 72,Windows Workstation,RMF-DT-FN80X74,"Aug 17, 2026",Not Installed,True
Brindlee Fire Services*,PIMA Station 73,Windows Workstation,RMF-DT-CTC0X74,"Aug 17, 2026",Not Installed,True
Brindlee Fire Services*,PIMA Station 73,Windows Workstation,RMF-DT-DN8X74,"Aug 18, 2026",Not Installed,True
Brindlee Fire Services*,PIMA Station 74,Windows Workstation,RMF-DT-2XC0X74,"Aug 18, 2026",Not Installed,True
Brindlee Fire Services*,PIMA Station 80,Windows Workstation,RMF-DT-FVC0X74,"Aug 18, 2026",Not Installed,True
Brindlee Fire Services*,PIMA Trng Office,Windows Workstation,RMF-DT-8R80X74,"Aug 17, 2026",Not Installed,True
Brindlee Fire Services*,Specialty - BASF McIntosh,Windows Laptop,RMF-BDGRM74,"Aug 17, 2026",Not Installed,True
Brindlee Fire Services*,Specialty - BASF McIntosh,Windows Workstation,RMF-DT-89F6XB4,"Aug 08, 2026","Failed, Not Installed",True
Brindlee Fire Services*,Specialty - Bismarck Airport,Windows Workstation,RMF-DT-B9F6XB4,"Aug 17, 2026",Not Installed,True
Brindlee Fire Services*,Specialty - Bismarck Airport,Windows Laptop,RMF-J1G0R74,"Jul 30, 2026",Not Installed,True
Brindlee Fire Services*,Specialty - Citgo Petroleum LCMC,Windows Workstation,DESKTOP-K777HMG,"Jul 02, 2026",Not Installed,True
Brindlee Fire Services*,Specialty - Citgo Petroleum LCMC,Windows Workstation,RMF-DT-1BF6XB4,"Aug 17, 2026",Not Installed,True
Brindlee Fire Services*,Specialty - Citgo Petroleum LCMC,Windows Workstation,RMF-DT-F9F6XB4,"Aug 17, 2026",Not Installed,True
Brindlee Fire Services*,Specialty - Des Moines International Airport,Windows Workstation,RMF-DT-C9F6XB4,"Aug 17, 2026",Not Installed,True
Brindlee Fire Services*,Specialty - Des Moines International Airport,Windows Workstation,RMF-DT-G9F6XB4,"Aug 18, 2026",Not Installed,True
Brindlee Fire Services*,Specialty - FedEx World Headquarters,Windows Laptop,RMF-8CGM74,"Aug 13, 2026",Not Installed,True
Brindlee Fire Services*,Specialty - John Glenn International Airport,Windows Workstation,DESKTOP-50BVTI1,"Aug 17, 2026",Failed,True
Brindlee Fire Services*,Specialty - John Glenn International Airport,Windows Laptop,RMF-5CG450078V,"Aug 05, 2026",Not Installed,True
Brindlee Fire Services*,Specialty - John Glenn International Airport,Windows Workstation,RMF-MXL0522R49,"Aug 18, 2026",Not Installed,True
Brindlee Fire Services*,Specialty - Lafayette Regional Airport,Windows Laptop,RMF-1X40R74,"Aug 17, 2026",Not Installed,True
Brindlee Fire Services*,Specialty - Lafayette Regional Airport,Windows Laptop,RMF-5CG00300JY,"Aug 18, 2026",Not Installed,True
Brindlee Fire Services*,Specialty - Lafayette Regional Airport,Windows Workstation,RMF-DT-59F6XB4,"Aug 17, 2026",Not Installed,True
Brindlee Fire Services*,Specialty - Morristown Municipal Airport,Windows Workstation,DESKTOP-5PVB6TB,"May 12, 2026",Not Installed,True
Brindlee Fire Services*,Specialty - Morristown Municipal Airport,Windows Workstation,RMF-DT-29F6XB4,"Aug 18, 2026",Not Installed,True
Brindlee Fire Services*,Specialty - Morristown Municipal Airport,Windows Workstation,RMF-DT-2BF6XB4,"Aug 18, 2026",Not Installed,True
Brindlee Fire Services*,Specialty - Morristown Municipal Airport,Windows Laptop,RMF-J0RVQ74,"Aug 17, 2026",Not Installed,True
Brindlee Fire Services*,Specialty - Sikorsky Aircraft,Windows Workstation,DESKTOP-KLF9IBO,"Aug 08, 2026",Not Installed,True
Brindlee Fire Services*,Specialty - Sikorsky Aircraft,Windows Workstation,RMF-DT-4BF6XB4,"Aug 18, 2026",Not Installed,True
Brindlee Fire Services*,Specialty - Station 91 (Shell Technology Center),Windows Laptop,RMF-J8GRM74,"Aug 17, 2026",Not Installed,True
Brindlee Fire Services*,Specialty - Syracuse Hancock International Airport,Windows Laptop,RMF-5CG9252VHW,"Jul 11, 2026",Not Installed,True
Brindlee Fire Services*,Specialty - Syracuse Hancock International Airport,Windows Laptop,RMF-GDS0R74,"Jun 18, 2026",Not Installed,True
Brindlee Fire Services*,"Specialty - Volkswagen Group of America (Chattanooga, TN)",Windows Laptop,RMF-SUR-UB64F29V,"May 31, 2026",Not Installed,True
Brindlee Fire Services*,"Specialty - Volkswagen Group of America (Maricopa, AZ)",Windows Laptop,RMF-GTHDDB3,"Jul 23, 2026",Not Installed,True
Brindlee Fire Services*,"YUMA Station 2 (Yuma, AZ)",Windows Workstation,DT_7BFKK74,"Aug 18, 2026",Not Installed,True
Brindlee Fire Services*,YUMA Station 3 Fleet,Windows Laptop,DESKTOP-A6N07KR,"Aug 18, 2026",Not Installed,True
Brindlee Fire Services*,"YUMA Station 5 (Yuma, AZ)",Windows Workstation,DT_H5BKK74,"Aug 18, 2026",Not Installed,True
Brindlee Fire Services*,Yuma Admin,Windows Workstation,DESKTOP-3O0VCO2,"Aug 16, 2026","Failed, Not Installed",True
Brindlee Fire Services*,Yuma Admin,Windows Laptop,DESKTOP-EUBQI6P,"Aug 17, 2026",Not Installed,True
Brindlee Fire Services*,Yuma Admin,Windows Workstation,DESKTOP-G3S3LQS,"Jul 13, 2026","Failed, Not Installed",True
Brindlee Fire Services*,Yuma Admin,Windows Workstation,DESKTOP-JTCTEI8,"Jul 05, 2026",Not Installed,True
Brindlee Fire Services*,Yuma Admin,Windows Workstation,DESKTOP-MQE38MK,"Jul 13, 2026",Not Installed,True
Brindlee Fire Services*,Yuma Admin,Windows Workstation,DESKTOP-OPJU1U6,"Aug 17, 2026",Not Installed,True
Brindlee Fire Services*,Yuma Admin,Windows Workstation,DESKTOP-RLV8OFE,"Aug 14, 2026",Not Installed,True
Brindlee Fire Services*,Yuma Admin,Windows Workstation,DESKTOP-UHFLANJ,"Aug 17, 2026",Not Installed,True
Brindlee Fire Services*,Yuma Admin,Windows Laptop,Laptop-5CTTA67795,"Aug 18, 2026",Not Installed,True
Brindlee Fire Services*,Yuma Admin,Windows Laptop,Laptop-5CTTA67866,"Aug 18, 2026",Not Installed,True
Brindlee Fire Services*,Yuma Admin,Windows Laptop,RMF-18M0R74,"Aug 18, 2026",Not Installed,True
Brindlee Fire Services*,Yuma Admin,Windows Laptop,RMF-53283761453,"Aug 18, 2026",Not Installed,True
Brindlee Fire Services*,Yuma Admin,Windows Laptop,RMF-5CG016DX6D,"Jul 14, 2026",Not Installed,True
Brindlee Fire Services*,Yuma Admin,Windows Laptop,RMF-5CG2087P17,"Aug 18, 2026",Not Installed,True
Brindlee Fire Services*,Yuma Admin,Windows Laptop,RMF-5CG918435V,"Mar 06, 2026",Not Installed,True
Brindlee Fire Services*,Yuma Admin,Windows Laptop,RMF-6VG1R74,"Aug 17, 2026",Not Installed,True
Brindlee Fire Services*,Yuma Admin,Windows Laptop,RMF-6YF0R74,"Aug 17, 2026",Not Installed,True
Brindlee Fire Services*,Yuma Admin,Windows Laptop,RMF-857VQ74,"Aug 18, 2026",Not Installed,True
Brindlee Fire Services*,Yuma Admin,Windows Laptop,RMF-86W0R74,"Aug 18, 2026",Not Installed,True
Brindlee Fire Services*,Yuma Admin,Windows Laptop,RMF-88K1R74,"Aug 18, 2026","Failed, Not Installed",True
Brindlee Fire Services*,Yuma Admin,Windows Laptop,RMF-8J9SM53,"Aug 17, 2026",Not Installed,True
Brindlee Fire Services*,Yuma Admin,Windows Laptop,RMF-B9DVQ74,"Aug 18, 2026",Not Installed,True
Brindlee Fire Services*,Yuma Admin,Windows Laptop,RMF-CRS0R74,"Apr 13, 2026",Not Installed,True
Brindlee Fire Services*,Yuma Admin,Windows Workstation,RMF-DT-3Z2WNX2,"Aug 18, 2026",Not Installed,True
Brindlee Fire Services*,Yuma Admin,Windows Laptop,RMF-GRS0R74,"Aug 18, 2026",Not Installed,True
Brindlee Fire Services*,Yuma Admin,Windows Laptop,RMF-GX31R74,"Aug 17, 2026",Not Installed,True
Brindlee Fire Services*,Yuma Admin,Windows Laptop,RMF-JHYXN94,"Aug 17, 2026",Not Installed,True
Brindlee Fire Services*,Yuma Admin,Windows Workstation,RMF_H2BKK74,"Aug 18, 2026",Not Installed,True
Brindlee Fire Services*,Yuma Admin,Windows Laptop,RMI-BPT6N64,"Aug 18, 2026",Not Installed,True
Cabot Wealth Network,No Site,Windows Laptop,Brad_Cabot,"Aug 17, 2026",Not Installed,True
Cabot Wealth Network,No Site,Windows Laptop,DESKTOP-SCTVFKB,"Aug 17, 2026",Not Installed,True
Castles Tech,No Site,Windows Laptop,Andy-Castles,"Aug 17, 2026",Not Installed,True
Castles Tech,No Site,Windows Laptop,CAS-118811206,"Aug 18, 2026",Not Installed,True
Castles Tech,No Site,Windows Laptop,CAS118811133,"Jul 06, 2026",Not Installed,True
Castles Tech,No Site,Windows Laptop,CAS118811148,"Jul 22, 2026",Not Installed,True
Castles Tech,No Site,Windows Laptop,CAS118811199,"Aug 17, 2026",Not Installed,True
Castles Tech,No Site,Windows Laptop,CAS118811200-BW,"Aug 18, 2026",Not Installed,True
Castles Tech,No Site,Windows Laptop,CAS118811223,"Aug 18, 2026",Not Installed,True
Castles Tech,No Site,Windows Workstation,CAS118811262,"Aug 17, 2026",Not Installed,True
Castles Tech,No Site,Windows Laptop,CAS118811264,"Aug 18, 2026",Not Installed,True
Castles Tech,No Site,Windows Laptop,CAS118811269,"Aug 18, 2026",Not Installed,True
Castles Tech,No Site,Windows Laptop,CAS118811273,"Aug 17, 2026",Not Installed,True
Castles Tech,No Site,Windows Laptop,CAS118811275,"Aug 18, 2026",Not Installed,True
Castles Tech,No Site,Windows Laptop,CAS118811289,"Aug 18, 2026",Not Installed,True
Castles Tech,No Site,Windows Workstation,CAS118811290,"Aug 18, 2026",Not Installed,True
Castles Tech,No Site,Windows Laptop,CAS118811300,"Aug 18, 2026",Not Installed,True
Castles Tech,No Site,Windows Laptop,CASUSAJBLACK,"Aug 18, 2026",Not Installed,True
Castles Tech,No Site,Windows Laptop,CAS_Dan_Stanley,"Aug 17, 2026",Not Installed,True
Castles Tech,No Site,Windows Laptop,CT-LT-8Z6DR44,"Aug 18, 2026",Not Installed,True
Castles Tech,No Site,Windows Laptop,CT-LT-PW0DRAEJ,"Aug 17, 2026",Not Installed,True
Castles Tech,No Site,Windows Laptop,Cas118811115,"Aug 18, 2026",Not Installed,True
Castles Tech,No Site,Windows Laptop,Cas118811125,"Aug 18, 2026",Not Installed,True
Castles Tech,No Site,Windows Laptop,Cas118811127,"Aug 18, 2026",Not Installed,True
Castles Tech,No Site,Windows Laptop,Cas118811140,"Jul 14, 2026",Not Installed,True
Castles Tech,No Site,Windows Laptop,Cas118811151,"Aug 14, 2026",Not Installed,True
Castles Tech,No Site,Windows Laptop,Cas118811178,"Aug 18, 2026",Not Installed,True
Castles Tech,No Site,Windows Laptop,Cas118811180,"Aug 18, 2026",Not Installed,True
Castles Tech,No Site,Windows Laptop,Cas118811191,"Aug 18, 2026",Not Installed,True
Castles Tech,No Site,Windows Laptop,Cas118811197,"Aug 17, 2026",Not Installed,True
Castles Tech,No Site,Windows Laptop,Cas118811201,"Aug 18, 2026",Not Installed,True
Castles Tech,No Site,Windows Laptop,Cas118811204,"Aug 18, 2026",Not Installed,True
Castles Tech,No Site,Windows Laptop,Cas118811209,"Aug 18, 2026",Not Installed,True
Castles Tech,No Site,Windows Laptop,Cas118811215,"Aug 18, 2026",Not Installed,True
Castles Tech,No Site,Windows Laptop,Cas118811217,"Aug 17, 2026",Not Installed,True
Castles Tech,No Site,Windows Laptop,Cas118811224,"May 27, 2026",Not Installed,True
Castles Tech,No Site,Windows Laptop,Cas118811230,"Aug 17, 2026",Not Installed,True
Castles Tech,No Site,Windows Laptop,Castles118811195,"Aug 18, 2026",Not Installed,True
Castles Tech,No Site,Windows Laptop,Castles2022,"Aug 18, 2026",Not Installed,True
Castles Tech,No Site,Windows Laptop,DESKTOP-DNGCSL3,"Aug 17, 2026",Not Installed,True
Castles Tech,No Site,Windows Laptop,DESKTOP-K73NO8P,"Aug 18, 2026",Not Installed,True
Castles Tech,No Site,Windows Laptop,DESKTOP-KT5T4J7,"Aug 17, 2026",Not Installed,True
Castles Tech,No Site,Windows Laptop,DESKTOP-UNC31D5,"Aug 17, 2026",Not Installed,True
Castles Tech,No Site,Windows Laptop,IsacJahn,"Aug 17, 2026",Not Installed,True
Castles Tech,No Site,Windows Laptop,LAPTOP-7UOTNHO0,"Aug 17, 2026",Not Installed,True
Castles Tech,No Site,Windows Laptop,LAPTOP-UJPE07V7,"Aug 18, 2026",Not Installed,True
Castles Tech,No Site,Windows Laptop,TCAS118811137,"Jul 01, 2026",Not Installed,True
Consumer Collection Management,No Site,Windows Laptop,AmyLaptop,"Aug 17, 2026",Not Installed,True
Consumer Collection Management,No Site,Windows Workstation,CCM09,"Apr 30, 2026",Not Installed,True
Consumer Collection Management,No Site,Windows Workstation,CCM15,"Jul 27, 2026",Not Installed,True
Consumer Collection Management,No Site,Windows Workstation,CCM17,"Jul 22, 2026",Failed,True
Consumer Collection Management,No Site,Windows Workstation,CCM27,"Jun 24, 2026",Failed,True
Consumer Collection Management,No Site,Windows Workstation,CF-RAKII-2,"Aug 18, 2026",Failed,True
Consumer Collection Management,No Site,Windows Workstation,Clerical-02,"Aug 18, 2026",Not Installed,True
Consumer Collection Management,No Site,Windows Workstation,Collector21,"Aug 17, 2026",Not Installed,True
Consumer Collection Management,No Site,Windows Workstation,Collector22,"Aug 18, 2026",Not Installed,True
Consumer Collection Management,No Site,Windows Laptop,D-6J1P3Z2,"Jul 31, 2026",Not Installed,True
Consumer Collection Management,No Site,Windows Workstation,DD3JVF02,"Aug 18, 2026",Not Installed,True
Consumer Collection Management,No Site,Windows Workstation,EmilyToddHome,"Jul 06, 2026",Not Installed,True
Consumer Collection Management,No Site,Windows Workstation,HELENPC,"Aug 18, 2026",Failed,True
Consumer Collection Management,No Site,Windows Laptop,HPLaptop,"Aug 18, 2026",Not Installed,True
Consumer Collection Management,No Site,Windows Laptop,KristinScott,"Aug 17, 2026",Not Installed,True
Consumer Collection Management,No Site,Windows Laptop,RicksLaptop0526,"May 07, 2026",Not Installed,True
Consumer Collection Management,No Site,Windows Laptop,TimOwensLaptop,"Aug 18, 2026",Not Installed,True
Division 9 Commercial Inc Construction,No Site,Windows Laptop,Div-9-Field,"Aug 17, 2026",Not Installed,True
Division 9 Commercial Inc Construction,No Site,Windows Laptop,Div9-Field5,"Aug 17, 2026",Not Installed,True
Division 9 Commercial Inc Construction,No Site,Windows Laptop,Div9-PC2,"Aug 18, 2026",Not Installed,True
Division 9 Commercial Inc Construction,No Site,Windows Laptop,Div9-PC5,"Aug 18, 2026",Not Installed,True
Division 9 Commercial Inc Construction,No Site,Windows Laptop,Div9Field,"Aug 11, 2026",Not Installed,True
Division 9 Commercial Inc Construction,No Site,Windows Laptop,Div_9_Field,"Aug 10, 2026",Not Installed,True
Division 9 Commercial Inc Construction,No Site,Windows Laptop,ProjectManager1,"Aug 18, 2026",Not Installed,True
Division 9 Commercial Inc Construction,No Site,Windows Laptop,SPMUSER1,"Aug 12, 2026",Not Installed,True
Division 9 Commercial Inc Construction,No Site,Windows Laptop,Tom-Travel,"Aug 16, 2026",Not Installed,True
D’Huyvetter & Swichkow,D’Huyvetter & Swichkow (AV and Patch only),Windows Workstation,RonOptiplex9020,"Jul 24, 2026","Failed, Not Installed",True
D’Huyvetter & Swichkow,No Site,Windows Workstation,DSPC006,"Aug 18, 2026",Not Installed,True
D’Huyvetter & Swichkow,No Site,Windows Workstation,dspc003,"Aug 18, 2026",Not Installed,True
EB Medicine,No Site,Windows Laptop,EBM-017,"Aug 18, 2026",Not Installed,True
Eagle Parking (Atlanta) - HQ - Tellworks,No Site,Windows Laptop,5CG3247PQY,"Aug 18, 2026",Not Installed,True
Eagle Parking (Atlanta) - HQ - Tellworks,No Site,Windows Laptop,CND2400QS3,"Aug 18, 2026",Not Installed,True
Fluid Control Services,No Site,Windows Workstation,FCS-DT-Brooke,"Aug 18, 2026",Not Installed,True
Fluid Control Services,No Site,Windows Workstation,FCS-DT-Myra,"Aug 18, 2026",Not Installed,True
Fluid Control Services,No Site,Windows Workstation,FCS-DT-Rachel,"Aug 18, 2026",Not Installed,True
Fluid Control Services,No Site,Windows Workstation,LEIGH-2022,"Aug 18, 2026",Not Installed,True
"Galt Pharmaceuticals, LLC.",No Site,Windows Laptop,DESKTOP-7KOL3KE,"Apr 09, 2026",Not Installed,True
"Galt Pharmaceuticals, LLC.",No Site,Windows Laptop,LT-ACFRY,"Aug 18, 2026",Not Installed,True
"Galt Pharmaceuticals, LLC.",No Site,Windows Laptop,LT-ADILWORTH,"Aug 17, 2026",Not Installed,True
"Galt Pharmaceuticals, LLC.",No Site,Windows Laptop,LT-AHARRELL,"Aug 18, 2026",Not Installed,True
"Galt Pharmaceuticals, LLC.",No Site,Windows Laptop,LT-AWINN,"Aug 18, 2026",Not Installed,True
"Galt Pharmaceuticals, LLC.",No Site,Windows Laptop,LT-BPATEL,"Aug 17, 2026",Not Installed,True
"Galt Pharmaceuticals, LLC.",No Site,Windows Laptop,LT-BRIANIMPERIA,"Aug 18, 2026",Not Installed,True
"Galt Pharmaceuticals, LLC.",No Site,Windows Laptop,LT-CSWANSON,"Aug 12, 2026",Not Installed,True
"Galt Pharmaceuticals, LLC.",No Site,Windows Laptop,LT-CTIEU,"Aug 18, 2026",Not Installed,True
"Galt Pharmaceuticals, LLC.",No Site,Windows Laptop,LT-DCROXTON,"Aug 12, 2026",Not Installed,True
"Galt Pharmaceuticals, LLC.",No Site,Windows Laptop,LT-JFANNING,"Aug 18, 2026",Not Installed,True
"Galt Pharmaceuticals, LLC.",No Site,Windows Laptop,LT-KMCCOY,"Aug 18, 2026",Not Installed,True
"Galt Pharmaceuticals, LLC.",No Site,Windows Laptop,LT-LANDERSON,"Aug 18, 2026",Not Installed,True
"Galt Pharmaceuticals, LLC.",No Site,Windows Laptop,LT-LROBERTS,"Aug 10, 2026",Not Installed,True
"Galt Pharmaceuticals, LLC.",No Site,Windows Laptop,LT-MHARLEY,"Aug 18, 2026",Not Installed,True
"Galt Pharmaceuticals, LLC.",No Site,Windows Laptop,LT-MLICCIARDELL,"Aug 18, 2026",Not Installed,True
"Galt Pharmaceuticals, LLC.",No Site,Windows Laptop,LT-MMANSOUR,"Jul 29, 2026",Not Installed,True
"Galt Pharmaceuticals, LLC.",No Site,Windows Laptop,LT-MRAMDASS,"Aug 18, 2026",Not Installed,True
"Galt Pharmaceuticals, LLC.",No Site,Windows Laptop,LT-PRAMANI,"Aug 17, 2026",Not Installed,True
"Galt Pharmaceuticals, LLC.",No Site,Windows Laptop,LT-RROSE,"Aug 18, 2026",Not Installed,True
"Galt Pharmaceuticals, LLC.",No Site,Windows Laptop,LT-SJANIS,"Aug 18, 2026",Not Installed,True
"Galt Pharmaceuticals, LLC.",No Site,Windows Laptop,LT-SRICHARDS,"Aug 17, 2026",Not Installed,True
"Galt Pharmaceuticals, LLC.",No Site,Windows Laptop,LT-SVUTLA,"Aug 14, 2026",Not Installed,True
"Galt Pharmaceuticals, LLC.",No Site,Windows Laptop,LT-TBEDINGFIELD,"Aug 18, 2026",Not Installed,True
"Galt Pharmaceuticals, LLC.",No Site,Windows Laptop,LT-VPATEL,"Aug 13, 2026",Not Installed,True
General Wholesale*,General Wholesale Beer Company (1595),Windows Workstation,EFIFieryServer,"Aug 17, 2026",Not Installed,True
General Wholesale*,General Wholesale Beer Company (1595),Windows Workstation,GWC-DT-00210,"Aug 17, 2026",Not Installed,True
General Wholesale*,General Wholesale Beer Company (1595),Windows Workstation,GWC-DT-0360,"Aug 18, 2026",Not Installed,True
General Wholesale*,General Wholesale Beer Company (1595),Windows Workstation,GWC-DT-0374,"Aug 18, 2026",Not Installed,True
General Wholesale*,General Wholesale Beer Company (1595),Windows Workstation,GWC-DT-PNNT,"Jul 08, 2026",Not Installed,True
General Wholesale*,General Wholesale Beer Company (1595),Windows Laptop,GWC-LT-0042,"Aug 18, 2026","Failed, Not Installed",True
General Wholesale*,General Wholesale Beer Company (1595),Windows Laptop,GWC-LT-0048,"Aug 14, 2026",Not Installed,True
General Wholesale*,General Wholesale Beer Company (1595),Windows Laptop,GWC-LT-0051,"Aug 18, 2026",Not Installed,True
General Wholesale*,General Wholesale Beer Company (1595),Windows Laptop,GWC-LT-0052,"Aug 18, 2026",Not Installed,True
General Wholesale*,General Wholesale Beer Company (1595),Windows Laptop,GWC-LT-0054,"Jul 07, 2026",Not Installed,True
General Wholesale*,General Wholesale Beer Company (1595),Windows Laptop,GWC-LT-0064,"Aug 17, 2026",Not Installed,True
General Wholesale*,General Wholesale Beer Company (1595),Windows Laptop,GWC-LT-0078,"Aug 17, 2026",Not Installed,True
General Wholesale*,General Wholesale Beer Company (1595),Windows Laptop,GWC-LT-0087,"Aug 17, 2026",Not Installed,True
General Wholesale*,General Wholesale Beer Company (1595),Windows Laptop,GWC-LT-009,"Dec 08, 2025",Not Installed,True
General Wholesale*,General Wholesale Beer Company (1595),Windows Laptop,GWC-LT-8KD1,"Aug 05, 2026",Not Installed,True
General Wholesale*,General Wholesale Beer Company (1595),Windows Laptop,GWC-LT00035,"Apr 17, 2026",Not Installed,True
General Wholesale*,General Wholesale Beer Company (615) (HQ),Windows Workstation,GWC-DT-0284,"Aug 18, 2026",Not Installed,True
General Wholesale*,General Wholesale Beer Company (615) (HQ),Windows Workstation,GWC-DT-0294,"Aug 17, 2026",Not Installed,True
General Wholesale*,General Wholesale Beer Company (615) (HQ),Windows Workstation,GWC-DT-0299,"Aug 18, 2026",Not Installed,True
General Wholesale*,General Wholesale Beer Company (615) (HQ),Windows Workstation,GWC-DT-0376,"Aug 18, 2026",Not Installed,True
General Wholesale*,General Wholesale Beer Company (615) (HQ),Windows Workstation,GWC-DT-0377,"Aug 17, 2026",Not Installed,True
General Wholesale*,General Wholesale Beer Company (615) (HQ),Windows Workstation,GWC-DT-0394,"Aug 17, 2026",Not Installed,True
General Wholesale*,General Wholesale Beer Company (615) (HQ),Windows Workstation,GWC-DT-0398,"Aug 18, 2026",Not Installed,True
General Wholesale*,General Wholesale Beer Company (615) (HQ),Windows Workstation,GWC-DT-0403,"Aug 18, 2026",Not Installed,True
General Wholesale*,General Wholesale Beer Company (615) (HQ),Windows Workstation,GWC-DT-0410,"Aug 18, 2026",Not Installed,True
General Wholesale*,General Wholesale Beer Company (615) (HQ),Windows Workstation,GWC-DT-0421,"Aug 17, 2026",Not Installed,True
General Wholesale*,General Wholesale Beer Company (615) (HQ),Windows Workstation,GWC-DT-0428,"Aug 18, 2026",Not Installed,True
General Wholesale*,General Wholesale Beer Company (615) (HQ),Windows Workstation,GWC-DT-0429,"Aug 18, 2026",Not Installed,True
General Wholesale*,General Wholesale Beer Company (615) (HQ),Windows Workstation,GWC-DT-0441,"Aug 17, 2026",Not Installed,True
General Wholesale*,General Wholesale Beer Company (615) (HQ),Windows Workstation,GWC-DT-0443,"Aug 17, 2026",Not Installed,True
General Wholesale*,General Wholesale Beer Company (615) (HQ),Windows Workstation,GWC-DT-0447,"Aug 17, 2026",Not Installed,True
General Wholesale*,General Wholesale Beer Company (615) (HQ),Windows Workstation,GWC-DT-0448,"Jun 15, 2026",Not Installed,True
General Wholesale*,General Wholesale Beer Company (615) (HQ),Windows Workstation,GWC-DT-0449,"Aug 18, 2026",Not Installed,True
General Wholesale*,General Wholesale Beer Company (615) (HQ),Windows Workstation,GWC-DT-0453,"Aug 18, 2026",Not Installed,True
General Wholesale*,General Wholesale Beer Company (615) (HQ),Windows Workstation,GWC-DT-0454,"Mar 31, 2026",Not Installed,True
General Wholesale*,General Wholesale Beer Company (615) (HQ),Windows Workstation,GWC-DT-0458,"Aug 14, 2026",Not Installed,True
General Wholesale*,General Wholesale Beer Company (615) (HQ),Windows Workstation,GWC-DT-HYoung,"Aug 18, 2026",Not Installed,True
General Wholesale*,General Wholesale Beer Company (615) (HQ),Windows Workstation,GWC-DT00298,"Aug 18, 2026",Not Installed,True
General Wholesale*,General Wholesale Beer Company (615) (HQ),Windows Laptop,GWC-LT-0012,"Jul 27, 2026",Not Installed,True
General Wholesale*,General Wholesale Beer Company (615) (HQ),Windows Laptop,GWC-LT-0033,"Aug 14, 2026",Not Installed,True
General Wholesale*,General Wholesale Beer Company (615) (HQ),Windows Laptop,GWC-LT-0065,"Aug 18, 2026",Not Installed,True
General Wholesale*,General Wholesale Beer Company (615) (HQ),Windows Laptop,GWC-LT-0072,"Aug 09, 2026",Not Installed,True
General Wholesale*,General Wholesale Beer Company (615) (HQ),Windows Laptop,GWC-LT-0080,"Aug 18, 2026",Not Installed,True
General Wholesale*,General Wholesale Beer Company (615) (HQ),Windows Laptop,GWC-LT-0082,"Aug 17, 2026",Not Installed,True
General Wholesale*,General Wholesale Beer Company (615) (HQ),Windows Laptop,GWC-LT-0083,"Aug 18, 2026",Not Installed,True
General Wholesale*,General Wholesale Beer Company (615) (HQ),Windows Laptop,GWC-LT-0100,"Jul 01, 2026",Not Installed,True
General Wholesale*,General Wholesale Beer Company (615) (HQ),Windows Laptop,GWC-LT-8J9J,"Aug 17, 2026",Not Installed,True
General Wholesale*,General Wholesale Beer Company (Augusta),Windows Workstation,GWC-DT-0282,"Aug 18, 2026",Not Installed,True
General Wholesale*,General Wholesale Beer Company (Augusta),Windows Workstation,GWC-DT-278,"Aug 18, 2026",Not Installed,True
General Wholesale*,General Wholesale Beer Company (Augusta),Windows Workstation,GWC-DT-PNMV,"Aug 18, 2026",Not Installed,True
General Wholesale*,General Wholesale Beer Company (Augusta),Windows Laptop,GWC-LT-0099,"Aug 18, 2026",Not Installed,True
General Wholesale*,General Wholesale Company of SC (Spartanburg),Windows Workstation,GWC-DT-0303,"Aug 13, 2026",Not Installed,True
General Wholesale*,General Wholesale Company of SC (Spartanburg),Windows Workstation,GWC-DT-0416,"Aug 17, 2026",Not Installed,True
General Wholesale*,General Wholesale Company of SC (Spartanburg),Windows Workstation,GWC-DT-0420,"Aug 17, 2026",Not Installed,True
General Wholesale*,General Wholesale Company of SC (Spartanburg),Windows Workstation,GWC-DT-PNPM,"Aug 18, 2026",Not Installed,True
General Wholesale*,General Wholesale Company of SC (Spartanburg),Windows Laptop,GWC-LT-0067,"Aug 17, 2026",Not Installed,True
General Wholesale*,General Wholesale Company of SC (Spartanburg),Windows Laptop,GWC-LT-0068,"Jul 31, 2026",Not Installed,True
Georgia Baptist Foundation,No Site,Windows Laptop,GBF-EHEARN-SUR,"Aug 18, 2026",Not Installed,True
Georgia Baptist Foundation,No Site,Windows Laptop,GBF-JGRAY-SUR2,"Aug 16, 2026","Failed, Not Installed",True
Georgia Baptist Foundation,No Site,Windows Laptop,GBF-KHENRY-LT,"Aug 17, 2026",Not Installed,True
Georgia Baptist Foundation,No Site,Windows Laptop,GBF-LHILL-SUR,"Aug 18, 2026",Not Installed,True
Georgia Baptist Foundation,No Site,Windows Laptop,GBF-NANCY-SUR,"Aug 13, 2026",Not Installed,True
Georgia Baptist Foundation,No Site,Windows Laptop,GBF-NATHAN-SUR,"Aug 16, 2026",Not Installed,True
Georgia Baptist Foundation,No Site,Windows Laptop,GBF-PAM-SUR,"Aug 12, 2026",Not Installed,True
Georgia Baptist Foundation,No Site,Windows Laptop,GBF-RUTH-SUR,"Aug 18, 2026",Not Installed,True
Georgia Baptist Foundation,No Site,Windows Laptop,GBF-SpareHP,"Aug 12, 2026",Not Installed,True
Georgia Baptist Foundation,No Site,Windows Laptop,LAPTOP-0FM9L30U,"Aug 11, 2026",Not Installed,True
Geosurvey LTD,No Site,Windows Workstation,DESKTOP-JO6H673,"Aug 17, 2026",Not Installed,True
Geosurvey LTD,No Site,Windows Laptop,NB04A,"Jul 22, 2026",Not Installed,True
Geosurvey LTD,No Site,Windows Laptop,NB15,"Aug 16, 2026",Not Installed,True
Geosurvey LTD,No Site,Windows Laptop,NB19A,"Aug 14, 2026",Not Installed,True
Geosurvey LTD,No Site,Windows Laptop,NB21,"Aug 07, 2026",Not Installed,True
Geosurvey LTD,No Site,Windows Laptop,NB22,"Aug 17, 2026",Not Installed,True
Geosurvey LTD,No Site,Windows Laptop,NB23,"Aug 10, 2026",Not Installed,True
Geosurvey LTD,No Site,Windows Laptop,NB30,"Apr 08, 2026",Not Installed,True
Geosurvey LTD,No Site,Windows Laptop,WS22,"Aug 11, 2026",Not Installed,True
Geosurvey LTD,No Site,Windows Workstation,WS32,"Aug 17, 2026",Not Installed,True
Geosurvey LTD,No Site,Windows Workstation,WS36,"Aug 17, 2026",Failed,True
Geosurvey LTD,No Site,Windows Workstation,WS37,"Aug 17, 2026",Not Installed,True
Geosurvey LTD,No Site,Windows Workstation,WS40,"Aug 17, 2026",Not Installed,True
Geosurvey LTD,No Site,Windows Workstation,WS41,"Aug 18, 2026",Not Installed,True
Geosurvey LTD,No Site,Windows Workstation,WS46,"Aug 18, 2026",Not Installed,True
Geosurvey LTD,No Site,Windows Workstation,WS47,"Aug 17, 2026",Not Installed,True
Geosurvey LTD,No Site,Windows Workstation,WS53,"Aug 14, 2026",Not Installed,True
German American Chamber of Commerce*,German American Chamber of Commerce (HQ),Windows Laptop,GAC-72054,"May 07, 2026",Not Installed,True
German American Chamber of Commerce*,German American Chamber of Commerce (HQ),Windows Laptop,GAC-72061,"Aug 18, 2026",Not Installed,True
German American Chamber of Commerce*,German American Chamber of Commerce (HQ),Windows Laptop,GAC-72064,"Aug 18, 2026",Not Installed,True
German American Chamber of Commerce*,German American Chamber of Commerce (HQ),Windows Laptop,GAC-72068,"Aug 18, 2026",Not Installed,True
German American Chamber of Commerce*,German American Chamber of Commerce (HQ),Windows Laptop,GAC-72069,"Aug 11, 2026",Not Installed,True
German American Chamber of Commerce*,German American Chamber of Commerce (HQ),Windows Laptop,GAC-72070,"Aug 18, 2026",Not Installed,True
German American Chamber of Commerce*,German American Chamber of Commerce (HQ),Windows Laptop,GAC-72079,"Aug 18, 2026",Not Installed,True
German American Chamber of Commerce*,German American Chamber of Commerce (HQ),Windows Laptop,GAC-72080,"Aug 18, 2026",Not Installed,True
German American Chamber of Commerce*,German American Chamber of Commerce (HQ),Windows Laptop,GAC-72081,"Aug 18, 2026",Not Installed,True
German American Chamber of Commerce*,German American Chamber of Commerce (HQ),Windows Laptop,GAC-72084,"Aug 18, 2026","Failed, Not Installed",True
German American Chamber of Commerce*,German American Chamber of Commerce (HQ),Windows Laptop,GAC-72085,"Aug 18, 2026",Not Installed,True
German American Chamber of Commerce*,German American Chamber of Commerce (HQ),Windows Laptop,GAC-72090,"Aug 17, 2026",Not Installed,True
German American Chamber of Commerce*,German American Chamber of Commerce (HQ),Windows Laptop,GAC-72092,"Aug 18, 2026",Not Installed,True
German American Chamber of Commerce*,German American Chamber of Commerce (HQ),Windows Laptop,GAC-72094,"Aug 18, 2026",Not Installed,True
German American Chamber of Commerce*,German American Chamber of Commerce (HQ),Windows Laptop,GAC-72100,"Aug 18, 2026",Not Installed,True
German American Chamber of Commerce*,German American Chamber of Commerce (HQ),Windows Laptop,GAC-72103,"Aug 18, 2026",Not Installed,True
German American Chamber of Commerce*,German American Chamber of Commerce (HQ),Windows Laptop,GAC-72104,"Aug 18, 2026",Not Installed,True
German American Chamber of Commerce*,German American Chamber of Commerce (HQ),Windows Laptop,GAC-72105,"Aug 18, 2026",Not Installed,True
German American Chamber of Commerce*,German American Chamber of Commerce (HQ),Windows Laptop,GAC-72106,"Aug 18, 2026",Not Installed,True
German American Chamber of Commerce*,German American Chamber of Commerce (HQ),Windows Laptop,GAC-72107,"Aug 17, 2026",Not Installed,True
German American Chamber of Commerce*,German American Chamber of Commerce (HQ),Windows Laptop,GAC-72109,"Jul 31, 2026",Not Installed,True
German American Chamber of Commerce*,German American Chamber of Commerce (HQ),Windows Laptop,GAC-72110,"Aug 18, 2026",Not Installed,True
German American Chamber of Commerce*,German American Chamber of Commerce (HQ),Windows Laptop,GAC-72111,"Aug 18, 2026",Not Installed,True
German American Chamber of Commerce*,German American Chamber of Commerce (HQ),Windows Laptop,GAC-72112,"Aug 17, 2026",Not Installed,True
German American Chamber of Commerce*,German American Chamber of Commerce (TX),Windows Laptop,GAC-72098,"Aug 18, 2026",Not Installed,True
Grissom Services Inc,No Site,Windows Workstation,GSI-HPDesktop16,"Aug 18, 2026",Not Installed,True
HEFCO,No Site,Windows Workstation,50CK2G3,"Aug 17, 2026",Not Installed,True
HEFCO,No Site,Windows Workstation,519L2G3,"Aug 18, 2026",Not Installed,True
HEFCO,No Site,Windows Laptop,6CFTX84,"Jun 20, 2025",Not Installed,True
HEFCO,No Site,Windows Laptop,FQ9Z8F4 Hefco Loaner,"Aug 17, 2026",Not Installed,True
HEFCO,No Site,Windows Laptop,KelseyLT-CBGQLD4,"May 01, 2026",Not Installed,True
HEFCO,No Site,Windows Laptop,MJ0G4Q2R,"Aug 18, 2026",Not Installed,True
HEFCO,No Site,Windows Workstation,Michelle-Desktop,"Aug 18, 2026",Not Installed,True
HEFCO,No Site,Windows Laptop,X1Carbon-EDF,"Aug 18, 2026",Not Installed,True
Habitat for Humanity of NW Metro Atlanta,No Site,Windows Workstation,Conference-Room,"Aug 12, 2026",Not Installed,True
Habitat for Humanity of NW Metro Atlanta,No Site,Windows Laptop,Elisha-Office,"Aug 18, 2026",Not Installed,True
Habitat for Humanity of NW Metro Atlanta,No Site,Windows Laptop,Felicia-Office,"Aug 17, 2026",Not Installed,True
Habitat for Humanity of NW Metro Atlanta,No Site,Windows Laptop,Jerad-Office,"Aug 17, 2026",Not Installed,True
Habitat for Humanity of NW Metro Atlanta,No Site,Windows Laptop,Katelyn-Office,"Aug 17, 2026",Not Installed,True
Habitat for Humanity of NW Metro Atlanta,No Site,Windows Laptop,Office-Ashley,"Aug 12, 2026",Not Installed,True
Habitat for Humanity of NW Metro Atlanta ReStore,No Site,Windows Laptop,Brett-ReStore,"Aug 14, 2026",Not Installed,True
Habitat for Humanity of NW Metro Atlanta ReStore,No Site,Windows Laptop,James-ReStore,"Aug 18, 2026",Not Installed,True
Habitat for Humanity of NW Metro Atlanta ReStore,No Site,Windows Laptop,Malik-ReStore,"Aug 18, 2026",Not Installed,True
J&A Engineering LLC,No Site,Windows Workstation,ACCOUNTING2,"Aug 17, 2026",Not Installed,True
J&A Engineering LLC,No Site,Windows Workstation,AJOHNSTON-DT,"Aug 17, 2026",Not Installed,True
J&A Engineering LLC,No Site,Windows Workstation,BTUBBS2-DT,"Aug 17, 2026",Not Installed,True
J&A Engineering LLC,No Site,Windows Workstation,CHRIS3-DT,"Aug 18, 2026",Not Installed,True
J&A Engineering LLC,No Site,Windows Workstation,GRIFFIN-DT,"Aug 17, 2026",Not Installed,True
J&A Engineering LLC,No Site,Windows Laptop,JGILLIS-LT,"Aug 18, 2026",Not Installed,True
J&A Engineering LLC,No Site,Windows Laptop,JORGE-LT,"Aug 17, 2026",Not Installed,True
J&A Engineering LLC,No Site,Windows Laptop,JPARK-LT,"Aug 18, 2026",Not Installed,True
J&A Engineering LLC,No Site,Windows Laptop,KJONES-LT2,"Aug 17, 2026",Not Installed,True
J&A Engineering LLC,No Site,Windows Workstation,KPERKINS-DT,"Aug 17, 2026",Not Installed,True
J&A Engineering LLC,No Site,Windows Workstation,KREECE-DT,"Aug 18, 2026",Not Installed,True
J&A Engineering LLC,No Site,Windows Workstation,MAHOLA2-DT,"Aug 17, 2026",Not Installed,True
J&A Engineering LLC,No Site,Windows Laptop,MCOAKLEY-LT,"Aug 18, 2026",Not Installed,True
J&A Engineering LLC,No Site,Windows Workstation,MICAH-DT,"Aug 18, 2026",Not Installed,True
J&A Engineering LLC,No Site,Windows Workstation,PHAINES-DT,"Aug 17, 2026",Not Installed,True
J&A Engineering LLC,No Site,Windows Workstation,RMORRELL-DT,"Aug 17, 2026",Not Installed,True
J&A Engineering LLC,No Site,Windows Workstation,RRAMIREZ-DT,"Aug 17, 2026",Not Installed,True
J&A Engineering LLC,No Site,Windows Workstation,SEANM-DT,"Aug 17, 2026",Not Installed,True
J&A Engineering LLC,No Site,Windows Workstation,WPRUITT-DT,"Aug 17, 2026",Not Installed,True
J&A Engineering LLC,No Site,Windows Workstation,WTUBBS-DT,"Aug 17, 2026",Not Installed,True
Katz Capital Management*,Katz Capital,Windows Laptop,DESKTOP-49S384O,"Aug 18, 2026",Not Installed,True
Katz Capital Management*,Katz Capital,Windows Laptop,PWC-L-19-01,"Aug 18, 2026",Not Installed,True
Katz Capital Management*,Katz Capital,Windows Laptop,PWC-L-25-01,"Aug 18, 2026",Not Installed,True
Katz Capital Management*,Katz Capital,Windows Laptop,PWT-5cg0378ctp-lt,"Aug 18, 2026",Not Installed,True
Katz Capital Management*,Katz Capital Management LLC,Windows Laptop,PWC-L-23-03,"Aug 18, 2026",Not Installed,True
Katz Capital Management*,Katz Capital Management LLC,Windows Laptop,PWC-L-25-02,"Aug 18, 2026",Not Installed,True
Katz Capital Management*,Katz Capital Management LLC,Windows Laptop,PWC-L-26-01,"Aug 18, 2026",Not Installed,True
Katz Capital Management*,Katz Capital Management LLC,Windows Laptop,PWD-L-22-02,"Aug 18, 2026",Not Installed,True
Legis Consultancy,No Site,Windows Laptop,Inspiron15,"Aug 18, 2026",Not Installed,True
Legis Consultancy,No Site,Windows Laptop,LAPTOP-PF5PPQ89,"Aug 17, 2026",Not Installed,True
Legis Consultancy,No Site,Windows Laptop,Michele HUFF2,"Aug 18, 2026","Failed, Not Installed",True
Omni Connection International,No Site,Windows Laptop,OMNI-LT-10,"Aug 18, 2026",Not Installed,True
Omni Connection International,No Site,Windows Workstation,OMNI-ROBERT,"Aug 18, 2026",Not Installed,True
Omni Connection International,No Site,Windows Laptop,OMNIMMARTINEZ,"Aug 17, 2026",Not Installed,True
"Pagnotti Enterprises, Inc",No Site,Windows Laptop,LAPTOP-PF65W33H,"Aug 15, 2026",Not Installed,True
"Pagnotti Enterprises, Inc",No Site,Windows Laptop,LAPTOP-PGMCMDPI,"Aug 11, 2026",Failed,True
"Pagnotti Enterprises, Inc",No Site,Windows Laptop,O-L-PF1R8R23,"Aug 16, 2026",Not Installed,True
"Pagnotti Enterprises, Inc",No Site,Windows Laptop,O-L-PF1R9234,"Jul 17, 2026",Not Installed,True
"Pagnotti Enterprises, Inc",No Site,Windows Laptop,PEI-Conf-Rm,"Jul 06, 2026",Not Installed,True
"Pagnotti Enterprises, Inc",No Site,Windows Laptop,PEI-Engineering,"Aug 17, 2026",Not Installed,True
"Pagnotti Enterprises, Inc",No Site,Windows Laptop,PF1W7TTY,"Jun 10, 2026",Not Installed,True
Palmer Engineering Company,No Site,Windows Workstation,PEC-029,"Aug 18, 2026",Not Installed,True
Patriot Select Property and Casualty Ins. Co.*,Patriot Select (Azure Cloud PC),Windows Workstation,CPC-Kels-XNQH0,"Aug 18, 2026",Not Installed,True
Patriot Select Property and Casualty Ins. Co.*,Patriot Select (Azure Cloud PC),Windows Workstation,CPC-cmue-5Z4PI,"Aug 18, 2026",Not Installed,True
Patriot Select Property and Casualty Ins. Co.*,Patriot Select (Azure Cloud PC),Windows Workstation,CPC-jras-6SXKR,"Aug 18, 2026",Not Installed,True
Patriot Select Property and Casualty Ins. Co.*,Patriot Select (Azure Cloud PC),Windows Workstation,CPC-sbro-7RKTL,"Aug 18, 2026",Not Installed,True
Patriot Select Property and Casualty Ins. Co.*,Patriot Select (Azure Cloud PC),Windows Workstation,CPC-shoy-R96LM,"Jul 18, 2026",Not Installed,True
Patriot Select Property and Casualty Ins. Co.*,Patriot Select Co.,Windows Laptop,DESKTOP-B2V8C92,"Aug 17, 2026",Not Installed,True
Patriot Select Property and Casualty Ins. Co.*,Patriot Select Co.,Windows Laptop,DESKTOP-JT65DI3,"Aug 17, 2026",Not Installed,True
Patriot Select Property and Casualty Ins. Co.*,Patriot Select Co.,Windows Laptop,DESKTOP-OO90PON,"Aug 17, 2026",Not Installed,True
Patriot Select Property and Casualty Ins. Co.*,Patriot Select Co.,Windows Laptop,DESKTOP-Q71L6AS,"Aug 17, 2026",Not Installed,True
Patriot Select Property and Casualty Ins. Co.*,Patriot Select Co.,Windows Laptop,DESKTOP-TV23IMA,"Aug 18, 2026",Not Installed,True
Patriot Select Property and Casualty Ins. Co.*,Patriot Select Co.,Windows Laptop,Kaylalaptop,"Aug 16, 2026",Not Installed,True
Patriot Select Property and Casualty Ins. Co.*,Patriot Select Co.,Windows Laptop,LAPTOP-3DQTS74,"Aug 18, 2026",Not Installed,True
Patriot Select Property and Casualty Ins. Co.*,Patriot Select Co.,Windows Laptop,LAPTOP-5Y62PC4,"Aug 18, 2026",Not Installed,True
Patriot Select Property and Casualty Ins. Co.*,Patriot Select Co.,Windows Laptop,LAPTOP-63MPBH4,"Aug 18, 2026",Not Installed,True
Patriot Select Property and Casualty Ins. Co.*,Patriot Select Co.,Windows Laptop,LAPTOP-8C90CB4,"Aug 17, 2026",Not Installed,True
Patriot Select Property and Casualty Ins. Co.*,Patriot Select Co.,Windows Laptop,LAPTOP-HB5Y8H4,"Aug 17, 2026",Not Installed,True
Patriot Select Property and Casualty Ins. Co.*,Patriot Select Co.,Windows Laptop,LAPTOP-HPAGDCHD,"Aug 03, 2026",Not Installed,True
Patriot Select Property and Casualty Ins. Co.*,Patriot Select Co.,Windows Laptop,LAPTOP-J1MPBH4,"Aug 18, 2026",Not Installed,True
Patriot Select Property and Casualty Ins. Co.*,Patriot Select Co.,Windows Laptop,LT-71WQGD4,"Aug 18, 2026",Not Installed,True
Patriot Select Property and Casualty Ins. Co.*,Patriot Select Co.,Windows Laptop,Laptop-89Y1394,"Aug 18, 2026",Not Installed,True
Patriot Select Property and Casualty Ins. Co.*,Patriot Select Co.,Windows Laptop,Laptop-9C1Y084,"Aug 17, 2026",Not Installed,True
Patriot Select Property and Casualty Ins. Co.*,Patriot Select Co.,Windows Laptop,Laptop-Kelly,"Aug 18, 2026",Not Installed,True
Patriot Select Property and Casualty Ins. Co.*,Patriot Select Co.,Windows Laptop,Laptop-Marcia,"Aug 18, 2026",Not Installed,True
Patriot Select Property and Casualty Ins. Co.*,Patriot Select Co.,Windows Laptop,Laptop-PF3RJJDM,"Aug 17, 2026",Not Installed,True
Patriot Select Property and Casualty Ins. Co.*,Patriot Select Co.,Windows Laptop,Marciaslaptop,"Aug 07, 2026",Not Installed,True
Personal Care Physicians of Atlanta,No Site,Windows Workstation,DESKTOP-LAB,"Aug 18, 2026",Not Installed,True
Personal Care Physicians of Atlanta,No Site,Windows Workstation,DESKTOP-RKAPLAN,"Aug 18, 2026",Not Installed,True
Personal Care Physicians of Atlanta,No Site,Windows Workstation,DESKTOP-SJOHNSON,"Aug 18, 2026",Not Installed,True
Personal Care Physicians of Atlanta,No Site,Windows Laptop,Fran-Laptop,"Aug 16, 2026",Not Installed,True
Personal Care Physicians of Atlanta,No Site,Windows Workstation,Fran-PC,"Aug 18, 2026",Not Installed,True
Personal Care Physicians of Atlanta,No Site,Windows Laptop,LAPTOP-Nelloms,"Jul 02, 2026",Not Installed,True
Personal Care Physicians of Atlanta,No Site,Windows Workstation,LSmith-PC,"Aug 18, 2026",Not Installed,True
Personal Care Physicians of Atlanta,No Site,Windows Laptop,Laptop-EKG-SPIRO,"Aug 18, 2026",Not Installed,True
Preferred Personnel Solutions*,Preferred Personnel Solutions (Bergen),Windows Laptop,PPS-LT-MARISOL,"Aug 17, 2026",Not Installed,True
Preferred Personnel Solutions*,Preferred Personnel Solutions (Cartersville),Windows Laptop,PPS-LT-CRYSTAL,"Jul 20, 2026",Not Installed,True
Preferred Personnel Solutions*,Preferred Personnel Solutions (Cartersville),Windows Laptop,PPS-LT-KASEY,"Jun 12, 2026",Not Installed,True
Preferred Personnel Solutions*,"Preferred Personnel Solutions (Fairburn, GA)",Windows Laptop,PPS-LT-KAYLAM,"Aug 18, 2026",Not Installed,True
Preferred Personnel Solutions*,Preferred Personnel Solutions (Kennesaw HQ),Windows Laptop,PPS-LT-03,"Jul 22, 2026",Not Installed,True
Preferred Personnel Solutions*,Preferred Personnel Solutions (Kennesaw HQ),Windows Laptop,PPS-LT-04-Liz,"Aug 17, 2026",Not Installed,True
Preferred Personnel Solutions*,Preferred Personnel Solutions (Kennesaw HQ),Windows Laptop,PPS-LT-LAKYNB,"Aug 18, 2026",Not Installed,True
Preferred Personnel Solutions*,Preferred Personnel Solutions (Kennesaw HQ),Windows Laptop,PPS-LT-LIZZIE,"Aug 18, 2026",Not Installed,True
Preferred Personnel Solutions*,Preferred Personnel Solutions (Kennesaw HQ),Windows Laptop,PPS-LT-PAM,"Aug 18, 2026",Not Installed,True
Preferred Personnel Solutions*,Preferred Personnel Solutions (Kennesaw HQ),Windows Workstation,SS-Home10-25,"Aug 17, 2026",Not Installed,True
Preferred Personnel Solutions*,Preferred Personnel Solutions (Kennesaw HQ),Windows Laptop,pps-test,"May 19, 2026",Not Installed,True
Preferred Personnel Solutions*,Preferred Personnel Solutions (Lithia Springs),Windows Workstation,DT-CORP-PIT4,"Aug 13, 2026",Not Installed,True
Preferred Personnel Solutions*,Preferred Personnel Solutions (Lithia Springs),Windows Workstation,DT-LTSP-PIT2,"Aug 17, 2026",Not Installed,True
Preferred Personnel Solutions*,Preferred Personnel Solutions (Lithia Springs),Windows Workstation,DT-LTSP-PIT3,"Aug 18, 2026",Not Installed,True
Preferred Personnel Solutions*,Preferred Personnel Solutions (Lithia Springs),Windows Laptop,PPS-LT-JFLORES,"Aug 17, 2026",Not Installed,True
RTCO Packaging LLC,No Site,Windows Laptop,DESKTOP-TTODJP8,"Aug 18, 2026",Not Installed,True
RTCO Packaging LLC,No Site,Windows Laptop,DESKTOP-U5ETDVF,"Aug 18, 2026",Not Installed,True
RTCO Packaging LLC,No Site,Windows Laptop,DESKTOP-UTMSKNG,"Aug 17, 2026",Not Installed,True
RTCO Packaging LLC,No Site,Windows Laptop,Didier,"Aug 17, 2026",Not Installed,True
RTCO Packaging LLC,No Site,Windows Laptop,GP-RTCO,"Aug 17, 2026",Not Installed,True
RTCO Packaging LLC,No Site,Windows Laptop,Maintenance,"Aug 18, 2026",Not Installed,True
RTCO Packaging LLC,No Site,Windows Laptop,ProcessEng,"Aug 18, 2026",Not Installed,True
"SECO (Ft. Worth, TX)",No Site,Windows Laptop,ATL-LT-0760,"Aug 18, 2026",Not Installed,True
"SECO (Ft. Worth, TX)",No Site,Windows Laptop,ATL-LT0682,"Jun 23, 2026",Not Installed,True
"SECO (Ft. Worth, TX)",No Site,Windows Workstation,FTW-DT0620,"Aug 17, 2026",Not Installed,True
"SECO (Ft. Worth, TX)",No Site,Windows Workstation,FTW-DT0621,"Aug 17, 2026",Not Installed,True
"SECO (Ft. Worth, TX)",No Site,Windows Laptop,FTW-LT-0340,"Aug 17, 2026",Not Installed,True
SECO (Garland),No Site,Windows Laptop,ATL-LT0664,"Aug 18, 2026",Not Installed,True
SECO (Garland),No Site,Windows Workstation,DAL-DT-Supervisors,"Aug 17, 2026",Failed,True
SECO (Garland),No Site,Windows Workstation,DAL-DT0367,"Aug 18, 2026",Not Installed,True
SECO (Garland),No Site,Windows Laptop,DAL-LT0730,"Aug 17, 2026",Not Installed,True
SECO (Garland),No Site,Windows Workstation,DallasImagingPC,"Aug 17, 2026",Not Installed,True
SECO (Garland),No Site,Windows Laptop,LAPTOP-ESU8IVKD,"Aug 13, 2026",Not Installed,True
SECO (HQ Southeast Consolidators),No Site,Windows Laptop,AT-LT0654,"Aug 18, 2026",Not Installed,True
SECO (HQ Southeast Consolidators),No Site,Windows Laptop,ATL--LT0680,"Aug 18, 2026",Not Installed,True
SECO (HQ Southeast Consolidators),No Site,Windows Workstation,ATL-DT-0036,"Aug 14, 2026",Not Installed,True
SECO (HQ Southeast Consolidators),No Site,Windows Workstation,ATL-DT-0045,"Aug 17, 2026",Not Installed,True
SECO (HQ Southeast Consolidators),No Site,Windows Workstation,ATL-DT-0381,"Aug 18, 2026","Failed, Not Installed",True
SECO (HQ Southeast Consolidators),No Site,Windows Workstation,ATL-DT-0579,"Aug 18, 2026",Not Installed,True
SECO (HQ Southeast Consolidators),No Site,Windows Workstation,ATL-DT-0721,"Aug 18, 2026",Not Installed,True
SECO (HQ Southeast Consolidators),No Site,Windows Workstation,ATL-DT-0740,"Aug 18, 2026",Not Installed,True
SECO (HQ Southeast Consolidators),No Site,Windows Workstation,ATL-DT0371,"Aug 17, 2026","Failed, Not Installed",True
SECO (HQ Southeast Consolidators),No Site,Windows Workstation,ATL-DT0739,"Aug 17, 2026",Not Installed,True
SECO (HQ Southeast Consolidators),No Site,Windows Workstation,ATL-DT0758,"Aug 18, 2026",Not Installed,True
SECO (HQ Southeast Consolidators),No Site,Windows Laptop,ATL-LT-0574,"Aug 18, 2026",Not Installed,True
SECO (HQ Southeast Consolidators),No Site,Windows Laptop,ATL-LT-0683,"Aug 18, 2026",Not Installed,True
SECO (HQ Southeast Consolidators),No Site,Windows Laptop,ATL-LT-0731,"Aug 18, 2026",Not Installed,True
SECO (HQ Southeast Consolidators),No Site,Windows Laptop,ATL-LT-0738,"Aug 18, 2026",Not Installed,True
SECO (HQ Southeast Consolidators),No Site,Windows Laptop,ATL-LT-0742,"Aug 17, 2026",Not Installed,True
SECO (HQ Southeast Consolidators),No Site,Windows Laptop,ATL-LT0611,"Aug 18, 2026",Not Installed,True
SECO (HQ Southeast Consolidators),No Site,Windows Laptop,ATL-LT0652,"Aug 05, 2026",Not Installed,True
SECO (HQ Southeast Consolidators),No Site,Windows Laptop,ATL-LT0684,"Jul 20, 2026",Not Installed,True
SECO (HQ Southeast Consolidators),No Site,Windows Laptop,ATL-LT0685,"Aug 17, 2026",Not Installed,True
SECO (HQ Southeast Consolidators),No Site,Windows Laptop,ATL-LT0686,"Aug 18, 2026",Not Installed,True
SECO (HQ Southeast Consolidators),No Site,Windows Laptop,ATL-LT0687,"Aug 18, 2026",Not Installed,True
SECO (HQ Southeast Consolidators),No Site,Windows Laptop,ATL-LT0706,"Aug 18, 2026",Not Installed,True
SECO (HQ Southeast Consolidators),No Site,Windows Laptop,ATL-LT0707,"Aug 18, 2026",Not Installed,True
SECO (HQ Southeast Consolidators),No Site,Windows Laptop,ATL-LT0709,"Aug 15, 2026",Not Installed,True
SECO (HQ Southeast Consolidators),No Site,Windows Laptop,ATL-LT0726,"Aug 18, 2026",Not Installed,True
SECO (HQ Southeast Consolidators),No Site,Windows Laptop,ATL-LT0727,"Aug 18, 2026",Not Installed,True
SECO (HQ Southeast Consolidators),No Site,Windows Laptop,ATL-LT0732,"Aug 17, 2026",Not Installed,True
SECO (HQ Southeast Consolidators),No Site,Windows Laptop,ATL-LT0743,"Aug 18, 2026",Not Installed,True
SECO (HQ Southeast Consolidators),No Site,Windows Laptop,ATL-LT0751,"Aug 18, 2026",Not Installed,True
SECO (HQ Southeast Consolidators),No Site,Windows Laptop,ATL-LT0765,"Aug 18, 2026",Not Installed,True
SECO (HQ Southeast Consolidators),No Site,Windows Workstation,ATL_DT-0352,"Aug 18, 2026",Not Installed,True
SECO (HQ Southeast Consolidators),No Site,Windows Laptop,DESKTOP-KBLT403,"Aug 18, 2026",Not Installed,True
SECO (HQ Southeast Consolidators),No Site,Windows Workstation,DESKTOP-M4PSIKR,"Aug 14, 2026",Not Installed,True
SECO (HQ Southeast Consolidators),No Site,Windows Workstation,DT-ATL-Secoops3,"Aug 18, 2026",Not Installed,True
SECO (HQ Southeast Consolidators),No Site,Windows Workstation,GaurdHouse,"Aug 18, 2026",Not Installed,True
SECO (HQ Southeast Consolidators),No Site,Windows Laptop,LT-ATL-0049,"Aug 18, 2026",Not Installed,True
SECO (HQ Southeast Consolidators),No Site,Windows Laptop,LT-ATL-0570,"Aug 17, 2026",Not Installed,True
SECO (HQ Southeast Consolidators),No Site,Windows Laptop,LT-ATL-0668,"Aug 18, 2026",Not Installed,True
SECO (HQ Southeast Consolidators),No Site,Windows Laptop,LT-ATL-ED1,"Aug 09, 2026",Not Installed,True
SECO (HQ Southeast Consolidators),No Site,Windows Laptop,LT-ATL-ED2,"Jul 07, 2026",Not Installed,True
SECO (HQ Southeast Consolidators),No Site,Windows Laptop,LT-ATL-KMorrison,"Aug 18, 2026",Not Installed,True
"SKL'D Staffing Holdco, LLC*","SKL'D Staffing (Duluth, GA)",Windows Laptop,LT-AMcLendon2,"Aug 18, 2026",Not Installed,True
"SKL'D Staffing Holdco, LLC*","SKL'D Staffing (Duluth, GA)",Windows Workstation,LT-CCampbell,"Aug 17, 2026",Not Installed,True
"SKL'D Staffing Holdco, LLC*","SKL'D Staffing (Duluth, GA)",Windows Laptop,LT-CCorchado,"Aug 17, 2026",Not Installed,True
"SKL'D Staffing Holdco, LLC*","SKL'D Staffing (Duluth, GA)",Windows Laptop,LT-DSmith,"Aug 17, 2026",Not Installed,True
"SKL'D Staffing Holdco, LLC*","SKL'D Staffing (Duluth, GA)",Windows Laptop,LT-EBarrientos,"Aug 17, 2026",Not Installed,True
"SKL'D Staffing Holdco, LLC*","SKL'D Staffing (Duluth, GA)",Windows Laptop,LT-JNorton,"Aug 17, 2026",Not Installed,True
"SKL'D Staffing Holdco, LLC*","SKL'D Staffing (Duluth, GA)",Windows Laptop,LT-KWallace,"Aug 17, 2026",Not Installed,True
"SKL'D Staffing Holdco, LLC*","SKL'D Staffing (Duluth, GA)",Windows Laptop,LT-MCaraballo,"Aug 18, 2026",Not Installed,True
"SKL'D Staffing Holdco, LLC*","SKL'D Staffing (Duluth, GA)",Windows Laptop,LT-SBuckley,"Aug 18, 2026",Not Installed,True
"SKL'D Staffing Holdco, LLC*","SKL'D Staffing (Duluth, GA)",Windows Laptop,LT-SElrod,"Aug 18, 2026",Not Installed,True
"SKL'D Staffing Holdco, LLC*","SKL'D Staffing (Duluth, GA)",Windows Laptop,LT-SHopkins,"Aug 18, 2026",Not Installed,True
"SKL'D Staffing Holdco, LLC*","SKL'D Staffing (Duluth, GA)",Windows Laptop,LT-TTurner,"Aug 18, 2026",Not Installed,True
"SKL'D Staffing Holdco, LLC*","SKL'D Staffing (Duluth, GA)",Windows Laptop,Skld-dul-tab1,"Aug 10, 2026",Not Installed,True
"SKL'D Staffing Holdco, LLC*","SKL'D Staffing (Duluth, GA)",Windows Laptop,Skld-dul-tab2,"Aug 13, 2026",Not Installed,True
"SKL'D Staffing Holdco, LLC*","SKL'D Staffing (McDonough, GA)",Windows Laptop,Skld-mcd-tab1,"Aug 17, 2026",Not Installed,True
Soteria Flexibles (HQ)*,"Continental Products (Mexico, MO)",Windows Workstation,CP-D-4YDR794,"Aug 17, 2026",Not Installed,True
Soteria Flexibles (HQ)*,"Continental Products (Mexico, MO)",Windows Workstation,CP-D-76FZ7V3,"Aug 17, 2026",Not Installed,True
Soteria Flexibles (HQ)*,"Continental Products (Mexico, MO)",Windows Workstation,CP-D-93T3894,"Aug 18, 2026",Not Installed,True
Soteria Flexibles (HQ)*,"Continental Products (Mexico, MO)",Windows Workstation,CP-D-BCM6894,"Jul 02, 2026",Not Installed,True
Soteria Flexibles (HQ)*,"Continental Products (Mexico, MO)",Windows Workstation,CP-D-MXL0513NCC,"Aug 17, 2026",Not Installed,True
Soteria Flexibles (HQ)*,"Continental Products (Mexico, MO)",Windows Workstation,CP-D-MXL0513NCV,"Aug 17, 2026",Not Installed,True
Soteria Flexibles (HQ)*,"Continental Products (Mexico, MO)",Windows Workstation,CP-D-MXL0513ND2,"Aug 17, 2026",Not Installed,True
Soteria Flexibles (HQ)*,"Continental Products (Mexico, MO)",Windows Workstation,CP-D-MXL0513ND4,"Aug 17, 2026",Not Installed,True
Soteria Flexibles (HQ)*,"Continental Products (Mexico, MO)",Windows Workstation,CP-D-MXL55152LY,"Jun 16, 2026",Not Installed,True
Soteria Flexibles (HQ)*,"Continental Products (Mexico, MO)",Windows Workstation,CP-DT-B5JR664,"Aug 05, 2026",Not Installed,True
Soteria Flexibles (HQ)*,"Continental Products (Mexico, MO)",Windows Workstation,CP-DT-MXL0513NCS,"Aug 18, 2026",Not Installed,True
Soteria Flexibles (HQ)*,"Continental Products (Mexico, MO)",Windows Laptop,CP-LP-Carrie,"Aug 18, 2026",Not Installed,True
Soteria Flexibles (HQ)*,"Continental Products (Mexico, MO)",Windows Laptop,CP-LP-Laura,"Aug 09, 2026",Not Installed,True
Soteria Flexibles (HQ)*,"Continental Products (Mexico, MO)",Windows Laptop,CP-LP-Nicole,"Aug 15, 2026",Not Installed,True
Soteria Flexibles (HQ)*,"Continental Products (Mexico, MO)",Windows Laptop,CP-LP-Sarah,"Aug 09, 2026","Failed, Not Installed",True
Soteria Flexibles (HQ)*,"Continental Products (Mexico, MO)",Windows Laptop,Daniel-11-L-Del,"Jul 15, 2026",Not Installed,True
Soteria Flexibles (HQ)*,"Continental Products (Mexico, MO)",Windows Laptop,Eric-11-ZBook,"Aug 18, 2026",Not Installed,True
Soteria Flexibles (HQ)*,"Continental Products (Mexico, MO)",Windows Laptop,HP-DavidG,"Aug 18, 2026",Not Installed,True
Soteria Flexibles (HQ)*,"Continental Products (Mexico, MO)",Windows Laptop,Thad-11-L-Dell,"Aug 03, 2026",Not Installed,True
Soteria Flexibles (HQ)*,FilmTech LLC,Windows Laptop,DESKTOP-3OC9KQE,"Apr 30, 2026",Not Installed,True
Soteria Flexibles (HQ)*,FilmTech LLC,Windows Workstation,DESKTOP-H4GKCQO,"Aug 17, 2026",Not Installed,True
Soteria Flexibles (HQ)*,FilmTech LLC,Windows Workstation,Dell-9020-AL,"Jul 27, 2026",Not Installed,True
Soteria Flexibles (HQ)*,FilmTech LLC,Windows Workstation,FT-DT-26IHEDD,"Aug 13, 2026",Not Installed,True
Soteria Flexibles (HQ)*,FilmTech LLC,Windows Laptop,FT-LT-PF6D4CR3,"Aug 10, 2026",Not Installed,True
Soteria Flexibles (HQ)*,FilmTech LLC,Windows Laptop,LAPTOP-C6370MUB,"Aug 17, 2026",Not Installed,True
Soteria Flexibles (HQ)*,Hamilton Plastics Inc,Windows Laptop,DESKTOP-4K8HES6,"Aug 16, 2026",Not Installed,True
Soteria Flexibles (HQ)*,Hamilton Plastics Inc,Windows Laptop,HB6152-HP,"Aug 18, 2026",Not Installed,True
Soteria Flexibles (HQ)*,Hamilton Plastics Inc,Windows Workstation,HP-DT-1R9ZQW1,"Aug 14, 2026",Failed,True
Soteria Flexibles (HQ)*,Hamilton Plastics Inc,Windows Workstation,HP-DT-6CKTDZ3,"Aug 17, 2026",Not Installed,True
Soteria Flexibles (HQ)*,Hamilton Plastics Inc,Windows Workstation,HP-DT-6FF8C42,"Aug 17, 2026",Failed,True
Soteria Flexibles (HQ)*,Hamilton Plastics Inc,Windows Workstation,HP-DT-7FW1SW1,"Aug 18, 2026",Not Installed,True
Soteria Flexibles (HQ)*,Hamilton Plastics Inc,Windows Workstation,HP-DT-GMQVN22,"Aug 18, 2026",Not Installed,True
Soteria Flexibles (HQ)*,Hamilton Plastics Inc,Windows Laptop,HP-LT-J403V1131,"Jun 01, 2026",Not Installed,True
Soteria Flexibles (HQ)*,Hamilton Plastics Inc,Windows Laptop,HP-LT-J403V1208,"May 04, 2026",Not Installed,True
Soteria Flexibles (HQ)*,Hamilton Plastics Inc,Windows Laptop,HP-LT-P206ZQE0,"Aug 18, 2026",Not Installed,True
Soteria Flexibles (HQ)*,Hamilton Plastics Inc,Windows Laptop,HP-LT-PF6BWLLL,"Aug 18, 2026",Not Installed,True
Soteria Flexibles (HQ)*,Hamilton Plastics Inc,Windows Laptop,HP-LT-SD00MJSC,"Aug 18, 2026",Not Installed,True
Soteria Flexibles (HQ)*,Hamilton Plastics Inc,Windows Laptop,HP-LT-SD00P79W,"Aug 17, 2026",Not Installed,True
Soteria Flexibles (HQ)*,Norplex Centralia Plant,Windows Laptop,Norplex40,"Aug 14, 2026",Not Installed,True
Soteria Flexibles (HQ)*,"Norplex, Inc.",Windows Laptop,Jerry-Surface,"Aug 02, 2026",Not Installed,True
Soteria Flexibles (HQ)*,"Norplex, Inc.",Windows Workstation,NORPLEX41,"Aug 17, 2026",Failed,True
Soteria Flexibles (HQ)*,Quality Extrusion Inc,Windows Workstation,QE-DT-D9ZQDZ3,"Aug 18, 2026",Not Installed,True
Soteria Flexibles (HQ)*,Quality Extrusion Inc,Windows Workstation,QE-DT-HJYQDZ3,"Aug 17, 2026",Not Installed,True
Sunbelt Displays,No Site,Windows Workstation,ADAMH-PC,"Aug 18, 2026",Failed,True
Sunbelt Displays,No Site,Windows Workstation,COHERENT-2,"Aug 18, 2026",Failed,True
Sunbelt Displays,No Site,Windows Laptop,ConfRoom,"Aug 18, 2026","Failed, Not Installed",True
Sunbelt Displays,No Site,Windows Workstation,ESKO-PC,"Aug 18, 2026",Failed,True
Sunbelt Displays,No Site,Windows Laptop,LAPTOP-9L7CT9V4,"Aug 17, 2026",Not Installed,True
Sunbelt Displays,No Site,Windows Laptop,LAPTOP-T48ROMG0,"Aug 17, 2026",Not Installed,True
Sunbelt Displays,No Site,Windows Workstation,NEWCSR,"Aug 18, 2026",Failed,True
Sunbelt Displays,No Site,Windows Workstation,TITAN-HS-RIP-PC,"Aug 18, 2026",Failed,True
Sunbelt Displays,No Site,Windows Workstation,ZUND-PC-New,"Aug 18, 2026",Not Installed,True
Sunbelt Displays,No Site,Windows Laptop,salesremote,"Aug 18, 2026",Not Installed,True
TLM Transport,No Site,Windows Laptop,After-Hours-LT,"Aug 15, 2026",Not Installed,True
TLM Transport,No Site,Windows Laptop,DESKTOP-6DK8EQ7,"May 07, 2026",Not Installed,True
TLM Transport,No Site,Windows Workstation,DESKTOP-THOMAS,"Aug 18, 2026",Not Installed,True
TLM Transport,No Site,Windows Workstation,DESKTOP-ZACH,"Aug 18, 2026",Not Installed,True
TLM Transport,No Site,Windows Laptop,LAPTOP-22NAERP5,"Aug 17, 2026",Not Installed,True
TLM Transport,No Site,Windows Laptop,LAPTOP-KENDALL,"Aug 15, 2026",Not Installed,True
TLM Transport,No Site,Windows Laptop,LAPTOP-PF3WHD8V,"Aug 12, 2026",Not Installed,True
TLM Transport,No Site,Windows Laptop,LAPTOP-TAMMY,"Aug 18, 2026",Not Installed,True
TLM Transport,No Site,Windows Laptop,LAPTOP-TAYLER,"Aug 17, 2026",Not Installed,True
TLM Transport,No Site,Windows Laptop,TLM-Sharon,"Aug 18, 2026",Not Installed,True
Thomas and Brown*,Thomas and Brown LLC (Alpharetta Forsyth),Windows Laptop,TBWORK167,"Aug 18, 2026",Not Installed,True
Thomas and Brown*,Thomas and Brown LLC (Buckhead),Windows Laptop,TBWORK164,"Aug 18, 2026",Not Installed,True
Thomas and Brown*,Thomas and Brown LLC (East Cobb),Windows Workstation,TBWORK145,"Jul 28, 2026",Not Installed,True
Thomas and Brown*,Thomas and Brown LLC (Galleria),Windows Workstation,TBWORK122,"Aug 18, 2026",Not Installed,True
Thomas and Brown*,Thomas and Brown LLC (HQ),Windows Laptop,TB-SURFACE4,"Jul 15, 2026",Not Installed,True
Thomas and Brown*,Thomas and Brown LLC (HQ),Windows Laptop,TBWORK131,"Aug 18, 2026",Not Installed,True
Thomas and Brown*,Thomas and Brown LLC (HQ),Windows Workstation,TBWORK143,"Aug 01, 2026",Not Installed,True
Thomas and Brown*,Thomas and Brown LLC (HQ),Windows Laptop,TBWORK146,"Aug 18, 2026",Not Installed,True
Thomas and Brown*,Thomas and Brown LLC (HQ),Windows Laptop,TBWORK149,"Aug 18, 2026",Not Installed,True
Thomas and Brown*,Thomas and Brown LLC (HQ),Windows Workstation,TBWORK154,"Aug 18, 2026",Not Installed,True
Thomas and Brown*,Thomas and Brown LLC (HQ),Windows Laptop,TBWORK156,"Aug 18, 2026",Not Installed,True
Thomas and Brown*,Thomas and Brown LLC (HQ),Windows Laptop,TBWORK158,"Aug 17, 2026",Not Installed,True
Thomas and Brown*,Thomas and Brown LLC (HQ),Windows Laptop,TBWORK169,"Aug 18, 2026",Not Installed,True
Thomas and Brown*,Thomas and Brown LLC (HQ),Windows Workstation,TBWORK61,"Aug 13, 2026",Not Installed,True
Thomas and Brown*,Thomas and Brown LLC (HQ),Windows Workstation,TBWORK95,"Aug 13, 2026","Failed, Not Installed",True
Thomas and Brown*,"Thomas and Brown LLC (Rome, GA)",Windows Workstation,TBWORK125,"Aug 09, 2026",Not Installed,True
Turner Chapel AME Church (Main Location),No Site,Windows Workstation,TCC-163561 (jumpbox),"Aug 18, 2026",Not Installed,True
Turner Chapel AME Church (Main Location),No Site,Windows Laptop,TCC-9310-TBRIGHT-L,"Aug 18, 2026",Not Installed,True
Turner Chapel AME Church (Main Location),No Site,Windows Laptop,TCC-9520-PDEAS-L,"Jul 20, 2026",Not Installed,True
Turner Chapel AME Church (Main Location),No Site,Windows Laptop,TCC-XPS-Intern,"Aug 11, 2026",Not Installed,True
Turner Chapel AME Church (Main Location),No Site,Windows Laptop,TCC-XPS-Sharon,"Aug 14, 2026",Not Installed,True
ViscoTec America Inc.,No Site,Windows Laptop,DESKTOP-2UD59KO,"Aug 17, 2026",Not Installed,True
ViscoTec America Inc.,No Site,Windows Laptop,LAPTOP-7K5LN94,"Aug 17, 2026",Not Installed,True
ViscoTec America Inc.,No Site,Windows Laptop,LAPTOP-MQQNH5RF,"Aug 17, 2026",Not Installed,True
ViscoTec America Inc.,No Site,Windows Laptop,PK-ThinkPad-New,"Aug 16, 2026",Not Installed,True
ViscoTec America Inc.,No Site,Windows Laptop,VTLPT-VPSAREV,"Aug 18, 2026",Not Installed,True
ViscoTec America Inc.,No Site,Windows Workstation,VTUSNB021,"Aug 17, 2026",Failed,True
WLM Contracting,No Site,Windows Laptop,Jeremiah,"Aug 17, 2026",Not Installed,True
WLM Contracting,No Site,Windows Workstation,Kym-Desktop2,"Aug 17, 2026",Not Installed,True
WLM Contracting,No Site,Windows Laptop,Meagan,"Aug 18, 2026",Not Installed,True
WLM Contracting,No Site,Windows Laptop,malissapc,"Aug 18, 2026",Not Installed,True
"Worley, Schilling & Randall",No Site,Windows Laptop,DESKTOP-2NKQPFQ,"Aug 17, 2026",Not Installed,True
"Worley, Schilling & Randall",No Site,Windows Laptop,DESKTOP-30PI9AF,"Aug 18, 2026",Not Installed,True
"Worley, Schilling & Randall",No Site,Windows Workstation,DESKTOP-7493V97,"Aug 17, 2026",Not Installed,True
"Worley, Schilling & Randall",No Site,Windows Workstation,DESKTOP-8H0B2OI,"Aug 18, 2026",Not Installed,True
"Worley, Schilling & Randall",No Site,Windows Laptop,DESKTOP-MI68ONT,"Aug 18, 2026",Not Installed,True
"Worley, Schilling & Randall",No Site,Windows Workstation,DESKTOP-PFRR9P5,"Aug 18, 2026",Not Installed,True
"Worley, Schilling & Randall",No Site,Windows Laptop,DESKTOP-QDEF7RL,"Aug 18, 2026",Not Installed,True
"Worley, Schilling & Randall",No Site,Windows Workstation,Heather,"Aug 18, 2026",Not Installed,True
"Worley, Schilling & Randall",No Site,Windows Laptop,JohnRMobile,"Aug 17, 2026",Not Installed,True
"Worley, Schilling & Randall",No Site,Windows Workstation,KellyWsrOffice,"Aug 18, 2026",Not Installed,True
"Worley, Schilling & Randall",No Site,Windows Laptop,LAPTOP-PW0JSYTZ,"Aug 18, 2026",Not Installed,True
"Worley, Schilling & Randall",No Site,Windows Workstation,Mona-Office,"Aug 18, 2026",Not Installed,True
"Worley, Schilling & Randall",No Site,Windows Laptop,Office,"Jul 23, 2026",Not Installed,True
"Worley, Schilling & Randall",No Site,Windows Workstation,Tammi-Office,"Aug 18, 2026",Not Installed,True
"Worley, Schilling & Randall",No Site,Windows Workstation,WSR-BWorley,"Aug 18, 2026",Not Installed,True
"Worley, Schilling & Randall",No Site,Windows Laptop,WSR-KellyNew,"Aug 18, 2026",Not Installed,True
"Worley, Schilling & Randall",No Site,Windows Workstation,WSR-PC-009,"Aug 18, 2026",Not Installed,True
"Worley, Schilling & Randall",No Site,Windows Workstation,WSR-PC-019,"Aug 12, 2026",Not Installed,True
"Worley, Schilling & Randall",No Site,Windows Workstation,WSR-PC-030,"Aug 18, 2026",Not Installed,True
"Worley, Schilling & Randall",No Site,Windows Laptop,WSR-PC-032,"Aug 10, 2026",Not Installed,True
"Worley, Schilling & Randall",No Site,Windows Workstation,WSR-PC-036,"Aug 17, 2026",Not Installed,True
"Worley, Schilling & Randall",No Site,Windows Laptop,WSR-PC-22,"Aug 18, 2026",Not Installed,True
"Worley, Schilling & Randall",No Site,Windows Workstation,WSR-PC-34,"Aug 18, 2026",Not Installed,True
"Worley, Schilling & Randall",No Site,Windows Workstation,WSR-PC-35-Worle,"Aug 18, 2026",Not Installed,True
"Worley, Schilling & Randall",No Site,Windows Workstation,WSRJohn,"Apr 28, 2026",Not Installed,True
"Worley, Schilling & Randall","Worley, Schilling & Randall- (AV and Patch only)",Windows Workstation,DESKTOP-G1MGTHU,"Aug 03, 2026",Not Installed,True
"Worley, Schilling & Randall","Worley, Schilling & Randall- (AV and Patch only)",Windows Laptop,Kieshaun,"Aug 13, 2026",Not Installed,True
"Worley, Schilling & Randall","Worley, Schilling & Randall- (AV and Patch only)",Windows Workstation,Tammi,"Aug 17, 2026",Not Installed,True
"Worley, Schilling & Randall","Worley, Schilling & Randall- (AV and Patch only)",Windows Workstation,WSR-HRandall,"Aug 18, 2026",Not Installed,True
