Customer,Site,Device Class,Device Name,OS,Status,Patch Category,Count,Matched to Inventory
AV Powell and Associates LLC*,AV Powell and Associates LLC (HQ),Windows Laptop,CNN-2026LAPTOP,11 Pro ,Not Installed,Security Updates,5,True
AV Powell and Associates LLC*,Unknown (not in Network Hardware),Windows Laptop,DMC-2025LAPTOP,Unknown,Not Installed,Security Updates,3,False
AV Powell and Associates LLC*,Unknown (not in Network Hardware),Windows Laptop,DMC-2025LAPTOP,Unknown,Not Installed,Critical Updates,2,False
Ameriserve*,"Ameriserve (Birmingham, AL)",Windows Laptop,AMR-PW0EM5X2,11 Business ,Not Installed,Security Updates,4,True
Ameriserve*,"Ameriserve (Birmingham, AL)",Windows Laptop,AMR-PW0FLZ6A,11 Business ,Failed,Security Updates,1,True
Ameriserve*,"Ameriserve (Birmingham, AL)",Windows Laptop,AMR-PW0FLZ6A,11 Business ,Not Installed,Security Updates,2,True
Ameriserve*,"Ameriserve (Birmingham, AL)",Windows Workstation,DESKTOP-9HOU0V6,11 Pro ,Not Installed,Security Updates,5,True
Ameriserve*,"Ameriserve (Jacksonville, FL)",Windows Laptop,AMR-PF52KENM,11 Business ,Not Installed,Security Updates,1,True
Ameriserve*,"Ameriserve (Jacksonville, FL)",Windows Laptop,Beef,11 Business ,Not Installed,Security Updates,1,True
Ameriserve*,"Ameriserve (Jacksonville, FL)",Windows Laptop,DESKTOP-AJH83PU,11 Business ,Not Installed,Security Updates,3,True
Ameriserve*,"Ameriserve (Jacksonville, FL)",Windows Workstation,Desktop-MZ029WTL,11 Business ,Not Installed,Security Updates,1,True
Ameriserve*,"Ameriserve (Jacksonville, FL)",Windows Laptop,LAPTOP-7THK2UM3,11 Business ,Not Installed,Security Updates,4,True
Ameriserve*,"Ameriserve (Jacksonville, FL)",Windows Laptop,LAPTOP-PW0FLYJT,11 Pro ,Not Installed,Security Updates,1,True
Ameriserve*,"Ameriserve (Jacksonville, FL)",Windows Laptop,LAPTOP-SA005XHP,11 Business ,Not Installed,Security Updates,1,True
Ameriserve*,"Ameriserve (Jacksonville, FL)",Windows Laptop,LAPTOP-SA005XRA,11 Business ,Not Installed,Security Updates,1,True
Ameriserve*,"Ameriserve (Jacksonville, FL)",Windows Laptop,LAPTOP-SCAM8OIU,11 Business ,Not Installed,Security Updates,1,True
Ameriserve*,"Ameriserve (Jefferson, GA)",Windows Laptop,AMR-PW0CKP96,11 Business ,Not Installed,Security Updates,2,True
Ameriserve*,"Ameriserve (Jefferson, GA)",Windows Laptop,JP-HP-LAP,11 Pro ,Not Installed,Security Updates,3,True
Ameriserve*,"Ameriserve (Jefferson, GA)",Windows Laptop,LAPTOP-PW0FLXBT,11 Pro ,Not Installed,Security Updates,2,True
Ameriserve*,"Ameriserve (Jefferson, GA)",Windows Laptop,LAPTOP-PW0FLZ7A,11 Pro ,Not Installed,Security Updates,1,True
Ameriserve*,"Ameriserve (Jefferson, GA)",Windows Laptop,ZPOTTER-LAP,11 Pro ,Not Installed,Security Updates,1,True
Ameriserve*,"Ameriserve (Montgomery, AL)",Windows Laptop,AMR-PW0FWGR7,11 Business ,Not Installed,Security Updates,1,True
Ameriserve*,"Ameriserve (Montgomery, AL)",Windows Laptop,AMR-PW0FWGRN,11 Business ,Not Installed,Security Updates,1,True
Ameriserve*,"Ameriserve (Montgomery, AL)",Windows Laptop,AMR-PW0FWGS6,11 Business ,Not Installed,Security Updates,1,True
Ameriserve*,"Ameriserve (Montgomery, AL)",Windows Laptop,AMR-PW0FWKN0,11 Pro ,Not Installed,Security Updates,1,True
Ameriserve*,"Ameriserve (Montgomery, AL)",Windows Laptop,AMR-PW0FWKRV,11 Business ,Not Installed,Security Updates,2,True
Ameriserve*,"Ameriserve (Montgomery, AL)",Windows Laptop,AMR-PW0FWKWM,11 Business ,Not Installed,Security Updates,1,True
Ameriserve*,"Ameriserve (Mooresville, NC)",Windows Laptop,LAPTOP-CBPO5428,11 Business ,Not Installed,Security Updates,3,True
Ameriserve*,"Ameriserve (Mooresville, NC)",Windows Laptop,LAPTOP-PW0FLXBP,11 Business ,Not Installed,Security Updates,3,True
Ameriserve*,"Ameriserve (Mooresville, NC)",Windows Laptop,LAPTOP-PW0FWGVC,11 Business ,Not Installed,Security Updates,1,True
Ameriserve*,"Ameriserve (Orlando, FL)",Windows Laptop,AMR-PW0FLYEM,11 Business ,Not Installed,Security Updates,1,True
Ameriserve*,"Ameriserve (Orlando, FL)",Windows Laptop,AMR-PW0FLZ7W,11 Pro ,Not Installed,Security Updates,2,True
Ameriserve*,"Ameriserve (Statesboro, GA)",Windows Laptop,AMR-PW0FLXBW,11 Pro ,Not Installed,Security Updates,1,True
Ameriserve*,"Ameriserve (Tampa, FL)",Windows Workstation,GARSPC1,11 Home ,Not Installed,Security Updates,1,True
Ameriserve*,"Ameriserve HQ (Tucker, GA)",Windows Laptop,AMR-PF52L5HG,11 Pro ,Not Installed,Security Updates,18,True
Ameriserve*,"Ameriserve HQ (Tucker, GA)",Windows Laptop,AMR-PW0CKPAG,11 Pro ,Not Installed,Security Updates,1,True
Ameriserve*,"Ameriserve HQ (Tucker, GA)",Windows Laptop,AMR-PW0EM5XH,11 Business ,Failed,Security Updates,1,True
Ameriserve*,"Ameriserve HQ (Tucker, GA)",Windows Laptop,AMR-PW0EM5XH,11 Business ,Not Installed,Security Updates,13,True
Ameriserve*,"Ameriserve HQ (Tucker, GA)",Windows Laptop,AMR-PW0FLYJB,11 Business ,Not Installed,Security Updates,2,True
Ameriserve*,"Ameriserve HQ (Tucker, GA)",Windows Laptop,AMR-PW0FWGXW,11 Business ,Not Installed,Security Updates,2,True
Ameriserve*,"Ameriserve HQ (Tucker, GA)",Windows Laptop,AMR-PW0FWKSP,11 Business ,Not Installed,Security Updates,2,True
Ameriserve*,"Ameriserve HQ (Tucker, GA)",Windows Laptop,GARSFinance,11 Business ,Not Installed,Security Updates,1,True
Ameriserve*,"Ameriserve HQ (Tucker, GA)",Windows Laptop,Kwon-AmeriServe,11 Business ,Not Installed,Security Updates,1,True
Ameriserve*,"Ameriserve HQ (Tucker, GA)",Windows Laptop,LAPTOP-5CG0355FN1,11 Business ,Not Installed,Security Updates,1,True
Ameriserve*,"Ameriserve HQ (Tucker, GA)",Windows Laptop,LAPTOP-94C5MOQP,11 Business ,Not Installed,Security Updates,1,True
Ameriserve*,"Ameriserve HQ (Tucker, GA)",Windows Laptop,LAPTOP-AJCK69TN,11 Business ,Not Installed,Security Updates,1,True
Ameriserve*,"Ameriserve HQ (Tucker, GA)",Windows Laptop,LAPTOP-MC8GDF70,11 Pro ,Not Installed,Security Updates,1,True
Ameriserve*,"Ameriserve HQ (Tucker, GA)",Windows Laptop,LAPTOP-PJ1C78EL,11 Business ,Not Installed,Security Updates,2,True
Ameriserve*,"Ameriserve HQ (Tucker, GA)",Windows Laptop,LAPTOP-PS1LUUS1,11 Business ,Not Installed,Security Updates,1,True
Ameriserve*,"Ameriserve HQ (Tucker, GA)",Windows Laptop,LAPTOP-PW0EMD4Y,11 Business ,Not Installed,Security Updates,1,True
Ameriserve*,"Ameriserve HQ (Tucker, GA)",Windows Laptop,LAPTOP-PW0FLX6M,11 Pro ,Not Installed,Security Updates,1,True
Ameriserve*,"Ameriserve HQ (Tucker, GA)",Windows Laptop,LAPTOP-PW0FLYF1,11 Business ,Not Installed,Security Updates,1,True
Ameriserve*,"Ameriserve HQ (Tucker, GA)",Windows Laptop,LAPTOP-SA005XQ0,11 Business ,Not Installed,Security Updates,1,True
Ameriserve*,"Ameriserve HQ (Tucker, GA)",Windows Laptop,Michelle-Ameriserve,11 Business ,Not Installed,Security Updates,1,True
Ameriserve*,"Ameriserve HQ (Tucker, GA)",Windows Laptop,Misty,11 Business ,Not Installed,Security Updates,3,True
Ameriserve*,"Ameriserve HQ (Tucker, GA)",Windows Laptop,TashasWorkLT,11 Home ,Not Installed,Security Updates,1,True
Ameriserve*,"Ameriserve HQ (Tucker, GA)",Windows Laptop,USERWC-UCA0URDS,11 Pro ,Not Installed,Security Updates,7,True
Ameriserve*,Lampien Mechanical,Windows Laptop,LAPTOP-1SES81M8,11 Business ,Not Installed,Security Updates,1,True
Ameriserve*,Lampien Mechanical,Windows Laptop,LAPTOP-B07SH2J4,11 Business ,Not Installed,Security Updates,1,True
Ameriserve*,Lampien Mechanical,Windows Laptop,LAPTOP-NDFLNF2R,11 Business ,Not Installed,Security Updates,1,True
"Asphalt Enterprises, Inc.",No Site,Windows Laptop,9GGBND3,11 Home ,Not Installed,Security Updates,2,True
"Asphalt Enterprises, Inc.",No Site,Windows Laptop,9GGBND3,11 Home ,Not Installed,Critical Updates,2,True
"Asphalt Enterprises, Inc.",No Site,Windows Workstation,DCH05K3,11 Pro ,Not Installed,Security Updates,7,True
"Asphalt Enterprises, Inc.",No Site,Windows Workstation,DCH05K3,11 Pro ,Not Installed,Critical Updates,2,True
Beckway,No Site,Windows Laptop,BECKWAY-119,11 Business ,Not Installed,Security Updates,1,True
Beckway,No Site,Windows Laptop,BECKWAY-12,11 Business ,Not Installed,Security Updates,1,True
Beckway,No Site,Windows Laptop,BECKWAY-136,11 Business ,Not Installed,Security Updates,5,True
Beckway,No Site,Windows Laptop,BECKWAY-147,11 Business ,Not Installed,Security Updates,1,True
Beckway,No Site,Windows Laptop,Beckway-04,11 Pro ,Not Installed,Security Updates,1,True
Beckway,No Site,Windows Laptop,Beckway-10,11 Business ,Not Installed,Security Updates,3,True
Beckway,No Site,Windows Laptop,Beckway-117,11 Business ,Not Installed,Security Updates,3,True
Beckway,No Site,Windows Laptop,Beckway-121,11 Business ,Not Installed,Security Updates,3,True
Beckway,No Site,Windows Laptop,Beckway-122,11 Business ,Not Installed,Security Updates,1,True
Beckway,No Site,Windows Laptop,Beckway-124,11 Pro ,Not Installed,Security Updates,1,True
Beckway,No Site,Windows Laptop,Beckway-134,11 Pro ,Not Installed,Security Updates,1,True
Beckway,No Site,Windows Laptop,Beckway-135,11 Business ,Not Installed,Security Updates,4,True
Beckway,No Site,Windows Laptop,Beckway-138,11 Business ,Not Installed,Security Updates,1,True
Beckway,No Site,Windows Laptop,Beckway-14,11 Business ,Not Installed,Security Updates,1,True
Beckway,No Site,Windows Laptop,Beckway-143,11 Business ,Not Installed,Security Updates,1,True
Beckway,No Site,Windows Laptop,Beckway-150,11 Business ,Not Installed,Security Updates,1,True
Beckway,No Site,Windows Laptop,Beckway-153,11 Business ,Not Installed,Security Updates,1,True
Beckway,No Site,Windows Laptop,Beckway-154,11 Business ,Not Installed,Security Updates,1,True
Beckway,No Site,Windows Laptop,Beckway-16,11 Business ,Not Installed,Security Updates,1,True
Beckway,No Site,Windows Laptop,Beckway-17,11 Business ,Not Installed,Security Updates,1,True
Beckway,No Site,Windows Laptop,Beckway-24,11 Pro ,Not Installed,Security Updates,1,True
Beckway,No Site,Windows Laptop,Beckway-28,11 Business ,Not Installed,Security Updates,1,True
Beckway,No Site,Windows Laptop,Beckway-36,11 Business ,Not Installed,Security Updates,1,True
Beckway,No Site,Windows Laptop,Beckway-37,11 Business ,Not Installed,Security Updates,1,True
Beckway,No Site,Windows Laptop,Beckway-38,11 Business ,Not Installed,Security Updates,1,True
Beckway,No Site,Windows Laptop,Beckway-39,11 Pro ,Not Installed,Security Updates,2,True
Beckway,No Site,Windows Laptop,Beckway-42,11 Business ,Not Installed,Security Updates,1,True
Beckway,No Site,Windows Laptop,Beckway-44,11 Business ,Not Installed,Security Updates,1,True
Beckway,No Site,Windows Laptop,Beckway-45,11 Business ,Not Installed,Security Updates,1,True
Beckway,No Site,Windows Laptop,Beckway-47,11 Business ,Not Installed,Security Updates,4,True
Beckway,No Site,Windows Laptop,Beckway-48,11 Business ,Not Installed,Security Updates,1,True
Beckway,No Site,Windows Laptop,Beckway-50,11 Business ,Not Installed,Security Updates,2,True
Beckway,No Site,Windows Laptop,Beckway-51,11 Business ,Not Installed,Security Updates,6,True
Beckway,No Site,Windows Laptop,Beckway-60,11 Business ,Not Installed,Security Updates,1,True
Beckway,No Site,Windows Laptop,Beckway-62,11 Business ,Not Installed,Security Updates,1,True
Beckway,No Site,Windows Laptop,Beckway-63,11 Business ,Not Installed,Security Updates,1,True
Beckway,No Site,Windows Laptop,Beckway-66,11 Business ,Not Installed,Security Updates,2,True
Beckway,No Site,Windows Laptop,Beckway-73,11 Business ,Not Installed,Security Updates,2,True
Beckway,No Site,Windows Laptop,Beckway-76,11 Business ,Not Installed,Security Updates,1,True
Beckway,No Site,Windows Laptop,Beckway-78,11 Business ,Not Installed,Security Updates,5,True
Beckway,No Site,Windows Laptop,Beckway-83,11 Business ,Not Installed,Security Updates,1,True
Beckway,No Site,Windows Laptop,Beckway-85,11 Business ,Not Installed,Security Updates,1,True
Beckway,No Site,Windows Laptop,Beckway-88,11 Business ,Not Installed,Security Updates,1,True
Beckway,No Site,Windows Laptop,Beckway-91,11 Business ,Not Installed,Security Updates,8,True
Beckway,No Site,Windows Laptop,Beckway-93,11 Business ,Not Installed,Security Updates,1,True
Beckway,No Site,Windows Laptop,Beckway-94,11 Business ,Not Installed,Security Updates,1,True
Beckway,No Site,Windows Laptop,Beckway-95,11 Business ,Not Installed,Security Updates,4,True
Beckway,No Site,Windows Laptop,Beckway-97,11 Business ,Not Installed,Security Updates,1,True
Beckway,No Site,Windows Laptop,LAPTOP-0242FU2O,11 Pro ,Not Installed,Security Updates,16,True
Beckway,No Site,Windows Laptop,LAPTOP-98DSDRNJ,11 Business ,Not Installed,Security Updates,1,True
Beckway,No Site,Windows Laptop,LAPTOP-FRU70V2C,11 Pro ,Not Installed,Security Updates,1,True
Beckway,No Site,Windows Laptop,LAPTOP-IR2KUSCN,11 Business ,Not Installed,Security Updates,1,True
Beckway,No Site,Windows Laptop,LAPTOP-MO8PU9MB,11 Pro ,Not Installed,Security Updates,2,True
Beckway,No Site,Windows Laptop,LAPTOP-PF5V50T5,11 Business ,Not Installed,Security Updates,7,True
Beckway,No Site,Windows Laptop,LAPTOP-PMIC45A0,11 Business ,Not Installed,Security Updates,12,True
Beckway,No Site,Windows Laptop,LAPTOP-PMIC45A0,11 Business ,Not Installed,Critical Updates,8,True
Beckway,No Site,Windows Laptop,LAPTOP-UMBJS611,11 Business ,Not Installed,Security Updates,1,True
Beckway,No Site,Windows Laptop,beckway-156,11 Business ,Not Installed,Security Updates,6,True
Bercher Homes (Suite 100),No Site,Windows Workstation,Brad-NewDesktop,11 Pro ,Not Installed,Security Updates,4,True
Bercher Homes (Suite 100),No Site,Windows Laptop,DALE-SURFACE,11 Pro ,Not Installed,Security Updates,2,True
Bercher Homes (Suite 100),No Site,Windows Laptop,KARL-PC,11 Pro ,Not Installed,Security Updates,2,True
Bercher Homes (Suite 100),No Site,Windows Laptop,Thomas-NewLaptop,11 Pro ,Not Installed,Security Updates,4,True
Beulah Heights University (Main Campus),No Site,Windows Laptop,BU-L-5VWQ494,11 Pro ,Not Installed,Security Updates,26,True
Beulah Heights University (Main Campus),No Site,Windows Laptop,BU-L-5VWQ494,11 Pro ,Not Installed,Critical Updates,6,True
Beulah Heights University (Main Campus),No Site,Windows Laptop,BU-L-7VWQ494,11 Pro ,Not Installed,Security Updates,16,True
Beulah Heights University (Main Campus),No Site,Windows Laptop,BU-L-CVWQ494,11 Pro ,Not Installed,Security Updates,10,True
"Bickers Consulting Group, LLC",No Site,Windows Laptop,DESKTOP-LL6UV4K,11 Pro ,Not Installed,Security Updates,3,True
Boxercraft*,Unknown (not in Network Hardware),Windows Laptop,BXC-7DTN594,Unknown,Not Installed,Security Updates,2,False
Boxercraft*,Unknown (not in Network Hardware),Windows Laptop,Bxrcraft-lp-22,Unknown,Not Installed,Security Updates,1,False
Boxercraft*,Unknown (not in Network Hardware),Windows Workstation,DESKTOP-1UC8RO3,Unknown,Not Installed,Security Updates,2,False
Boxercraft*,Unknown (not in Network Hardware),Windows Laptop,DESKTOP-5K66AD7,Unknown,Not Installed,Security Updates,2,False
Boxercraft*,Unknown (not in Network Hardware),Windows Workstation,DESKTOP-CBBK794,Unknown,Not Installed,Security Updates,1,False
Boxercraft*,Unknown (not in Network Hardware),Windows Laptop,DESKTOP-FC0JCME,Unknown,Not Installed,Security Updates,7,False
Boxercraft*,Unknown (not in Network Hardware),Windows Workstation,DESKTOP-FGHM21K,Unknown,Not Installed,Security Updates,1,False
Boxercraft*,Unknown (not in Network Hardware),Windows Workstation,DESKTOP-HPJHV94,Unknown,Not Installed,Security Updates,4,False
Boxercraft*,Unknown (not in Network Hardware),Windows Laptop,DESKTOP-LOM79VI,Unknown,Not Installed,Security Updates,1,False
Boxercraft*,Unknown (not in Network Hardware),Windows Laptop,LAPTOP-1CG3FG3,Unknown,Not Installed,Security Updates,3,False
Boxercraft*,Unknown (not in Network Hardware),Windows Laptop,LAPTOP-1CG3FG3,Unknown,Not Installed,Critical Updates,4,False
Boxercraft*,Unknown (not in Network Hardware),Windows Laptop,LAPTOP-2W4D164,Unknown,Not Installed,Security Updates,4,False
Boxercraft*,Unknown (not in Network Hardware),Windows Laptop,LAPTOP-2W4D164,Unknown,Not Installed,Critical Updates,2,False
Boxercraft*,Unknown (not in Network Hardware),Windows Laptop,LAPTOP-40XG864,Unknown,Not Installed,Security Updates,2,False
Boxercraft*,Unknown (not in Network Hardware),Windows Laptop,LAPTOP-40XG864,Unknown,Not Installed,Critical Updates,1,False
Boxercraft*,Unknown (not in Network Hardware),Windows Laptop,LAPTOP-5ZK1LY3,Unknown,Not Installed,Security Updates,4,False
Boxercraft*,Unknown (not in Network Hardware),Windows Laptop,LAPTOP-5ZK1LY3,Unknown,Not Installed,Critical Updates,2,False
Boxercraft*,Unknown (not in Network Hardware),Windows Laptop,LAPTOP-7RM2DT7,Unknown,Not Installed,Security Updates,1,False
Boxercraft*,Unknown (not in Network Hardware),Windows Laptop,LAPTOP-F33P594,Unknown,Not Installed,Security Updates,5,False
Boxercraft*,Unknown (not in Network Hardware),Windows Laptop,LAPTOP-F4JXKY3,Unknown,Not Installed,Security Updates,1,False
Boxercraft*,Unknown (not in Network Hardware),Windows Laptop,LAPTOP-H9SLDQG,Unknown,Not Installed,Security Updates,12,False
Boxercraft*,Unknown (not in Network Hardware),Windows Laptop,LAPTOP-H9SLDQG,Unknown,Not Installed,Critical Updates,4,False
Boxercraft*,Unknown (not in Network Hardware),Windows Laptop,LAPTOP-J6Q4ZW3,Unknown,Not Installed,Security Updates,3,False
Boxercraft*,Unknown (not in Network Hardware),Windows Laptop,LAPTOP-J6Q4ZW3,Unknown,Not Installed,Critical Updates,2,False
Boxercraft*,Unknown (not in Network Hardware),Windows Laptop,Laura-LPT,Unknown,Not Installed,Security Updates,3,False
Boxercraft*,Unknown (not in Network Hardware),Windows Laptop,PC-US-1483,Unknown,Not Installed,Security Updates,1,False
Boxercraft*,Unknown (not in Network Hardware),Windows Laptop,RECOVER-7LVH8G3,Unknown,Not Installed,Security Updates,1,False
Boxercraft*,Unknown (not in Network Hardware),Windows Workstation,VAS-DESKTOP-04,Unknown,Not Installed,Security Updates,1,False
Boxercraft*,Unknown (not in Network Hardware),Windows Laptop,bxroffice-lpt15,Unknown,Not Installed,Security Updates,3,False
Boxercraft*,Unknown (not in Network Hardware),Windows Laptop,bxroffice-lpt16,Unknown,Not Installed,Security Updates,3,False
Boxercraft*,Unknown (not in Network Hardware),Windows Laptop,bxroffice-lpt21-ovp,Unknown,Not Installed,Security Updates,3,False
Boxercraft*,Unknown (not in Network Hardware),Windows Laptop,bxroffice-lpt23,Unknown,Failed,Security Updates,1,False
Boxercraft*,Unknown (not in Network Hardware),Windows Laptop,bxroffice-lpt23,Unknown,Not Installed,Security Updates,2,False
Brindlee Fire Services*,Brindlee Fire Services,Windows Laptop,DESKTOP-7GDL54T,11 Enterprise ,Not Installed,Security Updates,1,True
Brindlee Fire Services*,Brindlee Fire Services,Windows Laptop,DESKTOP-7U8TIKV,11 Enterprise ,Not Installed,Security Updates,1,True
Brindlee Fire Services*,Brindlee Fire Services,Windows Laptop,DESKTOP-DTE97CU,11 Enterprise ,Not Installed,Security Updates,3,True
Brindlee Fire Services*,Brindlee Fire Services,Windows Laptop,DESKTOP-EI0FURA,11 Enterprise ,Not Installed,Security Updates,1,True
Brindlee Fire Services*,Brindlee Fire Services,Windows Laptop,DESKTOP-FQQF3CS,11 Pro ,Not Installed,Security Updates,1,True
Brindlee Fire Services*,Brindlee Fire Services,Windows Laptop,DESKTOP-G9BOR3C,11 Business ,Not Installed,Security Updates,2,True
Brindlee Fire Services*,Brindlee Fire Services,Windows Laptop,DESKTOP-IRFKN0G,11 Enterprise ,Not Installed,Security Updates,1,True
Brindlee Fire Services*,Brindlee Fire Services,Windows Laptop,DESKTOP-J8QTE60,11 Enterprise ,Not Installed,Security Updates,1,True
Brindlee Fire Services*,Brindlee Fire Services,Windows Laptop,DESKTOP-LD7H7TE,11 Enterprise ,Not Installed,Security Updates,1,True
Brindlee Fire Services*,Brindlee Fire Services,Windows Laptop,DESKTOP-S6B8V2U,11 Enterprise ,Not Installed,Security Updates,3,True
Brindlee Fire Services*,Brindlee Fire Services,Windows Laptop,DESKTOP-S6B8V2U,11 Enterprise ,Not Installed,Critical Updates,2,True
Brindlee Fire Services*,Brindlee Fire Services,Windows Laptop,DESKTOP-VIGJC68,11 Enterprise ,Not Installed,Security Updates,1,True
Brindlee Fire Services*,Brindlee Fire Services,Windows Laptop,RMF-001882220557,11 Enterprise ,Not Installed,Security Updates,3,True
Brindlee Fire Services*,Brindlee Fire Services,Windows Laptop,RMF-002703220557,11 Business ,Not Installed,Security Updates,3,True
Brindlee Fire Services*,Brindlee Fire Services,Windows Laptop,RMF-020343214757,11 Enterprise ,Not Installed,Security Updates,3,True
Brindlee Fire Services*,Brindlee Fire Services,Windows Laptop,RMF-046147614857,11 Enterprise ,Not Installed,Security Updates,1,True
Brindlee Fire Services*,Brindlee Fire Services,Windows Laptop,RMF-10392614357,11 Enterprise ,Not Installed,Security Updates,1,True
Brindlee Fire Services*,Brindlee Fire Services,Windows Laptop,RMF-13G0R74,11 Business ,Not Installed,Security Updates,7,True
Brindlee Fire Services*,Brindlee Fire Services,Windows Laptop,RMF-15G0R74,11 Pro ,Not Installed,Security Updates,1,True
Brindlee Fire Services*,Brindlee Fire Services,Windows Laptop,RMF-167VQ74,11 Business ,Not Installed,Security Updates,1,True
Brindlee Fire Services*,Brindlee Fire Services,Windows Laptop,RMF-1HDVQ74,11 Pro ,Not Installed,Security Updates,1,True
Brindlee Fire Services*,Brindlee Fire Services,Windows Laptop,RMF-1LDMN94,11 Pro ,Not Installed,Security Updates,17,True
Brindlee Fire Services*,Brindlee Fire Services,Windows Laptop,RMF-1LDMN94,11 Pro ,Not Installed,Critical Updates,7,True
Brindlee Fire Services*,Brindlee Fire Services,Windows Laptop,RMF-25ZYN94,11 Enterprise ,Not Installed,Security Updates,2,True
Brindlee Fire Services*,Brindlee Fire Services,Windows Laptop,RMF-2RNZN94,11 Enterprise ,Not Installed,Security Updates,1,True
Brindlee Fire Services*,Brindlee Fire Services,Windows Laptop,RMF-347VQ74,11 Enterprise ,Not Installed,Security Updates,3,True
Brindlee Fire Services*,Brindlee Fire Services,Windows Laptop,RMF-3CS0R74,11 Enterprise ,Not Installed,Security Updates,7,True
Brindlee Fire Services*,Brindlee Fire Services,Windows Laptop,RMF-3NT3N74,11 Enterprise ,Not Installed,Security Updates,2,True
Brindlee Fire Services*,Brindlee Fire Services,Windows Laptop,RMF-3XJ6N64,11 Enterprise ,Not Installed,Security Updates,9,True
Brindlee Fire Services*,Brindlee Fire Services,Windows Laptop,RMF-4R7XN94,11 Enterprise ,Not Installed,Security Updates,2,True
Brindlee Fire Services*,Brindlee Fire Services,Windows Laptop,RMF-4VV48F4,11 Business ,Not Installed,Security Updates,1,True
Brindlee Fire Services*,Brindlee Fire Services,Windows Laptop,RMF-577VQ74,11 Enterprise ,Not Installed,Security Updates,1,True
Brindlee Fire Services*,Brindlee Fire Services,Windows Laptop,RMF-5CG00300MN,11 Pro ,Not Installed,Security Updates,1,True
Brindlee Fire Services*,Brindlee Fire Services,Windows Laptop,RMF-5CG05137DQ,11 Pro ,Not Installed,Security Updates,15,True
Brindlee Fire Services*,Brindlee Fire Services,Windows Laptop,RMF-5CG2087P0C,11 Business ,Not Installed,Security Updates,2,True
Brindlee Fire Services*,Brindlee Fire Services,Windows Laptop,RMF-5CG2087PIN,11 Enterprise ,Not Installed,Security Updates,1,True
Brindlee Fire Services*,Brindlee Fire Services,Windows Laptop,RMF-5CG45006X6,11 Enterprise ,Not Installed,Security Updates,1,True
Brindlee Fire Services*,Brindlee Fire Services,Windows Laptop,RMF-5CG45006YK,11 Pro ,Not Installed,Security Updates,4,True
Brindlee Fire Services*,Brindlee Fire Services,Windows Laptop,RMF-5CG450079H,11 Enterprise ,Not Installed,Security Updates,2,True
Brindlee Fire Services*,Brindlee Fire Services,Windows Laptop,RMF-5CG45008C9,11 Pro ,Not Installed,Security Updates,3,True
Brindlee Fire Services*,Brindlee Fire Services,Windows Laptop,RMF-5CG45008C9,11 Pro ,Not Installed,Critical Updates,2,True
Brindlee Fire Services*,Brindlee Fire Services,Windows Laptop,RMF-5CG9184381,11 Business ,Not Installed,Security Updates,13,True
Brindlee Fire Services*,Brindlee Fire Services,Windows Laptop,RMF-5SKVQ74,11 Business ,Not Installed,Security Updates,1,True
Brindlee Fire Services*,Brindlee Fire Services,Windows Laptop,RMF-5Y1VQ74,11 Enterprise ,Not Installed,Security Updates,1,True
Brindlee Fire Services*,Brindlee Fire Services,Windows Laptop,RMF-677VQ74,11 Enterprise ,Not Installed,Security Updates,3,True
Brindlee Fire Services*,Brindlee Fire Services,Windows Laptop,RMF-6CDVQ74,11 Enterprise ,Not Installed,Security Updates,6,True
Brindlee Fire Services*,Brindlee Fire Services,Windows Laptop,RMF-7041R74,11 Business ,Not Installed,Security Updates,2,True
Brindlee Fire Services*,Brindlee Fire Services,Windows Laptop,RMF-7JDVQ74,11 Pro ,Not Installed,Security Updates,1,True
Brindlee Fire Services*,Brindlee Fire Services,Windows Workstation,RMF-8L49D9U,11 Pro ,Not Installed,Security Updates,1,True
Brindlee Fire Services*,Brindlee Fire Services,Windows Laptop,RMF-94ZYN94,11 Enterprise ,Not Installed,Security Updates,1,True
Brindlee Fire Services*,Brindlee Fire Services,Windows Laptop,RMF-97QVQ74,11 Enterprise ,Not Installed,Security Updates,1,True
Brindlee Fire Services*,Brindlee Fire Services,Windows Laptop,RMF-9C90R74,11 Business ,Not Installed,Security Updates,2,True
Brindlee Fire Services*,Brindlee Fire Services,Windows Laptop,RMF-9J11R74,11 Pro ,Not Installed,Security Updates,3,True
Brindlee Fire Services*,Brindlee Fire Services,Windows Laptop,RMF-9JG1R74,11 Enterprise ,Not Installed,Security Updates,21,True
Brindlee Fire Services*,Brindlee Fire Services,Windows Laptop,RMF-9JG1R74,11 Enterprise ,Not Installed,Critical Updates,3,True
Brindlee Fire Services*,Brindlee Fire Services,Windows Laptop,RMF-9MYLN94,11 Enterprise ,Not Installed,Security Updates,1,True
Brindlee Fire Services*,Brindlee Fire Services,Windows Laptop,RMF-B37VQ74,11 Pro ,Not Installed,Security Updates,3,True
Brindlee Fire Services*,Brindlee Fire Services,Windows Workstation,RMF-B4Z0X74,11 Pro ,Not Installed,Security Updates,1,True
Brindlee Fire Services*,Brindlee Fire Services,Windows Laptop,RMF-BBGRM74,11 Enterprise ,Not Installed,Security Updates,14,True
Brindlee Fire Services*,Brindlee Fire Services,Windows Workstation,RMF-BK80X74,11 Business ,Not Installed,Security Updates,8,True
Brindlee Fire Services*,Brindlee Fire Services,Windows Workstation,RMF-BK80X74,11 Business ,Not Installed,Critical Updates,1,True
Brindlee Fire Services*,Brindlee Fire Services,Windows Laptop,RMF-BRS0R74,11 Pro ,Not Installed,Security Updates,7,True
Brindlee Fire Services*,Brindlee Fire Services,Windows Laptop,RMF-CFM46F4,11 Enterprise ,Not Installed,Security Updates,1,True
Brindlee Fire Services*,Brindlee Fire Services,Windows Laptop,RMF-CJ8BN74,11 Pro ,Not Installed,Security Updates,4,True
Brindlee Fire Services*,Brindlee Fire Services,Windows Laptop,RMF-D4RVQ74,11 Enterprise ,Not Installed,Security Updates,3,True
Brindlee Fire Services*,Brindlee Fire Services,Windows Laptop,RMF-D7K1R74,11 Enterprise ,Not Installed,Security Updates,2,True
Brindlee Fire Services*,Brindlee Fire Services,Windows Laptop,RMF-DC11R74,11 Enterprise ,Not Installed,Security Updates,7,True
Brindlee Fire Services*,Brindlee Fire Services,Windows Workstation,RMF-DT-39F6XB4,11 Enterprise ,Not Installed,Security Updates,1,True
Brindlee Fire Services*,Brindlee Fire Services,Windows Workstation,RMF-DT-5N21X74,11 Pro ,Not Installed,Security Updates,9,True
Brindlee Fire Services*,Brindlee Fire Services,Windows Workstation,RMF-DT-69F6XB4,11 Pro ,Not Installed,Security Updates,9,True
Brindlee Fire Services*,Brindlee Fire Services,Windows Workstation,RMF-DT-69F6XB4,11 Pro ,Not Installed,Critical Updates,3,True
Brindlee Fire Services*,Brindlee Fire Services,Windows Workstation,RMF-DT-96Z0X74,11 Enterprise ,Not Installed,Security Updates,1,True
Brindlee Fire Services*,Brindlee Fire Services,Windows Workstation,RMF-DT-DVR0X74,11 Pro ,Not Installed,Security Updates,2,True
Brindlee Fire Services*,Brindlee Fire Services,Windows Laptop,RMF-F341R74,11 Pro ,Not Installed,Security Updates,4,True
Brindlee Fire Services*,Brindlee Fire Services,Windows Laptop,RMF-F7G0R74,11 Pro ,Not Installed,Security Updates,1,True
Brindlee Fire Services*,Brindlee Fire Services,Windows Laptop,RMF-F7GRM74,11 Pro ,Not Installed,Security Updates,12,True
Brindlee Fire Services*,Brindlee Fire Services,Windows Laptop,RMF-FJG1R74,11 Enterprise ,Not Installed,Security Updates,1,True
Brindlee Fire Services*,Brindlee Fire Services,Windows Laptop,RMF-FMJ5N64,11 Enterprise ,Not Installed,Security Updates,1,True
Brindlee Fire Services*,Brindlee Fire Services,Windows Laptop,RMF-G1ZYN94,11 Business ,Not Installed,Security Updates,1,True
Brindlee Fire Services*,Brindlee Fire Services,Windows Laptop,RMF-GDM46F4,11 Enterprise ,Not Installed,Security Updates,2,True
Brindlee Fire Services*,Brindlee Fire Services,Windows Laptop,RMF-GG90R74,11 Enterprise ,Not Installed,Security Updates,1,True
Brindlee Fire Services*,Brindlee Fire Services,Windows Laptop,RMF-GJG1R74,11 Enterprise ,Not Installed,Security Updates,2,True
Brindlee Fire Services*,Brindlee Fire Services,Windows Laptop,RMF-GYZ6N64,11 Business ,Not Installed,Security Updates,5,True
Brindlee Fire Services*,Brindlee Fire Services,Windows Laptop,RMF-GYZ6N64,11 Business ,Not Installed,Critical Updates,1,True
Brindlee Fire Services*,Brindlee Fire Services,Windows Laptop,RMF-HMKVQ74,11 Enterprise ,Not Installed,Security Updates,2,True
Brindlee Fire Services*,Brindlee Fire Services,Windows Laptop,RMF-HQ1VQ74,11 Enterprise ,Not Installed,Security Updates,2,True
Brindlee Fire Services*,Brindlee Fire Services,Windows Laptop,RMF-J2H3N74,11 Enterprise ,Not Installed,Security Updates,4,True
Brindlee Fire Services*,Brindlee Fire Services,Windows Laptop,RMF-JCZYN94,11 Enterprise ,Not Installed,Security Updates,1,True
Brindlee Fire Services*,Brindlee Fire Services,Windows Laptop,RMF-JGTLN94,11 Pro ,Not Installed,Security Updates,1,True
Brindlee Fire Services*,Brindlee Fire Services,Windows Laptop,RMF-JH90R74,11 Enterprise ,Not Installed,Security Updates,1,True
Brindlee Fire Services*,Brindlee Fire Services,Windows Laptop,RMF-JL40R74,11 Pro ,Not Installed,Security Updates,1,True
Brindlee Fire Services*,Brindlee Fire Services,Windows Laptop,RMF-LT-71W0R74,11 Business ,Not Installed,Security Updates,7,True
Brindlee Fire Services*,Brindlee Fire Services,Windows Workstation,RMF-MXL4123QDS,11 Enterprise ,Not Installed,Security Updates,1,True
Brindlee Fire Services*,Brindlee Fire Services,Windows Workstation,RMF-MXL9482WHK,11 Enterprise ,Not Installed,Security Updates,1,True
Brindlee Fire Services*,Capstone Station 1 Admin,Windows Laptop,DESKTOP-5410MHM,11 Enterprise ,Not Installed,Security Updates,2,True
Brindlee Fire Services*,Capstone Station 1 Admin,Windows Laptop,RMF-046060514857,11 Pro ,Not Installed,Security Updates,3,True
Brindlee Fire Services*,Capstone Station 1 Admin,Windows Laptop,RMF-2mq4150d4x,11 Pro ,Not Installed,Security Updates,7,True
Brindlee Fire Services*,Capstone Station 1 Admin,Windows Laptop,RMF-33G0R74,11 Pro ,Not Installed,Security Updates,1,True
Brindlee Fire Services*,Capstone Station 1 Admin,Windows Laptop,RMF-3FB7F94,11 Enterprise ,Not Installed,Security Updates,3,True
Brindlee Fire Services*,Capstone Station 1 Admin,Windows Laptop,RMF-3VSYN94,11 Enterprise ,Not Installed,Security Updates,3,True
Brindlee Fire Services*,Capstone Station 1 Admin,Windows Laptop,RMF-58ZYN94,11 Enterprise ,Not Installed,Security Updates,1,True
Brindlee Fire Services*,Capstone Station 1 Admin,Windows Laptop,RMF-5FM46F4,11 Business ,Not Installed,Security Updates,3,True
Brindlee Fire Services*,Capstone Station 1 Admin,Windows Laptop,RMF-5FM46F4,11 Business ,Not Installed,Critical Updates,4,True
Brindlee Fire Services*,Capstone Station 1 Admin,Windows Workstation,RMF-5KTTA42493,11 Enterprise ,Not Installed,Security Updates,13,True
Brindlee Fire Services*,Capstone Station 1 Admin,Windows Workstation,RMF-5KTTA42568,11 Enterprise ,Not Installed,Security Updates,6,True
Brindlee Fire Services*,Capstone Station 1 Admin,Windows Laptop,RMF-5L90R74,11 Business ,Not Installed,Security Updates,1,True
Brindlee Fire Services*,Capstone Station 1 Admin,Windows Laptop,RMF-7KG1R74,11 Enterprise ,Not Installed,Security Updates,7,True
Brindlee Fire Services*,Capstone Station 1 Admin,Windows Workstation,RMF-7VC0X74,11 Enterprise ,Not Installed,Security Updates,4,True
Brindlee Fire Services*,Capstone Station 1 Admin,Windows Workstation,RMF-7VC0X74,11 Enterprise ,Not Installed,Critical Updates,1,True
Brindlee Fire Services*,Capstone Station 1 Admin,Windows Laptop,RMF-8Q61R74,11 Enterprise ,Not Installed,Security Updates,2,True
Brindlee Fire Services*,Capstone Station 1 Admin,Windows Laptop,RMF-BT36N74,11 Enterprise ,Not Installed,Security Updates,1,True
Brindlee Fire Services*,Capstone Station 1 Admin,Windows Laptop,RMF-C3G0R74,11 Enterprise ,Not Installed,Security Updates,2,True
Brindlee Fire Services*,Capstone Station 1 Admin,Windows Laptop,RMF-C9N3N74,11 Enterprise ,Not Installed,Security Updates,1,True
Brindlee Fire Services*,Capstone Station 1 Admin,Windows Laptop,RMF-D5H3N74,11 Enterprise ,Not Installed,Security Updates,3,True
Brindlee Fire Services*,Capstone Station 1 Admin,Windows Workstation,RMF-DT-2Q80X74,11 Enterprise ,Not Installed,Security Updates,1,True
Brindlee Fire Services*,Capstone Station 1 Admin,Windows Workstation,RMF-DT-9N80X74,11 Enterprise ,Not Installed,Security Updates,1,True
Brindlee Fire Services*,Capstone Station 1 Admin,Windows Workstation,RMF-DT-BP80X74,11 Pro ,Not Installed,Security Updates,1,True
Brindlee Fire Services*,Capstone Station 1 Admin,Windows Laptop,RMF-DXSYN94,11 Enterprise ,Not Installed,Security Updates,6,True
Brindlee Fire Services*,Capstone Station 1 Admin,Windows Laptop,RMF-F3ZYN94,11 Enterprise ,Not Installed,Security Updates,1,True
Brindlee Fire Services*,Capstone Station 1 Admin,Windows Workstation,RMF-GP80X74,11 Enterprise ,Not Installed,Security Updates,1,True
Brindlee Fire Services*,Capstone Station 1 Admin,Windows Workstation,RMF-H3P83H4,11 Pro ,Not Installed,Security Updates,2,True
Brindlee Fire Services*,"Capstone Station 3 (Escondido, CA)",Windows Workstation,RMF-2N50X74,11 Pro ,Not Installed,Security Updates,1,True
Brindlee Fire Services*,"Capstone Station 4 (El Cajon, CA)",Windows Workstation,RMF-DT-DYC0X74,11 Enterprise ,Not Installed,Security Updates,1,True
Brindlee Fire Services*,"Capstone Station 6 (Roseville, CA)",Windows Laptop,RMF-B0TYN94,11 Pro ,Not Installed,Security Updates,2,True
Brindlee Fire Services*,"Central AZ Fleet (Tempe, AZ)",Windows Laptop,RMF-24G0R74,11 Enterprise ,Failed,Security Updates,1,True
Brindlee Fire Services*,"Central AZ Fleet (Tempe, AZ)",Windows Laptop,RMF-24G0R74,11 Enterprise ,Not Installed,Security Updates,3,True
Brindlee Fire Services*,"Central AZ Fleet (Tempe, AZ)",Windows Laptop,RMF-2MQ4390HB5,11 Enterprise ,Not Installed,Security Updates,2,True
Brindlee Fire Services*,"Central AZ Fleet (Tempe, AZ)",Windows Laptop,RMF-5CG01696Z3,11 Enterprise ,Not Installed,Security Updates,3,True
Brindlee Fire Services*,"Central AZ Fleet (Tempe, AZ)",Windows Laptop,RMF-5CG0422RWW,11 Enterprise ,Not Installed,Security Updates,7,True
Brindlee Fire Services*,"Central AZ Fleet (Tempe, AZ)",Windows Laptop,RMF-5CG0422T4W,11 Pro ,Not Installed,Security Updates,4,True
Brindlee Fire Services*,"Central AZ Fleet (Tempe, AZ)",Windows Laptop,RMF-5NG1R74,11 Enterprise ,Not Installed,Security Updates,1,True
Brindlee Fire Services*,"Central AZ Fleet (Tempe, AZ)",Windows Laptop,RMF-70RVQ74,11 Enterprise ,Not Installed,Security Updates,1,True
Brindlee Fire Services*,"Central AZ Fleet (Tempe, AZ)",Windows Laptop,RMF-7SP0R74,11 Business ,Not Installed,Security Updates,3,True
Brindlee Fire Services*,"Central AZ Fleet (Tempe, AZ)",Windows Workstation,RMF-8CG9142JYB,11 Enterprise ,Not Installed,Security Updates,1,True
Brindlee Fire Services*,"Central AZ Fleet (Tempe, AZ)",Windows Laptop,RMF-94W0R74,11 Enterprise ,Not Installed,Security Updates,3,True
Brindlee Fire Services*,"Central AZ Fleet (Tempe, AZ)",Windows Laptop,RMF-BTSYN94,11 Enterprise ,Not Installed,Security Updates,3,True
Brindlee Fire Services*,"Central AZ Fleet (Tempe, AZ)",Windows Laptop,RMF-CZQVQ74,11 Enterprise ,Not Installed,Security Updates,3,True
Brindlee Fire Services*,"Central AZ Fleet (Tempe, AZ)",Windows Laptop,RMF-GL4ZN94,11 Enterprise ,Not Installed,Security Updates,1,True
Brindlee Fire Services*,"Central AZ Fleet (Tempe, AZ)",Windows Laptop,RMF-GSZVTJ4,11 Business ,Not Installed,Security Updates,10,True
Brindlee Fire Services*,"Central AZ Fleet (Tempe, AZ)",Windows Laptop,RMF-GSZVTJ4,11 Business ,Not Installed,Critical Updates,2,True
Brindlee Fire Services*,"Central AZ Fleet (Tempe, AZ)",Windows Workstation,RMF-MXL0522Y5M,11 Pro ,Not Installed,Security Updates,9,True
Brindlee Fire Services*,Central AZ Station 821,Windows Workstation,RMF-MXL0522YBN,11 Enterprise ,Not Installed,Security Updates,1,True
Brindlee Fire Services*,Central AZ Station 826,Windows Workstation,RMF-DT-DJV7N23,11 Enterprise ,Not Installed,Security Updates,2,True
Brindlee Fire Services*,Central AZ Station 826,Windows Workstation,RMF-DT-JM80X74,11 Pro ,Not Installed,Security Updates,1,True
Brindlee Fire Services*,Central AZ Station 837,Windows Workstation,RMF-DT-2ZC0X74,11 Pro ,Not Installed,Security Updates,1,True
Brindlee Fire Services*,Central AZ Station 841,Windows Workstation,RMF-DT-3K50X74,11 Enterprise ,Not Installed,Security Updates,1,True
Brindlee Fire Services*,Central AZ Station 841,Windows Workstation,RMF-DT-CM80X74,11 Enterprise ,Not Installed,Security Updates,1,True
Brindlee Fire Services*,Central AZ Station 841,Windows Workstation,RMF-MXL0522Y5K,11 Enterprise ,Not Installed,Security Updates,1,True
Brindlee Fire Services*,Central AZ Station 842,Windows Laptop,RMF-5CG925B0T1,11 Pro ,Not Installed,Security Updates,1,True
Brindlee Fire Services*,Central AZ Station 842,Windows Workstation,RMF-DT-BQ80X74,11 Enterprise ,Not Installed,Security Updates,1,True
Brindlee Fire Services*,Central AZ Station 842,Windows Workstation,RMF-DT-GTC0X74,11 Enterprise ,Not Installed,Security Updates,1,True
Brindlee Fire Services*,Central AZ Station 842,Windows Workstation,RMF-MXL0521ZM7,11 Enterprise ,Not Installed,Security Updates,1,True
Brindlee Fire Services*,Central AZ Station 843,Windows Laptop,RMF-5CG2087NN7,11 Business ,Not Installed,Security Updates,3,True
Brindlee Fire Services*,Central AZ Station 843,Windows Laptop,RMF-5CG91844GV,11 Enterprise ,Not Installed,Security Updates,2,True
Brindlee Fire Services*,Central AZ Station 843,Windows Workstation,RMF-DT-4VC0X74,11 Enterprise ,Not Installed,Security Updates,1,True
Brindlee Fire Services*,Central AZ Station 843,Windows Laptop,RMF-DT-5CG9248P,11 Enterprise ,Not Installed,Security Updates,2,True
Brindlee Fire Services*,Central AZ Station 843,Windows Workstation,RMF-DT-GH50X74,11 Enterprise ,Not Installed,Security Updates,1,True
Brindlee Fire Services*,Central AZ Station 843,Windows Workstation,RMF-DT-GYC0X74,11 Enterprise ,Not Installed,Security Updates,1,True
Brindlee Fire Services*,Central AZ Station 857 Admin,Windows Workstation,DESKTOP-3338CH6,10 Pro ,Not Installed,Security Updates,14,True
Brindlee Fire Services*,Central AZ Station 857 Admin,Windows Workstation,DESKTOP-NKB3K7P,10 Pro ,Not Installed,Security Updates,16,True
Brindlee Fire Services*,Central AZ Station 857 Admin,Windows Workstation,DESKTOP-PDBFDTD,10 Enterprise ,Failed,Security Updates,2,True
Brindlee Fire Services*,Central AZ Station 857 Admin,Windows Workstation,DESKTOP-PDBFDTD,10 Enterprise ,Not Installed,Security Updates,13,True
Brindlee Fire Services*,Central AZ Station 857 Admin,Windows Workstation,DESKTOP-RGP3664,10 Pro ,Failed,Security Updates,2,True
Brindlee Fire Services*,Central AZ Station 857 Admin,Windows Workstation,DESKTOP-RGP3664,10 Pro ,Not Installed,Security Updates,10,True
Brindlee Fire Services*,Central AZ Station 857 Admin,Windows Laptop,DESKTOP-RU3P71R,11 Pro ,Not Installed,Security Updates,7,True
Brindlee Fire Services*,Central AZ Station 857 Admin,Windows Workstation,DESKTOP-RUEJC6K,10 Pro ,Not Installed,Security Updates,2,True
Brindlee Fire Services*,Central AZ Station 857 Admin,Windows Workstation,DESKTOP-S08QDS6,10 Pro ,Not Installed,Security Updates,1,True
Brindlee Fire Services*,Central AZ Station 857 Admin,Windows Workstation,DESKTOP-S88CESP,10 Pro ,Failed,Security Updates,1,True
Brindlee Fire Services*,Central AZ Station 857 Admin,Windows Workstation,DESKTOP-S88CESP,10 Pro ,Not Installed,Security Updates,13,True
Brindlee Fire Services*,Central AZ Station 857 Admin,Windows Laptop,RMF-5CG1335T2M,11 Pro ,Not Installed,Security Updates,4,True
Brindlee Fire Services*,Central AZ Station 857 Admin,Windows Laptop,RMF-5CG4500808,11 Pro ,Not Installed,Security Updates,1,True
Brindlee Fire Services*,Central AZ Station 857 Admin,Windows Laptop,RMF-5CG45008J5,11 Enterprise ,Not Installed,Security Updates,2,True
Brindlee Fire Services*,Central AZ Station 857 Admin,Windows Laptop,RMF-5CG9517M2Z,11 Enterprise ,Not Installed,Security Updates,1,True
Brindlee Fire Services*,Central AZ Station 857 Admin,Windows Laptop,RMF-D3RMN94,11 Enterprise ,Not Installed,Security Updates,7,True
Brindlee Fire Services*,Central AZ Station 857 Admin,Windows Laptop,RMF-DT-5CG2087N,11 Pro ,Not Installed,Security Updates,4,True
Brindlee Fire Services*,Central AZ Station 857 Admin,Windows Workstation,RMF-DT-5R80X74,11 Pro ,Not Installed,Security Updates,1,True
Brindlee Fire Services*,Central AZ Station 857 Admin,Windows Workstation,RMF-DT-HWC0X74,11 Enterprise ,Not Installed,Security Updates,1,True
Brindlee Fire Services*,Central AZ Station 859,Windows Workstation,RMF-DT-1VC0X74,11 Enterprise ,Not Installed,Security Updates,1,True
Brindlee Fire Services*,Central AZ Station 859,Windows Workstation,RMF-DT-9TC0X74,11 Enterprise ,Not Installed,Security Updates,1,True
Brindlee Fire Services*,Grants Pass Admin,Windows Laptop,RMF-31G0R74,11 Enterprise ,Not Installed,Security Updates,2,True
Brindlee Fire Services*,Grants Pass Admin,Windows Workstation,RMF-DT-1P80X74,11 Pro ,Not Installed,Security Updates,1,True
Brindlee Fire Services*,Grants Pass Admin,Windows Workstation,RMF-DT-2L50X74,11 Enterprise ,Not Installed,Security Updates,1,True
Brindlee Fire Services*,Grants Pass Admin,Windows Workstation,RMF-DT-4K50X74,11 Pro ,Not Installed,Security Updates,5,True
Brindlee Fire Services*,Grants Pass Admin,Windows Workstation,RMF-DT-4K50X74,11 Pro ,Not Installed,Critical Updates,1,True
Brindlee Fire Services*,Grants Pass Admin,Windows Workstation,RMF-DT-6YC0X74,11 Pro ,Not Installed,Security Updates,6,True
Brindlee Fire Services*,Grants Pass Admin,Windows Workstation,RMF-DT-6YC0X74,11 Pro ,Not Installed,Critical Updates,5,True
Brindlee Fire Services*,Grants Pass Admin,Windows Workstation,RMF-DT-FP80X74,11 Pro ,Not Installed,Security Updates,4,True
Brindlee Fire Services*,Grants Pass Admin,Windows Workstation,RMF-DT-FP80X74,11 Pro ,Not Installed,Critical Updates,1,True
Brindlee Fire Services*,Grants Pass Fleet,Windows Laptop,RMF-LT-5CG016DX,11 Pro ,Not Installed,Security Updates,1,True
Brindlee Fire Services*,Grants Pass Station 1,Windows Workstation,RMF-DT-3YC0X74,11 Pro ,Not Installed,Security Updates,3,True
Brindlee Fire Services*,Grants Pass Station 1,Windows Workstation,RMF-DT-FWC0X74,11 Enterprise ,Not Installed,Security Updates,2,True
Brindlee Fire Services*,Grants Pass Station 1,Windows Workstation,RMF-DT-HN80X74,11 Enterprise ,Not Installed,Security Updates,7,True
Brindlee Fire Services*,Grants Pass Station 1,Windows Workstation,RMF-DT-HN80X74,11 Enterprise ,Not Installed,Critical Updates,1,True
Brindlee Fire Services*,Grants Pass Station 1,Windows Laptop,RMF-LT-5CG05137,11 Enterprise ,Not Installed,Security Updates,3,True
Brindlee Fire Services*,Grants Pass Station 2,Windows Workstation,RMF-DT-GQ80X74,11 Enterprise ,Not Installed,Security Updates,1,True
Brindlee Fire Services*,Grants Pass Station 2,Windows Workstation,RMF-DT-JSC0X74,11 Enterprise ,Not Installed,Security Updates,1,True
Brindlee Fire Services*,Grants Pass Station 4,Windows Workstation,RMF-DT-DSC0X74,11 Enterprise ,Not Installed,Security Updates,1,True
Brindlee Fire Services*,Grants Pass Station 5,Windows Workstation,RMF-DT-3ZC0X74,11 Enterprise ,Not Installed,Security Updates,1,True
Brindlee Fire Services*,Knoxville Station 10,Windows Workstation,RMF-DT-2K21X74,11 Pro ,Not Installed,Security Updates,4,True
Brindlee Fire Services*,Knoxville Station 15,Windows Workstation,RMF-DT-JZZ0X74,11 Enterprise ,Not Installed,Security Updates,1,True
Brindlee Fire Services*,Knoxville Station 25,Windows Workstation,RMF-DT-CWR0X74,11 Pro ,Not Installed,Security Updates,1,True
Brindlee Fire Services*,Knoxville Station 27,Windows Laptop,RMF-5CG0422T9B,11 Pro ,Not Installed,Security Updates,1,True
Brindlee Fire Services*,Knoxville Station 27,Windows Laptop,RMF-5CGO422S5P,11 Enterprise ,Not Installed,Security Updates,16,True
Brindlee Fire Services*,Knoxville Station 27,Windows Laptop,RMF-5CGO422SCD,11 Pro ,Not Installed,Security Updates,15,True
Brindlee Fire Services*,Knoxville Station 27,Windows Workstation,RMF-DT-3VXY74,11 Enterprise ,Not Installed,Security Updates,1,True
Brindlee Fire Services*,Knoxville Station 27,Windows Workstation,RMF-DT-FHVYW74,11 Pro ,Failed,Security Updates,1,True
Brindlee Fire Services*,Knoxville Station 27,Windows Workstation,RMF-DT-FHVYW74,11 Pro ,Not Installed,Security Updates,5,True
Brindlee Fire Services*,Knoxville Station 28,Windows Workstation,RMF-DT-CTR0X74,11 Enterprise ,Not Installed,Security Updates,1,True
Brindlee Fire Services*,Knoxville Station 30,Windows Workstation,RMF-DT-9K53X74,11 Pro ,Not Installed,Security Updates,1,True
Brindlee Fire Services*,Knoxville Station 31,Windows Workstation,RMF-DT-HK53X74,11 Pro ,Not Installed,Security Updates,1,True
Brindlee Fire Services*,Knoxville Station 33,Windows Workstation,RMF-MXL05231T9,11 Pro ,Not Installed,Security Updates,1,True
Brindlee Fire Services*,Knoxville Station 36,Windows Laptop,RMF-2MQ4150CN5,11 Pro ,Not Installed,Security Updates,5,True
Brindlee Fire Services*,Knoxville Station 41 | Admin,Windows Workstation,DESKTOP-25BE5H9,10 Pro ,Not Installed,Security Updates,3,True
Brindlee Fire Services*,Knoxville Station 41 | Admin,Windows Workstation,DESKTOP-6EEE043,10 Enterprise ,Not Installed,Security Updates,2,True
Brindlee Fire Services*,Knoxville Station 41 | Admin,Windows Workstation,DESKTOP-7HJVFHG,10 Pro ,Not Installed,Security Updates,2,True
Brindlee Fire Services*,Knoxville Station 41 | Admin,Windows Workstation,DESKTOP-7P4NH67,10 Pro ,Not Installed,Security Updates,9,True
Brindlee Fire Services*,Knoxville Station 41 | Admin,Windows Workstation,DESKTOP-DKF17CA,10 Enterprise ,Failed,Security Updates,1,True
Brindlee Fire Services*,Knoxville Station 41 | Admin,Windows Workstation,DESKTOP-DKF17CA,10 Enterprise ,Not Installed,Security Updates,11,True
Brindlee Fire Services*,Knoxville Station 41 | Admin,Windows Workstation,DESKTOP-GFRU1D8,10 Pro ,Not Installed,Security Updates,2,True
Brindlee Fire Services*,Knoxville Station 41 | Admin,Windows Workstation,DESKTOP-HTCBLQS,10 Pro ,Not Installed,Security Updates,1,True
Brindlee Fire Services*,Knoxville Station 41 | Admin,Windows Workstation,DESKTOP-QGSE9V0,10 Enterprise ,Not Installed,Security Updates,3,True
Brindlee Fire Services*,Knoxville Station 41 | Admin,Windows Laptop,RMF-2MQ4150D4T,11 Pro ,Not Installed,Security Updates,1,True
Brindlee Fire Services*,Knoxville Station 41 | Admin,Windows Laptop,RMF-73G0R74,11 Enterprise ,Not Installed,Security Updates,1,True
Brindlee Fire Services*,Knoxville Station 41 | Admin,Windows Laptop,RMF-8S1VQ74,11 Enterprise ,Not Installed,Security Updates,1,True
Brindlee Fire Services*,Knoxville Station 41 | Admin,Windows Laptop,RMF-8TN6N64,11 Enterprise ,Not Installed,Security Updates,5,True
Brindlee Fire Services*,Knoxville Station 41 | Admin,Windows Workstation,RMF-99F6XB4,11 Pro ,Not Installed,Security Updates,1,True
Brindlee Fire Services*,Knoxville Station 41 | Admin,Windows Laptop,RMF-DSKVQ74,11 Pro ,Not Installed,Security Updates,3,True
Brindlee Fire Services*,Knoxville Station 41 | Admin,Windows Workstation,RMF-DT-B5Z0X74,11 Enterprise ,Not Installed,Security Updates,5,True
Brindlee Fire Services*,Knoxville Station 41 | Admin,Windows Workstation,RMF-DT-B5Z0X74,11 Enterprise ,Not Installed,Critical Updates,1,True
Brindlee Fire Services*,Knoxville Station 41 | Admin,Windows Workstation,RMF-DT-HTR0X74,11 Pro ,Failed,Security Updates,1,True
Brindlee Fire Services*,Knoxville Station 41 | Admin,Windows Workstation,RMF-DT-HTR0X74,11 Pro ,Not Installed,Security Updates,7,True
Brindlee Fire Services*,Knoxville Station 44,Windows Workstation,RMF-DT-JYZ0X74,11 Pro ,Not Installed,Security Updates,9,True
Brindlee Fire Services*,PIMA Admin | Fleet,Windows Workstation,DESKTOP-1P15FPO,10 Pro ,Not Installed,Security Updates,2,True
Brindlee Fire Services*,PIMA Admin | Fleet,Windows Workstation,DESKTOP-4AOL3UA,10 Pro ,Not Installed,Security Updates,3,True
Brindlee Fire Services*,PIMA Admin | Fleet,Windows Laptop,DESKTOP-78BDG3L,11 Pro ,Not Installed,Security Updates,1,True
Brindlee Fire Services*,PIMA Admin | Fleet,Windows Workstation,DESKTOP-83VEQTG,10 Pro ,Not Installed,Security Updates,4,True
Brindlee Fire Services*,PIMA Admin | Fleet,Windows Laptop,DESKTOP-A5G9KE9,11 Pro ,Failed,Security Updates,1,True
Brindlee Fire Services*,PIMA Admin | Fleet,Windows Laptop,DESKTOP-A5G9KE9,11 Pro ,Not Installed,Security Updates,2,True
Brindlee Fire Services*,PIMA Admin | Fleet,Windows Laptop,DESKTOP-A81VMHV,11 Pro ,Not Installed,Security Updates,1,True
Brindlee Fire Services*,PIMA Admin | Fleet,Windows Workstation,DESKTOP-AMRANCM,10 Pro ,Not Installed,Security Updates,3,True
Brindlee Fire Services*,PIMA Admin | Fleet,Windows Laptop,DESKTOP-ATC99P9,11 Pro ,Not Installed,Security Updates,1,True
Brindlee Fire Services*,PIMA Admin | Fleet,Windows Laptop,DESKTOP-BP5HD0E,11 Pro ,Not Installed,Security Updates,1,True
Brindlee Fire Services*,PIMA Admin | Fleet,Windows Workstation,DESKTOP-FTHSED0,10 Pro ,Failed,Security Updates,1,True
Brindlee Fire Services*,PIMA Admin | Fleet,Windows Workstation,DESKTOP-FU1AB3H,10 Pro ,Not Installed,Security Updates,7,True
Brindlee Fire Services*,PIMA Admin | Fleet,Windows Laptop,DESKTOP-HSB4NKI,11 Pro ,Not Installed,Security Updates,1,True
Brindlee Fire Services*,PIMA Admin | Fleet,Windows Workstation,DESKTOP-NQFMEK1,10 Pro ,Not Installed,Security Updates,4,True
Brindlee Fire Services*,PIMA Admin | Fleet,Windows Workstation,DESKTOP-O01CG9Q,10 Pro ,Failed,Security Updates,1,True
Brindlee Fire Services*,PIMA Admin | Fleet,Windows Workstation,DESKTOP-OAF13QT,10 Pro ,Failed,Security Updates,1,True
Brindlee Fire Services*,PIMA Admin | Fleet,Windows Workstation,DESKTOP-OAF13QT,10 Pro ,Not Installed,Security Updates,10,True
Brindlee Fire Services*,PIMA Admin | Fleet,Windows Workstation,DESKTOP-QINBBJ3,10 Pro ,Not Installed,Security Updates,8,True
Brindlee Fire Services*,PIMA Admin | Fleet,Windows Laptop,RMF-12MLN94,11 Enterprise ,Not Installed,Security Updates,28,True
Brindlee Fire Services*,PIMA Admin | Fleet,Windows Laptop,RMF-12MLN94,11 Enterprise ,Not Installed,Critical Updates,1,True
Brindlee Fire Services*,PIMA Admin | Fleet,Windows Laptop,RMF-3P40R74,11 Enterprise ,Not Installed,Security Updates,6,True
Brindlee Fire Services*,PIMA Admin | Fleet,Windows Laptop,RMF-4R61R74,11 Enterprise ,Not Installed,Security Updates,6,True
Brindlee Fire Services*,PIMA Admin | Fleet,Windows Laptop,RMF-4TT3N74,11 Enterprise ,Not Installed,Security Updates,1,True
Brindlee Fire Services*,PIMA Admin | Fleet,Windows Laptop,RMF-5CDVQ74,11 Enterprise ,Not Installed,Security Updates,2,True
Brindlee Fire Services*,PIMA Admin | Fleet,Windows Workstation,RMF-8CG7481WP9,11 Enterprise ,Not Installed,Security Updates,1,True
Brindlee Fire Services*,PIMA Admin | Fleet,Windows Laptop,RMF-B046N74,11 Enterprise ,Not Installed,Security Updates,2,True
Brindlee Fire Services*,PIMA Admin | Fleet,Windows Workstation,RMF-DT-CZC0X74,11 Enterprise ,Not Installed,Security Updates,12,True
Brindlee Fire Services*,PIMA Admin | Fleet,Windows Laptop,RMF-DWC1R74,11 Pro ,Not Installed,Security Updates,7,True
Brindlee Fire Services*,PIMA Admin | Fleet,Windows Laptop,RMF-FRKVQ74,11 Pro ,Not Installed,Security Updates,1,True
Brindlee Fire Services*,PIMA Admin | Fleet,Windows Workstation,RMF-MXL15146LT,11 Enterprise ,Not Installed,Security Updates,1,True
Brindlee Fire Services*,PIMA Station 71,Windows Workstation,RMF-DT-9UFUQ93,11 Business ,Not Installed,Security Updates,5,True
Brindlee Fire Services*,PIMA Station 71,Windows Workstation,RMF-DT-GN8oX74,11 Enterprise ,Not Installed,Security Updates,1,True
Brindlee Fire Services*,PIMA Station 71,Windows Workstation,RMF-DT-J9F6XB4,11 Enterprise ,Not Installed,Security Updates,3,True
Brindlee Fire Services*,PIMA Station 71,Windows Workstation,RMF-mxl0522lms,11 Enterprise ,Not Installed,Security Updates,1,True
Brindlee Fire Services*,PIMA Station 72,Windows Workstation,RMF-DT-2YC0X74,11 Enterprise ,Not Installed,Security Updates,1,True
Brindlee Fire Services*,PIMA Station 72,Windows Workstation,RMF-DT-FN80X74,11 Enterprise ,Not Installed,Security Updates,1,True
Brindlee Fire Services*,PIMA Station 73,Windows Workstation,RMF-DT-CTC0X74,11 Enterprise ,Not Installed,Security Updates,1,True
Brindlee Fire Services*,PIMA Station 73,Windows Workstation,RMF-DT-DN8X74,11 Enterprise ,Not Installed,Security Updates,1,True
Brindlee Fire Services*,PIMA Station 74,Windows Workstation,RMF-DT-2XC0X74,11 Enterprise ,Not Installed,Security Updates,1,True
Brindlee Fire Services*,PIMA Station 80,Windows Workstation,RMF-DT-FVC0X74,11 Enterprise ,Not Installed,Security Updates,1,True
Brindlee Fire Services*,PIMA Trng Office,Windows Workstation,RMF-DT-8R80X74,11 Enterprise ,Not Installed,Security Updates,1,True
Brindlee Fire Services*,Specialty - BASF McIntosh,Windows Laptop,RMF-BDGRM74,11 Enterprise ,Not Installed,Security Updates,7,True
Brindlee Fire Services*,Specialty - BASF McIntosh,Windows Workstation,RMF-DT-89F6XB4,11 Pro ,Failed,Security Updates,2,True
Brindlee Fire Services*,Specialty - BASF McIntosh,Windows Workstation,RMF-DT-89F6XB4,11 Pro ,Not Installed,Security Updates,20,True
Brindlee Fire Services*,Specialty - BASF McIntosh,Windows Workstation,RMF-DT-89F6XB4,11 Pro ,Not Installed,Critical Updates,5,True
Brindlee Fire Services*,Specialty - Bismarck Airport,Windows Workstation,RMF-DT-B9F6XB4,11 Pro ,Not Installed,Security Updates,1,True
Brindlee Fire Services*,Specialty - Bismarck Airport,Windows Laptop,RMF-J1G0R74,11 Enterprise ,Not Installed,Security Updates,11,True
Brindlee Fire Services*,Specialty - Bismarck Airport,Windows Laptop,RMF-J1G0R74,11 Enterprise ,Not Installed,Critical Updates,1,True
Brindlee Fire Services*,Specialty - Citgo Petroleum LCMC,Windows Workstation,DESKTOP-K777HMG,10 Pro ,Not Installed,Security Updates,8,True
Brindlee Fire Services*,Specialty - Citgo Petroleum LCMC,Windows Workstation,RMF-DT-1BF6XB4,11 Enterprise ,Not Installed,Security Updates,1,True
Brindlee Fire Services*,Specialty - Citgo Petroleum LCMC,Windows Workstation,RMF-DT-F9F6XB4,11 Enterprise ,Not Installed,Security Updates,1,True
Brindlee Fire Services*,Specialty - FedEx World Headquarters,Windows Laptop,RMF-8CGM74,11 Enterprise ,Not Installed,Security Updates,3,True
Brindlee Fire Services*,Specialty - John Glenn International Airport,Windows Workstation,DESKTOP-50BVTI1,10 Enterprise ,Failed,Security Updates,1,True
Brindlee Fire Services*,Specialty - John Glenn International Airport,Windows Laptop,RMF-5CG450078V,11 Enterprise ,Not Installed,Security Updates,3,True
Brindlee Fire Services*,Specialty - John Glenn International Airport,Windows Workstation,RMF-MXL0522R49,11 Enterprise ,Not Installed,Security Updates,1,True
Brindlee Fire Services*,Specialty - Lafayette Regional Airport,Windows Laptop,RMF-1X40R74,11 Enterprise ,Not Installed,Security Updates,1,True
Brindlee Fire Services*,Specialty - Morristown Municipal Airport,Windows Workstation,RMF-DT-29F6XB4,11 Enterprise ,Not Installed,Security Updates,1,True
Brindlee Fire Services*,Specialty - Morristown Municipal Airport,Windows Workstation,RMF-DT-2BF6XB4,11 Pro ,Not Installed,Security Updates,1,True
Brindlee Fire Services*,Specialty - Morristown Municipal Airport,Windows Laptop,RMF-J0RVQ74,11 Enterprise ,Not Installed,Security Updates,1,True
Brindlee Fire Services*,Specialty - Sikorsky Aircraft,Windows Workstation,DESKTOP-KLF9IBO,10 Pro ,Not Installed,Security Updates,16,True
Brindlee Fire Services*,Specialty - Sikorsky Aircraft,Windows Workstation,RMF-DT-4BF6XB4,11 Enterprise ,Not Installed,Security Updates,2,True
Brindlee Fire Services*,Specialty - Syracuse Hancock International Airport,Windows Laptop,RMF-5CG9252VHW,11 Pro ,Not Installed,Security Updates,11,True
Brindlee Fire Services*,Specialty - Syracuse Hancock International Airport,Windows Laptop,RMF-GDS0R74,11 Enterprise ,Not Installed,Security Updates,17,True
Brindlee Fire Services*,Specialty - Syracuse Hancock International Airport,Windows Laptop,RMF-GDS0R74,11 Enterprise ,Not Installed,Critical Updates,1,True
Brindlee Fire Services*,"Specialty - Volkswagen Group of America (Chattanooga, TN)",Windows Laptop,RMF-SUR-UB64F29V,11 Pro ,Not Installed,Security Updates,12,True
Brindlee Fire Services*,"Specialty - Volkswagen Group of America (Maricopa, AZ)",Windows Laptop,RMF-GTHDDB3,11 Business ,Not Installed,Security Updates,17,True
Brindlee Fire Services*,"YUMA Station 2 (Yuma, AZ)",Windows Workstation,DT_7BFKK74,11 Enterprise ,Not Installed,Security Updates,1,True
Brindlee Fire Services*,YUMA Station 3 Fleet,Windows Laptop,DESKTOP-A6N07KR,11 Pro ,Not Installed,Security Updates,1,True
Brindlee Fire Services*,"YUMA Station 5 (Yuma, AZ)",Windows Workstation,DT_H5BKK74,11 Enterprise ,Not Installed,Security Updates,1,True
Brindlee Fire Services*,Yuma Admin,Windows Workstation,DESKTOP-3O0VCO2,10 Pro ,Failed,Security Updates,2,True
Brindlee Fire Services*,Yuma Admin,Windows Workstation,DESKTOP-3O0VCO2,10 Pro ,Not Installed,Security Updates,5,True
Brindlee Fire Services*,Yuma Admin,Windows Workstation,DESKTOP-G3S3LQS,10 Pro ,Failed,Security Updates,1,True
Brindlee Fire Services*,Yuma Admin,Windows Workstation,DESKTOP-G3S3LQS,10 Pro ,Not Installed,Security Updates,9,True
Brindlee Fire Services*,Yuma Admin,Windows Workstation,DESKTOP-JTCTEI8,10 Pro ,Not Installed,Security Updates,3,True
Brindlee Fire Services*,Yuma Admin,Windows Workstation,DESKTOP-JTINSSH,10 Pro ,Not Installed,Security Updates,3,True
Brindlee Fire Services*,Yuma Admin,Windows Workstation,DESKTOP-MQE38MK,10 Pro ,Not Installed,Security Updates,2,True
Brindlee Fire Services*,Yuma Admin,Windows Workstation,DESKTOP-OPJU1U6,10 Pro ,Not Installed,Security Updates,1,True
Brindlee Fire Services*,Yuma Admin,Windows Workstation,DESKTOP-UHFLANJ,10 Pro ,Not Installed,Security Updates,3,True
Brindlee Fire Services*,Yuma Admin,Windows Laptop,Laptop-5CTTA67795,11 Pro ,Not Installed,Security Updates,1,True
Brindlee Fire Services*,Yuma Admin,Windows Laptop,Laptop-5CTTA67866,11 Pro ,Not Installed,Security Updates,1,True
Brindlee Fire Services*,Yuma Admin,Windows Laptop,RMF-18M0R74,11 Enterprise ,Not Installed,Security Updates,1,True
Brindlee Fire Services*,Yuma Admin,Windows Laptop,RMF-53283761453,11 Enterprise ,Not Installed,Security Updates,5,True
Brindlee Fire Services*,Yuma Admin,Windows Laptop,RMF-5CG016DX6D,11 Business ,Not Installed,Security Updates,5,True
Brindlee Fire Services*,Yuma Admin,Windows Laptop,RMF-5CG2087P17,11 Pro ,Not Installed,Security Updates,1,True
Brindlee Fire Services*,Yuma Admin,Windows Laptop,RMF-6VG1R74,11 Enterprise ,Not Installed,Security Updates,1,True
Brindlee Fire Services*,Yuma Admin,Windows Laptop,RMF-6YF0R74,11 Enterprise ,Not Installed,Security Updates,1,True
Brindlee Fire Services*,Yuma Admin,Windows Laptop,RMF-857VQ74,11 Enterprise ,Not Installed,Security Updates,1,True
Brindlee Fire Services*,Yuma Admin,Windows Laptop,RMF-86W0R74,11 Enterprise ,Not Installed,Security Updates,3,True
Brindlee Fire Services*,Yuma Admin,Windows Laptop,RMF-88K1R74,11 Enterprise ,Failed,Security Updates,1,True
Brindlee Fire Services*,Yuma Admin,Windows Laptop,RMF-88K1R74,11 Enterprise ,Not Installed,Security Updates,1,True
Brindlee Fire Services*,Yuma Admin,Windows Laptop,RMF-8J9SM53,11 Enterprise ,Not Installed,Security Updates,4,True
Brindlee Fire Services*,Yuma Admin,Windows Laptop,RMF-B9DVQ74,11 Enterprise ,Not Installed,Security Updates,1,True
Brindlee Fire Services*,Yuma Admin,Windows Laptop,RMF-CRS0R74,11 Pro ,Not Installed,Security Updates,3,True
Brindlee Fire Services*,Yuma Admin,Windows Laptop,RMF-CRS0R74,11 Pro ,Not Installed,Critical Updates,1,True
Brindlee Fire Services*,Yuma Admin,Windows Workstation,RMF-DT-3Z2WNX2,11 Enterprise ,Not Installed,Security Updates,1,True
Brindlee Fire Services*,Yuma Admin,Windows Laptop,RMF-GX31R74,11 Enterprise ,Not Installed,Security Updates,2,True
Brindlee Fire Services*,Yuma Admin,Windows Laptop,RMF-JHYXN94,11 Enterprise ,Not Installed,Security Updates,4,True
Brindlee Fire Services*,Yuma Admin,Windows Workstation,RMF_H2BKK74,11 Enterprise ,Not Installed,Security Updates,1,True
Brindlee Fire Services*,Yuma Admin,Windows Laptop,RMI-BPT6N64,11 Enterprise ,Not Installed,Security Updates,1,True
Cabot Wealth Network,No Site,Windows Laptop,Brad_Cabot,11 Pro ,Not Installed,Security Updates,1,True
Castles Tech,No Site,Windows Laptop,Andy-Castles,11 Business ,Not Installed,Security Updates,1,True
Castles Tech,No Site,Windows Laptop,CAS-118811206,11 Business ,Not Installed,Security Updates,5,True
Castles Tech,No Site,Windows Laptop,CAS118811133,11 Pro ,Not Installed,Security Updates,1,True
Castles Tech,No Site,Windows Laptop,CAS118811148,11 Pro ,Not Installed,Security Updates,1,True
Castles Tech,No Site,Windows Laptop,CAS118811199,11 Business ,Not Installed,Security Updates,1,True
Castles Tech,No Site,Windows Laptop,CAS118811200-BW,11 Business ,Not Installed,Security Updates,1,True
Castles Tech,No Site,Windows Workstation,CAS118811262,11 Business ,Not Installed,Security Updates,1,True
Castles Tech,No Site,Windows Laptop,CAS118811264,11 Business ,Not Installed,Security Updates,3,True
Castles Tech,No Site,Windows Laptop,CAS118811269,11 Business ,Not Installed,Security Updates,1,True
Castles Tech,No Site,Windows Laptop,CAS118811275,11 Business ,Not Installed,Security Updates,1,True
Castles Tech,No Site,Windows Laptop,CAS118811289,11 Pro ,Not Installed,Security Updates,3,True
Castles Tech,No Site,Windows Laptop,CAS118811289,11 Pro ,Not Installed,Critical Updates,2,True
Castles Tech,No Site,Windows Workstation,CAS118811290,11 Business ,Not Installed,Security Updates,1,True
Castles Tech,No Site,Windows Laptop,CAS118811300,11 Pro ,Not Installed,Security Updates,1,True
Castles Tech,No Site,Windows Laptop,CASUSAJBLACK,11 Business ,Not Installed,Security Updates,1,True
Castles Tech,No Site,Windows Laptop,CAS_Dan_Stanley,11 Business ,Not Installed,Security Updates,4,True
Castles Tech,No Site,Windows Laptop,CAS_Dan_Stanley,11 Business ,Not Installed,Critical Updates,2,True
Castles Tech,No Site,Windows Laptop,CT-LT-8Z6DR44,11 Pro ,Not Installed,Security Updates,2,True
Castles Tech,No Site,Windows Laptop,CT-LT-8Z6DR44,11 Pro ,Not Installed,Critical Updates,1,True
Castles Tech,No Site,Windows Laptop,CT-LT-PW0DRAEJ,11 Business ,Failed,Security Updates,1,True
Castles Tech,No Site,Windows Laptop,CT-LT-PW0DRAEJ,11 Business ,Not Installed,Security Updates,1,True
Castles Tech,No Site,Windows Laptop,Cas118811115,11 Business ,Not Installed,Security Updates,1,True
Castles Tech,No Site,Windows Laptop,Cas118811125,11 Business ,Not Installed,Security Updates,1,True
Castles Tech,No Site,Windows Laptop,Cas118811127,11 Business ,Not Installed,Security Updates,1,True
Castles Tech,No Site,Windows Laptop,Cas118811140,11 Business ,Not Installed,Security Updates,3,True
Castles Tech,No Site,Windows Laptop,Cas118811151,11 Business ,Not Installed,Security Updates,1,True
Castles Tech,No Site,Windows Laptop,Cas118811178,11 Business ,Not Installed,Security Updates,1,True
Castles Tech,No Site,Windows Laptop,Cas118811180,11 Business ,Not Installed,Security Updates,1,True
Castles Tech,No Site,Windows Laptop,Cas118811191,11 Business ,Not Installed,Security Updates,1,True
Castles Tech,No Site,Windows Laptop,Cas118811197,11 Business ,Not Installed,Security Updates,1,True
Castles Tech,No Site,Windows Laptop,Cas118811204,11 Business ,Not Installed,Security Updates,1,True
Castles Tech,No Site,Windows Laptop,Cas118811209,11 Business ,Not Installed,Security Updates,1,True
Castles Tech,No Site,Windows Laptop,Cas118811217,11 Business ,Not Installed,Security Updates,1,True
Castles Tech,No Site,Windows Laptop,Cas118811224,11 Business ,Not Installed,Security Updates,1,True
Castles Tech,No Site,Windows Laptop,Cas118811230,11 Business ,Not Installed,Security Updates,1,True
Castles Tech,No Site,Windows Laptop,Castles118811195,11 Business ,Not Installed,Security Updates,1,True
Castles Tech,No Site,Windows Laptop,Castles2022,11 Home ,Not Installed,Security Updates,3,True
Castles Tech,No Site,Windows Laptop,Castles2022,11 Home ,Not Installed,Critical Updates,2,True
Castles Tech,No Site,Windows Laptop,DESKTOP-K73NO8P,11 Business ,Not Installed,Security Updates,1,True
Castles Tech,No Site,Windows Laptop,DESKTOP-KT5T4J7,11 Home ,Not Installed,Security Updates,5,True
Castles Tech,No Site,Windows Laptop,IsacJahn,11 Business ,Not Installed,Security Updates,1,True
Castles Tech,No Site,Windows Laptop,LAPTOP-7UOTNHO0,11 Business ,Not Installed,Security Updates,1,True
Castles Tech,No Site,Windows Laptop,LAPTOP-HLIEQO86,11 Pro ,Not Installed,Security Updates,8,True
Castles Tech,No Site,Windows Laptop,LAPTOP-UJPE07V7,11 Pro ,Not Installed,Security Updates,1,True
Castles Tech,No Site,Windows Laptop,TCAS118811137,11 Pro ,Not Installed,Security Updates,2,True
Consumer Collection Management,No Site,Windows Laptop,AmyLaptop,11 Pro ,Failed,Security Updates,1,True
Consumer Collection Management,No Site,Windows Laptop,AmyLaptop,11 Pro ,Not Installed,Security Updates,3,True
Consumer Collection Management,No Site,Windows Workstation,CCM15,11 Pro ,Not Installed,Security Updates,3,True
Consumer Collection Management,No Site,Windows Workstation,Collector21,11 Pro ,Not Installed,Security Updates,1,True
Consumer Collection Management,No Site,Windows Workstation,Collector21,11 Pro ,Not Installed,Critical Updates,1,True
Consumer Collection Management,No Site,Windows Workstation,EmilyToddHome,11 Pro ,Not Installed,Security Updates,2,True
Consumer Collection Management,No Site,Windows Workstation,EmilyToddHome,11 Pro ,Not Installed,Critical Updates,2,True
Consumer Collection Management,No Site,Windows Laptop,KristinScott,11 Pro ,Not Installed,Security Updates,25,True
Consumer Collection Management,No Site,Windows Laptop,KristinScott,11 Pro ,Not Installed,Critical Updates,6,True
Consumer Collection Management,No Site,Windows Laptop,RicksLaptop0526,11 Pro ,Not Installed,Security Updates,6,True
Consumer Collection Management,No Site,Windows Laptop,TimOwensLaptop,11 Pro ,Not Installed,Security Updates,6,True
Division 9 Commercial Inc Construction,No Site,Windows Laptop,Div-9-Field,11 Pro ,Not Installed,Security Updates,5,True
Division 9 Commercial Inc Construction,No Site,Windows Laptop,Div9-Field5,11 Pro ,Not Installed,Security Updates,20,True
Division 9 Commercial Inc Construction,No Site,Windows Laptop,Div9-Field5,11 Pro ,Not Installed,Critical Updates,8,True
Division 9 Commercial Inc Construction,No Site,Windows Laptop,Div9-PC2,11 Pro ,Not Installed,Security Updates,6,True
Division 9 Commercial Inc Construction,No Site,Windows Laptop,Div9-PC2,11 Pro ,Not Installed,Critical Updates,4,True
Division 9 Commercial Inc Construction,No Site,Windows Laptop,Div9Field,11 Pro ,Not Installed,Security Updates,3,True
Division 9 Commercial Inc Construction,No Site,Windows Laptop,Div9field4,11 Pro ,Not Installed,Security Updates,1,True
Division 9 Commercial Inc Construction,No Site,Windows Laptop,Div_9_Field,11 Pro ,Not Installed,Security Updates,2,True
Division 9 Commercial Inc Construction,Unknown (not in Network Hardware),Windows Laptop,Tom-Travel,Unknown,Not Installed,Security Updates,6,False
Division 9 Commercial Inc Construction,Unknown (not in Network Hardware),Windows Laptop,Tom-Travel,Unknown,Not Installed,Critical Updates,2,False
D’Huyvetter & Swichkow,No Site,Windows Workstation,dspc003,11 Pro ,Not Installed,Security Updates,4,True
D’Huyvetter & Swichkow,No Site,Windows Workstation,dspc003,11 Pro ,Not Installed,Critical Updates,1,True
EB Medicine,No Site,Windows Laptop,EBM-016,11 Pro ,Not Installed,Security Updates,1,True
Eagle Parking (Atlanta) - HQ - Tellworks,No Site,Windows Laptop,5CG3247PQY,11 Pro ,Not Installed,Security Updates,6,True
Eagle Parking (Atlanta) - HQ - Tellworks,No Site,Windows Laptop,CND2400QS3,11 Pro ,Not Installed,Security Updates,1,True
Fluid Control Services,No Site,Windows Workstation,FCS-DT-Brooke,11 Pro ,Not Installed,Security Updates,3,True
Fluid Control Services,No Site,Windows Workstation,FCS-DT-Brooke,11 Pro ,Not Installed,Critical Updates,1,True
Fluid Control Services,No Site,Windows Workstation,FCS-DT-Myra,11 Pro ,Not Installed,Security Updates,3,True
Fluid Control Services,No Site,Windows Workstation,FCS-DT-Myra,11 Pro ,Not Installed,Critical Updates,1,True
Fluid Control Services,No Site,Windows Workstation,FCS-DT-Rachel,11 Pro ,Not Installed,Security Updates,3,True
Fluid Control Services,No Site,Windows Workstation,FCS-DT-Rachel,11 Pro ,Not Installed,Critical Updates,1,True
Fluid Control Services,No Site,Windows Workstation,LEIGH-2022,11 Home ,Not Installed,Security Updates,1,True
"Galt Pharmaceuticals, LLC.",No Site,Windows Laptop,DESKTOP-7KOL3KE,11 Enterprise ,Not Installed,Security Updates,4,True
"Galt Pharmaceuticals, LLC.",No Site,Windows Laptop,LT-ACFRY,11 Enterprise ,Not Installed,Security Updates,1,True
"Galt Pharmaceuticals, LLC.",No Site,Windows Laptop,LT-ADILWORTH,11 Pro ,Not Installed,Security Updates,1,True
"Galt Pharmaceuticals, LLC.",No Site,Windows Laptop,LT-AHARRELL,11 Enterprise ,Not Installed,Security Updates,1,True
"Galt Pharmaceuticals, LLC.",No Site,Windows Laptop,LT-AWINN,11 Enterprise ,Not Installed,Security Updates,1,True
"Galt Pharmaceuticals, LLC.",No Site,Windows Laptop,LT-CTIEU,11 Enterprise ,Not Installed,Security Updates,1,True
"Galt Pharmaceuticals, LLC.",No Site,Windows Laptop,LT-DCROXTON,11 Enterprise ,Not Installed,Security Updates,3,True
"Galt Pharmaceuticals, LLC.",No Site,Windows Laptop,LT-JFANNING,11 Enterprise ,Not Installed,Security Updates,1,True
"Galt Pharmaceuticals, LLC.",No Site,Windows Laptop,LT-KMCCOY,11 Enterprise ,Not Installed,Security Updates,1,True
"Galt Pharmaceuticals, LLC.",No Site,Windows Laptop,LT-LANDERSON,11 Enterprise ,Not Installed,Security Updates,1,True
"Galt Pharmaceuticals, LLC.",No Site,Windows Laptop,LT-LROBERTS,11 Enterprise ,Not Installed,Security Updates,3,True
"Galt Pharmaceuticals, LLC.",No Site,Windows Laptop,LT-MHARLEY,11 Enterprise ,Not Installed,Security Updates,4,True
"Galt Pharmaceuticals, LLC.",No Site,Windows Laptop,LT-MLICCIARDELL,11 Enterprise ,Not Installed,Security Updates,1,True
"Galt Pharmaceuticals, LLC.",No Site,Windows Laptop,LT-MMANSOUR,11 Enterprise ,Not Installed,Security Updates,3,True
"Galt Pharmaceuticals, LLC.",No Site,Windows Laptop,LT-MRAMDASS,11 Enterprise ,Not Installed,Security Updates,1,True
"Galt Pharmaceuticals, LLC.",No Site,Windows Laptop,LT-PRAMANI,11 Enterprise ,Not Installed,Security Updates,1,True
"Galt Pharmaceuticals, LLC.",No Site,Windows Laptop,LT-RROSE,11 Enterprise ,Not Installed,Security Updates,2,True
"Galt Pharmaceuticals, LLC.",No Site,Windows Laptop,LT-SJANIS,11 Enterprise ,Not Installed,Security Updates,14,True
"Galt Pharmaceuticals, LLC.",No Site,Windows Laptop,LT-SJANIS,11 Enterprise ,Not Installed,Critical Updates,6,True
"Galt Pharmaceuticals, LLC.",No Site,Windows Laptop,LT-SVUTLA,11 Enterprise ,Not Installed,Security Updates,1,True
"Galt Pharmaceuticals, LLC.",No Site,Windows Laptop,LT-TBEDINGFIELD,11 Enterprise ,Not Installed,Security Updates,1,True
"Galt Pharmaceuticals, LLC.",No Site,Windows Laptop,LT-VPATEL,11 Enterprise ,Not Installed,Security Updates,1,True
General Wholesale*,General Wholesale Beer Company (1595),Windows Workstation,GWC-DT-PNNT,11 Pro ,Not Installed,Security Updates,2,True
General Wholesale*,General Wholesale Beer Company (1595),Windows Laptop,GWC-LT-0042,11 Pro ,Not Installed,Security Updates,25,True
General Wholesale*,General Wholesale Beer Company (1595),Windows Laptop,GWC-LT-0048,11 Pro ,Not Installed,Security Updates,2,True
General Wholesale*,General Wholesale Beer Company (1595),Windows Laptop,GWC-LT-0051,11 Pro ,Not Installed,Security Updates,4,True
General Wholesale*,General Wholesale Beer Company (1595),Windows Laptop,GWC-LT-0054,11 Pro ,Not Installed,Security Updates,17,True
General Wholesale*,General Wholesale Beer Company (1595),Windows Laptop,GWC-LT-0064,11 Pro ,Not Installed,Security Updates,5,True
General Wholesale*,General Wholesale Beer Company (1595),Windows Laptop,GWC-LT-0087,11 Pro ,Not Installed,Security Updates,3,True
General Wholesale*,General Wholesale Beer Company (1595),Windows Laptop,GWC-LT-009,11 Pro ,Not Installed,Security Updates,4,True
General Wholesale*,General Wholesale Beer Company (1595),Windows Laptop,GWC-LT-8KD1,11 Pro ,Not Installed,Security Updates,2,True
General Wholesale*,General Wholesale Beer Company (1595),Windows Laptop,GWC-LT00035,11 Pro ,Not Installed,Security Updates,5,True
General Wholesale*,General Wholesale Beer Company (615) (HQ),Windows Workstation,GWC-DT-0294,11 Pro ,Not Installed,Security Updates,5,True
General Wholesale*,General Wholesale Beer Company (615) (HQ),Windows Workstation,GWC-DT-0410,11 Pro ,Not Installed,Security Updates,1,True
General Wholesale*,General Wholesale Beer Company (615) (HQ),Windows Workstation,GWC-DT-0448,11 Pro ,Not Installed,Security Updates,5,True
General Wholesale*,General Wholesale Beer Company (615) (HQ),Windows Workstation,GWC-DT-0454,11 Pro ,Not Installed,Security Updates,1,True
General Wholesale*,General Wholesale Beer Company (615) (HQ),Windows Workstation,GWC-DT00298,11 Pro ,Not Installed,Security Updates,1,True
General Wholesale*,General Wholesale Beer Company (615) (HQ),Windows Laptop,GWC-LT-0012,11 Pro ,Not Installed,Security Updates,1,True
General Wholesale*,General Wholesale Beer Company (615) (HQ),Windows Laptop,GWC-LT-0033,11 Pro ,Not Installed,Security Updates,10,True
General Wholesale*,General Wholesale Beer Company (615) (HQ),Windows Laptop,GWC-LT-0065,11 Pro ,Not Installed,Security Updates,4,True
General Wholesale*,General Wholesale Beer Company (615) (HQ),Windows Laptop,GWC-LT-0065,11 Pro ,Not Installed,Critical Updates,2,True
General Wholesale*,General Wholesale Beer Company (615) (HQ),Windows Laptop,GWC-LT-0072,11 Pro ,Not Installed,Security Updates,2,True
General Wholesale*,General Wholesale Beer Company (615) (HQ),Windows Laptop,GWC-LT-0080,11 Pro ,Not Installed,Security Updates,1,True
General Wholesale*,General Wholesale Beer Company (615) (HQ),Windows Laptop,GWC-LT-0100,11 Pro ,Not Installed,Security Updates,4,True
General Wholesale*,General Wholesale Beer Company (615) (HQ),Windows Workstation,RobsCC,11 Pro ,Not Installed,Security Updates,1,True
General Wholesale*,General Wholesale Beer Company (Augusta),Windows Workstation,GWC-DT-278,11 Pro ,Not Installed,Security Updates,3,True
General Wholesale*,General Wholesale Company of Florida,Windows Workstation,GWC-DT-0390,11 Pro ,Not Installed,Security Updates,3,True
General Wholesale*,General Wholesale Company of SC (Spartanburg),Windows Laptop,GWC-LT-0067,11 Pro ,Not Installed,Security Updates,3,True
General Wholesale*,General Wholesale Company of SC (Spartanburg),Windows Laptop,GWC-LT-0068,11 Pro ,Not Installed,Security Updates,13,True
General Wholesale*,Unknown (not in Network Hardware),Windows Workstation,GWC-DT-PNMV,Unknown,Not Installed,Security Updates,4,False
Georgia Baptist Foundation,No Site,Windows Laptop,GBF-EHEARN-SUR,11 Pro ,Not Installed,Security Updates,16,True
Georgia Baptist Foundation,No Site,Windows Laptop,GBF-JGRAY-SUR2,11 Pro ,Not Installed,Security Updates,15,True
Georgia Baptist Foundation,No Site,Windows Laptop,GBF-LHILL-SUR,11 Pro ,Not Installed,Security Updates,15,True
Georgia Baptist Foundation,No Site,Windows Laptop,GBF-RUTH-SUR,11 Pro ,Not Installed,Security Updates,4,True
Georgia Baptist Foundation,No Site,Windows Laptop,GBF-SpareHP,11 Pro ,Not Installed,Security Updates,7,True
Georgia Baptist Foundation,No Site,Windows Laptop,LAPTOP-0FM9L30U,11 Pro ,Not Installed,Security Updates,4,True
Geosurvey LTD,No Site,Windows Laptop,NB04A,11 Pro ,Not Installed,Security Updates,3,True
Geosurvey LTD,No Site,Windows Laptop,NB19A,11 Pro ,Not Installed,Security Updates,6,True
Geosurvey LTD,No Site,Windows Laptop,NB21,11 Pro ,Not Installed,Security Updates,1,True
Geosurvey LTD,No Site,Windows Laptop,NB22,11 Pro ,Not Installed,Security Updates,1,True
Geosurvey LTD,No Site,Windows Laptop,NB23,11 Pro ,Not Installed,Security Updates,7,True
Geosurvey LTD,No Site,Windows Laptop,WS22,11 Pro ,Not Installed,Security Updates,15,True
Geosurvey LTD,No Site,Windows Workstation,WS40,11 Pro ,Not Installed,Security Updates,2,True
Geosurvey LTD,No Site,Windows Workstation,WS40,11 Pro ,Not Installed,Critical Updates,2,True
Geosurvey LTD,No Site,Windows Workstation,WS41,11 Pro ,Not Installed,Critical Updates,1,True
Geosurvey LTD,No Site,Windows Workstation,WS50,11 Pro ,Not Installed,Security Updates,3,True
Geosurvey LTD,No Site,Windows Workstation,WS53,11 Pro ,Not Installed,Security Updates,2,True
Geosurvey LTD,No Site,Windows Workstation,WS53,11 Pro ,Not Installed,Critical Updates,2,True
German American Chamber of Commerce*,German American Chamber of Commerce (HQ),Windows Laptop,GAC-72054,11 Business ,Not Installed,Security Updates,5,True
German American Chamber of Commerce*,German American Chamber of Commerce (HQ),Windows Laptop,GAC-72061,11 Business ,Not Installed,Security Updates,1,True
German American Chamber of Commerce*,German American Chamber of Commerce (HQ),Windows Laptop,GAC-72064,11 Business ,Not Installed,Security Updates,1,True
German American Chamber of Commerce*,German American Chamber of Commerce (HQ),Windows Laptop,GAC-72068,11 Business ,Not Installed,Security Updates,7,True
German American Chamber of Commerce*,German American Chamber of Commerce (HQ),Windows Laptop,GAC-72068,11 Business ,Not Installed,Critical Updates,5,True
German American Chamber of Commerce*,German American Chamber of Commerce (HQ),Windows Laptop,GAC-72070,11 Business ,Not Installed,Security Updates,5,True
German American Chamber of Commerce*,German American Chamber of Commerce (HQ),Windows Laptop,GAC-72070,11 Business ,Not Installed,Critical Updates,1,True
German American Chamber of Commerce*,German American Chamber of Commerce (HQ),Windows Laptop,GAC-72079,11 Business ,Not Installed,Security Updates,1,True
German American Chamber of Commerce*,German American Chamber of Commerce (HQ),Windows Laptop,GAC-72080,11 Business ,Not Installed,Security Updates,6,True
German American Chamber of Commerce*,German American Chamber of Commerce (HQ),Windows Laptop,GAC-72084,11 Business ,Not Installed,Security Updates,1,True
German American Chamber of Commerce*,German American Chamber of Commerce (HQ),Windows Laptop,GAC-72085,11 Business ,Not Installed,Security Updates,1,True
German American Chamber of Commerce*,German American Chamber of Commerce (HQ),Windows Laptop,GAC-72090,11 Business ,Not Installed,Security Updates,1,True
German American Chamber of Commerce*,German American Chamber of Commerce (HQ),Windows Laptop,GAC-72094,11 Business ,Not Installed,Security Updates,4,True
German American Chamber of Commerce*,German American Chamber of Commerce (HQ),Windows Laptop,GAC-72100,11 Business ,Not Installed,Security Updates,4,True
German American Chamber of Commerce*,German American Chamber of Commerce (HQ),Windows Laptop,GAC-72103,11 Business ,Not Installed,Security Updates,1,True
German American Chamber of Commerce*,German American Chamber of Commerce (HQ),Windows Laptop,GAC-72104,11 Business ,Not Installed,Security Updates,1,True
German American Chamber of Commerce*,German American Chamber of Commerce (HQ),Windows Laptop,GAC-72107,11 Business ,Not Installed,Security Updates,2,True
German American Chamber of Commerce*,German American Chamber of Commerce (HQ),Windows Laptop,GAC-72111,11 Business ,Not Installed,Security Updates,1,True
German American Chamber of Commerce*,German American Chamber of Commerce (TX),Windows Laptop,GAC-72098,11 Business ,Not Installed,Security Updates,1,True
HEFCO,No Site,Windows Workstation,50CK2G3,11 Pro ,Not Installed,Security Updates,1,True
HEFCO,No Site,Windows Laptop,6CFTX84,11 Pro ,Not Installed,Security Updates,24,True
HEFCO,No Site,Windows Laptop,6CFTX84,11 Pro ,Not Installed,Critical Updates,5,True
HEFCO,No Site,Windows Laptop,FQ9Z8F4 Hefco Loaner,11 Pro ,Not Installed,Security Updates,4,True
HEFCO,No Site,Windows Laptop,KelseyLT-CBGQLD4,11 Pro ,Not Installed,Critical Updates,1,True
HEFCO,No Site,Windows Laptop,MJ0G4Q2R,11 Pro ,Not Installed,Security Updates,9,True
HEFCO,No Site,Windows Workstation,Michelle-Desktop,11 Pro ,Not Installed,Security Updates,5,True
HEFCO,No Site,Windows Laptop,X1Carbon-EDF,11 Pro ,Not Installed,Security Updates,1,True
Habitat for Humanity of NW Metro Atlanta,No Site,Windows Laptop,Cassidy-Office,11 Business ,Not Installed,Security Updates,1,True
Habitat for Humanity of NW Metro Atlanta,No Site,Windows Workstation,Conference-Room,11 Business ,Not Installed,Security Updates,3,True
Habitat for Humanity of NW Metro Atlanta,No Site,Windows Laptop,Felicia-Office,11 Business ,Not Installed,Security Updates,2,True
Habitat for Humanity of NW Metro Atlanta ReStore,No Site,Windows Laptop,James-ReStore,11 Business ,Not Installed,Security Updates,15,True
Habitat for Humanity of NW Metro Atlanta ReStore,No Site,Windows Laptop,Malik-ReStore,11 Business ,Not Installed,Security Updates,17,True
J&A Engineering LLC,No Site,Windows Workstation,GRIFFIN-DT,11 Pro ,Not Installed,Security Updates,5,True
J&A Engineering LLC,No Site,Windows Laptop,JGILLIS-LT,11 Pro ,Not Installed,Security Updates,1,True
J&A Engineering LLC,No Site,Windows Laptop,JPARK-LT,11 Pro ,Not Installed,Security Updates,4,True
J&A Engineering LLC,No Site,Windows Laptop,JPARK-LT,11 Pro ,Not Installed,Critical Updates,2,True
J&A Engineering LLC,No Site,Windows Laptop,MCOAKLEY-LT,11 Pro ,Not Installed,Security Updates,3,True
J&A Engineering LLC,No Site,Windows Laptop,MCOAKLEY-LT,11 Pro ,Not Installed,Critical Updates,2,True
J&A Engineering LLC,No Site,Windows Workstation,RMORRELL-DT,11 Pro ,Not Installed,Security Updates,3,True
J&A Engineering LLC,No Site,Windows Workstation,RMORRELL-DT,11 Pro ,Not Installed,Critical Updates,2,True
J&A Engineering LLC,No Site,Windows Workstation,WTUBBS-DT,11 Pro ,Not Installed,Security Updates,3,True
J&A Engineering LLC,No Site,Windows Workstation,WTUBBS-DT,11 Pro ,Not Installed,Critical Updates,1,True
J&A Engineering LLC,Unknown (not in Network Hardware),Windows Workstation,BTUBBS2-DT,Unknown,Not Installed,Security Updates,4,False
J&A Engineering LLC,Unknown (not in Network Hardware),Windows Workstation,BTUBBS2-DT,Unknown,Not Installed,Critical Updates,1,False
Legis Consultancy,No Site,Windows Laptop,Michele HUFF2,11 Pro ,Not Installed,Security Updates,2,True
Omni Connection International,No Site,Windows Workstation,OMNI-HENRY-01,11 Enterprise ,Not Installed,Security Updates,6,True
Omni Connection International,No Site,Windows Laptop,OMNI-LT-10,11 Enterprise ,Not Installed,Security Updates,2,True
Omni Connection International,No Site,Windows Laptop,OMNIMMARTINEZ,11 Pro ,Not Installed,Security Updates,3,True
"Pagnotti Enterprises, Inc",No Site,Windows Laptop,LAPTOP-PF52K6MP,11 Pro ,Not Installed,Security Updates,6,True
"Pagnotti Enterprises, Inc",No Site,Windows Laptop,O-L-PF1R8R23,11 Pro ,Not Installed,Security Updates,6,True
"Pagnotti Enterprises, Inc",No Site,Windows Laptop,O-L-PF1R9234,11 Pro ,Not Installed,Security Updates,3,True
"Pagnotti Enterprises, Inc",No Site,Windows Laptop,O-L-PF1R9PTG,11 Pro ,Not Installed,Security Updates,1,True
"Pagnotti Enterprises, Inc",No Site,Windows Laptop,PEI-Conf-Rm,11 Pro ,Not Installed,Security Updates,6,True
"Pagnotti Enterprises, Inc",No Site,Windows Laptop,PF1W7TTY,11 Pro ,Not Installed,Security Updates,2,True
Palmer Engineering Company,No Site,Windows Workstation,PEC-011,11 Pro ,Not Installed,Security Updates,1,True
Palmer Engineering Company,No Site,Windows Workstation,PEC-029,11 Pro ,Not Installed,Security Updates,4,True
Palmer Engineering Company,No Site,Windows Workstation,PEC-029,11 Pro ,Not Installed,Critical Updates,2,True
Patriot Select Property and Casualty Ins. Co.*,Patriot Select (Azure Cloud PC),Windows Workstation,CPC-Kels-XNQH0,11 Enterprise ,Not Installed,Security Updates,1,True
Patriot Select Property and Casualty Ins. Co.*,Patriot Select (Azure Cloud PC),Windows Workstation,CPC-cmue-5Z4PI,11 Enterprise ,Not Installed,Security Updates,1,True
Patriot Select Property and Casualty Ins. Co.*,Patriot Select (Azure Cloud PC),Windows Workstation,CPC-jras-6SXKR,11 Enterprise ,Not Installed,Security Updates,1,True
Patriot Select Property and Casualty Ins. Co.*,Patriot Select (Azure Cloud PC),Windows Workstation,CPC-sbro-7RKTL,11 Enterprise ,Not Installed,Security Updates,1,True
Patriot Select Property and Casualty Ins. Co.*,Patriot Select (Azure Cloud PC),Windows Workstation,CPC-shoy-R96LM,11 Enterprise ,Not Installed,Security Updates,1,True
Patriot Select Property and Casualty Ins. Co.*,Patriot Select Co.,Windows Laptop,DESKTOP-OO90PON,11 Business ,Not Installed,Security Updates,1,True
Patriot Select Property and Casualty Ins. Co.*,Patriot Select Co.,Windows Laptop,DESKTOP-Q71L6AS,11 Business ,Not Installed,Security Updates,1,True
Patriot Select Property and Casualty Ins. Co.*,Patriot Select Co.,Windows Laptop,DESKTOP-TV23IMA,11 Business ,Not Installed,Security Updates,1,True
Patriot Select Property and Casualty Ins. Co.*,Patriot Select Co.,Windows Laptop,LAPTOP-3DQTS74,11 Business ,Not Installed,Security Updates,2,True
Patriot Select Property and Casualty Ins. Co.*,Patriot Select Co.,Windows Laptop,LAPTOP-5Y62PC4,11 Business ,Not Installed,Security Updates,1,True
Patriot Select Property and Casualty Ins. Co.*,Patriot Select Co.,Windows Laptop,LAPTOP-8C90CB4,11 Business ,Not Installed,Security Updates,1,True
Patriot Select Property and Casualty Ins. Co.*,Patriot Select Co.,Windows Laptop,LAPTOP-Chelsea,11 Business ,Not Installed,Security Updates,2,True
Patriot Select Property and Casualty Ins. Co.*,Patriot Select Co.,Windows Laptop,LAPTOP-HB5Y8H4,11 Business ,Not Installed,Security Updates,8,True
Patriot Select Property and Casualty Ins. Co.*,Patriot Select Co.,Windows Laptop,LAPTOP-HB5Y8H4,11 Business ,Not Installed,Critical Updates,4,True
Patriot Select Property and Casualty Ins. Co.*,Patriot Select Co.,Windows Laptop,LAPTOP-HPAGDCHD,11 Business ,Not Installed,Security Updates,1,True
Patriot Select Property and Casualty Ins. Co.*,Patriot Select Co.,Windows Laptop,LAPTOP-J1MPBH4,11 Business ,Not Installed,Security Updates,1,True
Patriot Select Property and Casualty Ins. Co.*,Patriot Select Co.,Windows Laptop,Laptop-89Y1394,11 Business ,Not Installed,Security Updates,1,True
Patriot Select Property and Casualty Ins. Co.*,Patriot Select Co.,Windows Laptop,Laptop-9C1Y084,11 Business ,Not Installed,Security Updates,1,True
Patriot Select Property and Casualty Ins. Co.*,Patriot Select Co.,Windows Laptop,Laptop-PF3RJJDM,11 Business ,Not Installed,Security Updates,1,True
Patriot Select Property and Casualty Ins. Co.*,Patriot Select Co.,Windows Laptop,Marciaslaptop,11 Business ,Not Installed,Security Updates,2,True
Patriot Select Property and Casualty Ins. Co.*,Unknown (not in Network Hardware),Windows Laptop,LAPTOP-63MPBH4,Unknown,Not Installed,Security Updates,21,False
Patriot Select Property and Casualty Ins. Co.*,Unknown (not in Network Hardware),Windows Laptop,LAPTOP-63MPBH4,Unknown,Not Installed,Critical Updates,4,False
Patriot Select Property and Casualty Ins. Co.*,Unknown (not in Network Hardware),Windows Laptop,Laptop-Kelly,Unknown,Not Installed,Security Updates,1,False
Personal Care Physicians of Atlanta,No Site,Windows Laptop,Fran-Laptop,11 Pro ,Not Installed,Security Updates,3,True
Personal Care Physicians of Atlanta,No Site,Windows Workstation,Fran-PC,11 Pro ,Not Installed,Critical Updates,1,True
Personal Care Physicians of Atlanta,No Site,Windows Laptop,LAPTOP-Nelloms,11 Pro ,Not Installed,Security Updates,1,True
Personal Care Physicians of Atlanta,No Site,Windows Workstation,LSmith-PC,11 Pro ,Not Installed,Security Updates,1,True
Personal Care Physicians of Atlanta,No Site,Windows Workstation,LSmith-PC,11 Pro ,Not Installed,Critical Updates,2,True
Personal Care Physicians of Atlanta,No Site,Windows Laptop,Laptop-EKG-SPIRO,11 Pro ,Not Installed,Critical Updates,1,True
Preferred Personnel Solutions*,Preferred Personnel Solutions (Cartersville),Windows Laptop,PPS-LT-CRYSTAL,11 Business ,Not Installed,Security Updates,4,True
Preferred Personnel Solutions*,Preferred Personnel Solutions (Cartersville),Windows Laptop,PPS-LT-KASEY,11 Business ,Not Installed,Security Updates,1,True
Preferred Personnel Solutions*,Preferred Personnel Solutions (Kennesaw HQ),Windows Laptop,PPS-LT-03,11 Business ,Not Installed,Security Updates,5,True
Preferred Personnel Solutions*,Preferred Personnel Solutions (Kennesaw HQ),Windows Laptop,PPS-LT-04-Liz,11 Business ,Not Installed,Security Updates,1,True
Preferred Personnel Solutions*,Preferred Personnel Solutions (Kennesaw HQ),Windows Laptop,PPS-LT-LAKYNB,11 Business ,Not Installed,Security Updates,1,True
Preferred Personnel Solutions*,Preferred Personnel Solutions (Kennesaw HQ),Windows Laptop,PPS-LT-LIZZIE,11 Business ,Not Installed,Security Updates,1,True
Preferred Personnel Solutions*,Preferred Personnel Solutions (Kennesaw HQ),Windows Workstation,SS-Home10-25,11 Business ,Not Installed,Security Updates,1,True
Preferred Personnel Solutions*,Preferred Personnel Solutions (Kennesaw HQ),Windows Laptop,pps-test,11 Pro ,Not Installed,Security Updates,4,True
Preferred Personnel Solutions*,Preferred Personnel Solutions (Lithia Springs),Windows Workstation,DT-CORP-PIT4,11 Business ,Not Installed,Security Updates,2,True
Preferred Personnel Solutions*,Preferred Personnel Solutions (Lithia Springs),Windows Workstation,DT-LTSP-PIT2,11 Business ,Not Installed,Security Updates,1,True
Preferred Personnel Solutions*,Preferred Personnel Solutions (Lithia Springs),Windows Laptop,PPS-LT-JFLORES,11 Business ,Not Installed,Security Updates,1,True
RTCO Packaging LLC,No Site,Windows Laptop,DESKTOP-U5ETDVF,11 Business ,Not Installed,Security Updates,1,True
RTCO Packaging LLC,No Site,Windows Laptop,Didier,11 Pro ,Not Installed,Security Updates,1,True
RTCO Packaging LLC,No Site,Windows Laptop,ProductionLead,11 Pro ,Not Installed,Security Updates,1,True
"SECO (Ft. Worth, TX)",No Site,Windows Laptop,ATL-LT-0760,11 Business ,Not Installed,Security Updates,1,True
"SECO (Ft. Worth, TX)",No Site,Windows Laptop,ATL-LT0682,11 Pro ,Not Installed,Security Updates,2,True
"SECO (Ft. Worth, TX)",No Site,Windows Workstation,FTW-DT0620,11 Pro ,Not Installed,Security Updates,4,True
"SECO (Ft. Worth, TX)",No Site,Windows Workstation,FTW-DT0620,11 Pro ,Not Installed,Critical Updates,1,True
"SECO (Ft. Worth, TX)",No Site,Windows Workstation,FTW-DT0621,11 Pro ,Not Installed,Security Updates,5,True
"SECO (Ft. Worth, TX)",No Site,Windows Workstation,FTW-DT0621,11 Pro ,Not Installed,Critical Updates,1,True
"SECO (Ft. Worth, TX)",No Site,Windows Laptop,FTW-LT-0340,11 Business ,Not Installed,Security Updates,3,True
"SECO (Ft. Worth, TX)",No Site,Windows Laptop,FTW-LT-0340,11 Business ,Not Installed,Critical Updates,1,True
SECO (Garland),No Site,Windows Laptop,ATL-LT0664,11 Business ,Not Installed,Security Updates,3,True
SECO (Garland),No Site,Windows Workstation,DAL-DT0367,11 Pro ,Not Installed,Security Updates,3,True
SECO (Garland),No Site,Windows Workstation,DAL-DT0367,11 Pro ,Not Installed,Critical Updates,1,True
SECO (Garland),No Site,Windows Laptop,DAL-LT0730,11 Business ,Not Installed,Security Updates,2,True
SECO (Garland),No Site,Windows Workstation,DallasImagingPC,11 Pro ,Not Installed,Security Updates,4,True
SECO (Garland),No Site,Windows Laptop,LAPTOP-ESU8IVKD,11 Pro ,Not Installed,Security Updates,3,True
SECO (HQ Southeast Consolidators),No Site,Windows Laptop,AT-LT0654,11 Pro ,Not Installed,Security Updates,1,True
SECO (HQ Southeast Consolidators),No Site,Windows Laptop,ATL--LT0680,11 Pro ,Not Installed,Security Updates,4,True
SECO (HQ Southeast Consolidators),No Site,Windows Workstation,ATL-DT-0381,11 Pro ,Not Installed,Security Updates,3,True
SECO (HQ Southeast Consolidators),No Site,Windows Workstation,ATL-DT-0381,11 Pro ,Not Installed,Critical Updates,1,True
SECO (HQ Southeast Consolidators),No Site,Windows Workstation,ATL-DT-0579,11 Business ,Not Installed,Security Updates,2,True
SECO (HQ Southeast Consolidators),No Site,Windows Workstation,ATL-DT0371,11 Business ,Failed,Security Updates,1,True
SECO (HQ Southeast Consolidators),No Site,Windows Workstation,ATL-DT0371,11 Business ,Not Installed,Security Updates,22,True
SECO (HQ Southeast Consolidators),No Site,Windows Workstation,ATL-DT0371,11 Business ,Not Installed,Critical Updates,4,True
SECO (HQ Southeast Consolidators),No Site,Windows Laptop,ATL-LT-0574,11 Business ,Not Installed,Security Updates,6,True
SECO (HQ Southeast Consolidators),No Site,Windows Laptop,ATL-LT-0683,11 Business ,Not Installed,Security Updates,1,True
SECO (HQ Southeast Consolidators),No Site,Windows Laptop,ATL-LT-0731,11 Pro ,Not Installed,Security Updates,1,True
SECO (HQ Southeast Consolidators),No Site,Windows Laptop,ATL-LT-0742,11 Business ,Not Installed,Security Updates,2,True
SECO (HQ Southeast Consolidators),No Site,Windows Laptop,ATL-LT0652,11 Business ,Not Installed,Security Updates,2,True
SECO (HQ Southeast Consolidators),No Site,Windows Laptop,ATL-LT0684,11 Business ,Not Installed,Security Updates,3,True
SECO (HQ Southeast Consolidators),No Site,Windows Laptop,ATL-LT0687,11 Pro ,Not Installed,Security Updates,1,True
SECO (HQ Southeast Consolidators),No Site,Windows Laptop,ATL-LT0706,11 Business ,Not Installed,Security Updates,2,True
SECO (HQ Southeast Consolidators),No Site,Windows Laptop,ATL-LT0707,11 Business ,Not Installed,Security Updates,1,True
SECO (HQ Southeast Consolidators),No Site,Windows Laptop,ATL-LT0709,11 Pro ,Not Installed,Security Updates,2,True
SECO (HQ Southeast Consolidators),No Site,Windows Laptop,ATL-LT0710,11 Business ,Not Installed,Security Updates,1,True
SECO (HQ Southeast Consolidators),No Site,Windows Laptop,ATL-LT0728,11 Business ,Not Installed,Security Updates,1,True
SECO (HQ Southeast Consolidators),No Site,Windows Laptop,ATL-LT0743,11 Business ,Not Installed,Security Updates,3,True
SECO (HQ Southeast Consolidators),No Site,Windows Laptop,ATL-LT0751,11 Pro ,Not Installed,Security Updates,1,True
SECO (HQ Southeast Consolidators),No Site,Windows Workstation,DT-ATL-spare,11 Pro ,Not Installed,Security Updates,1,True
SECO (HQ Southeast Consolidators),No Site,Windows Workstation,GaurdHouse,11 Business ,Not Installed,Security Updates,1,True
SECO (HQ Southeast Consolidators),No Site,Windows Laptop,LT-ATL-0049,11 Business ,Not Installed,Security Updates,1,True
SECO (HQ Southeast Consolidators),No Site,Windows Laptop,LT-ATL-ED1,11 Pro ,Not Installed,Security Updates,1,True
SECO (HQ Southeast Consolidators),No Site,Windows Laptop,LT-ATL-ED2,11 Business ,Not Installed,Security Updates,2,True
SECO (HQ Southeast Consolidators),Unknown (not in Network Hardware),Windows Laptop,ATL-LT0394,Unknown,Not Installed,Security Updates,1,False
"SKL'D Staffing Holdco, LLC*","SKL'D Staffing (Duluth, GA)",Windows Workstation,LT-CCampbell,11 Pro ,Not Installed,Security Updates,1,True
"SKL'D Staffing Holdco, LLC*","SKL'D Staffing (Duluth, GA)",Windows Laptop,LT-CCorchado,11 Business ,Not Installed,Security Updates,7,True
"SKL'D Staffing Holdco, LLC*","SKL'D Staffing (Duluth, GA)",Windows Laptop,LT-DSmith,11 Business ,Not Installed,Security Updates,1,True
"SKL'D Staffing Holdco, LLC*","SKL'D Staffing (Duluth, GA)",Windows Laptop,LT-EBarrientos,11 Business ,Not Installed,Security Updates,2,True
"SKL'D Staffing Holdco, LLC*","SKL'D Staffing (Duluth, GA)",Windows Laptop,LT-JNorton,11 Business ,Not Installed,Security Updates,2,True
"SKL'D Staffing Holdco, LLC*","SKL'D Staffing (Duluth, GA)",Windows Laptop,LT-KWallace,11 Business ,Not Installed,Security Updates,5,True
"SKL'D Staffing Holdco, LLC*","SKL'D Staffing (Duluth, GA)",Windows Laptop,LT-SBuckley,11 Business ,Not Installed,Security Updates,1,True
"SKL'D Staffing Holdco, LLC*","SKL'D Staffing (Duluth, GA)",Windows Laptop,LT-SElrod,11 Business ,Not Installed,Security Updates,1,True
"SKL'D Staffing Holdco, LLC*","SKL'D Staffing (Duluth, GA)",Windows Laptop,LT-TTurner,11 Business ,Not Installed,Security Updates,1,True
"SKL'D Staffing Holdco, LLC*","SKL'D Staffing (Duluth, GA)",Windows Laptop,Skld-dul-tab1,11 Pro ,Not Installed,Security Updates,1,True
"SKL'D Staffing Holdco, LLC*","SKL'D Staffing (Duluth, GA)",Windows Laptop,Skld-dul-tab2,11 Pro ,Not Installed,Security Updates,1,True
Soteria Flexibles (HQ)*,"Continental Products (Mexico, MO)",Windows Workstation,CP-D-3Z0P794,11 Pro ,Not Installed,Security Updates,1,True
Soteria Flexibles (HQ)*,"Continental Products (Mexico, MO)",Windows Workstation,CP-D-4YDR794,11 Pro ,Not Installed,Security Updates,2,True
Soteria Flexibles (HQ)*,"Continental Products (Mexico, MO)",Windows Workstation,CP-D-76FZ7V3,11 Pro ,Not Installed,Security Updates,3,True
Soteria Flexibles (HQ)*,"Continental Products (Mexico, MO)",Windows Workstation,CP-D-76FZ7V3,11 Pro ,Not Installed,Critical Updates,1,True
Soteria Flexibles (HQ)*,"Continental Products (Mexico, MO)",Windows Workstation,CP-D-MXL0513NCC,11 Pro ,Not Installed,Security Updates,2,True
Soteria Flexibles (HQ)*,"Continental Products (Mexico, MO)",Windows Workstation,CP-D-MXL0513NCV,11 Pro ,Not Installed,Security Updates,12,True
Soteria Flexibles (HQ)*,"Continental Products (Mexico, MO)",Windows Workstation,CP-D-MXL0513ND3,11 Pro ,Not Installed,Security Updates,1,True
Soteria Flexibles (HQ)*,"Continental Products (Mexico, MO)",Windows Workstation,CP-D-MXL55152LY,11 Pro ,Not Installed,Security Updates,3,True
Soteria Flexibles (HQ)*,"Continental Products (Mexico, MO)",Windows Workstation,CP-D-MXL55152LY,11 Pro ,Not Installed,Critical Updates,2,True
Soteria Flexibles (HQ)*,"Continental Products (Mexico, MO)",Windows Workstation,CP-DT-B5JR664,11 Pro ,Not Installed,Security Updates,3,True
Soteria Flexibles (HQ)*,"Continental Products (Mexico, MO)",Windows Workstation,CP-DT-B5JR664,11 Pro ,Not Installed,Critical Updates,2,True
Soteria Flexibles (HQ)*,"Continental Products (Mexico, MO)",Windows Workstation,CP-DT-MXL0513NCS,11 Pro ,Not Installed,Security Updates,1,True
Soteria Flexibles (HQ)*,"Continental Products (Mexico, MO)",Windows Laptop,CP-LP-Laura,11 Business ,Not Installed,Security Updates,3,True
Soteria Flexibles (HQ)*,"Continental Products (Mexico, MO)",Windows Laptop,CP-LP-Nicole,11 Pro ,Not Installed,Security Updates,5,True
Soteria Flexibles (HQ)*,"Continental Products (Mexico, MO)",Windows Laptop,CP-LP-SD00P756,11 Business ,Not Installed,Security Updates,2,True
Soteria Flexibles (HQ)*,"Continental Products (Mexico, MO)",Windows Laptop,CP-LP-Sarah,11 Business ,Not Installed,Security Updates,9,True
Soteria Flexibles (HQ)*,"Continental Products (Mexico, MO)",Windows Laptop,Daniel-11-L-Del,11 Pro ,Not Installed,Security Updates,12,True
Soteria Flexibles (HQ)*,"Continental Products (Mexico, MO)",Windows Laptop,Eric-11-ZBook,11 Business ,Not Installed,Security Updates,7,True
Soteria Flexibles (HQ)*,"Continental Products (Mexico, MO)",Windows Laptop,Thad-11-L-Dell,11 Pro ,Not Installed,Security Updates,11,True
Soteria Flexibles (HQ)*,"Continental Products (Mexico, MO)",Windows Laptop,Thad-11-L-Dell,11 Pro ,Not Installed,Critical Updates,1,True
Soteria Flexibles (HQ)*,FilmTech LLC,Windows Laptop,DESKTOP-3OC9KQE,10 Pro ,Not Installed,Security Updates,2,True
Soteria Flexibles (HQ)*,FilmTech LLC,Windows Workstation,DESKTOP-H4GKCQO,11 Pro ,Not Installed,Security Updates,1,True
Soteria Flexibles (HQ)*,FilmTech LLC,Windows Workstation,Dell-9020-AL,10 Pro ,Not Installed,Security Updates,1,True
Soteria Flexibles (HQ)*,FilmTech LLC,Windows Workstation,FT-DT-7EMNGR3,10 Pro ,Not Installed,Security Updates,1,True
Soteria Flexibles (HQ)*,FilmTech LLC,Windows Laptop,dell-lap2,11 Pro ,Not Installed,Security Updates,1,True
Soteria Flexibles (HQ)*,Hamilton Plastics Inc,Windows Laptop,DESKTOP-4K8HES6,11 Pro ,Not Installed,Security Updates,6,True
Soteria Flexibles (HQ)*,Hamilton Plastics Inc,Windows Workstation,HB6150-HP,11 Business ,Not Installed,Security Updates,1,True
Soteria Flexibles (HQ)*,Hamilton Plastics Inc,Windows Workstation,HP-DT-6FF8C42,10 Pro ,Failed,Security Updates,1,True
Soteria Flexibles (HQ)*,Hamilton Plastics Inc,Windows Workstation,HP-DT-7FV8SW1,10 Pro ,Not Installed,Security Updates,1,True
Soteria Flexibles (HQ)*,Hamilton Plastics Inc,Windows Workstation,HP-DT-7FW1SW1,10 Business ,Not Installed,Security Updates,3,True
Soteria Flexibles (HQ)*,Hamilton Plastics Inc,Windows Workstation,HP-DT-GMQVN22,10 Pro ,Not Installed,Security Updates,2,True
Soteria Flexibles (HQ)*,Hamilton Plastics Inc,Windows Laptop,HP-LT-H85251D06,11 Pro ,Not Installed,Security Updates,4,True
Soteria Flexibles (HQ)*,Hamilton Plastics Inc,Windows Laptop,HP-LT-J403V1131,10 Pro ,Not Installed,Security Updates,1,True
Soteria Flexibles (HQ)*,Hamilton Plastics Inc,Windows Laptop,HP-LT-J403V1208,10 Business ,Not Installed,Security Updates,2,True
Soteria Flexibles (HQ)*,Hamilton Plastics Inc,Windows Laptop,HP-LT-P206ZQE0,11 Business ,Not Installed,Security Updates,4,True
Soteria Flexibles (HQ)*,Hamilton Plastics Inc,Windows Laptop,HP-LT-SD00MJSC,11 Business ,Not Installed,Security Updates,1,True
Soteria Flexibles (HQ)*,Hamilton Plastics Inc,Windows Laptop,HP-LT-SD00P79W,11 Business ,Not Installed,Security Updates,1,True
Soteria Flexibles (HQ)*,Hamilton Plastics Inc,Windows Laptop,LT-PF5ZHM5Q,11 Pro ,Not Installed,Security Updates,3,True
Soteria Flexibles (HQ)*,Norplex Centralia Plant,Windows Laptop,Norplex40,11 Pro ,Not Installed,Security Updates,3,True
Soteria Flexibles (HQ)*,"Norplex, Inc.",Windows Laptop,Jerry-Surface,10 Pro ,Not Installed,Security Updates,1,True
Soteria Flexibles (HQ)*,"Norplex, Inc.",Windows Laptop,NORPLEX-LT04,11 Pro ,Not Installed,Security Updates,3,True
Soteria Flexibles (HQ)*,"Norplex, Inc.",Windows Workstation,NORPLEX41,10 Pro ,Failed,Security Updates,1,True
Soteria Flexibles (HQ)*,Quality Extrusion Inc,Windows Workstation,QE-DT-D9ZQDZ3,11 Pro ,Not Installed,Security Updates,3,True
Soteria Flexibles (HQ)*,Quality Extrusion Inc,Windows Workstation,QE-DT-D9ZQDZ3,11 Pro ,Not Installed,Critical Updates,1,True
Soteria Flexibles (HQ)*,Quality Extrusion Inc,Windows Workstation,QE-DT-HJYQDZ3,11 Pro ,Not Installed,Security Updates,3,True
Soteria Flexibles (HQ)*,Quality Extrusion Inc,Windows Workstation,QE-DT-HJYQDZ3,11 Pro ,Not Installed,Critical Updates,1,True
Soteria Flexibles (HQ)*,Unknown (not in Network Hardware),Windows Workstation,HP-DT-6CKTDZ3,Unknown,Not Installed,Security Updates,5,False
Sunbelt Displays,No Site,Windows Laptop,ConfRoom,11 Pro ,Not Installed,Security Updates,3,True
Sunbelt Displays,No Site,Windows Workstation,ZUND-PC-New,11 Pro ,Not Installed,Security Updates,1,True
Sunbelt Displays,No Site,Windows Laptop,salesremote,11 Pro ,Not Installed,Security Updates,17,True
TLM Transport,No Site,Windows Laptop,After-Hours-LT,11 Home ,Not Installed,Security Updates,1,True
TLM Transport,No Site,Windows Laptop,LAPTOP-22NAERP5,11 Pro ,Not Installed,Security Updates,2,True
TLM Transport,No Site,Windows Laptop,LAPTOP-DENISE,11 Pro ,Not Installed,Security Updates,1,True
TLM Transport,No Site,Windows Laptop,LAPTOP-PF3WHD8V,11 Pro ,Not Installed,Security Updates,3,True
TLM Transport,No Site,Windows Laptop,LAPTOP-TAMMY,11 Pro ,Not Installed,Security Updates,1,True
Thomas and Brown*,Thomas and Brown LLC (Alpharetta Forsyth),Windows Workstation,TBWORK153,11 Pro ,Not Installed,Security Updates,4,True
Thomas and Brown*,Thomas and Brown LLC (Alpharetta Forsyth),Windows Laptop,TBWORK167,11 Pro ,Not Installed,Security Updates,2,True
Thomas and Brown*,Thomas and Brown LLC (Buckhead),Windows Laptop,TBWORK164,11 Pro ,Not Installed,Security Updates,3,True
Thomas and Brown*,Thomas and Brown LLC (East Cobb),Windows Workstation,TBWORK145,11 Pro ,Not Installed,Security Updates,3,True
Thomas and Brown*,Thomas and Brown LLC (East Cobb),Windows Workstation,TBWORK145,11 Pro ,Not Installed,Critical Updates,1,True
Thomas and Brown*,Thomas and Brown LLC (HQ),Windows Workstation,TBWORK141,11 Pro ,Not Installed,Security Updates,4,True
Thomas and Brown*,Thomas and Brown LLC (HQ),Windows Workstation,TBWORK143,11 Pro ,Not Installed,Security Updates,3,True
Thomas and Brown*,Thomas and Brown LLC (HQ),Windows Workstation,TBWORK143,11 Pro ,Not Installed,Critical Updates,1,True
Thomas and Brown*,Thomas and Brown LLC (HQ),Windows Laptop,TBWORK156,11 Pro ,Not Installed,Security Updates,1,True
Thomas and Brown*,Thomas and Brown LLC (HQ),Windows Laptop,TBWORK169,11 Pro ,Not Installed,Security Updates,2,True
Thomas and Brown*,"Thomas and Brown LLC (Rome, GA)",Windows Workstation,TBWORK125,11 Pro ,Not Installed,Security Updates,1,True
Turner Chapel AME Church (Main Location),No Site,Windows Workstation,TCC-163561 (jumpbox),11 Pro ,Not Installed,Security Updates,1,True
Turner Chapel AME Church (Main Location),No Site,Windows Laptop,TCC-9310-TBRIGHT-L,11 Enterprise ,Not Installed,Security Updates,4,True
Turner Chapel AME Church (Main Location),No Site,Windows Laptop,TCC-9520-PDEAS-L,11 Pro ,Not Installed,Security Updates,9,True
Turner Chapel AME Church (Main Location),No Site,Windows Laptop,TCC-XPS-Intern,11 Business ,Not Installed,Security Updates,2,True
Turner Chapel AME Church (Main Location),No Site,Windows Laptop,TCC-XPS-Sharon,11 Business ,Not Installed,Security Updates,6,True
ViscoTec America Inc.,No Site,Windows Laptop,DESKTOP-2UD59KO,11 Business ,Not Installed,Security Updates,1,True
ViscoTec America Inc.,No Site,Windows Laptop,LAPTOP-5MHX294,11 Pro ,Not Installed,Security Updates,1,True
ViscoTec America Inc.,No Site,Windows Laptop,LAPTOP-765MN94,11 Pro ,Not Installed,Security Updates,1,True
ViscoTec America Inc.,No Site,Windows Laptop,LAPTOP-7K5LN94,11 Pro ,Not Installed,Security Updates,2,True
ViscoTec America Inc.,No Site,Windows Laptop,VTA-DSKTP-01,11 Pro ,Not Installed,Security Updates,1,True
WLM Contracting,No Site,Windows Workstation,Kym-Desktop2,11 Pro ,Not Installed,Security Updates,1,True
WLM Contracting,No Site,Windows Laptop,Meagan,11 Pro ,Not Installed,Security Updates,8,True
WLM Contracting,No Site,Windows Laptop,malissapc,11 Pro ,Not Installed,Security Updates,1,True
"Worley, Schilling & Randall",No Site,Windows Laptop,DESKTOP-2NKQPFQ,11 Business ,Not Installed,Security Updates,2,True
"Worley, Schilling & Randall",No Site,Windows Laptop,DESKTOP-30PI9AF,11 Pro ,Not Installed,Security Updates,9,True
"Worley, Schilling & Randall",No Site,Windows Workstation,DESKTOP-7493V97,11 Business ,Not Installed,Security Updates,2,True
"Worley, Schilling & Randall",No Site,Windows Workstation,DESKTOP-8H0B2OI,11 Business ,Not Installed,Security Updates,1,True
"Worley, Schilling & Randall",No Site,Windows Laptop,DESKTOP-MI68ONT,11 Pro ,Not Installed,Security Updates,1,True
"Worley, Schilling & Randall",No Site,Windows Laptop,DESKTOP-QDEF7RL,11 Business ,Not Installed,Security Updates,2,True
"Worley, Schilling & Randall",No Site,Windows Workstation,Heather,11 Business ,Not Installed,Security Updates,1,True
"Worley, Schilling & Randall",No Site,Windows Laptop,JohnRMobile,11 Business ,Not Installed,Security Updates,2,True
"Worley, Schilling & Randall",No Site,Windows Workstation,KellyWsrOffice,11 Business ,Not Installed,Security Updates,1,True
"Worley, Schilling & Randall",No Site,Windows Laptop,LAPTOP-PW0JSYTZ,11 Business ,Not Installed,Security Updates,1,True
"Worley, Schilling & Randall",No Site,Windows Workstation,Mona-Office,11 Business ,Not Installed,Security Updates,1,True
"Worley, Schilling & Randall",No Site,Windows Laptop,Office,11 Pro ,Not Installed,Security Updates,8,True
"Worley, Schilling & Randall",No Site,Windows Workstation,Tammi-Office,11 Business ,Not Installed,Security Updates,1,True
"Worley, Schilling & Randall",No Site,Windows Workstation,WSR-BWorley,11 Business ,Not Installed,Security Updates,1,True
"Worley, Schilling & Randall",No Site,Windows Workstation,WSR-PC-009,11 Business ,Not Installed,Security Updates,1,True
"Worley, Schilling & Randall",No Site,Windows Workstation,WSR-PC-019,11 Business ,Not Installed,Security Updates,2,True
"Worley, Schilling & Randall",No Site,Windows Workstation,WSR-PC-030,11 Business ,Not Installed,Security Updates,1,True
"Worley, Schilling & Randall",No Site,Windows Laptop,WSR-PC-032,11 Pro ,Not Installed,Security Updates,7,True
"Worley, Schilling & Randall",No Site,Windows Laptop,WSR-PC-032,11 Pro ,Not Installed,Critical Updates,1,True
"Worley, Schilling & Randall",No Site,Windows Workstation,WSR-PC-036,11 Business ,Not Installed,Security Updates,4,True
"Worley, Schilling & Randall",No Site,Windows Laptop,WSR-PC-22,11 Business ,Not Installed,Security Updates,4,True
"Worley, Schilling & Randall",No Site,Windows Workstation,WSR-PC-34,11 Business ,Not Installed,Security Updates,1,True
"Worley, Schilling & Randall",No Site,Windows Workstation,WSR-PC-35-Worle,11 Business ,Not Installed,Security Updates,2,True
"Worley, Schilling & Randall",No Site,Windows Workstation,WSRJohn,11 Pro ,Not Installed,Security Updates,9,True
"Worley, Schilling & Randall","Worley, Schilling & Randall- (AV and Patch only)",Windows Workstation,DESKTOP-G1MGTHU,11 Business ,Not Installed,Security Updates,18,True
"Worley, Schilling & Randall","Worley, Schilling & Randall- (AV and Patch only)",Windows Laptop,Kieshaun,11 Business ,Not Installed,Security Updates,1,True
"Worley, Schilling & Randall","Worley, Schilling & Randall- (AV and Patch only)",Windows Workstation,Kieshaun,11 Business ,Not Installed,Security Updates,17,True
"Worley, Schilling & Randall","Worley, Schilling & Randall- (AV and Patch only)",Windows Workstation,Kieshaun,11 Business ,Not Installed,Critical Updates,2,True
"Worley, Schilling & Randall","Worley, Schilling & Randall- (AV and Patch only)",Windows Workstation,Tammi,11 Business ,Not Installed,Security Updates,2,True
"Worley, Schilling & Randall","Worley, Schilling & Randall- (AV and Patch only)",Windows Workstation,WSR-HRandall,11 Business ,Not Installed,Security Updates,1,True
